"triggerDateTime","coordX","coordY","startZoneElevation","startZoneAspect","fractureThicknessMean","size"
"2017-03-01 08:30:00",189210.4064493,734355.232277297,2334.6,"NE",20,2
"2010-02-09 07:30:00",131000.007014398,643799.896176376,2500,"E",30,2
"2019-02-02 07:00:00",165109.041760521,791558.704372353,2251,"NE",50,2
"2010-02-17 13:30:00",174050.006287258,600099.980247543,1800,"SW",50,2
"2006-01-06 11:00:00",154485.931811137,780086.00871274,2140,"E",30,1
"2017-02-06 16:30:00",166005.986939503,791092.0017859,2700,"SE",40,2
"2010-02-22 11:00:00",164589.997420502,793350.011596445,2750,"E",30,3
"2017-03-10 16:30:00",190991.859455651,780982.219303847,2549.9,"NE",80,3
"2020-01-09 21:49:00",134984.692989729,639159.694094369,2471,"NE",100,2
"2020-03-07 14:20:00",184965.123796904,786607.831471846,2231,"SW",20,1
"2001-02-10 11:10:00",161434.375235516,726999.904205809,2880,"NW",70,3
"2019-02-02 07:30:00",188862.328288355,735524.759249551,2220,"NE",30,2
"2007-03-03 10:00:00",199724.886769847,717999.989084147,2200,"NE",200,4
"2008-12-09 10:15:00",181955.963425869,784867.943306593,2570,"N",30,2
"2017-12-11 23:00:00",165154.936110461,790406.301940909,2520,"E",30,2
"2020-01-18 07:00:00",215223.828755084,793064.218158492,2424,"S",15,1
"2014-01-27 09:30:00",129708.04199365,601842.972824248,2450,"N",50,3
"2019-01-28 07:10:00",191565.909757993,697148.982381967,1969,"S",20,1
"2015-04-04 09:30:00",184489.774967741,783879.978063665,2260,"NE",80,4
"2002-11-12 11:00:00",199939.886872215,717929.989538497,2450,"E",80,3
"2021-01-14 06:30:00",164759.000429367,733712.120710509,1287,"NW",45,2
"2010-03-15 12:30:00",98404.6260430555,632019.470163495,2980,"NW",50,2
"2020-12-07 08:00:00",165926.380112428,733742.795905563,1316,"E",50,1
"2019-03-29 15:00:00",173188.482145641,798084.480677593,2628,"S",30,2
"2020-01-24 11:00:00",115364.755571004,604389.360640097,2600,"NE",20,2
"2013-03-06 16:30:00",141275.996716897,642501.91509954,2400,"E",100,2
"2021-01-22 08:00:00",136278.079540539,567859.152382476,1903,"SE",70,2
"2020-12-31 07:00:00",106176.494696169,586398.774506851,2588,"N",40,2
"2003-02-07 14:50:00",205499.857890084,782880.190646627,1800,"NW",100,3
"2009-01-01 10:00:00",147000.019043778,588199.995023464,2200,"E",60,3
"2020-12-15 11:00:00",135492.638409796,603367.053726146,2737,"W",80,3
"2017-12-21 03:00:00",209542.09199198,716538.007840389,NA,"SE",60,2
"2009-04-17 10:30:00",89559.7150268512,631179.411103276,3420,"NW",20,2
"2008-04-07 11:30:00",144650.021617181,604349.971805456,2250,"NE",100,3
"2022-02-03 08:58:00",99975.8158876756,623681.248665553,3089,"SE",80,3
"2015-12-19 07:00:00",178433.391300753,791539.628856517,2912.8,"N",80,3
"2015-03-03 10:15:00",178399.957136944,661999.963263242,1980,"SE",60,3
"2005-01-22 11:28:00",127355.108730641,575129.321367256,1880,"NE",40,2
"2005-02-04 05:00:00",154485.931811137,780086.00871274,2320,"SE",50,2
"2011-03-01 09:20:00",103270.068192207,637059.857999548,2990,"NW",30,2
"2015-01-24 09:11:00",153149.931286696,780300.012044241,2960,"SW",20,1
"2017-03-24 11:40:00",149302.688804227,698157.28613942,1983.8,"N",60,2
"2007-12-22 15:30:00",170659.90016436,701769.940316668,2300,"SE",80,3
"2011-03-05 14:00:00",181955.963425869,784867.943306593,2460,"E",30,3
"2017-12-12 07:00:00",165500.139421816,791034.001914326,2530.7,"E",60,3
"2009-02-18 11:00:00",181955.963425869,784867.943306593,2250,"SE",50,3
"2014-02-21 17:00:00",199724.886769847,717999.989084147,2400,"NE",40,3
"2005-12-18 12:00:00",131000.007014398,643799.896176376,2280,"SE",50,2
"2010-02-08 14:15:00",180029.301305031,665830.021533245,2040,"NW",60,2
"2008-12-22 12:30:00",117100.140336087,575799.161234076,2200,"NE",15,3
"2015-01-04 06:30:00",189610.409036831,780755.422964342,2646.7,"NE",50,3
"2001-02-28 14:30:00",141849.594959679,611769.690380621,2660,"NE",50,3
"2021-01-13 09:55:00",98573.0133885859,623137.018930653,2693,"E",50,4
"2021-01-11 11:00:00",156995.919070166,789514.433555441,2361,"NW",50,2
"2021-01-20 11:00:00",151202.191476505,773205.607626465,2701,"SE",100,2
"2007-12-05 11:30:00",196599.919684667,773406.921067047,2050,"E",50,3
"2022-01-09 05:04:00",181611.398793949,662974.096369469,1741,"NW",15,2
"2018-03-12 23:00:00",158655.535760156,791438.027338848,2558.1,"NE",30,3
"2021-04-02 10:56:00",146187.037926626,719839.73212532,2733,"NE",30,2
"2006-03-13 11:00:00",181955.963425869,784867.943306593,2360,"SE",50,3
"2021-12-11 05:00:00",104277.499775997,586813.174217393,2483,"W",20,1
"1993-04-09 09:45:00",142399.879330357,792699.426627334,2730,"NE",30,2
"2017-03-03 10:00:00",101075.250131228,559785.123444819,2519,"E",80,3
"2003-02-27 12:00:00",171609.768869923,786239.82561721,2850,"SE",100,3
"2020-12-30 08:15:00",135481.748963529,603759.49847209,2920,"N",100,3
"2021-12-09 11:00:00",184831.651268143,778561.270671221,2522,"NE",30,3
"2021-04-13 12:00:00",149948.957097669,786144.896248663,2761,"N",20,2
"2016-02-03 15:00:00",108656.647010337,565775.37745229,2216.3,"S",50,2
"2015-03-05 07:00:00",105141.284345912,561878.089849499,2594.5,"SE",60,3
"2021-12-09 11:35:00",166092.662829204,733682.437166276,1363,"E",35,1
"2006-03-25 09:23:00",107849.870169461,598399.219478978,2425,"NW",50,2
"2019-02-04 08:00:00",145739.662222918,775646.508163675,2915,"E",30,2
"2017-12-01 07:00:00",192198.561850937,779833.584857758,2281.5,"NE",40,2
"2020-12-26 06:30:00",104087.200216481,586619.574937253,2463,"NW",20,2
"2014-01-15 13:40:00",148610.952169545,669708.903439043,2200,"N",50,3
"2019-12-29 11:00:00",137342.514071615,570572.667720112,1954,"SW",50,2
"2015-01-28 11:00:00",190143.031967219,780232.547225806,2645.6,"E",50,2
"2002-12-16 23:00:00",156726.009011593,612569.966174744,2230,"E",50,4
"2015-01-10 11:00:00",155862.443461014,791140.398066607,2757.7,"SW",30,2
"2020-03-12 03:00:00",168411.276384714,800592.497877148,2609,"NW",60,3
"2001-01-21 12:30:00",152029.4745727,624309.825796013,2510,"NE",15,1
"2014-12-21 11:00:00",154915.944313034,783436.017178315,2970,"E",30,2
"2015-01-28 11:00:00",190801.659097872,780868.919906159,2590.7,"W",30,3
"2022-04-10 10:00:00",80937.4681076609,577922.728151241,2820,"N",50,2
"2006-02-11 13:15:00",114380.165936679,575099.111731636,2640,"NE",40,3
"2009-12-21 10:40:00",98213.4849809081,563330.720116772,2150,"N",80,3
"2019-01-13 04:15:00",184640.95940367,661344.974493716,1730,"NW",50,2
"2021-12-04 23:00:00",105635.396197773,586728.073771546,2660,"E",40,1
"2021-01-26 08:15:00",133993.493852706,605546.060415626,2646,"S",180,3
"2021-01-29 08:00:00",231600.322253959,746892.505315737,1835,"SE",100,3
"2018-12-24 07:00:00",215241.529617891,793249.017274289,2431,"SE",35,2
"2015-02-02 03:00:00",165836.869169986,589399.92812296,1780,"NW",50,3
"2014-12-30 17:50:00",228329.676762829,738730.048154363,950,"SE",75,2
"2009-02-13 14:00:00",157669.872269446,744924.939837252,2100,"SE",130,2
"2011-03-20 13:00:00",208949.588221453,742400.044750532,2210,"NW",60,3
"2010-02-21 10:40:00",181955.963425869,784867.943306593,2520,"NW",40,3
"2011-12-08 08:20:00",130487.04079383,601575.973516962,2750,"SE",40,2
"2013-05-27 09:00:00",175032.945212295,670182.955017175,2880,"SE",60,3
"2016-01-15 06:45:00",153149.931286696,780300.012044241,2780,"NE",30,2
"2008-11-29 10:30:00",177399.895291784,761699.951434796,2380,"NE",60,2
"2018-03-08 05:00:00",96870.7500224338,565171.293175859,2636.4,"NW",60,4
"2022-02-03 07:30:00",160064.138080813,787338.889346988,2550,"SE",60,2
"2006-02-19 20:30:00",148749.961868389,663349.907973988,2300,"NE",100,4
"2022-01-30 11:00:00",176060.03986371,800747.315298803,2320,"E",40,1
"2009-01-11 14:00:00",157669.872269446,744924.939837252,2100,"S",60,2
"2008-04-08 11:00:00",203450.181663866,828200.545275993,2260,"N",130,2
"2015-01-10 07:00:00",168886.100262995,756695.955854161,2358.2,"NE",50,2
"2022-02-03 06:00:00",162363.221029174,727856.326932976,2610,"E",50,2
"2006-03-09 09:00:00",202899.896191949,764549.931048124,2100,"NW",50,4
"2016-02-01 11:00:00",112206.611373575,635321.579468354,2779.6,"E",40,3
"2016-01-15 09:00:00",193204.495343893,736584.615006463,2227.6,"E",60,2
"2018-03-28 22:00:00",162751.863684685,796046.023624034,2531.6,"SW",70,3
"2006-01-04 16:00:00",202899.896191949,764549.931048124,2300,"NW",40,3
"2009-02-06 12:10:00",94129.7368065475,621939.331089636,2180,"E",20,2
"2010-01-23 11:15:00",196719.501293456,737110.006855701,3000,"SW",20,3
"2021-01-15 10:25:00",164378.744267846,733613.318734695,1296,"W",55,1
"2003-03-04 14:20:00",108069.84374176,600454.241464936,2400,"NW",60,3
"2007-01-03 23:00:00",206338.915080178,773914.906314566,2060,"NE",30,2
"2004-12-30 11:55:00",150009.65912882,605274.757610643,2290,"NW",50,2
"2019-01-09 08:00:00",228415.865217611,746607.995820508,1805,"E",80,3
"2007-12-05 12:30:00",164499.873257642,733349.936298275,2540,"W",30,2
"2002-01-27 12:00:00",148999.531495754,617799.781584212,2250,"NW",40,2
"2021-01-16 14:40:00",160824.731105768,728188.030982219,2416,"SE",50,3
"2011-12-29 12:50:00",155334.734015121,780129.673407522,2995,"E",80,2
"2006-12-07 09:00:00",181955.963425869,784867.943306593,2600,"NE",10,1
"2009-01-21 13:00:00",170659.90016436,701769.940316668,1840,"NE",120,3
"2020-12-12 23:00:00",115527.769586049,573832.11830795,2497,"NE",30,3
"2011-12-11 11:30:00",172699.357510267,721469.943678893,2800,"NE",30,2
"2014-02-11 08:45:00",141275.996716897,642501.91509954,2800,"E",80,2
"2003-01-24 05:00:00",104638.06128096,639516.854172599,3620,"NW",50,3
"2021-01-15 02:00:00",127146.999268647,593339.040453862,2387,"NE",60,3
"2021-03-16 15:00:00",108850.373034651,564694.534878143,2562,"SE",180,3
"1995-01-15 13:00:00",144159.725007453,774349.618448866,2240,"SE",50,3
"2017-02-19 11:00:00",212079.560934516,734965.036686368,2280,"NE",20,2
"2008-03-15 07:15:00",96439.942170929,599579.092003162,2920,"E",80,2
"2009-03-13 09:30:00",170659.90016436,701769.940316668,1850,"SE",40,3
"2016-01-13 06:00:00",189564.582225043,780531.733308317,2681.9,"SE",40,1
"2022-03-21 16:00:00",199055.099690737,714035.648899187,2588,"SE",400,3
"2014-02-19 09:00:00",164589.997420502,793350.011596445,2700,"E",30,3
"2002-12-22 15:30:00",170659.90016436,701769.940316668,2400,"W",100,3
"2015-01-01 09:00:00",145915.979393478,794011.081561038,2520,"NE",30,1
"2011-02-22 09:00:00",181955.963425869,784867.943306593,2600,"W",20,2
"2022-02-03 08:57:00",100464.076086725,623454.899738604,3366,"S",80,3
"2017-03-07 23:00:00",166279.265304212,692349.953700132,2520,"N",80,4
"2014-05-04 08:20:00",140589.626526757,608879.665674005,2890,"N",30,2
"2020-12-08 17:00:00",135160.088816803,604790.863855579,2807,"W",30,2
"2004-12-19 08:00:00",154485.931811137,780086.00871274,2850,"E",30,2
"2012-12-18 14:00:00",147000.019043778,588199.995023464,2930,"N",150,3
"2022-02-07 05:00:00",136879.084034084,639855.218575707,2261,"E",100,3
"2008-11-25 12:30:00",170659.90016436,701769.940316668,1700,"SE",80,2
"2019-01-29 11:30:00",205970.329724665,749396.858024279,2365,"NE",35,1
"2017-12-13 23:00:00",98223.6442356287,563412.996444508,2181.6,"NW",100,4
"2019-12-28 11:00:00",224118.731491849,742495.105698825,2189,"NE",40,2
"2020-02-18 08:40:00",226060.315605196,744179.963942848,1828,"E",30,2
"2009-03-08 07:00:00",164470.988913575,791704.008604882,2450,"S",15,2
"2019-12-24 11:00:00",164858.316864969,585003.823981813,1906,"NE",25,1
"2004-02-20 05:00:00",154485.931800899,780083.00870446,2950,"SE",30,2
"2019-03-06 23:55:00",96021.1025268564,625434.880692622,NA,"SE",20,1
"2004-01-02 11:00:00",175749.741763827,781959.881409338,2650,"W",40,2
"2012-05-17 07:15:00",181773.967728977,785873.943694677,3010,"SW",60,3
"2022-02-11 15:00:00",176586.397096357,661910.962974384,2041,"W",20,2
"2020-12-22 11:00:00",129745.908679156,595960.683402157,2548,"NE",10,2
"2007-03-24 08:00:00",189829.87595196,736719.961533303,2600,"SE",100,3
"2022-02-05 11:00:00",164516.97849361,821429.499174482,2650,"NE",50,2
"2021-02-13 12:30:00",204123.536465378,737631.026400014,2300,"NE",90,4
"2019-03-15 01:00:00",103223.028678563,561459.493403198,2481,"E",100,4
"2020-12-07 11:00:00",136359.848534922,658086.364318327,1969,"S",60,2
"2015-01-23 09:30:00",107908.085612921,585577.017211072,3160,"NE",60,3
"2008-03-24 08:30:00",181955.963425869,784867.943306593,2560,"W",10,2
"2022-02-03 06:00:00",158609.013087687,729086.523926283,2363,"N",50,2
"2006-03-13 10:10:00",96500.1029261777,623849.886826228,2720,"N",60,3
"2003-02-06 09:00:00",146672.970563049,658421.907814184,3050,"S",80,4
"2010-02-03 13:30:00",132500.025941991,567200.039438057,1860,"NE",70,3
"2022-02-03 13:00:00",163540.954810859,796599.493405526,2593,"SW",80,3
"2022-02-22 14:30:00",165907.522546383,733357.184001012,1475,"SE",35,1
"2010-02-06 15:00:00",153149.931286696,780300.012044241,2930,"S",50,3
"2016-01-05 07:00:00",97856.7372072935,563373.992225572,2301.1,"N",120,3
"2015-01-02 10:00:00",179834.993546756,815912.921310587,3005,"E",50,3
"2011-03-20 13:30:00",118620.042448868,631268.899437967,2400,"NE",40,4
"2006-02-25 10:25:00",93019.7094513529,626899.381008544,2960,"N",60,2
"2022-02-09 11:00:00",166991.096518446,710000.89120834,2371,"W",30,2
"2009-02-17 15:00:00",181955.963425869,784867.943306593,2380,"SE",60,4
"2010-02-03 10:15:00",219182.884342118,764706.927520914,2000,"NW",30,2
"2021-12-13 15:25:00",165136.000927059,734163.3816013,1367,"NW",30,2
"2011-12-31 08:30:00",130487.04079383,601575.973516962,2140,"SE",30,3
"2005-05-09 14:30:00",141323.996350201,642761.914850274,3680,"SE",40,2
"2005-03-14 10:05:00",202949.840982396,782500.165092906,2230,"NE",15,3
"2018-01-22 21:40:00",153837.954982176,700138.105052829,2479.7,"S",75,3
"1995-02-03 12:30:00",159124.580126904,760174.802873832,2360,"NE",60,2
"2021-01-12 07:00:00",107201.758305003,641091.614371607,2922,"W",30,3
"2022-02-22 12:50:00",160044.812775455,705189.984415386,2379,"W",40,2
"1998-12-31 09:15:00",181869.289697842,677630.014261418,1760,"NW",30,2
"2017-12-15 12:00:00",192727.028365572,736201.36280112,2377.6,"NE",70,2
"2018-01-03 23:00:00",170281.971555186,796508.791917147,2146.4,"NE",70,3
"2009-02-07 11:00:00",186300.14827106,814399.908692982,2400,"SW",20,3
"2021-03-20 11:00:00",207493.164751613,821529.561720605,2720,"N",80,3
"2014-03-02 08:00:00",103090.068920939,636859.858190317,3000,"NE",190,3
"2017-02-11 14:00:00",129708.04199365,601842.972824248,2450,"NW",80,3
"2019-12-28 11:00:00",165292.996214641,747045.770984926,2254,"S",60,2
"2010-03-14 13:00:00",224379.674686704,742250.061154728,2230,"E",15,2
"2013-10-30 13:30:00",103090.068920939,636859.858190317,3900,"E",50,3
"2012-11-11 06:00:00",103090.068920939,636859.858190317,3200,"N",20,2
"2002-03-09 08:30:00",138649.347196884,645949.792246535,1920,"NW",40,2
"2016-02-10 03:00:00",153149.931286696,780300.012044241,2900,"E",80,4
"2021-01-24 11:00:00",119564.763266467,643348.743069766,2158,"SE",15,1
"2014-12-20 13:45:00",175559.298061396,702499.9701284,2820,"E",25,2
"2009-02-03 04:00:00",146039.885081832,764389.974587784,2440,"SW",35,2
"1999-02-22 11:00:00",206699.852072932,781250.191271426,2200,"SE",400,4
"2020-01-29 07:30:00",132514.39331348,604831.425926816,2151,"NE",60,2
"2004-01-03 09:00:00",116350.0243833,647659.860703625,2200,"SE",30,3
"2019-01-29 23:00:00",120971.055983441,583957.014292323,2300,"W",70,2
"2003-02-13 11:00:00",196599.919684667,773406.921067047,2300,"S",80,4
"2020-12-28 09:33:00",79577.7277816805,579136.000046474,2495,"N",30,1
"2006-02-12 12:00:00",180699.955665815,663349.967094981,2380,"NW",30,3
"2017-02-19 16:00:00",103007.528550826,637687.85593132,2839.2,"NW",20,1
"2015-02-07 11:00:00",127379.918754979,587639.395313444,2450,"SW",50,2
"2021-01-30 11:00:00",165213.42099869,790865.048767732,2480,"S",50,2
"2022-02-04 11:00:00",165782.527970138,589492.717818859,1866,"NW",30,3
"2010-12-26 14:20:00",193497.496876616,738544.997861686,2500,"SW",40,4
"2002-01-02 14:20:00",212269.537950286,730540.031316825,2120,"NW",40,3
"2014-12-21 09:00:00",191031.64715629,781173.858975835,2460.2,"NE",50,1
"2016-01-18 07:00:00",192653.266630662,730601.03071798,2956.2,"S",120,4
"2009-02-15 09:00:00",186300.14827106,814399.908692982,2400,"SE",60,3
"2019-03-16 05:30:00",205410.762204166,749374.623253617,NA,NA,15,1
"2020-01-31 10:00:00",136091.489177562,623094.506375211,2036,"E",50,3
"2018-01-23 08:00:00",137215.755835055,639151.111981341,2754.3,"E",80,3
"2000-02-25 11:00:00",148179.630821298,764019.717630056,3140,"SE",80,3
"2006-02-20 11:00:00",116939.746063334,604529.379543353,2500,"E",60,2
"2021-12-12 11:00:00",147294.739847876,681536.052885526,2601,"S",100,3
"2021-02-17 13:30:00",176918.384896427,661762.323289068,2067,"S",120,2
"2012-04-22 11:10:00",104849.846014582,602099.219297392,2800,"NE",60,3
"2015-02-28 07:00:00",166499.62499024,770090.720815746,2260.2,"N",20,2
"2015-03-22 15:00:00",156947.347207853,757957.460431639,2541.8,"W",20,2
"2005-03-10 10:00:00",181955.963425869,784867.943306593,2200,"SE",30,2
"2007-12-17 15:00:00",170659.90016436,701769.940316668,2370,"SE",100,3
"2017-02-16 07:20:00",107908.085612921,585577.017211072,2612,"NE",90,3
"2019-01-21 12:45:00",99350.4627807629,564003.748554849,2090,"NW",30,2
"2017-03-10 07:00:00",192266.398453088,735263.607999528,2394.5,"S",30,3
"2015-01-13 10:00:00",186512.906490888,767129.941664924,2660,"SE",30,2
"2010-03-02 12:30:00",157669.872269446,744924.939837252,2090,"S",50,2
"2021-01-15 07:00:00",161629.247398868,794591.252764338,2468,"NW",60,4
"2022-02-01 09:10:00",226451.254110769,744143.754319612,1749,"NE",150,2
"2015-02-25 07:00:00",103532.037687555,561284.469353102,2629.5,"E",40,3
"2009-12-05 11:30:00",181955.963425869,784867.943306593,2280,"S",30,2
"2020-03-07 12:00:00",104075.285971163,589059.112230763,2984,"N",120,2
"2020-02-03 13:05:00",99462.3697423754,623141.381125623,2968,"SE",100,4
"2021-05-02 10:00:00",142173.473309842,792398.243661232,2721,"NW",30,2
"2010-12-29 13:00:00",139249.376974923,639949.774857746,3000,"SE",50,2
"2020-12-26 12:00:00",141986.934827479,624032.848040037,2956,"SE",60,2
"2020-02-08 09:00:00",162938.839652087,796904.708567748,2601,"E",50,1
"2017-03-16 14:45:00",111102.924658069,592589.208496753,2355,"W",55,2
"2013-02-10 13:45:00",116089.757660673,603879.364789688,2600,"W",120,3
"2016-01-30 11:13:00",172129.745112438,782984.839387705,2985,"N",50,2
"2011-03-19 12:00:00",164499.873257642,733349.936298275,2650,"W",30,2
"2021-01-13 09:30:00",134838.33794942,566858.691159894,1911,"S",45,2
"2013-01-12 03:50:00",156449.99365703,634624.944605365,2200,"SW",80,3
"2021-01-27 15:40:00",98550.8684967905,623160.329310406,2676,"E",30,4
"2022-01-11 13:00:00",171415.237244655,796923.741065035,2658,"SE",40,2
"2012-02-22 13:00:00",184915.424633126,639070.088941447,1950,"NE",20,2
"2021-12-29 23:00:00",135491.751240468,600458.39563254,2805,"S",120,4
"2006-01-29 14:15:00",129818.042178776,599245.978175138,2800,"N",40,2
"2010-02-01 09:00:00",181955.963425869,784867.943306593,2690,"E",30,2
"2010-04-02 09:00:00",192469.787540045,781900.060047938,2500,"NW",50,3
"2003-02-25 09:00:00",174900.964818914,656017.958852548,2000,"NW",50,3
"2021-01-14 07:50:00",162912.038128651,730626.479553633,1977,"SE",60,2
"2012-12-30 13:00:00",161456.895682541,764627.966375712,2500,"E",50,2
"2012-11-14 08:40:00",101919.572163204,636159.53030401,3150,"NE",75,3
"2006-02-22 09:00:00",123135.433435768,557649.148111177,2000,"N",60,2
"2011-03-20 09:00:00",158355.896219124,765754.970748441,2280,"NE",30,3
"2022-02-19 15:00:00",115828.471051901,608028.712543951,2754,"E",70,3
"2019-12-14 06:30:00",215146.630121339,793321.317237026,2363,"S",100,2
"1995-02-05 09:45:00",166899.268492479,694124.95430872,2420,"E",20,2
"2007-03-17 11:00:00",181955.963425869,784867.943306593,2540,"W",40,2
"2004-01-19 09:00:00",154485.931800899,780083.00870446,2750,"S",30,2
"2021-03-20 11:00:00",108784.988463667,588964.144158036,2680,"NE",80,3
"2021-01-29 08:30:00",93088.0588631485,621670.352689244,2386,"NW",60,1
"2014-12-31 07:00:00",189673.46929894,780011.142584431,2731.8,"E",60,2
"2021-01-22 07:00:00",165354.587890951,790055.792030406,2788,"NE",150,4
"2022-02-19 11:00:00",87309.0978013979,585646.472984586,2707,"W",35,2
"1996-02-12 11:00:00",117490.517433911,554689.022888204,1850,"NE",250,2
"2019-01-15 11:30:00",193346.905405405,782781.810905891,2059,"E",70,2
"2017-12-28 23:00:00",173215.479680742,797668.980100675,2699.9,"S",40,4
"2006-03-15 12:45:00",108045.085362072,585842.016341815,2240,"NE",65,3
"2011-03-20 10:15:00",120049.604504452,616949.504024996,2860,"NE",30,2
"2021-02-01 07:10:00",156263.767566438,784780.653668417,2360,"E",100,4
"2005-02-22 16:00:00",172639.354333081,646099.999096879,2040,"NW",40,2
"2020-03-11 02:00:00",198411.954123288,715860.875012169,2259,"N",180,4
"2001-12-30 14:00:00",179299.316024623,659500.025511093,1940,"SW",30,2
"2021-02-02 06:30:00",133060.985424173,606809.373322029,2301,"SE",30,3
"2014-12-25 10:30:00",144309.877849228,760369.963808248,2800,"NE",30,2
"2013-11-04 11:00:00",155341.995035085,633840.943994555,3800,"SE",50,2
"2021-02-09 13:00:00",150631.383136807,786219.212544745,2305,"N",100,3
"2020-01-29 08:40:00",181749.311771965,663340.032344294,1700,"N",40,2
"2019-02-02 11:00:00",159055.048227125,765203.367687986,2298,"E",80,3
"2017-12-09 23:00:00",99625.5410701136,564002.592133076,2013.4,"NW",80,3
"1999-02-01 13:00:00",188129.799617759,785660.021812028,2060,"NE",30,3
"2021-01-16 11:30:00",117599.693844501,609025.42142743,2085,"NE",60,1
"2014-12-31 13:00:00",144767.677371235,768557.66674197,2575,"E",20,2
"2021-11-04 05:00:00",165558.326602335,734153.949490736,1279,"W",35,1
"2021-01-28 06:35:00",145006.312754888,783401.806746471,2742,"N",50,2
"2010-01-18 07:45:00",189829.87595196,736719.961533303,2570,"S",50,3
"2018-01-23 07:00:00",165028.135670709,790333.702248539,2584.7,"SE",30,3
"2021-12-13 00:00:00",164933.045985257,734037.675089634,1367,"W",25,1
"2016-02-13 09:15:00",229599.864751506,745150.002524489,1800,"N",25,2
"2021-01-15 11:00:00",133825.690950489,604222.329862006,2679,"S",100,3
"2015-02-03 08:00:00",189595.65644236,780044.923735107,2701.5,"E",40,2
"2016-01-06 07:00:00",141275.996716897,642501.91509954,3000,"SE",40,2
"2021-02-04 14:15:00",153979.740417531,780559.65736604,2850,"SW",50,2
"2002-12-03 09:00:00",103270.068192207,637059.857999548,3400,"W",100,2
"2014-01-19 13:30:00",178510.773459456,785604.909260558,2400,"W",60,3
"2013-01-17 09:00:00",189829.87595196,736719.961533303,2200,"SW",20,2
"2016-01-14 07:00:00",192656.802237178,782146.421609202,2471.2,"NE",80,3
"1997-01-05 15:30:00",155999.799104295,788839.623683483,2300,"NW",30,3
"2002-11-15 11:00:00",199939.886872215,717929.989538497,2300,"NE",40,3
"2011-02-28 07:10:00",154485.931811137,780086.00871274,NA,"SE",30,2
"2022-02-23 09:05:00",100486.339053655,623462.553585751,3368,"S",50,3
"2013-02-22 11:20:00",181773.967728977,785873.943694677,2520,"E",50,3
"2006-02-18 08:00:00",181955.963425869,784867.943306593,2110,"NE",20,3
"2016-02-07 04:00:00",196577.917847301,772737.922206012,2320,"N",30,4
"2006-02-20 13:00:00",103700.081250741,564380.085014099,2000,"N",120,2
"2017-12-23 13:00:00",193801.940328207,676861.990792858,1940,"W",100,3
"2017-05-05 06:00:00",140509.011218589,789013.922293791,3214.5,"N",80,2
"2019-03-14 07:00:00",166591.126119796,732144.636421949,2231,"E",30,3
"2021-01-30 10:45:00",184739.799187105,787039.984003381,2330,"SW",80,4
"2021-12-05 07:30:00",104375.799536194,586874.773969345,2490,"NW",20,1
"2022-02-01 09:00:00",159971.631015913,729885.33318677,1950,"NW",30,2
"2013-12-29 14:30:00",170659.90016436,701769.940316668,1500,"S",50,2
"2021-03-16 08:30:00",166066.613684302,791811.216031816,2555,"SE",50,2
"2004-01-17 11:00:00",165170.28311026,828870.104425777,2700,"SE",100,3
"2007-01-06 09:00:00",177399.895291784,761699.951434796,2200,"W",50,3
"2017-12-13 23:00:00",99934.2438988309,567428.480902692,2202.2,"NE",80,3
"2021-05-02 10:00:00",141156.072118929,792506.547108361,3161,"NE",20,2
"2019-01-29 11:30:00",206377.029555215,749333.858417997,2315,"NE",35,1
"2012-12-28 14:30:00",181773.967728977,785873.943694677,2580,"S",40,2
"2015-02-07 11:00:00",148163.496464687,573917.97927101,1902.1,"SW",50,3
"2021-12-14 11:00:00",156395.959219756,784889.579019246,2284,"SE",40,2
"2011-02-10 14:00:00",180699.955665815,663349.967094981,2180,"SE",80,1
"2022-02-03 11:00:00",225680.157435167,742318.967188878,1925,"NW",75,3
"2009-02-13 16:00:00",181955.963425869,784867.943306593,2430,"SW",50,2
"2016-03-06 07:00:00",189426.406186385,779961.42422395,2700,"E",30,1
"2020-12-09 06:30:00",165647.066289329,734144.307377269,1284,"W",40,1
"2016-02-05 11:00:00",166005.986939503,791092.0017859,2700,"E",50,3
"2017-03-07 10:50:00",108879.989051328,588879.144719037,2445,"NE",80,2
"2010-12-26 14:50:00",96874.6706068374,627379.411643911,2850,"W",20,3
"2016-03-06 12:25:00",160730.226774666,728055.027014991,2372,"S",45,2
"2018-01-21 23:00:00",172862.683529436,798337.082490659,2371.6,"S",60,3
"2022-02-03 08:00:00",202335.525310218,693237.764085111,1680,"NW",40,2
"2019-02-04 07:00:00",204932.430205801,749652.056898034,2440,"NE",20,3
"2021-01-22 11:00:00",160812.176435341,794088.44109796,2808,"NE",80,3
"2019-12-24 11:00:00",224234.936344409,742422.630949991,2167,"NE",80,1
"2019-12-14 05:45:00",144003.606681381,783709.205428455,3048,"N",20,1
"2019-03-16 16:00:00",163744.326964464,728554.331320445,2901,"SE",25,3
"2022-04-28 09:00:00",166268.288964511,786563.136647563,3234,"SE",10,2
"2014-01-26 11:55:00",208515.87445997,743488.973015965,2116,"SE",25,3
"2004-03-15 15:50:00",94479.7479060841,620199.313547202,2350,"N",20,2
"2006-03-16 15:00:00",170659.90016436,701769.940316668,1550,"W",60,2
"2017-11-28 23:00:00",215840.754218589,792858.585327955,2205,"E",50,2
"2022-02-04 07:00:00",225003.782392681,742709.29721197,2058,"E",100,3
"2004-02-20 09:30:00",104638.06128096,639516.854172599,2300,"E",20,2
"2019-02-12 09:05:00",163299.380609813,638549.93574576,2230,"SE",40,2
"2010-02-13 08:00:00",148799.89811089,769909.988426837,2560,"W",30,3
"2008-01-11 12:00:00",180699.955665815,663349.967094981,80,"NW",50,3
"2004-03-30 09:00:00",183479.95779948,662274.972286097,1940,"NE",60,3
"2020-12-07 11:00:00",92949.4899325552,630306.294447621,3395,"N",30,2
"2005-01-22 14:21:00",192099.808197761,784850.064468374,1950,"NE",60,2
"2021-12-09 05:20:00",141512.911707248,650056.873384021,2690,"SE",25,1
"2016-03-06 10:40:00",143299.797709221,783029.535407584,3190,"NW",150,4
"2018-01-21 04:00:00",205343.177166887,825540.560822239,1750,"S",70,2
"2002-11-30 19:00:00",196599.919684667,773406.921067047,2520,"E",20,2
"2022-04-12 09:23:00",155049.279897534,651938.386152936,3770,"S",40,3
"2002-12-30 11:00:00",154485.931800899,780083.00870446,2970,"SE",40,3
"2008-11-24 11:00:00",170659.90016436,701769.940316668,2350,"NE",80,3
"2021-01-30 08:45:00",108389.974619751,565177.334277951,2068,"SE",50,2
"2011-01-02 09:00:00",180699.955665815,663349.967094981,2140,"SE",50,2
"2007-03-04 10:30:00",170588.930924787,776732.968774776,2480,"NE",40,3
"2017-02-12 13:55:00",142079.321612572,650514.825163386,2770,"SE",20,2
"2013-03-21 12:15:00",175079.296139959,702079.969297314,2820,"SE",45,2
"2010-04-02 09:40:00",184649.834977994,791889.988241039,2750,"NW",50,2
"2009-02-07 11:00:00",189829.87595196,736719.961533303,2870,"NE",60,3
"2022-02-03 06:50:00",226458.311234514,742613.730332277,1730,"N",75,4
"2021-01-16 08:10:00",99558.524113843,627545.542889465,2622,"NW",30,3
"2019-12-15 09:29:00",182679.294985963,674040.021792008,2040,"NW",50,3
"2003-02-06 11:00:00",104638.06128096,639516.854172599,2760,"SE",30,3
"2015-01-01 07:20:00",192509.067046429,783108.912654667,2310,"N",30,2
"2022-02-03 06:30:00",165759.230771854,734187.762965871,1361,"SW",30,1
"2022-02-07 08:00:00",107958.075375191,564910.035668397,2146,"E",50,2
"2005-01-07 09:15:00",182889.773159869,784224.960237299,2510,"NE",60,2
"2022-02-03 03:07:00",179340.01822606,664739.833602435,2098,"N",50,2
"2004-01-30 12:00:00",206099.912245546,772769.909583595,1900,"W",60,3
"2020-03-11 09:00:00",92789.9407909877,602479.083544035,3240,"E",15,2
"2002-11-15 13:00:00",154485.931800899,780083.00870446,2700,"NW",120,3
"2019-02-02 11:00:00",151348.771806926,783698.608705278,1850,"E",40,1
"2007-02-15 11:30:00",172924.295155518,703249.962739945,2190,"NE",30,2
"2014-01-15 15:10:00",192449.786711592,781800.059566536,2480,"NW",80,3
"2019-11-13 10:45:00",165547.566928058,734129.103524833,1267,"NW",15,2
"2017-12-10 15:00:00",103578.063763865,639533.85186893,2400,"N",60,1
"2021-05-08 09:05:00",164937.386653499,729187.910580093,3090,"NE",45,2
"2017-04-29 06:00:00",166468.122871661,770049.216808388,2254.3,"NW",30,2
"2022-02-02 11:00:00",225716.492615904,744133.192309385,1906,"NE",50,2
"2022-02-12 11:00:00",79854.2475077363,579548.543495125,2427,"S",40,1
"2017-03-08 07:00:00",189251.412235755,781582.423021578,2472,"NE",100,3
"2021-01-16 13:48:00",162838.098772665,729263.971168607,2366,"N",70,3
"2008-03-19 06:54:00",181955.963425869,784867.943306593,2400,"NE",30,2
"2015-03-05 11:00:00",166086.616712059,767547.676255404,2596.6,"N",50,3
"2020-12-17 13:30:00",137859.647159756,779485.048085128,2785,"NE",10,1
"2017-12-24 07:30:00",159442.87432125,728337.926975078,2030,"E",25,1
"2021-12-04 07:00:00",104132.600126469,586711.774618089,2463,"S",20,1
"2020-12-08 22:00:00",135060.064514074,604821.723740942,2785,"SW",30,2
"2017-01-15 07:15:00",206190.453914289,794777.632899724,1961,"N",40,3
"2022-01-08 07:30:00",105523.896887285,588062.869651435,2919,"N",15,2
"2005-03-14 14:30:00",215419.558058999,731200.034540244,1780,"NW",30,3
"2014-02-19 11:00:00",181773.967728977,785873.943694677,3000,"N",150,2
"2019-01-19 11:00:00",168839.80160442,594859.969507239,1960,"NW",60,3
"2017-03-04 10:15:00",184219.72382562,777069.970186358,2390,"NE",30,2
"2013-12-25 13:30:00",180699.955665815,663349.967094981,1880,"NW",80,1
"2010-02-04 15:13:00",189829.87595196,736719.961533303,2320,"S",60,2
"2010-02-05 12:00:00",181955.963425869,784867.943306593,2220,"E",40,1
"2021-01-28 09:00:00",165675.063008488,732902.737238929,1687,"E",60,3
"2020-03-06 06:30:00",192946.029532197,730924.766874903,2982,"NE",10,1
"2015-01-04 09:40:00",199240.054507295,813430.31489745,2730,"SE",50,3
"2003-12-29 09:15:00",159876.873942433,729237.928142393,2310,"N",60,3
"2017-03-01 08:30:00",188821.121578705,733478.875338073,2316.6,"E",20,2
"2018-02-09 13:55:00",159442.87432125,728337.926975078,2000,"W",45,3
"2013-02-23 12:15:00",170659.90016436,701769.940316668,1940,"SE",180,3
"2018-01-20 08:00:00",134113.021938456,565231.041023447,1750,"E",40,3
"2017-03-07 15:00:00",105602.944463,633982.954185281,3369.4,"SE",200,4
"2007-12-04 13:29:00",154560.038271886,577169.751137687,1970,"N",40,3
"2014-01-31 15:30:00",172898.118361922,810960.000099137,2540,"S",20,3
"2016-01-14 07:00:00",192716.914407617,782456.413019773,2321.8,"N",80,3
"2019-12-22 12:00:00",145218.257265811,796476.226235961,2146,"E",20,1
"2008-02-27 13:00:00",225299.693009336,744190.067726285,2000,"NE",15,2
"2020-03-21 07:00:00",168252.077811099,799486.888932524,2292,"NW",60,2
"2013-02-08 13:00:00",191253.924983822,686463.984171259,2000,"N",200,4
"2022-02-02 11:00:00",164960.796445045,588993.544773337,1739,"NW",30,2
"2020-01-07 15:10:00",225416.22258094,744132.885455705,1959,"NE",25,3
"2007-03-13 12:00:00",196599.919684667,773406.921067047,2520,"N",80,3
"2018-01-22 12:00:00",154088.756324803,699143.00552385,2489.9,"S",100,3
"2010-12-11 13:15:00",189829.87595196,736719.961533303,2160,"E",25,3
"2018-01-22 07:00:00",129708.04199365,601842.972824248,2300,"SE",100,3
"1995-03-06 14:00:00",185774.738935252,778509.986456901,2460,"NW",50,2
"2018-01-21 03:30:00",205504.173443193,824822.556239007,1879,"SE",70,2
"2019-12-26 11:00:00",225263.314056621,729256.052446875,1476,"SE",10,1
"2008-12-02 15:00:00",164499.873257642,733349.936298275,2240,"S",45,3
"2015-04-03 10:40:00",229599.864751506,745150.002524489,2220,"NE",200,4
"2017-01-14 05:30:00",189755.198685615,780670.522703084,2613.7,"E",80,3
"2017-01-15 07:15:00",205896.285438004,794457.452983678,2123,"NE",50,3
"2005-03-12 10:00:00",181955.963425869,784867.943306593,2600,"NE",20,2
"2021-12-16 23:00:00",206823.513017331,796506.692706684,1018,"NE",40,1
"2011-04-22 09:00:00",181955.963425869,784867.943306593,3080,"N",30,2
"2021-01-16 11:00:00",131669.80977403,605163.180626689,1912,"SE",100,1
"2013-02-20 10:50:00",96500.1029261777,623849.886826228,3000,"SW",35,1
"2014-12-30 16:00:00",190721.722122617,780868.639102996,2590.3,"NW",80,3
"2020-02-01 09:40:00",182569.808161797,789049.958774979,2730,"NE",150,3
"2008-02-03 10:00:00",169000.005707766,588199.987725222,2000,"NW",20,2
"2013-02-18 11:00:00",164700.240260744,824963.095702575,2930,"S",30,2
"2013-02-15 12:30:00",232219.736450136,744060.062190401,1560,"W",30,2
"2014-01-25 10:00:00",229599.864751506,745150.002524489,2100,"E",30,2
"2005-01-25 13:00:00",180065.060020051,802737.950866305,2400,"SE",50,4
"2010-02-18 12:15:00",153149.931286696,780300.012044241,2880,"S",20,3
"2005-12-31 10:55:00",173379.29674999,703579.963591901,2110,"SE",40,3
"2007-01-28 05:00:00",164589.997420502,793350.011596445,2600,"W",50,4
"2021-01-20 11:00:00",140556.231894035,608915.323164067,2950,"N",200,3
"2011-03-24 15:00:00",187396.90397546,766026.941448216,2500,"W",35,3
"2010-12-31 11:00:00",180699.955665815,663349.967094981,2060,"NE",40,2
"2017-01-22 10:43:00",211716.530879406,729727.029985727,2070,"NE",80,2
"2019-02-04 07:30:00",164473.003294536,578333.997221018,1800,"NW",120,4
"2018-03-31 06:00:00",176476.864770285,821220.084231014,2420,"W",40,3
"2013-12-01 11:40:00",166440.268790111,694618.952774004,2050,"E",30,2
"2019-11-06 10:00:00",103054.115471918,590492.357004879,3221,"NE",60,3
"2006-01-08 11:15:00",133620.516456415,551559.316641469,2060,"SW",70,2
"2017-03-05 16:30:00",189398.160578246,781153.709083078,2580.3,"NE",80,3
"2021-01-30 07:00:00",170003.253019546,796602.452940209,2263,"NE",100,3
"2020-01-02 11:00:00",136574.648426202,575739.036013635,2109,"N",50,2
"2003-01-10 10:30:00",170659.90016436,701769.940316668,2200,"S",100,3
"2005-12-19 09:00:00",177399.895291784,761699.951434796,2300,"SE",100,3
"2021-01-16 15:00:00",156501.623651051,790765.804051552,2854,"S",40,3
"2014-12-14 09:20:00",130789.9653901,583709.421648192,2840,"E",30,3
"2021-12-15 11:00:00",156088.885582407,783578.781842061,2832,"S",80,2
"2014-01-16 04:00:00",146469.988246187,795590.086830858,2700,"SE",20,1
"2022-02-04 13:00:00",164153.292249451,796617.785773382,2412,"NW",60,3
"2021-01-28 23:00:00",101052.801394645,574053.518009181,2260,"NW",60,3
"2018-02-16 11:00:00",195010.886956975,716973.981058322,2300,"SE",70,2
"2005-04-27 09:30:00",175069.991939905,816999.814743839,3020,"N",40,4
"2018-02-18 12:28:00",182576.835932237,792793.960927173,2790,"SW",30,2
"2018-12-31 03:10:00",96021.1025268564,625434.880692622,2480,"NE",20,2
"2015-04-02 05:30:00",190879.362263481,780920.443654423,2605.2,"NE",80,3
"2018-03-29 22:00:00",162295.452869237,794135.520821437,2285.8,"NE",60,3
"2008-01-13 10:00:00",181955.963425869,784867.943306593,2170,"W",40,2
"2004-02-13 11:00:00",183479.95779948,662274.972286097,2400,"NE",30,3
"2015-01-19 16:30:30",89352.135167425,578283.05749641,2620,"NE",25,3
"2021-01-28 13:00:00",231912.713952823,740990.050977517,1800,"E",50,3
"2017-03-07 09:30:00",162322.827184358,727673.928987388,2695,"E",50,3
"2021-12-01 11:00:00",223321.202267762,736086.419268143,2034,"NW",70,1
"2018-03-08 15:00:00",163142.267564148,796674.423489646,2542.3,"W",50,2
"2020-02-01 12:20:00",183929.721115366,776809.967264591,2520,"NE",40,2
"2021-01-16 08:00:00",99126.5299845928,627888.11959269,3050,"W",50,2
"2021-12-04 23:00:00",98936.6977439828,564175.152589598,2254,"N",60,3
"2009-12-09 10:45:00",153149.931286696,780300.012044241,2840,"SE",25,2
"2014-12-17 07:00:00",189738.20854364,780631.522779699,2646.4,"NE",10,1
"2019-01-15 11:00:00",229999.650045226,732600.030881629,1280,"NE",100,2
"2022-03-25 12:00:00",157680.774965317,726214.850363896,2181,"E",45,2
"2004-11-30 14:30:00",154485.931811137,780086.00871274,2700,"W",25,1
"2009-02-25 15:10:00",189829.87595196,736719.961533303,2280,"SW",130,4
"2001-01-16 09:00:00",146939.297472366,655529.861969089,2990,"SE",50,2
"2012-01-06 19:00:00",130487.04079383,601575.973516962,2240,"S",70,3
"2014-01-27 15:00:00",179669.747630884,781803.924335789,2220,"NE",30,2
"2005-02-05 10:00:00",206059.523066461,733560.025812439,2280,"NW",70,3
"2021-12-04 08:00:00",104279.59977451,586825.774176092,2483,"W",20,1
"2017-04-22 08:00:00",175199.790503443,788639.865278211,2900,"N",35,2
"2002-12-19 11:00:00",199939.886872215,717929.989538497,2100,"SE",30,2
"2017-02-06 03:00:00",89352.135167425,578283.05749641,2410,"N",50,3
"2016-11-29 11:00:00",146317.474619655,799518.10749414,2476,"SW",100,3
"2016-03-01 08:00:00",192168.422361365,736121.379275015,2336.2,"S",40,2
"2017-01-18 07:00:00",190170.653969516,779398.673069191,2650.7,"NW",50,2
"2020-02-27 08:30:00",188987.204417438,780651.033881773,2561,"NE",30,2
"2019-01-15 01:30:00",175541.895278037,706099.949153945,2100,"E",100,3
"2021-03-15 08:43:00",99097.4557872075,623645.958188922,2596,"S",50,2
"2019-01-19 11:50:00",149650.064955112,575469.672140254,2170,"S",150,3
"2015-01-12 07:00:00",178229.16028206,782178.192060487,2553.1,"NE",30,2
"2003-02-07 12:50:00",193714.876967077,793100.111633396,2280,"SW",50,4
"2015-01-12 07:00:00",153149.931286696,780300.012044241,3000,"E",30,3
"2022-02-04 13:00:00",163743.039021829,796316.866774709,2422,"NW",60,3
"2013-03-06 12:00:00",180399.938328547,675399.964162557,2000,"N",20,1
"2021-12-12 06:30:00",169193.262785446,733605.771010745,1149,"SE",20,1
"1995-01-03 14:00:00",198200.04768118,813280.293612122,2760,"S",60,2
"2014-01-15 02:00:00",161456.895682541,764627.966375712,2520,"E",50,3
"2014-12-31 11:00:00",186512.906490888,767129.941664924,2300,"E",50,3
"2021-12-11 07:00:00",96757.5216081486,589451.968848325,2266,"N",60,2
"2008-01-06 14:00:00",145289.908979066,798319.400712949,2830,"NW",100,2
"2004-12-29 13:00:00",88305.1409394123,582140.043210128,2500,"NW",60,3
"2009-01-25 13:35:00",104089.983453777,591639.104739534,2780,"NE",75,2
"2022-02-13 05:28:00",181611.31858119,662966.460320997,1741,"NW",15,2
"2021-01-20 10:00:00",134275.560439354,566109.018428713,1856,"W",70,2
"2012-12-30 13:00:00",161456.895682541,764627.966375712,2620,"E",50,3
"2013-03-23 17:00:00",141275.996716897,642501.91509954,3000,"SE",40,2
"2017-12-18 13:00:00",175541.895278037,706099.949153945,1730,"SW",100,2
"2009-01-25 11:45:00",181955.963425869,784867.943306593,2280,"NE",30,3
"2019-12-12 08:00:00",189029.990972017,780962.716957185,2508,"SE",40,1
"2021-02-08 11:00:00",141942.465291558,626200.745139537,2540,"SE",30,2
"2009-12-24 08:50:00",181955.963425869,784867.943306593,2550,"E",20,2
"2019-01-13 16:00:00",165210.925471055,734017.535786662,1285,"NW",35,1
"2016-01-15 07:00:00",193464.338364853,739215.962138296,2583.2,"S",50,3
"2010-04-03 08:00:00",189794.746171631,777700.023992592,2550,"N",70,2
"2004-01-21 15:45:00",140649.470294571,625779.732788425,2180,"SE",35,2
"2012-12-24 11:30:00",170637.927760635,775732.967714145,2480,"NW",60,3
"2004-03-30 09:28:00",93709.6725702071,631369.436312783,3060,"NW",15,2
"2020-03-11 03:00:00",165234.790437671,790136.229269625,2734,"E",40,3
"2021-03-15 04:35:00",180651.551740778,663671.610485945,1908,"S",10,2
"2007-01-05 11:00:00",141323.996350201,642761.914850274,2720,"SE",35,3
"2007-02-18 11:30:00",181955.963425869,784867.943306593,2400,"SW",20,2
"1997-11-15 12:05:00",146819.43144476,630099.797320487,3200,"NW",60,2
"2005-02-05 11:05:00",177309.730513477,780099.900280836,2350,"NW",70,4
"2003-01-30 13:15:00",136130.031800008,587679.999603705,2700,"SW",90,4
"2019-01-13 07:30:00",215213.529218766,793157.017772673,2428,"SE",20,2
"2018-03-30 22:00:00",159054.537105776,791633.726475001,2308.6,"NE",30,3
"2022-02-03 11:00:00",160867.855985104,787789.37791822,2668,"SE",100,4
"2005-04-02 09:35:00",143919.706023531,771799.636910068,2760,"NW",30,3
"2021-01-30 08:45:00",226129.743764663,744206.597008955,1800,"E",70,3
"2010-02-04 14:00:00",138260.019026611,623828.937813664,2520,"E",60,2
"2021-01-31 07:20:00",133948.009686181,604276.123608159,2714,"S",120,3
"2017-12-28 08:00:00",148667.928925622,504737.078037294,1600,"SE",70,1
"2007-02-13 11:00:00",164589.997420502,793350.011596445,2600,"E",20,3
"2021-01-31 07:00:00",132503.282892726,604839.133364111,2135,"NE",120,3
"2021-12-09 05:20:00",140563.803410242,650887.459305219,2277,"SE",25,1
"2021-04-08 09:00:00",201904.304124955,783711.566317124,2405,"N",30,1
"2014-01-29 11:35:00",181773.967728977,785873.943694677,2010,"W",20,2
"2008-12-08 11:00:00",181955.963425869,784867.943306593,2080,"SE",80,2
"2010-02-07 10:00:00",175999.463686324,629670.033461073,1730,"N",50,2
"2019-12-26 18:00:00",163407.081907386,734914.663524372,2156,"SW",25,2
"2017-02-12 09:02:00",179354.306549568,662905.021897488,2400,"N",30,3
"2016-11-27 11:00:00",121254.386865912,649819.722237099,3370,"NW",150,3
"2020-12-25 11:00:00",141665.35655756,624233.991297348,2852,"E",30,2
"2010-01-23 07:30:00",232159.715414625,740970.050527434,1840,"SE",40,2
"2019-03-07 13:30:00",190301.428748496,733105.462228972,2258,"NE",50,2
"2007-01-28 10:30:00",116100.564402626,552698.983021222,1960,"E",30,2
"2022-02-21 23:00:00",198507.941969625,714495.512629469,2473,"NW",70,3
"2016-01-16 07:00:00",189549.945224264,780524.925328941,NA,"SE",30,1
"2019-01-13 06:00:00",175541.895278037,706099.949153945,2000,"N",80,2
"2021-01-15 11:00:00",172181.993521232,803238.217328865,2428,"NW",100,3
"2017-01-06 11:00:00",190607.903275033,780355.900971291,2534.7,"E",50,2
"2006-01-19 14:25:00",181799.291944762,674640.017775628,2350,"NW",80,2
"2018-03-09 07:00:00",174177.855089824,765625.95368016,2420.6,"E",50,3
"2021-01-28 08:25:00",166092.32688668,734662.880949302,1870,"W",50,3
"2016-02-27 08:00:00",182919.377869658,646500.063090491,1680,"NE",60,2
"2021-12-15 11:00:00",141361.41315487,764948.342407289,3000,"SW",15,2
"2018-03-14 15:00:00",158728.934908813,791249.326557794,2570.2,"N",70,2
"2006-02-19 07:00:00",181955.963425869,784867.943306593,2300,"S",10,2
"2021-03-12 09:00:00",134014.768222637,604360.741366066,2732,"S",30,2
"2021-05-08 09:30:00",121244.386753224,649861.722424055,3350,"E",40,2
"2010-02-04 03:45:00",180699.955665815,663349.967094981,1730,"NW",20,2
"2019-04-28 23:00:00",184640.95940367,661344.974493716,2040,"NE",100,2
"2021-01-15 07:00:00",163559.417081283,796483.880172631,2526,"SW",60,1
"2015-01-05 10:35:00",153149.931286696,780300.012044241,2840,"SE",40,3
"2017-02-09 12:16:00",110739.913020838,593629.212843469,2590,"E",100,2
"1996-02-22 08:20:00",192819.799442538,783300.067692052,2100,"NW",35,2
"2020-03-07 07:30:00",192838.82950079,730996.366687482,3020,"SE",10,2
"2010-02-27 12:30:00",181955.963425869,784867.943306593,2350,"NE",40,3
"2003-02-06 11:00:00",206399.849971717,781200.188413465,2110,"S",150,4
"2021-01-13 23:00:00",103115.583520577,561438.953460364,2497,"E",80,3
"2021-12-09 11:00:00",184931.657895744,778558.287682424,2483,"NE",30,3
"2009-02-20 14:20:00",88305.1409394123,582140.043210128,260,"SW",40,4
"2009-02-13 11:00:00",196599.919684667,773406.921067047,2100,"NE",50,2
"2021-03-19 14:00:00",116439.7599065,603529.366021085,2385,"NW",50,2
"2017-01-18 09:00:00",165608.982078308,642394.950699533,2800,"W",60,3
"2006-02-20 12:44:00",96500.1029261777,623849.886826228,2795,"N",100,3
"2009-01-25 10:15:00",229599.864751506,745150.002524489,1780,"E",50,4
"2019-01-14 09:50:00",160509.887145715,587609.854011902,1470,"N",30,2
"2021-02-17 13:10:00",147399.888894586,796949.444184955,2880,"SE",50,3
"2019-03-12 06:30:00",205961.429753391,749441.857938227,2326,"E",15,1
"2019-01-18 14:00:00",158949.360104268,641359.908236697,2180,"NW",50,2
"2011-01-08 13:25:00",107630.072972103,565820.074808876,2400,"NE",50,3
"2019-02-11 23:00:00",184640.95940367,661344.974493716,2190,"SE",200,2
"2018-01-23 07:00:00",165379.639800769,791127.302532936,2475.8,"E",70,3
"1999-02-04 12:40:00",163449.259597531,689599.947232149,2240,"NW",100,2
"2017-01-14 14:00:00",228225.044977771,589741.963817392,1355,"NE",30,2
"2011-02-23 06:00:00",180699.955665815,663349.967094981,1860,"N",30,2
"2019-02-01 13:30:00",181773.967728977,785873.943694677,2510,"NE",30,2
"2020-12-13 07:30:00",104333.499644492,586864.27402498,2504,"W",20,2
"2021-12-09 11:00:00",171759.147590273,778407.665502613,2625,"NE",50,3
"2014-12-30 11:00:00",185325.365213208,778333.511023591,2491.5,"E",30,2
"2013-12-26 17:00:00",158982.252765921,680801.935384933,1750,"N",80,2
"2018-12-24 12:30:00",192076.028341331,736367.262000748,2276,"SW",20,2
"2019-12-25 13:00:00",166246.787925275,733112.209879872,1648,"SE",20,1
"2012-03-18 08:00:00",187499.365380533,714829.987962942,2200,"N",30,1
"2008-12-23 12:20:00",153139.705590111,775739.680719737,3060,"S",130,3
"2019-02-02 00:00:00",146114.266937262,777161.412858052,2609,"S",80,3
"2019-01-03 12:30:00",211399.572088505,737550.039939746,1940,"NE",60,3
"2014-02-17 05:00:00",161456.895682541,764627.966375712,2360,"E",40,2
"2010-02-18 11:05:00",88305.1409394123,582140.043210128,2100,"E",40,2
"2019-11-18 09:00:00",164246.28169547,732610.413298993,1490,"SE",25,2
"2022-04-07 06:30:00",105972.995631335,587724.270499558,2728,"E",20,2
"2019-02-11 08:30:00",190298.028340215,735687.160626701,1849,"SE",30,1
"2003-02-27 11:00:00",166299.314361524,712299.937374383,2300,"NW",50,2
"2021-02-23 15:00:00",168305.479072364,682394.666244651,2121,"SW",120,2
"2014-01-20 11:00:00",96021.1025268564,625434.880692622,3720,"W",50,2
"2019-12-27 11:00:00",145711.205919185,675344.15113789,2738,"E",50,1
"2019-02-09 14:30:00",228415.865217611,746607.995820508,1680,"SE",250,3
"2007-12-31 11:30:00",139200.01575525,626449.934711423,3000,"S",20,2
"2008-12-27 12:00:00",170659.90016436,701769.940316668,2000,"E",100,3
"2020-02-06 12:00:00",167065.618828584,791748.65506524,2943,"SE",100,3
"2021-05-09 10:00:00",108660.751336361,592846.966195666,2876,"NE",40,2
"2017-12-27 23:00:00",168825.194518806,800462.60509877,2410.3,"NW",50,3
"2016-01-11 07:00:00",174399.898591676,703249.947328394,2200,"SE",20,1
"2021-12-19 11:00:00",160035.464995722,661442.088608975,3049,"NW",150,2
"2021-03-15 11:00:00",79999.7681606365,579253.936663801,2583,"S",50,3
"2016-01-10 14:30:00",184085.876801362,784014.934403,2394.9,"NE",35,2
"1999-01-28 17:00:00",174569.476890536,743789.923211521,1550,"E",70,3
"2010-12-18 14:30:00",172179.74667857,599790.01074626,2120,"SE",15,2
"2019-02-03 07:00:00",166909.183104391,798821.51126719,2318,"W",40,3
"2013-01-27 09:15:00",130487.04079383,601575.973516962,2060,"S",80,3
"2018-03-24 11:45:00",173599.755737986,599300.02814455,1740,"NW",50,3
"2010-02-24 12:00:00",157669.872269446,744924.939837252,2180,"E",20,2
"2013-01-27 09:00:00",181773.967728977,785873.943694677,2300,"W",20,1
"2005-03-10 11:00:00",156339.744781421,781814.67309126,2920,"SE",20,2
"2009-02-25 09:00:00",181955.963425869,784867.943306593,2200,"NE",50,2
"2000-01-25 10:40:00",167039.267134102,693099.955323627,2560,"SW",80,2
"2021-01-30 11:00:00",182036.639296577,674821.503942768,2385,"W",30,2
"2003-11-29 11:00:00",79140.3763914426,581388.603361291,2840,"W",50,3
"2017-04-21 10:20:00",176959.78632016,787714.888629658,2650,"N",20,2
"2016-01-10 14:00:00",103866.026199166,588662.071672109,2800,"SW",60,2
"2019-04-05 08:30:00",204943.530176471,749609.356978463,2475,"E",10,2
"2009-03-20 11:00:00",202899.896191949,764549.931048124,2370,"E",40,3
"2013-03-20 07:00:00",164589.997420502,793350.011596445,2720,"SE",40,3
"2018-03-07 23:00:00",166370.743256829,791685.999930451,2699.3,"SE",50,2
"2022-02-03 07:00:00",162780.058245594,729150.265524096,2401,"N",60,2
"1996-02-18 13:30:00",111824.925315377,592224.215004233,2160,"N",80,3
"2009-02-16 15:15:00",139200.01575525,626449.934711423,3200,"SE",15,2
"2018-03-28 22:00:00",161852.155035481,794612.623765017,2390.5,"W",40,3
"2008-01-03 11:20:00",167949.269675079,694124.957127544,2200,"NE",35,3
"2022-04-28 07:44:00",177681.950803356,792618.116774249,3030,"NE",30,2
"2020-02-14 11:00:00",226612.853548809,744199.954161532,1709,"NE",30,1
"2021-01-31 07:00:00",163760.005932113,796155.30556124,2318,"NW",70,3
"2019-12-25 11:00:00",108394.01815961,592792.542209991,2718,"W",80,3
"2012-03-07 04:30:00",180699.955665815,663349.967094981,1730,"NW",10,2
"2012-12-29 15:25:00",150659.71166655,775649.660198936,2690,"SE",70,2
"2004-01-24 13:00:00",179069.624083508,764949.927631172,2850,"S",50,3
"1995-05-21 10:30:00",83975.24775212,586073.748230287,3180,"NE",45,3
"2018-02-19 08:30:00",139089.37792712,639829.773397571,3020,"SE",40,2
"2014-01-22 09:00:00",186512.906490888,767129.941664924,2640,"NW",50,3
"2003-12-29 11:00:00",181955.963425869,784867.943306593,2440,"NE",100,4
"2021-01-13 19:45:00",101815.850445943,625121.084979294,2125,"E",30,2
"2017-03-10 07:00:00",167799.288695895,768103.452853992,2251.1,"NE",100,3
"2015-02-06 11:00:00",170806.775195516,597239.994371231,1910,"NW",25,1
"2012-01-25 15:50:00",132846.668188794,606354.569359505,2200,"SW",30,2
"2012-12-28 13:00:00",107908.085612921,585577.017211072,2900,"W",60,2
"2006-03-02 07:45:00",229599.864751506,745150.002524489,1780,"N",50,2
"2006-01-20 08:00:00",189829.87595196,736719.961533303,2700,"SW",50,3
"2019-02-02 15:00:00",205865.234437163,791602.953321163,2084,"NE",10,2
"2005-01-27 13:00:00",193799.755576897,776900.058895897,2060,"N",50,2
"2021-01-14 11:00:00",137388.100402232,608966.124731396,3119,"SW",200,5
"2021-12-10 11:00:00",136788.031717865,639532.690243194,2449,"SE",100,3
"2016-02-24 03:30:00",180699.955665815,663349.967094981,1730,"NW",20,2
"2006-01-03 10:20:00",104479.98731426,591149.1051706,2850,"N",80,2
"2020-03-11 05:00:00",170779.087852714,795497.252916298,2484,"NE",40,3
"2020-04-01 08:00:00",165256.804443385,768922.264281916,2967,"N",20,2
"2016-01-18 08:30:00",190888.504293125,780929.245621515,2604.1,"NE",80,3
"2013-11-06 14:00:00",103090.068920939,636859.858190317,3450,"NE",80,3
"2013-02-08 10:30:00",104509.853115953,601699.211315441,2820,"NW",30,2
"2022-01-12 11:00:00",116888.380788914,575300.791032452,2345,"S",10,1
"2006-03-13 12:35:00",146039.885081832,764389.974587784,2450,"W",30,2
"2014-12-21 11:00:00",123604.382721755,648224.724193577,2600,"NE",20,1
"2008-01-18 08:55:00",164499.873257642,733349.936298275,2100,"SE",40,4
"2002-12-20 11:00:00",196599.919684667,773406.921067047,2300,"NE",100,3
"2021-01-15 07:00:00",166332.78670564,791787.386949457,2629,"SE",61,2
"2020-12-08 08:00:00",166410.78269061,732986.028289667,1748,"SE",50,2
"2019-02-05 11:00:00",146245.052826012,771778.394944114,2542,"S",150,2
"2021-01-15 07:00:00",104096.100086276,586302.275946899,2388,"N",30,2
"2022-02-22 11:00:00",202062.841461176,716627.490524009,2432,"S",60,2
"2006-03-13 10:00:00",103270.068192207,637059.857999548,3200,"N",70,3
"2019-01-17 15:00:00",165635.338943081,757951.854024761,2709,"E",50,2
"2021-12-27 11:00:00",111901.458504807,563917.365832722,2200,"NE",60,1
"2013-12-10 14:00:00",153149.931286696,780300.012044241,2780,"SE",40,3
"2006-01-27 10:00:00",132500.025941991,567200.039438057,2200,"NE",30,1
"2021-01-29 11:00:00",152079.161141932,685963.650172414,1518,"N",100,2
"2005-03-02 13:30:00",183479.95779948,662274.972286097,1300,"SE",100,3
"2019-12-27 08:10:00",163439.266438443,731856.405301102,1643,"SE",20,2
"2011-12-21 09:00:00",153149.931286696,780300.012044241,2900,"SE",50,3
"2006-03-19 11:00:00",148749.961868389,663349.907973988,2350,"E",50,4
"2020-01-18 10:00:00",226537.014620896,744170.291264854,1725,"NE",30,1
"2021-01-25 04:22:00",181611.559248683,662989.368466106,1747,"N",10,2
"2019-03-12 02:00:00",104229.425630114,561029.292832332,2556,"NE",80,3
"2021-01-25 07:00:00",138079.795953753,798435.988679453,2427,"NE",50,3
"2019-01-30 04:30:00",184640.95940367,661344.974493716,2010,"NW",100,2
"2021-01-15 11:00:00",161793.061408278,732337.099767631,1903,"N",60,3
"2017-01-09 07:30:00",192138.61435511,736192.705192168,2323.8,"S",50,2
"2010-02-13 10:10:00",131000.007014398,643799.896176376,3280,"SW",35,3
"2014-12-12 15:00:00",153351.593554399,781485.652675264,2707,"E",20,1
"2019-12-24 13:00:00",105341.325837408,563655.683518526,2315,"SE",100,4
"2005-03-10 09:00:00",181955.963425869,784867.943306593,2600,"S",40,4
"2009-03-13 11:00:00",140629.985917284,651199.903627973,2300,"E",25,1
"2020-03-13 11:00:00",198370.347683454,715786.108735789,2317,"NE",400,3
"2011-02-26 08:30:00",154485.931811137,780086.00871274,2900,"SE",20,2
"2010-12-05 11:10:00",146039.885081832,764389.974587784,2600,"W",30,2
"2018-01-23 07:00:00",166388.345939078,792212.400832171,2596.8,"SE",90,3
"2011-01-26 12:00:00",132500.025941991,567200.039438057,2700,"N",25,2
"2008-12-21 16:30:00",170659.90016436,701769.940316668,2200,"SE",120,4
"2014-01-04 12:00:00",189829.87595196,736719.961533303,2400,"E",20,1
"2009-02-07 09:00:00",170659.90016436,701769.940316668,2700,"SE",60,3
"2016-03-03 10:15:00",153149.931286696,780300.012044241,2860,"SE",30,2
"2004-02-29 14:30:00",181891.88308169,719121.958114705,2580,"SE",15,2
"2020-02-03 13:10:00",98717.2647317223,623066.794074434,2715,"E",60,3
"2021-01-30 08:30:00",108237.974889801,565087.734753758,2051,"SE",50,2
"2009-02-28 08:00:00",196599.919684667,773406.921067047,2360,"SE",40,3
"2004-12-20 05:00:00",141749.481082352,624249.736412852,2850,"E",40,1
"2010-02-05 06:00:00",164499.873257642,733349.936298275,1265,"N",15,1
"2021-01-30 09:40:00",225185.763245237,744259.829572398,2021,"E",70,3
"2015-01-01 11:00:00",185619.751207667,777157.792049729,2446,"E",40,3
"2022-04-02 04:02:00",180937.286491345,664401.802939137,2061,"SW",15,2
"2022-02-11 15:00:00",158474.751766379,729564.889981935,2380,"N",30,2
"2021-01-09 11:00:00",113149.231982605,645240.677072411,3149,"NE",30,4
"2005-01-01 13:30:00",181891.88308169,719121.958114705,2200,"E",60,4
"2019-02-13 14:00:00",184640.95940367,661344.974493716,2280,"SE",200,2
"2020-12-13 11:45:00",115994.159240856,573949.937860963,2487,"E",40,2
"2005-01-27 14:55:00",96196.1019790618,625477.880825477,2860,"W",80,3
"2019-02-03 07:00:00",167036.782258575,798666.410364743,2231,"NW",40,3
"2016-03-26 11:00:00",191699.443995249,729829.991225215,2750,"SE",30,2
"2010-01-15 05:45:00",180699.955665815,663349.967094981,1730,"NW",20,2
"2022-02-03 07:30:00",161189.683559581,730165.64718424,1656,"SE",35,1
"2017-01-14 07:20:00",103578.063763865,639533.85186893,3020,"W",90,2
"2010-02-26 23:00:00",181955.963425869,784867.943306593,2400,"NE",40,3
"2009-12-12 07:00:00",181955.963425869,784867.943306593,2680,"S",30,2
"2017-05-10 06:00:00",177632.894933138,792270.491224938,2908.2,"N",80,3
"2010-01-06 12:10:00",88305.1409394123,582140.043210128,2770,"SW",40,2
"2017-03-10 05:30:00",189589.551000195,780472.334308763,2668,"W",100,2
"2022-02-22 11:00:00",224280.985094782,740845.331732447,2198,"E",50,3
"1997-12-29 12:20:00",98085.1771302367,581498.909747321,2435,"NE",50,2
"2005-01-22 14:50:00",103580.04078747,587779.058686721,2440,"NW",60,2
"2021-01-18 08:00:00",134737.803030338,604968.198130779,2802,"SW",200,3
"2021-01-14 08:00:00",166741.201844679,791690.050967206,2812,"S",60,2
"2022-02-08 11:00:00",102217.883757345,610565.441637215,3223,"SW",80,3
"2022-02-11 13:00:00",159255.860525695,791338.261477955,2319,"NE",60,2
"2018-02-22 11:00:00",189604.885642384,776902.926906765,2361.2,"NW",20,3
"2021-12-05 09:00:00",105880.79587031,587729.370527297,2723,"NE",50,2
"2021-03-16 15:00:00",107405.276147199,564377.437988999,2341,"E",80,2
"2012-01-24 06:00:00",204184.253780582,787639.06444318,1814,"NE",40,3
"2007-03-21 13:35:00",163045.003387813,577364.998980984,1750,"N",15,1
"2010-04-02 12:02:00",189499.769181511,780940.027438517,2600,"NE",80,2
"2020-12-06 07:00:00",165875.8813217,733434.485413175,1439,"SE",40,2
"2021-01-15 13:50:00",162786.485975057,729449.007822743,2344,"E",50,2
"2012-02-17 13:00:00",186300.14827106,814399.908692982,1640,"SE",35,2
"2016-02-20 08:30:00",199724.886769847,717999.989084147,2080,"SE",10,1
"2021-04-04 13:00:00",177107.327342325,637580.056385545,2081,"NE",80,3
"2012-12-31 17:00:00",170659.90016436,701769.940316668,2300,"SE",80,3
"2013-04-06 12:30:00",163162.257537437,675062.948979879,3340,"N",50,2
"2014-12-31 11:00:00",114910.020408603,606760.458409477,2736.4,"E",20,2
"2022-02-23 08:55:00",98772.7304582564,623035.616795332,2766,"E",20,2
"2015-01-03 10:00:00",145915.979393478,794011.081561038,2350,"SE",45,2
"2012-12-05 11:00:00",170659.90016436,701769.940316668,1460,"SE",50,1
"2007-03-04 11:00:00",181955.963425869,784867.943306593,2370,"N",50,2
"2002-11-11 08:00:00",103270.068192207,637059.857999548,3200,"NW",60,3
"2022-03-15 11:00:00",134860.328808184,605260.534330727,2961,"N",30,2
"2019-12-14 09:25:00",178417.568531448,660509.062013605,1945,"S",30,3
"2021-12-04 08:00:00",104929.898287437,587548.071552601,2942,"W",40,2
"2018-01-04 17:00:00",195010.886956975,716973.981058322,2500,"NW",90,4
"2022-02-22 04:22:00",180708.594016041,663808.489857604,1906,"S",10,2
"2009-02-07 08:30:00",170659.90016436,701769.940316668,1800,"N",50,3
"2013-01-13 11:00:00",196577.917847301,772737.922206012,2320,"E",100,2
"2018-03-28 22:00:00",162164.055311129,794613.022516319,2284.1,"NW",50,2
"2006-02-13 12:00:00",186724.937804798,805025.042901843,2530,"SE",30,2
"2022-02-02 12:00:00",160933.2461858,732172.043491185,2284,"NW",45,2
"2019-01-03 10:30:00",192140.828354018,736207.762183545,2324,"S",90,2
"2012-01-21 19:00:00",164499.873257642,733349.936298275,2400,"SW",60,2
"2016-02-11 08:00:00",193111.078659206,781781.746973331,2133.7,"E",30,2
"2022-04-08 06:00:00",131735.160547795,603176.613958224,2258,"S",120,2
"2022-02-02 07:30:00",132849.502171929,606563.265607113,2243,"S",50,2
"2014-01-26 11:45:00",149619.256896321,675109.90283022,2720,"SW",30,2
"2014-02-14 08:00:00",138302.019024494,623766.937953581,2400,"SE",100,3
"2014-03-29 10:55:00",118550.176267565,573179.166037797,1780,"NE",20,1
"2013-03-05 09:45:00",196577.917847301,772737.922206012,2200,"NE",10,3
"2020-02-06 08:30:00",225546.1009489,744121.437536782,1926,"E",30,2
"2005-03-09 08:30:00",154485.931811137,780086.00871274,2850,"E",25,2
"2005-01-22 11:00:00",186649.822243775,789350.010580824,2365,"SW",60,2
"2022-02-02 12:15:00",201352.688373028,723963.544623058,1790,"NW",50,2
"2012-01-21 16:10:00",167479.9268525,682679.936924664,2000,"S",150,3
"2014-12-30 07:00:00",190804.583087104,780866.26690208,2591.4,"NW",50,3
"2002-12-29 12:10:00",158874.583481795,760609.799626441,2220,"NE",60,2
"2021-03-14 11:00:00",108879.6088588,692262.189408064,1865,"N",10,2
"2001-01-13 14:00:00",156079.759314794,783649.658894121,2800,"S",60,3
"2015-01-23 09:30:00",107908.085612921,585577.017211072,3170,"NE",60,3
"2017-12-13 07:14:00",189002.021859632,786364.418888739,2176.4,"W",40,3
"2017-12-15 08:50:00",175541.895278037,706099.949153945,2250,"N",100,1
"2006-03-12 10:30:00",88305.1409394123,582140.043210128,2200,"N",60,3
"2020-01-31 11:00:00",198630.060942029,714485.555276958,2396,"N",60,1
"2019-03-12 06:30:00",206080.229618392,749272.558320941,2402,"NE",35,2
"2021-02-08 09:30:00",116542.427298923,645700.676871648,1940,"SE",35,2
"2021-02-14 11:00:00",177714.095119782,786245.763497352,2560,"NW",25,2
"2021-04-13 07:30:00",160197.474111636,705018.668595325,2214,"NW",40,3
"2005-02-17 08:45:00",163869.385142628,728949.907785369,2800,"SE",50,3
"2022-02-02 08:00:00",167021.41959914,791757.729160639,2918,"SE",70,3
"2007-03-24 11:00:00",181955.963425869,784867.943306593,2300,"W",30,2
"2022-02-02 23:00:00",192188.031545844,779837.205163338,2282,"SE",100,3
"2021-01-30 14:00:00",144037.649176381,764504.690750219,2650,"E",140,4
"2005-01-30 13:00:00",162399.259904342,690499.944003318,2700,"N",100,3
"2014-12-31 09:50:00",153080.872243441,776099.501950662,2968,"S",50,3
"2011-03-13 10:00:00",82940.3257100961,581698.670063205,2120,"NE",50,2
"2007-12-18 11:00:00",181955.963425869,784867.943306593,2680,"W",30,3
"2022-02-03 08:00:00",156321.258503311,784811.575448325,2346,"E",80,3
"2019-12-21 13:00:00",178403.600321813,780876.151317937,2305,"N",40,3
"2021-01-29 08:30:00",93665.2534514668,621706.730468383,2376,"NE",60,3
"2007-03-30 11:00:00",181955.963425869,784867.943306593,2280,"N",50,3
"2020-01-27 11:00:00",147457.409928143,784272.679297073,2788,"NW",60,2
"2009-02-28 13:30:00",157669.872269446,744924.939837252,2180,"S",130,3
"2005-02-13 06:30:00",188999.767867237,781000.022445287,2490,"SE",30,1
"2021-01-16 11:00:00",182245.953605962,780507.00094192,1517,"W",60,2
"2009-12-21 09:50:00",129640.507528888,552599.245309067,1940,"SE",50,2
"2021-01-18 04:51:00",181455.554292579,665037.755254466,2074,"NE",15,2
"2012-02-05 10:45:00",226753.041117253,585934.958982992,1200,"NE",30,1
"2013-03-07 11:00:00",96021.1025268564,625434.880692622,3300,"W",100,3
"2005-02-04 13:00:00",183479.95779948,662274.972286097,1670,"SE",100,3
"2014-01-17 15:00:00",157669.872269446,744924.939837252,2160,"SE",40,3
"2015-01-01 07:00:00",192179.575989328,779740.946977716,2281.4,"NW",30,2
"2011-12-30 09:00:00",177399.751445686,761699.935200362,2300,"SW",20,2
"2014-02-04 13:30:00",131000.038964006,643799.915674833,3000,"SE",30,2
"2009-02-18 11:00:00",153150.384352356,780299.989826589,2880,"S",100,3
"2010-01-22 14:50:00",153749.813050477,689749.937572008,1980,"SE",40,3
"2012-02-17 11:00:00",181774.341764771,785873.936337757,2360,"W",30,2
"2019-02-04 07:00:00",205871.536493188,749545.516531559,2271,"E",25,1
"2022-02-20 11:00:00",158066.249910472,728820.227887883,2497,"N",50,2
"2021-12-09 11:00:00",172728.147904992,783614.414555802,2929,"NW",100,2
"2009-02-21 09:30:00",157669.975014393,744924.918036235,2100,"SE",150,2
"2022-02-12 09:10:00",225152.390567249,740544.062602533,1746,"N",15,1
"2006-03-02 13:00:00",174399.347626491,703249.925792455,2400,"NE",20,2
"2020-01-31 11:30:00",99079.743955911,601889.149112971,2580,"E",60,3
"2012-03-21 10:00:00",188699.288682234,787700.086695608,2180,"NE",30,3
"2017-02-11 16:00:00",129708.084137398,601842.934988081,2535,"NW",100,3
"2014-03-08 07:00:00",118431.86186795,631955.932515652,2700,"N",40,2
"2018-03-16 10:19:00",184749.749156337,777789.980076025,2630,"SE",100,2
"2006-11-26 11:00:00",181955.635168005,784867.929118795,2750,"W",20,2
"2021-12-05 11:00:00",96319.6294004162,594396.708907066,3137,"N",50,4
"2020-12-08 09:30:00",164309.646250211,734005.612876539,1483,"W",45,2
"2011-02-06 13:20:00",138819.699282436,607127.644726991,3160,"SE",30,2
"2006-03-03 11:00:00",174399.347626491,703249.925792455,2200,"NW",50,4
"2005-03-11 17:00:00",188280.185144701,816145.138397294,2600,"SE",40,3
"2021-12-13 11:00:00",231629.526949037,744501.15270698,1662,"S",60,2
"2016-03-12 10:40:00",98510.315801397,600529.123526438,3060,"N",25,2
"2016-02-08 23:00:00",102449.505728489,566508.665135536,2060,"E",100,2
"2014-03-08 09:30:00",189519.63699641,680865.047375508,2680,"NE",25,2
"2021-01-10 11:00:00",164638.927594845,613070.916961373,1955,"NW",20,1
"2020-01-29 09:40:00",135571.923192525,587315.719915228,1651,"NE",70,2
"2016-03-06 07:00:00",166105.267077712,734991.650654899,2227,"W",50,3
"2022-02-03 11:00:00",165618.284740782,791005.46544093,2571,"SE",100,3
"2019-02-02 09:30:00",192785.190418557,731329.594128219,2835,"S",50,2
"2001-02-01 13:20:00",129899.554409423,590749.457734632,2360,"S",50,2
"2010-02-14 08:00:00",144649.921335577,604349.957967752,1800,"W",40,1
"2005-02-05 01:00:00",181955.635168005,784867.929118795,2600,"SE",100,3
"2021-03-13 08:00:00",162143.776238679,796729.579360534,2733,"E",40,1
"2021-03-20 11:00:00",214365.508720578,764037.447518224,2240,"NW",50,4
"2012-02-22 12:00:00",189599.615757353,674700.010436672,2500,"W",40,3
"2013-12-12 01:00:00",174049.567599563,600099.945466304,1600,"NW",80,2
"2021-01-28 06:00:00",166461.918712962,731774.760431927,2472,"SE",85,4
"2022-02-22 16:00:00",202212.319873979,718010.083581024,1969,"NE",50,2
"2010-02-05 09:55:00",183018.967044506,647550.083575728,1780,"N",40,3
"1997-07-20 09:10:00",106859.401581464,632174.554717677,4180,"NE",20,3
"2021-12-09 11:37:00",219970.596440427,569246.829605429,1488,"SE",50,1
"2010-03-07 11:00:00",192550.553028835,798500.033915948,2100,"SE",30,3
"2007-03-02 05:00:00",186299.613630713,814399.925296155,2450,"NW",50,3
"2018-03-19 23:00:00",166633.4756653,799144.474915736,2518.2,"W",40,4
"2016-01-14 07:30:00",190710.898027227,781012.069208503,2631,"NE",80,3
"2014-03-08 11:30:00",150539.350662795,752419.814715973,2750,"NE",30,2
"2015-02-05 11:00:00",181536.568671135,764998.880267649,2577.2,"NE",30,1
"2008-04-13 12:00:00",177904.382962615,756921.001489403,2500,"NE",100,4
"2013-12-30 10:00:00",164589.982688948,793350.038912627,2600,"SE",70,3
"2021-12-03 23:00:00",104942.034923342,586490.185300283,2524,"W",20,2
"2018-01-22 11:00:00",206014.219826991,781575.199359509,1870,"S",100,3
"2012-02-05 11:45:00",130732.942865097,596127.464506506,2750,"SW",25,3
"2003-02-07 07:20:00",136990.104684133,612149.603341305,2970,"S",120,4
"2016-01-12 10:30:00",120970.595993478,583957.047866451,2050,"S",50,2
"2006-03-09 11:00:00",153150.384352356,780299.989826589,2800,"SE",80,3
"2009-12-27 12:50:00",153150.384352356,780299.989826589,2860,"SE",100,3
"1993-12-28 14:30:00",183075.146614085,774549.975369343,2700,"N",40,3
"2003-01-11 09:00:00",181955.635168005,784867.929118795,2390,"W",50,3
"2018-01-04 11:00:00",173529.656358411,781446.000803002,2747.7,"S",100,3
"2007-01-28 06:00:00",181955.635168005,784867.929118795,2570,"SE",20,2
"2007-03-04 11:00:00",177399.751445686,761699.935200362,2600,"NW",150,4
"2008-03-13 11:00:00",106999.562779848,585599.051904518,2280,"N",40,2
"1996-02-25 15:00:00",200199.977053867,784780.165051131,2500,"SW",50,2
"2017-01-14 23:00:00",194427.872102976,730429.715622045,2038.1,"N",60,2
"2005-03-11 14:30:00",156450.0556447,634624.963960638,2200,"S",30,3
"2019-12-27 09:28:00",98463.8705734774,623663.902946303,2196,"E",30,1
"2021-02-04 09:00:00",96891.5701928851,627782.196566456,3033,"NW",70,2
"2017-03-07 12:40:00",169100.316247389,817959.87321579,2290,"NE",60,2
"2019-03-12 06:30:00",205796.545372025,749481.874394598,2305,"E",60,2
"2014-02-05 11:00:00",135560.380023435,688185.876917392,2800,"SE",50,3
"2008-01-17 11:00:00",181955.635168005,784867.929118795,2580,"NE",50,3
"2011-03-20 19:35:00",90093.1643715422,628879.399264552,2630,"W",60,2
"2010-12-04 13:30:00",153150.384352356,780299.989826589,2780,"SE",30,2
"2019-02-03 07:00:00",163296.415263824,796740.146265313,2615,"W",40,3
"2017-12-28 23:00:00",158932.287269658,791410.709449939,2429.1,"N",40,2
"2003-02-06 03:50:00",185899.652383131,804628.285418665,2800,"SE",150,4
"2009-02-07 08:30:00",170659.440203678,701769.916179099,2100,"N",50,3
"2017-12-15 12:00:00",190364.444963975,735663.973131955,1889.6,"SE",20,1
"2013-12-27 09:30:00",191775.238509308,780680.070274094,2330,"N",40,2
"2016-03-05 23:00:00",176448.168945173,769364.958548623,2442.8,"SW",50,3
"2015-04-08 15:15:00",189830.274142592,736719.957127877,2740,"S",50,3
"2005-12-31 14:30:00",233219.873179638,746950.100232814,2050,"NW",40,1
"2003-02-06 16:30:00",103269.826475028,637059.866855593,3000,"NE",100,3
"2021-01-28 11:55:00",105057.352041704,623986.302702651,3088,"NE",61,4
"2006-03-19 10:10:00",83019.9833349169,581388.68194339,2010,"N",40,2
"2022-02-22 06:58:00",179432.068409804,662943.511914286,2340,"NE",100,3
"2020-01-30 11:00:00",223420.87369014,744716.976030863,1827,"N",40,2
"2002-12-28 11:45:00",173700.031079232,785739.856094397,2770,"N",40,2
"2012-12-18 08:00:00",181774.341764771,785873.936337757,2450,"NW",20,2
"2021-01-18 01:00:00",228264.027437188,738509.629366382,1013,"SE",70,2
"2016-01-16 13:08:00",108264.558227344,582669.060786861,2250,"N",150,2
"2021-03-16 11:00:00",151644.675140084,709843.157751737,2004,"N",50,2
"2007-03-12 13:20:00",94499.2255911212,630119.39851242,2740,"NW",60,2
"2011-02-28 04:30:00",180700.39656272,663349.987435599,1730,"W",45,2
"2002-12-24 10:05:00",103269.826475028,637059.866855593,3000,"N",20,2
"2021-11-29 08:55:00",165536.269942886,734162.102465045,1276,"NW",15,1
"2003-01-12 13:57:00",199319.531598912,728019.986165922,2350,"SW",40,2
"2022-03-19 11:00:00",156018.902174558,788862.033449838,2306,"NW",50,2
"2022-04-14 09:00:00",167165.541699221,818287.673195728,2857,"NW",30,3
"2004-01-18 20:45:00",155019.901185442,788889.639280765,2350,"SW",30,3
"2022-01-11 13:00:00",173153.94836302,797708.730179526,2640,"S",30,1
"2014-12-19 11:00:00",174520.258875922,791519.829186046,3000,"N",40,2
"2019-01-13 16:00:00",165151.045617376,733990.523182668,1290,"NW",30,1
"2013-02-03 14:00:00",181899.222516962,674500.027329134,2260,"NW",40,2
"2014-03-23 05:40:00",170659.440203678,701769.916179099,2140,"N",50,3
"2015-04-03 06:00:00",189423.666051624,781145.06941049,2551.2,"NE",50,2
"2003-01-08 10:00:00",159990.105158939,728779.941866501,2300,"SW",40,2
"2020-12-31 07:30:00",106510.911668364,586848.591142635,2472,"NW",30,2
"2009-01-24 11:00:00",181955.635168005,784867.929118795,2230,"SW",80,3
"2020-01-30 10:30:00",226122.140215805,744214.061780844,1775,"E",30,1
"2017-01-18 07:00:00",192275.887846957,779614.990799515,2212,"NW",50,2
"2012-01-26 04:00:00",148749.428211008,663349.943717179,2000,"S",200,3
"2021-01-27 16:00:00",96039.2556121692,623363.512871153,1663,"SE",42,2
"2004-03-09 07:00:00",154486.25120144,780082.99977634,2550,"SE",20,2
"2012-03-20 07:35:00",164499.652087316,733349.903885131,2620,"N",25,2
"2021-03-01 07:00:00",140024.902178717,799077.938460792,2242,"SE",150,1
"2021-01-13 23:00:00",104141.689977344,558086.487304114,2484,"E",100,4
"2021-03-28 10:00:00",172825.087200291,674324.628597341,2592,"N",30,3
"2019-01-22 11:00:00",156756.481587963,770870.154820231,2368,"SW",150,1
"2020-02-08 11:00:00",145116.144389372,783721.43259208,2584,"NE",20,2
"2008-04-23 11:00:00",181955.635168005,784867.929118795,2300,"NE",100,3
"2002-12-06 11:00:00",161800.108884281,636979.962275181,2000,"SW",20,1
"2013-12-30 08:45:00",190850.001463084,779650.042428604,2400,"NW",50,3
"2011-03-18 13:10:00",93879.3715925221,627144.404395839,2830,"N",20,3
"2013-01-06 07:00:00",144649.921335577,604349.957967752,1970,"W",100,2
"1999-11-27 11:00:00",136059.916572115,617679.661093751,2750,"SW",30,2
"2022-02-12 11:00:00",206967.698062932,706963.402647294,2122,"NW",10,1
"2018-01-04 23:00:00",170356.899822082,793487.191286412,2499.8,"SE",60,4
"2020-12-29 11:00:00",165376.523099921,791097.464525458,2487,"E",50,2
"2018-01-06 11:00:00",190560.405850463,779746.885749199,2598,"N",100,4
"2014-02-13 20:30:00",139200.08921347,626449.903537722,2550,"NW",40,4
"2021-01-20 07:10:00",86518.6172723461,581339.689261281,1851,"SE",20,2
"2006-01-19 09:00:00",181955.635168005,784867.929118795,2280,"SE",30,3
"2008-03-17 17:00:00",181955.635168005,784867.929118795,2620,"NE",100,3
"2002-12-26 11:00:00",185750.15950416,792340.017682262,2980,"SW",30,2
"2019-03-16 08:30:00",189378.528195923,733905.030970388,2351,"E",50,1
"2018-04-12 22:00:00",168462.604466808,800963.125367076,2712.9,"W",40,3
"2005-07-12 08:35:00",155179.041383085,651779.900610044,3890,"SW",15,2
"2000-01-30 10:10:00",146939.531920473,606424.693535885,1930,"SE",50,2
"2013-02-09 16:00:00",170659.440203678,701769.916179099,1940,"SE",150,3
"2022-02-19 07:00:00",105933.221942714,587725.057647173,2717,"E",10,2
"2021-01-26 11:00:00",225539.047060994,729151.473433503,1598,"SE",20,2
"2012-04-27 11:15:00",161456.592057665,764627.987918193,2710,"E",30,3
"2006-03-02 05:00:00",146546.912724673,577565.984564773,1800,"N",30,1
"2019-12-05 07:00:00",143361.160119241,765607.17284662,2428,"NE",100,3
"2010-01-02 10:30:00",146500.120453177,731849.874320621,2200,"S",20,1
"2018-03-03 11:00:00",192048.810576734,679275.026894832,1920,"N",20,2
"2010-04-05 11:30:00",170659.440203678,701769.916179099,2300,"N",50,2
"2019-01-20 05:00:00",228416.004990802,746607.961138397,1800,"SW",70,3
"2018-04-05 14:00:00",165967.100530321,792559.319950031,2277.6,"E",120,2
"2005-12-26 10:00:00",229600.190335117,745149.962013332,1700,"S",50,1
"2019-01-14 05:00:00",200740.047707135,770990.081568551,1190,"SE",50,2
"2017-12-11 05:00:00",203582.027859906,786630.215974179,2223.3,"E",40,2
"2005-04-09 05:00:00",143526.854396236,781445.00075966,2600,"N",50,3
"2013-02-22 10:00:00",181774.341764771,785873.936337757,2300,"NE",50,2
"2014-02-01 10:40:00",205845.465459226,774922.881643607,2350,"NE",40,2
"2016-02-10 13:00:00",153150.384352356,780299.989826589,2760,"N",80,3
"1996-02-19 11:00:00",154769.706023778,671799.912757938,2000,"W",50,3
"2015-02-09 14:15:00",146040.161874786,764389.952556399,NA,"W",60,3
"2005-03-11 12:00:00",178649.528253712,781939.942123418,2480,"NE",40,2
"2015-03-06 07:00:00",191462.945461886,782336.548868591,2102.9,"SE",50,2
"2013-01-03 09:15:00",130487.278463971,601575.935425641,2740,"N",20,2
"2022-02-02 06:20:00",134148.899749983,605291.932284931,2701,"S",50,3
"2022-02-11 15:15:00",225939.330099412,744150.543168469,1852,"E",20,2
"2018-03-16 11:00:00",160699.778659684,780599.712416062,2300,"NW",50,2
"2021-01-16 10:00:00",134868.429270578,617366.613085238,2575,"S",220,2
"2008-11-24 13:00:00",170659.440203678,701769.916179099,1960,"S",80,2
"2006-03-07 11:00:00",144649.921335577,604349.957967752,1880,"N",80,3
"2020-12-06 16:15:00",163562.025806026,732382.442583348,1508,"SE",50,1
"2022-02-18 13:30:00",134461.564731563,621207.440823748,2690,"SE",20,2
"2015-01-10 11:00:00",155942.76410245,791554.023846226,2962.7,"SW",30,3
"2017-02-01 05:00:00",191082.037802391,737433.551439271,1975.5,"NE",50,3
"2000-02-05 12:00:00",210700.014152303,735150.033875691,2400,"NW",20,2
"2008-12-15 08:45:00",181955.635168005,784867.929118795,1820,"SE",80,2
"2019-12-23 11:00:00",173210.50207279,798074.309722909,2628,"SE",60,3
"2012-01-28 05:48:00",96500.2634408781,623849.893625789,2210,"SE",50,3
"2017-02-03 14:55:00",153379.592643138,779559.632706588,2825,"NW",30,2
"2022-02-15 07:40:00",188204.036895312,782331.402410152,2154,"SE",15,1
"2021-01-23 07:30:00",105722.907577046,587828.636320123,2779,"NE",15,2
"2012-12-28 11:00:00",181774.341764771,785873.936337757,2570,"W",20,2
"2019-12-21 11:00:00",149269.255255792,684038.824815784,2437,"N",60,4
"2013-02-08 14:00:00",141658.930034058,624569.713757898,NA,"SE",100,2
"2021-12-11 08:00:00",105949.865502054,587740.479347554,2711,"E",30,2
"2010-02-26 20:13:00",120279.394227009,628129.549644771,2810,"NE",20,2
"2008-01-13 11:30:00",170659.440203678,701769.916179099,2100,"N",50,3
"2022-02-05 12:00:00",159435.016165296,729751.235289227,2063,"NW",90,2
"2005-03-10 11:34:00",206338.719699346,773914.879313466,2330,"SW",30,3
"2005-01-03 09:00:00",96195.5859609295,625477.867706769,3300,"SW",20,3
"2016-01-14 07:30:00",190739.947182782,780869.399100801,2590,"NW",50,2
"2013-02-05 07:00:00",174399.347626491,703249.925792455,2700,"SE",80,3
"2015-01-04 06:45:00",189508.262110484,780926.876807465,2616.8,"NE",50,3
"2014-12-21 07:00:00",178922.509372922,772827.442832234,2685.6,"SW",10,2
"2007-01-04 09:20:00",181955.635168005,784867.929118795,2700,"E",40,3
"2022-04-08 12:00:00",224188.604411736,737803.527637692,2091,"NE",30,2
"2017-04-02 06:00:00",105116.193122751,638643.571547583,2358,"N",25,1
"2017-02-06 12:00:00",99004.361792703,567330.347162706,2413,"NW",60,3
"2018-04-09 10:00:00",158822.405598958,791557.537487931,2447.8,"NE",30,3
"2021-02-08 07:00:00",161047.218540979,793444.220707761,2605,"NW",200,3
"2015-02-14 09:00:00",198999.042411176,697150.039535802,1980,"NW",40,2
"1996-03-29 11:15:00",95049.9669666838,566338.671629277,2880,"N",50,3
"2013-12-29 14:30:00",125900.301323156,579699.333584745,2050,"NW",50,2
"2015-02-26 10:30:00",145915.82204335,794011.094909815,2850,"NE",15,1
"2006-02-18 14:20:00",92245.1777915497,620939.333573519,2730,"NW",70,2
"2006-04-14 11:20:00",96500.2634408781,623849.893625789,NA,"N",20,2
"2021-03-15 04:41:00",180708.594016041,663808.489857604,1906,"S",10,2
"1998-12-06 12:00:00",144449.928540568,565649.546531474,1510,"NW",80,2
"2001-01-14 12:00:00",177459.300308265,786349.902301188,2720,"NW",40,2
"2019-12-02 05:30:00",144004.075156389,783724.573464248,3041,"N",15,1
"2019-01-10 15:00:00",214864.85583474,782031.131584511,2053,"SE",50,2
"2003-02-07 13:00:00",205329.513271381,781150.158806388,1570,"SE",100,2
"2008-01-23 11:00:00",181955.635168005,784867.929118795,2580,"W",30,3
"2015-01-01 11:15:00",147610.161521313,798529.255231044,2890,"S",20,2
"2021-01-15 11:00:00",183369.432710146,781822.999902365,1704,"NW",100,1
"2005-03-10 10:00:00",177600.106147581,807299.687264936,2700,NA,20,2
"2004-01-21 12:05:00",159876.510866801,729237.965570541,2780,"SE",82,3
"2020-12-14 11:00:00",148050.775977846,683559.823793364,2670,"E",100,2
"2016-02-16 07:00:00",189479.084441637,730657.777566849,2080.7,"SE",100,3
"2016-01-31 16:00:00",180700.39656272,663349.987435599,2300,"NE",100,3
"2017-12-29 09:00:00",192573.153072629,782380.43673082,2495.8,"E",40,3
"2007-12-21 08:45:00",187010.222018632,788949.983712488,2370,"W",40,2
"2010-12-19 10:30:00",181955.635168005,784867.929118795,2200,"NE",10,2
"2019-01-29 11:30:00",206077.871409708,749480.837542318,2271,"NE",20,3
"2020-12-13 15:00:00",104211.096410122,586749.365496296,2460,"NW",30,2
"2020-01-18 11:25:00",200862.244347403,716641.651128526,1810,"SE",35,1
"2009-01-18 13:00:00",153150.384352356,780299.989826589,2900,"E",20,1
"2017-01-15 09:00:00",192143.331199721,736092.281649621,2322.2,"S",90,3
"2021-02-08 07:00:00",160907.232955982,793241.626279849,2631,"N",100,3
"2003-02-11 09:00:00",181955.635168005,784867.929118795,2460,"SW",50,4
"2000-01-15 13:00:00",149649.277718855,602899.713357795,2260,"NW",25,2
"2005-12-16 16:10:00",181955.635168005,784867.929118795,1650,"E",25,1
"2006-02-18 12:45:00",112550.187299959,587549.212551058,1940,"N",120,2
"2018-03-04 12:32:00",121489.627934994,627319.560157187,2790,"NE",50,3
"2011-12-31 17:00:00",181774.341764771,785873.936337757,2500,"SE",50,3
"2009-03-07 08:30:00",168829.305641769,693989.951223235,2200,"SE",50,2
"2021-01-14 08:00:00",163065.137180709,730508.201982566,2062,"SE",60,3
"2021-01-28 11:00:00",231943.746302525,747377.546040089,1833,"SE",50,3
"2014-01-31 14:00:00",153150.384352356,780299.989826589,3020,"S",60,3
"2016-01-14 04:00:00",192804.438063584,730888.879053968,2983.4,"S",60,4
"2009-02-11 12:20:00",106540.605317548,591319.110061992,2240,"W",45,2
"2013-12-26 03:00:00",88304.9054473924,582140.010859569,2200,"NE",45,3
"2000-02-10 12:00:00",96499.3056742644,628299.399693659,3000,"SE",50,2
"2012-01-29 07:00:00",161456.592057665,764627.987918193,250,"NE",20,2
"2005-02-23 13:00:00",161800.108884281,636979.962275181,1800,"SW",104,2
"2021-03-21 11:00:00",119006.025939098,625498.576955674,2800,"NE",90,2
"2009-12-24 10:00:00",181955.635168005,784867.929118795,2400,"N",50,2
"2004-04-11 10:00:00",196600.196288303,773406.895594381,2100,"NW",25,3
"2022-02-03 07:50:00",98527.8730801545,622959.121854363,2855,"E",30,3
"1994-01-30 09:30:00",151940.053474505,773824.694381705,2655,"SW",40,2
"2018-04-06 13:20:00",104085.987165758,561102.46583241,2594.7,"NE",80,3
"2003-02-06 13:30:00",169848.841794291,684569.999531811,2050,"S",100,4
"2019-01-23 11:00:00",160101.385901487,771015.955831075,2378,"SW",150,2
"2010-04-07 08:10:00",190199.826793768,778700.013917306,2600,"N",50,3
"2020-02-03 11:00:00",106529.130147374,625070.700372226,2025,"SE",50,3
"2009-02-07 08:30:00",170659.440203678,701769.916179099,1900,"N",50,3
"2014-01-21 13:00:00",153150.384352356,780299.989826589,2960,"SE",30,1
"2022-04-27 10:00:00",171533.95170418,675628.738437697,3127,"NE",40,3
"2018-01-21 08:30:00",175542.020960497,706099.922696802,1900,"N",60,3
"2022-02-07 06:30:00",107438.614665267,564386.149624469,2351,"E",50,3
"2011-12-14 14:00:00",153150.384352356,780299.989826589,2870,"E",50,1
"2005-02-17 15:00:00",192291.928972129,822403.219405054,2680,"SW",40,3
"2019-04-27 08:30:00",94400.5426860395,622749.852002693,3561,"W",50,2
"2014-02-14 08:45:00",106900.455432253,604399.953247584,2920,"NE",100,4
"2013-01-06 08:00:00",181774.341764771,785873.936337757,2790,"SE",100,2
"2015-04-03 09:30:00",184680.291514416,783739.984925961,2200,"NE",70,3
"2006-02-26 14:58:00",94159.5377354998,627149.35424692,2690,"W",40,2
"2012-01-29 23:00:00",180700.39656272,663349.987435599,2360,"SE",100,3
"2015-01-05 11:40:00",205421.030362127,785288.762276397,2521,"N",40,3
"2008-11-26 13:00:00",157669.975014393,744924.918036235,2200,"S",50,2
"2016-01-21 08:00:00",193650.458673426,734092.06327204,2762.9,"S",20,1
"2022-04-07 06:30:00",105909.902008426,587712.792624157,2720,"E",10,2
"2018-12-24 07:00:00",215219.604684031,793187.002959592,2431,"SE",50,3
"2017-02-13 14:30:00",107907.843878346,585577.02507168,2400,"NW",60,2
"2013-02-11 13:00:00",159442.490173689,728337.965887459,1800,"N",30,1
"2017-02-04 14:00:00",134112.703462268,565231.043357464,1860,"N",30,2
"1998-12-31 11:00:00",184750.091772684,776749.957330648,2540,"E",10,2
"2009-04-29 11:00:00",153150.384352356,780299.989826589,3100,"NE",100,3
"2017-03-07 05:00:00",180028.054175547,803233.899736828,2700,"E",100,3
"2018-12-24 12:30:00",192508.081575898,736434.78170225,2336,"NE",30,2
"2022-02-17 07:30:00",105997.711202178,587718.770982982,2730,"E",30,2
"2018-03-19 23:00:00",163523.151953738,799935.420531825,2618.9,"N",40,5
"2012-04-25 08:45:00",224180.038876014,739440.072512621,2210,"NW",50,4
"2020-01-31 14:30:00",99120.2122360581,603029.190309989,2230,"E",100,3
"1997-01-11 11:00:00",93380.2191613247,598239.033761432,3800,"NW",50,3
"1999-02-15 12:31:00",184769.800825279,784300.018948531,1900,"NE",50,3
"2013-12-31 10:00:00",166005.866386219,791091.999517101,2700,"E",60,3
"2021-01-14 07:30:00",164540.721040628,731885.866357246,1941,"SE",60,4
"2005-12-11 11:35:00",136634.75424237,578339.456709446,2370,"SW",35,2
"2007-11-18 11:30:00",168679.229350257,693919.965940399,2140,"S",80,2
"2015-03-05 14:00:00",226219.381872504,744280.107506532,1740,"E",20,1
"1999-11-07 11:00:00",152089.463432678,678749.875114221,2930,"S",40,2
"2018-03-26 22:00:00",162975.278892004,796307.45229226,2464.7,"NW",50,2
"2006-04-04 11:00:00",96500.2634408781,623849.893625789,3095,"N",70,3
"2013-03-18 10:30:00",167400.003171626,788079.759101403,2960,"NW",20,1
"2016-01-15 08:00:00",192661.986528445,736892.410148929,2230.4,"E",60,2
"2021-12-12 11:00:00",96264.0531982041,594388.912076802,3183,"N",90,4
"2015-11-29 07:30:00",180700.39656272,663349.987435599,1700,"W",30,2
"2014-12-29 07:00:00",191717.428145452,781232.101836084,2472.3,"NE",30,2
"2008-12-14 03:30:00",176149.846416005,805009.857239256,2300,"SW",30,4
"2006-01-20 10:40:00",182659.253574279,647330.065118071,2020,"NE",60,4
"2018-04-06 17:30:00",89352.4818325394,578283.03351386,2620,"N",35,2
"2008-12-21 11:00:00",170659.440203678,701769.916179099,2100,"SE",150,3
"2019-02-16 00:00:00",228416.004990802,746607.961138397,1740,"SW",200,3
"2012-02-10 11:35:00",155880.191168613,667363.905492094,2530,"SE",40,2
"2019-11-18 09:00:00",165610.352262583,734441.80993553,1518,"W",25,1
"2015-02-10 13:30:00",207250.364414802,821750.780177827,2630,"SE",100,2
"2008-12-13 10:18:00",93645.115608515,626199.371455661,2700,"N",30,2
"2021-02-25 07:00:00",165997.022549694,735369.721934451,2302,"SW",35,2
"2021-01-24 08:25:00",178787.803368708,660841.506180428,2015,"S",20,2
"2017-03-08 07:00:00",191053.972757408,780845.403057482,2510.9,"NW",60,2
"2018-01-03 23:00:00",169957.35663753,796559.533771776,2318.9,"E",50,3
"2018-03-21 08:00:00",193565.991200032,734193.077895506,2750.2,"SW",20,3
"2008-01-19 11:00:00",170659.440203678,701769.916179099,2350,"S",80,3
"2010-12-21 11:30:00",141102.693479966,625012.718010991,2420,"SE",20,2
"2016-03-04 11:30:00",188659.89490955,782509.050511653,2217,"SE",20,2
"2002-12-19 09:00:00",143000.086016895,783149.554649091,3380,"E",20,2
"2017-03-02 06:30:00",104358.343635669,637089.274451307,2307.6,"W",15,2
"2013-12-30 12:45:00",178249.405289056,765126.893795291,2520,"SE",50,2
"2011-01-14 11:30:00",152998.932970305,679599.91205787,3000,"S",50,2
"2015-04-12 09:10:00",112389.598020957,605499.300966364,2980,"N",40,2
"2018-01-04 15:00:00",188289.488921191,808860.49957797,3007.7,"SW",100,4
"2017-03-07 09:30:00",159442.490173689,728337.965887459,2685,"E",75,2
"2022-02-12 11:00:00",181657.184648654,677334.456868731,1862,"N",30,1
"2003-01-15 14:17:00",156084.204700828,782474.697618951,2900,"S",30,2
"2017-02-13 11:00:00",151019.211298165,738449.861823625,2500,"NW",40,2
"1999-02-09 23:30:00",144079.692675273,682599.876825349,1900,"S",40,1
"2008-12-19 11:00:00",170659.440203678,701769.916179099,2100,"N",80,4
"2012-04-12 09:20:00",155378.671337732,744389.927975511,2916,"W",30,3
"2020-01-22 12:45:00",189352.961664973,787121.939399616,2041,"N",20,1
"2006-01-20 04:00:00",116350.52514537,647659.86415918,2160,"NE",40,3
"2004-03-08 13:00:00",181955.635168005,784867.929118795,2590,"SW",110,2
"2013-11-26 11:00:00",181774.341764771,785873.936337757,2150,"SE",30,2
"2022-02-03 07:10:00",225694.080270451,744126.151261509,1910,"NE",50,2
"2017-01-22 10:30:00",184640.673307824,661344.991895162,2100,"NE",20,2
"2012-12-05 09:45:00",170638.127397817,775732.98003321,1750,"SE",40,2
"2021-01-14 10:50:00",165443.461335176,733490.054318909,1373,"E",55,2
"2012-02-15 04:00:00",164589.982688948,793350.038912627,2600,"E",20,3
"2016-02-24 23:00:00",104110.603312877,561077.716635361,2581.8,"E",40,3
"2012-01-15 11:00:00",168999.885705371,588199.968894961,1900,"NW",40,3
"2012-02-22 17:00:00",170659.440203678,701769.916179099,1800,"SE",180,3
"2012-02-04 01:00:00",189830.274142592,736719.957127877,1985,"E",150,2
"2017-12-13 15:00:00",100335.126750475,567109.970851745,1894.1,"N",40,3
"2012-05-17 08:15:00",172220.873113715,782991.808628668,2970,"N",20,2
"2016-05-05 14:00:00",216766.025909805,793641.429008013,2520,"NE",90,4
"2020-03-03 04:00:00",198606.663953661,714425.066310471,2421,"NE",50,3
"2009-02-07 01:00:00",141017.630077862,711050.915047623,2100,"SW",60,3
"2013-01-19 12:45:00",198029.354067765,694365.01203386,1900,"W",30,1
"2017-02-05 09:30:00",150828.739564087,690389.911353299,2090,"NE",20,2
"2017-12-13 10:35:00",180227.030439693,785615.462556298,2611.2,"NW",70,2
"2021-01-23 11:00:00",148755.917667984,784909.24995315,2694,"N",100,3
"2019-02-06 07:00:00",165992.807264492,792320.303864471,2357,"S",100,2
"2021-12-29 17:20:00",198285.939519835,715093.938856762,2627,"E",140,4
"2019-01-14 10:45:00",132220.149591485,603729.540459932,2390,"SE",80,3
"2014-12-31 08:50:00",195011.176620913,716973.98769573,110,"S",60,3
"2013-04-02 15:10:00",146040.161874786,764389.952556399,2280,"N",35,2
"2021-12-11 08:00:00",106053.268451803,587731.488041038,2721,"E",10,2
"2022-02-02 05:54:00",180708.350214442,663785.578258009,1921,"S",15,2
"2012-03-06 01:00:00",170638.127397817,775732.98003321,2100,"E",50,2
"2019-02-02 11:00:00",143417.711509855,771370.080998142,2702,"S",100,2
"2021-01-28 23:00:00",98933.0859762588,564205.6319338,2242,"NE",80,3
"2020-03-07 09:00:00",150289.382579189,721039.869229695,2510,"W",30,2
"2022-02-22 11:00:00",224539.758637854,739557.255236101,1980,"NE",40,2
"2020-01-29 19:20:00",98712.1794575765,624607.448335494,1941,"E",20,1
"2013-02-14 07:00:00",174049.567599563,600099.945466304,1600,"W",80,2
"2021-04-16 10:00:00",79465.3153416563,579500.634376944,2538,"N",10,2
"2019-01-15 01:30:00",175542.020960497,706099.922696802,2100,"N",80,3
"1997-12-17 11:10:00",183249.333874568,790899.978605861,2210,"SW",50,2
"2010-01-17 05:35:00",180399.58616612,675399.955076079,2450,"NE",20,2
"2021-02-08 07:00:00",168991.831003946,800657.363517696,2509,"N",80,4
"2015-02-03 09:00:00",111099.909397957,611699.399911253,2780,"NE",30,1
"2005-02-08 11:45:00",161489.100032766,734074.88588073,1940,"N",60,2
"2016-03-06 08:00:00",192814.428153779,731091.115047029,2941,"S",30,3
"2005-03-10 10:30:00",102669.217546191,634359.529090152,3290,"NE",30,2
"2021-04-14 10:00:00",91397.1971333212,618242.278749152,3111,"E",50,2
"2013-03-30 10:00:00",159479.358566095,674299.929963185,2880,"SE",70,2
"2020-12-07 07:30:00",105879.847382863,587732.294987285,2723,"NE",30,1
"2020-04-27 10:00:00",97962.1231630678,620158.354019687,2895,"NE",50,3
"2017-02-12 09:00:00",133697.845328213,659510.897853332,2350,"N",50,2
"2017-11-15 08:00:00",174140.720060537,765346.527466809,2594.1,"SE",50,3
"2021-01-17 02:00:00",100696.149110997,623957.295779691,2905,"NE",100,2
"2013-12-02 12:25:00",187859.62409499,684479.993512092,2280,"NE",40,1
"2009-02-09 11:00:00",165530.08562826,688539.925506556,1755,"NW",150,3
"2011-02-22 09:00:00",181955.635168005,784867.929118795,2480,"NE",20,2
"2021-01-31 07:30:00",105075.058746355,587704.981380478,2981,"E",200,5
"2013-04-13 08:00:00",171669.375059552,786069.866988219,2910,"N",100,2
"2008-01-07 09:50:00",181955.635168005,784867.929118795,2180,"NE",60,2
"2019-01-14 11:00:00",200260.04535904,754480.049680257,1100,"SE",150,3
"2018-12-24 09:30:00",129708.084137398,601842.934988081,2500,"E",50,2
"2018-01-09 07:00:00",140098.094282919,637537.195183043,3507.7,"S",150,5
"2007-12-12 09:50:00",131000.038964006,643799.915674833,2840,"SE",40,4
"2017-03-10 16:30:00",190721.614091661,781035.402205842,2623.6,"NE",80,3
"2021-12-04 08:00:00",104937.475724893,587576.55076295,2960,"SW",30,2
"2022-02-02 23:00:00",192279.219733569,779910.755677964,2257,"E",80,2
"2009-10-22 11:00:00",181955.635168005,784867.929118795,2610,"E",50,2
"2020-03-07 11:00:00",147839.514571073,677569.896356771,1950,"SE",10,2
"1994-03-05 10:45:00",175799.92375683,782189.875257986,2780,"W",20,3
"2022-02-03 08:56:00",100151.186775399,623030.402794694,3269,"SE",40,3
"2019-02-13 17:00:00",228416.004990802,746607.961138397,1740,"SE",290,3
"2021-02-10 11:00:00",120864.648070237,643771.486372151,1932,"SE",20,2
"1998-11-29 12:00:00",162099.447469045,741679.862472524,2000,"NW",20,2
"2013-03-19 08:00:00",181774.341764771,785873.936337757,2400,"NE",20,3
"2004-03-11 11:00:00",152290.325699374,795773.052946369,2750,"S",50,3
"2021-03-15 19:45:00",100978.069762671,624126.212026711,2702,"E",60,4
"2008-03-23 10:00:00",181955.635168005,784867.929118795,2250,"NE",20,2
"2021-01-29 12:30:00",132814.269890049,604477.068562649,2358,"N",200,4
"2000-12-30 13:30:00",168845.129398083,826479.466861528,2740,"SE",50,2
"2021-12-15 12:30:00",165157.202665922,734116.942993424,1346,"NW",25,2
"2021-01-10 13:00:00",156042.087546927,788892.010334399,2329,"NW",30,2
"2022-02-23 09:00:00",165081.176005864,790202.411080181,2678,"E",100,3
"2015-03-06 11:00:00",192834.821632309,782899.91182548,2195.9,"N",40,2
"2014-02-01 08:00:00",153150.384352356,780299.989826589,2800,"NW",30,2
"2019-01-11 15:00:00",166962.556822334,791830.027922582,2832,"SE",70,3
"2006-02-19 14:00:00",132499.746347789,567200.046930197,2200,"N",40,4
"2019-02-04 11:00:00",97000.7054918714,568884.945719289,2655,"W",80,3
"2003-02-09 10:30:00",199940.188974557,717930.01807907,2390,"NE",100,3
"2006-02-20 10:15:00",191740.10720618,779180.001979731,2145,"SW",30,2
"2017-02-24 06:00:00",134299.06955831,639373.793411326,2398.8,"E",30,3
"2003-12-29 12:10:00",174444.685176281,727304.919206465,2230,"N",50,2
"2009-03-08 12:00:00",103700.069665918,564380.077527068,2200,"E",30,2
"2003-02-07 11:00:00",170588.534523666,776732.942616185,2500,"NE",40,4
"2002-12-26 15:30:00",170659.440203678,701769.916179099,2250,"NW",50,4
"2009-12-23 10:35:00",105789.644908188,586259.094904431,2480,"NW",80,3
"2021-01-31 07:45:00",107412.075976733,564362.10479447,2377,"E",50,3
"2016-02-19 11:00:00",132499.746347789,567200.046930197,2000,"SE",30,3
"2018-03-22 11:00:00",165099.525149366,737224.923637837,2860,"E",20,2
"2008-12-26 09:00:00",229600.190335117,745149.962013332,1860,"SE",15,1
"2003-02-04 13:00:00",184134.708266611,784009.997053552,2380,"NE",45,2
"2015-02-11 08:30:00",189830.274142592,736719.957127877,2060,"E",80,3
"2021-01-29 12:40:00",133647.902083363,604330.213157385,2569,"SE",200,4
"2013-02-09 12:00:00",189830.274142592,736719.957127877,2300,"SW",30,3
"2015-01-01 11:00:00",192657.065094185,782360.253868748,2456.3,"NE",60,4
"2015-01-12 12:30:00",141276.017098137,642501.900080646,3000,"SE",20,2
"2007-01-06 11:00:00",164589.982688948,793350.038912627,2600,"NE",40,3
"2018-03-24 11:00:00",91574.7719206004,596099.016764492,3320,"S",30,2
"2021-02-08 05:10:00",173188.533453957,798082.690384601,2628,"SE",40,3
"2009-03-16 09:42:00",181955.635168005,784867.929118795,2600,"NW",50,2
"2021-01-13 20:10:00",105060.734938967,624829.272967609,2442,"NE",30,3
"2019-02-02 07:00:00",166174.574158497,791430.18539652,2757,"S",50,4
"2017-11-26 07:00:00",216535.617201436,792676.494408705,2168,"NW",15,3
"2017-12-28 07:00:00",195011.176620913,716973.98769573,2350,"S",60,3
"2019-12-28 03:00:00",163276.624512465,730005.512178444,2248,"SE",30,2
"2016-01-02 16:30:00",89352.4818325394,578283.03351386,2465,"NE",30,1
"2004-01-17 07:00:00",135463.881695785,566716.003430496,2030,"SE",30,3
"2020-03-06 06:30:00",192813.918541485,731169.2867688,2923,"SE",15,2
"2019-02-15 11:00:00",178921.974119841,786174.887551283,2710,"N",30,2
"2007-04-01 06:00:00",192509.689206168,728319.97152693,1800,"NE",20,2
"2006-02-19 11:00:00",93899.6272191819,627199.402829239,2820,"NW",50,2
"2012-01-27 09:40:00",163999.074086511,688079.971489098,1800,"NW",100,2
"2014-12-31 14:00:00",178228.087118459,807317.742329038,2905.8,"SW",40,2
"2022-04-01 06:35:00",182242.654579572,672589.103887713,1935,"N",20,2
"2011-01-30 11:00:00",170588.534523666,776732.942616185,2840,"E",20,2
"2020-12-10 09:00:00",169194.966330518,733682.289826577,1102,"SE",45,2
"2011-02-06 11:00:00",161910.972400757,625839.936700209,1880,"N",20,2
"2020-03-08 09:00:00",142339.729428454,624409.763046256,2920,"S",40,2
"2018-03-14 11:00:00",159549.522693439,674399.93944776,2850,"SE",40,2
"2020-01-30 11:00:00",224872.506976663,737803.081516583,1796,"NE",40,1
"2016-03-01 07:00:00",193370.473109984,734498.420664995,2730,"S",40,2
"2019-12-27 12:35:00",98421.350034928,624159.572555793,2002,"SE",30,2
"2010-04-02 10:00:00",181955.635168005,784867.929118795,2420,"NW",35,4
"2014-02-22 13:30:00",190079.388833954,795879.818276987,2750,"SW",40,1
"2021-12-11 17:20:00",165423.421898619,734088.017839634,1265,"W",20,1
"2019-04-09 07:00:00",129708.084137398,601842.934988081,2100,"SE",70,2
"2018-02-19 09:50:00",189369.673762201,781125.026359238,2575,"S",30,2
"2022-02-22 11:00:00",225130.375679436,744268.758076217,2000,"E",40,3
"2012-01-04 03:00:00",148749.428211008,663349.943717179,2200,"E",100,4
"2017-02-13 09:43:00",176369.254002199,782039.92681576,2750,"NW",50,3
"2021-12-17 15:10:00",92128.6838296388,621006.928242189,2774,"N",80,2
"2016-01-08 07:00:00",188807.173637492,780729.449746013,2581.1,"NE",40,2
"2013-12-30 11:46:00",184366.758043974,788359.978684761,2400,"NE",50,3
"2012-12-15 12:00:00",153150.384352356,780299.989826589,3000,"E",50,3
"2021-02-08 05:10:00",173288.570597318,798753.028573166,2490,"S",40,2
"2003-02-09 12:00:00",185199.377666367,790000.017898215,2280,"S",60,3
"2020-12-06 06:00:00",165982.887815038,733746.158623339,1320,"E",40,2
"2017-03-10 07:00:00",192454.828037587,730256.951797594,2902,"SE",40,3
"2021-12-28 07:30:00",105940.996466464,587728.553138676,2724,"E",20,2
"2018-03-19 23:00:00",167795.204064258,800363.299019181,2568.8,"NW",30,3
"2015-08-29 10:30:00",100399.687396602,635799.510168404,3500,"N",20,2
"2018-12-08 23:00:00",103627.123865798,561583.625001482,2350,"E",50,2
"2010-02-26 11:00:00",202900.113486371,764549.91265888,2200,"NW",60,3
"2016-01-14 07:30:00",190933.889894259,782457.534352486,2146.2,"NE",100,1
"2018-03-03 10:30:00",181774.341764771,785873.936337757,2150,"E",10,1
"2017-12-02 23:00:00",216380.12253,792339.543358693,2162,"NW",35,3
"2004-12-31 12:00:00",147698.921742892,731194.870569899,2595,"E",40,3
"2015-02-10 10:30:00",197980.204911465,814286.430730087,2462,"E",50,2
"2015-04-03 10:00:00",172480.477220892,819868.739599291,2957.8,"S",50,2
"2016-02-07 05:30:00",180700.39656272,663349.987435599,1700,"W",50,2
"2001-02-24 11:00:00",214650.025613458,737585.037665916,2020,"N",80,2
"2021-01-17 11:00:00",223882.920794316,729187.437472716,1020,"S",10,1
"2021-12-31 13:00:00",158926.08559232,791110.902845581,2438,"N",40,1
"2006-01-20 04:00:00",116350.52514537,647659.86415918,2300,"N",40,3
"2011-03-20 11:30:00",180398.834248842,671900.043349264,2200,"NW",20,2
"2015-01-13 07:00:00",189681.672328361,780002.275015496,2731.8,"E",30,2
"2010-02-07 13:00:00",150764.986788999,666749.925277723,2350,"SE",30,3
"2017-01-18 07:00:00",190907.100479142,778213.011636029,2302.9,"NW",80,2
"2018-04-09 10:00:00",158934.259528628,791472.642413731,2420.4,"N",30,2
"2020-01-11 23:00:00",162100.754116923,735664.486136592,2280,"W",40,2
"2015-01-05 11:20:00",116458.868638389,573432.126749432,2695,"NE",50,3
"2021-03-10 10:20:00",135004.555430887,604914.113299345,2816,"SW",25,2
"2010-01-04 13:00:00",202900.113486371,764549.91265888,2050,"SE",70,2
"2011-03-01 06:00:00",202900.113486371,764549.91265888,2900,"E",25,3
"2010-02-06 12:50:00",170699.67218891,651280.004034794,2060,"N",90,2
"2007-12-05 12:00:00",196600.196288303,773406.895594381,2020,"N",50,2
"2008-12-24 13:00:00",170659.440203678,701769.916179099,1500,"S",40,2
"2011-03-24 13:15:00",129817.93450022,599245.986170505,2700,"NW",20,3
"2022-02-23 09:05:00",99462.1640388536,623087.195461322,3054,"SE",50,3
"2013-01-30 10:40:00",109889.302129696,611099.361526591,2550,"W",25,2
"2013-03-01 08:00:00",170638.127397817,775732.98003321,2850,"N",50,3
"2022-02-03 11:01:00",146398.628373558,604459.475835888,2119,"NE",50,3
"2015-03-06 07:00:00",192422.049558521,782494.908768914,2493.3,"N",25,2
"2021-03-20 15:30:00",93855.1471193173,619334.29961806,2460,"N",40,2
"2003-02-09 11:00:00",181891.946662171,719121.951469586,2740,"NE",150,4
"2004-02-11 11:15:00",183279.7447349,770729.91945501,2500,"W",50,2
"2014-12-30 11:00:00",141276.017098137,642501.900080646,2900,"SE",50,2
"2006-12-11 09:40:00",189659.446573166,780630.046507564,2650,"NE",50,3
"2016-03-28 14:00:00",211234.420149366,783045.673449298,2070,"N",12,3
"2008-12-13 13:10:00",96500.2634408781,623849.893625789,NA,"W",50,3
"2011-02-18 15:00:00",145840.359371212,792699.451250151,2250,"NW",30,2
"2016-12-26 11:00:00",148699.833335864,776099.666919598,2410,"N",40,2
"2018-03-31 11:40:00",153114.158756397,700864.379419862,2654.1,"SW",50,4
"2003-02-25 14:10:00",183479.602090225,662275.001035596,1800,"NW",30,3
"2022-02-05 08:30:00",192258.024792748,779575.702310302,2196,"NW",70,3
"2021-01-31 10:20:00",104429.370975073,636333.309796751,2212,"NE",40,2
"2005-12-30 13:30:00",186299.613630713,814399.925296155,2200,"E",30,1
"2006-01-23 14:00:00",205750.46459744,822400.587348885,2310,"NE",40,2
"2014-02-22 07:00:00",186299.613630713,814399.925296155,2840,"NE",100,3
"2018-12-18 13:00:00",82059.9747777585,576448.562232835,2300,"NW",20,2
"2022-02-17 11:00:00",104410.136697726,601759.779929678,2865,"S",50,3
"2003-02-09 15:00:00",181955.635168005,784867.929118795,2590,"W",10,2
"2019-01-04 15:20:00",143139.666574158,612099.711577449,2580,"E",30,2
"2021-01-08 12:00:00",149822.278038938,729997.063051345,2842,"SE",25,1
"2022-04-28 10:00:00",159720.404497838,659258.698118826,3159,"N",50,2
"2014-12-20 11:00:00",181774.341764771,785873.936337757,2980,"NE",20,2
"2016-12-27 13:00:00",164085.3431466,704112.916098469,2420,"NE",50,2
"2019-02-04 08:30:00",189364.620997565,733929.529240542,2344,"E",30,1
"2019-11-15 11:00:00",222458.609023996,746882.312564681,2261,"N",30,1
"2016-03-08 12:00:00",192137.375000804,781216.77957866,2417.1,"NW",30,2
"2015-03-22 15:00:00",156772.896585556,758007.203834319,2549.8,"W",20,2
"2008-01-04 09:00:00",177399.751445686,761699.935200362,2200,"NW",20,3
"2022-02-20 14:00:00",105407.322777241,590904.596038021,2507,"NE",40,3
"2012-02-16 14:10:00",132667.197334972,603991.55646604,2450,"SW",80,2
"2003-02-24 10:35:00",144699.376058077,763749.685598264,2730,"E",80,3
"2008-01-13 10:00:00",190079.380617897,782410.029931349,2240,"E",80,3
"2004-03-02 15:10:00",146040.161874786,764389.952556399,2480,"W",50,2
"2005-03-21 17:35:00",156450.0556447,634624.963960638,2400,"N",30,4
"2016-02-12 23:00:00",98989.8952925081,564186.458529636,2202.8,"NE",80,3
"2015-04-30 02:00:00",165553.340949315,768750.021695724,2744.7,"N",30,2
"2017-12-24 11:10:00",196577.480762163,772737.920928768,2420,"W",40,2
"2021-01-28 11:30:00",226026.886263483,742244.8910752,1790,"W",50,2
"2008-01-01 11:30:00",164299.479108717,602085.972353455,2290,"N",15,1
"2006-01-02 12:30:00",88304.9054473924,582140.010859569,2300,"SW",40,3
"2022-02-23 15:00:00",97712.0023228933,592823.228695723,2544,"SW",50,2
"2012-02-21 17:00:00",170659.440203678,701769.916179099,2000,"SE",80,3
"2018-01-12 22:00:00",155341.709710156,633840.960138737,2328,"SE",150,2
"2007-12-25 12:00:00",180700.39656272,663349.987435599,1900,"SE",100,3
"2017-01-06 11:00:00",191108.821266612,781481.078645471,2323.6,"NE",30,2
"2021-12-12 11:00:00",162723.965178042,796104.785761709,2553,"W",40,3
"2010-04-03 09:15:00",164499.652087316,733349.903885131,2400,"NW",45,3
"2015-03-04 04:00:00",204309.597373629,787025.956740497,2059,"NE",150,3
"2019-02-03 14:00:00",164699.896088512,824963.416386157,2500,"N",100,3
"2019-04-04 22:00:00",175008.256232798,766995.660857615,2316,"NE",50,2
"2006-01-21 23:00:00",156450.0556447,634624.963960638,2200,"E",30,4
"1997-10-26 09:00:00",146539.206663823,622299.763425191,3420,"N",100,2
"2022-02-03 12:00:00",218319.875254933,764262.743473582,1826,"E",70,2
"2018-01-22 21:50:00",175270.066360075,800139.822578766,2750,"SE",100,4
"2018-01-23 07:00:00",166120.716929257,791729.173180243,2615.4,"SE",80,4
"2012-12-31 09:45:00",186513.410436452,767129.961163348,2260,"E",40,2
"2020-01-18 15:25:00",225241.687795982,744273.035946642,1977,"NE",30,2
"1998-02-08 12:30:00",154299.870811815,601149.79601843,1950,"E",20,1
"2016-01-14 07:30:00",190863.306376255,780792.713973522,2526.7,"NW",60,3
"2008-11-26 16:00:00",181955.635168005,784867.929118795,1800,"SE",80,2
"2010-02-26 11:00:00",196600.196288303,773406.895594381,2340,"NE",50,3
"2002-12-30 09:00:00",189229.959690354,780844.91640968,2550,"NE",30,3
"2008-04-16 06:00:00",181955.635168005,784867.929118795,2520,"E",20,1
"2020-12-06 19:00:00",163740.593282838,732260.888334874,1583,"SE",50,2
"2021-11-29 14:10:00",163487.253801724,732016.272226749,1593,"S",20,2
"2010-03-02 09:00:00",164499.652087316,733349.903885131,2295,"N",20,2
"2020-03-06 06:30:00",192845.292318322,730977.27787488,3025,"SE",10,2
"2020-12-31 07:30:00",106508.698136274,586844.101836148,2472,"NW",30,2
"2020-12-18 07:00:00",104107.936716106,586647.269976844,2460,"NW",30,1
"2022-02-22 12:50:00",160096.503513344,704966.771249269,2183,"W",30,2
"2018-03-31 06:30:00",175542.020960497,706099.922696802,2000,"N",80,4
"2021-01-15 07:00:00",164349.891231156,797186.322079138,2390,"NE",70,2
"2004-02-06 09:00:00",115618.260318966,612545.976532877,2800,"W",100,4
"2016-03-26 11:00:00",192617.515268132,730629.428098989,2976.3,"S",20,3
"2021-01-28 03:00:00",132425.198174736,604485.051224637,2280,"SE",50,2
"2017-03-09 10:25:00",108821.951790727,565857.262838271,2184,"NE",150,3
"2006-01-04 11:30:00",170588.534523666,776732.942616185,2790,"NE",50,3
"2021-02-12 11:00:00",224584.405978873,743766.176376937,2025,"S",40,1
"2012-04-24 10:00:00",170638.127397817,775732.98003321,2300,"NW",30,4
"2007-03-24 14:30:00",181955.635168005,784867.929118795,2020,"N",30,1
"2007-11-12 11:00:00",181955.635168005,784867.929118795,2060,"SE",100,2
"2012-01-03 14:00:00",170659.440203678,701769.916179099,1480,"S",50,1
"2016-02-03 15:00:00",103213.727626776,561385.195268991,2539.1,"NE",50,3
"2017-12-28 12:30:00",81640.1581149133,580398.62297469,2110,"E",40,1
"2013-02-07 15:00:00",115879.88959691,577484.12319025,2100,"E",35,2
"2020-01-29 14:25:00",162979.387998244,730655.669317286,1992,"SE",35,1
"2018-03-08 07:26:00",128410.594714676,555179.235345122,1570,"NE",50,2
"2022-02-03 06:00:00",158719.659504264,729061.142609601,2297,"N",50,2
"2022-02-02 11:00:00",198612.23750523,715293.317571045,2239,"NE",220,4
"2006-02-12 12:10:00",181955.635168005,784867.929118795,2480,"NE",50,3
"2014-02-11 15:00:00",180700.39656272,663349.987435599,2140,"NW",20,2
"2014-03-24 10:00:00",196577.480762163,772737.920928768,2300,"NE",30,2
"2016-01-14 07:30:00",191088.90626317,782361.919095599,2122.3,"NE",80,1
"2019-03-15 01:00:00",104993.166094534,561617.969611299,2526,"S",100,4
"1998-01-26 11:30:00",178399.559936561,764074.962575193,2420,"W",100,3
"2016-01-17 11:00:00",190735.953232732,781031.457707648,2617,"NE",60,3
"2003-02-08 11:00:00",199940.188974557,717930.01807907,2350,"N",80,3
"2022-02-03 02:00:00",148449.227238195,773442.363049406,2088,"N",30,3
"2012-12-08 13:40:00",88304.9054473924,582140.010859569,2000,"E",80,2
"2005-02-16 11:00:00",164470.486243753,791704.057693465,2950,"SE",100,4
"2021-01-15 07:00:00",165279.234496052,790134.822187819,2736,"E",51,3
"2021-01-20 23:22:00",98389.7182710526,623461.884973869,2200,"NE",20,2
"2008-03-29 10:30:00",144649.921335577,604349.957967752,2371,"NE",150,4
"2017-04-22 08:34:00",192720.485273267,802275.267286371,3050,"W",40,2
"2021-01-23 11:00:00",79498.5086308285,579547.344626022,2535,"N",80,2
"2022-02-04 11:00:00",80703.2569000761,581741.081022621,2721,"W",60,3
"2013-01-03 12:00:00",229600.190335117,745149.962013332,2120,"E",40,3
"2019-12-28 10:10:00",99207.6646207975,623397.810241416,2704,"SE",80,2
"2011-02-26 09:00:00",154486.340746026,780085.991327467,3000,"S",30,2
"2021-12-05 11:00:00",79232.5471239891,579297.914067904,2694,"N",50,2
"2018-01-10 07:00:00",192959.932567212,730931.45557388,2981.8,"NE",25,2
"2008-10-07 11:00:00",181955.635168005,784867.929118795,2710,"N",30,2
"2019-02-02 13:39:00",160759.396329694,603349.886216501,1750,"NW",60,2
"2004-01-17 12:10:00",106000.431098602,586449.098908379,2650,"SW",70,4
"2017-12-30 15:15:00",98930.5564291556,564257.486766574,2195.2,"NE",150,3
"2020-03-03 09:00:00",115141.115042227,552048.946490964,2150,"SE",30,2
"2018-01-28 13:30:00",144309.353416082,760369.968708529,2238,"S",70,1
"2004-03-16 15:15:00",144749.405236182,784349.52446783,2720,"NW",50,2
"2021-03-27 13:50:00",133915.965480088,605854.005898118,2697,"S",50,3
"2010-01-27 10:05:00",147000.132004286,588199.988372215,2180,"SW",20,2
"2013-01-14 11:00:00",186513.410436452,767129.961163348,2400,"E",100,2
"2012-02-18 11:45:00",181774.341764771,785873.936337757,2280,"SE",40,2
"2021-01-30 07:00:00",202019.903352288,717612.911050031,2061,"SE",40,2
"2021-11-29 11:43:00",147188.071852056,678687.912226497,2100,"N",40,1
"2010-02-25 12:00:00",108600.832864397,564298.924136937,2580,"NW",30,2
"2021-12-12 13:00:00",206456.765615347,726013.003815349,586,"S",30,1
"2022-02-22 16:00:00",202181.533479966,718140.109383984,1942,"NE",50,1
"2010-02-27 08:30:00",170659.440203678,701769.916179099,2360,"N",100,4
"2019-01-22 23:00:00",165962.743922661,792353.991389731,2337,"S",90,1
"2014-02-23 14:00:00",97500.4422534146,577250.067785895,2300,"N",150,3
"2021-12-10 16:01:00",148236.625545959,608113.159658868,1453,"S",60,2
"2018-01-04 15:00:00",186316.223565717,808063.861030186,2387.9,"SE",100,3
"2019-10-26 10:40:00",99776.8821062746,634990.483308637,3728,"N",80,3
"2008-12-21 13:00:00",148749.428211008,663349.943717179,2100,"NW",180,4
"2022-02-06 09:35:00",225138.231953956,740415.456407844,1740,"E",20,1
"2018-04-01 05:15:00",144309.353416082,760369.968708529,2690,"NE",90,3
"2009-03-04 04:15:00",180700.39656272,663349.987435599,1730,"NW",10,2
"2010-01-21 10:00:00",132499.746347789,567200.046930197,2000,"E",25,2
"2021-01-29 07:30:00",104125.685110868,586664.558086491,2461,"NW",20,2
"2021-01-28 11:00:00",231244.680723991,746676.933426336,1634,"S",40,3
"2021-01-24 07:30:00",105776.356823233,587784.435360575,2746,"N",30,2
"2004-03-30 10:15:00",180419.439241945,677479.982417095,2580,"N",25,2
"2022-02-04 13:00:00",164604.23798937,796802.339296866,2313,"NW",60,3
"2019-12-25 13:00:00",166223.542271732,733066.768487379,1652,"E",20,2
"2007-03-04 09:00:00",192550.553028835,798500.033915948,2200,"E",100,3
"2019-02-01 18:00:00",99986.2448804525,567487.199275457,2167,"N",70,4
"2012-12-24 11:00:00",177271.03631922,756259.924051463,2520,"E",50,3
"2009-01-23 09:00:00",181955.635168005,784867.929118795,2220,"N",40,2
"2005-02-06 09:50:00",177299.833422016,781074.873956161,2380,"W",40,3
"2021-12-09 11:00:00",175128.491788045,782821.702018473,2790,"NW",50,3
"2022-01-08 07:30:00",105883.164580968,587741.039635603,2712,"NE",15,2
"2012-03-25 08:00:00",188914.507534475,790602.019207949,2580,"NE",40,2
"2007-12-23 16:00:00",129817.93450022,599245.986170505,2000,"E",80,3
"2022-01-30 11:00:00",162358.856641206,737674.97643914,2649,"E",40,2
"2003-12-23 11:00:00",181955.635168005,784867.929118795,2200,"SW",15,2
"2021-05-14 07:00:00",185400.277302676,712644.995814617,3570,"W",40,3
"2013-02-04 14:00:00",193125.001600448,782860.062469183,2040,"N",80,2
"2003-02-07 14:00:00",146673.012680672,658421.879762041,2000,"SW",200,3
"2022-02-22 22:00:00",179763.730323273,661694.83642123,2307,"S",100,3
"2022-02-02 11:00:00",160782.912767519,731401.053215902,2094,"W",45,2
"2021-03-16 11:00:00",134744.518568119,567758.611864459,1718,"E",20,2
"2022-02-07 13:55:00",182510.059308166,674895.08539309,2416,"N",50,3
"2010-02-07 11:00:00",158355.957191885,765754.940525339,2700,"E",50,3
"2021-01-30 10:00:00",225405.108276868,744133.154823465,1980,"NE",60,3
"2021-12-11 06:55:00",165624.667628109,734137.147341376,1260,"SW",25,2
"2018-12-24 12:30:00",192149.494390423,736265.264161952,2310,"S",20,1
"2020-01-20 11:00:00",193799.845033923,730542.150167226,2536,"N",60,2
"2015-02-22 12:00:00",164589.982688948,793350.038912627,2560,"W",30,3
"2019-01-07 11:30:00",206058.944546377,749302.333391092,2403,"NE",30,1
"2004-01-07 11:00:00",170659.440203678,701769.916179099,1999,"SW",80,3
"2006-01-21 14:45:00",214917.146646161,736289.029244335,2000,"NW",23,2
"2018-01-04 17:20:00",195011.176620913,716973.98769573,2400,"N",70,4
"2016-01-31 23:00:00",192967.461434359,735216.804298418,2631.2,"E",50,3
"2016-01-14 04:00:00",192800.094236099,731299.375051996,2855.5,"S",40,3
"2003-01-17 14:30:00",170659.440203678,701769.916179099,1900,"NW",100,3
"2005-02-25 15:00:00",105599.394102287,593699.126974794,3060,"NW",50,2
"2016-01-24 11:30:00",160574.634964744,625289.869955386,2400,"NW",80,4
"2016-01-04 08:00:00",193627.769709307,734022.426303733,2745.4,"S",45,3
"2018-03-09 12:30:00",129899.646581793,648899.741452441,2480,"SE",30,2
"2007-03-02 11:00:00",181955.635168005,784867.929118795,2520,"NE",50,4
"2022-02-23 12:00:00",233167.443921579,742563.480635755,1884,"E",30,2
"2016-04-16 10:00:00",184908.932527356,714409.964134947,2640,"E",40,1
"2010-12-11 11:45:00",142024.917837685,624079.739372431,2900,"SE",60,2
"2021-03-17 11:20:00",184459.926199928,784060.965549822,2190,"NE",80,3
"2014-12-12 15:00:00",153387.305332401,781853.339702452,2620,"E",20,1
"2017-02-06 11:00:00",145759.60415053,762244.745144138,2080,"E",30,2
"2020-01-30 07:16:00",135760.400982134,638777.622438092,2696,"E",60,3
"2018-01-18 23:00:00",170179.167506968,801270.996449776,2349.2,"W",40,2
"2006-02-21 14:50:00",86650.8308089174,574893.66808315,2060,"N",80,3
"2010-02-12 11:00:00",202900.113486371,764549.91265888,2300,"S",70,3
"2020-12-12 13:15:00",181161.747757053,785594.527964114,2571,"E",60,2
"2016-11-29 11:00:00",146538.321954163,799214.318602381,2475.1,"SW",100,2
"2021-12-11 05:30:00",180697.071574318,663770.42209004,1921,"S",15,1
"2021-12-10 15:00:00",163712.756579109,732662.637946618,1370,"SE",25,1
"2019-01-07 11:30:00",206542.050999239,749454.369787193,2187,"SE",30,1
"2022-02-02 12:00:00",161101.639717497,732245.000181548,2239,"NW",45,2
"2004-02-21 10:00:00",86200.9721092606,573498.649469373,1700,"NW",30,3
"2019-01-15 07:00:00",178497.240235751,758279.263403056,2403,"SE",100,3
"2019-01-29 11:30:00",205316.394331829,749447.860287391,2423,"E",30,2
"2020-01-30 08:30:00",105499.780744431,586629.084428147,2600,"SW",40,3
"2015-02-28 12:55:00",193605.585374461,679295.025257558,1800,"NE",30,2
"2018-03-03 06:30:00",174079.275312619,703063.854265066,2497.1,"S",12,2
"2021-01-23 07:30:00",105775.196944256,587808.25000396,2744,"N",15,2
"2021-01-16 10:00:00",132959.071356904,604854.169677601,2110,"E",50,2
"2022-02-03 08:51:00",98605.5434098121,622920.119000052,2886,"E",30,3
"2010-02-21 09:48:00",182671.67439402,777095.962442343,2460,"NE",40,2
"2008-12-20 10:10:00",96500.2634408781,623849.893625789,3040,"SW",20,2
"2021-03-12 09:00:00",134203.792704584,604422.179136944,2787,"NE",30,3
"2012-02-17 09:00:00",181774.341764771,785873.936337757,2070,"SW",40,3
"2009-02-15 11:10:00",88304.9054473924,582140.010859569,2100,"W",40,3
"2002-04-28 11:25:00",174500.244100711,792249.869988571,3050,"N",130,4
"2021-01-29 08:30:00",92977.4970298484,621811.313434888,2460,"N",50,1
"2012-12-30 09:00:00",161456.592057665,764627.987918193,2380,"E",50,2
"2010-01-03 10:23:00",153059.492719713,607649.823519944,2290,"SW",40,2
"2019-04-04 14:30:00",175542.020960497,706099.922696802,2200,"N",80,3
"2015-01-25 11:00:00",164473.000203432,578333.983505833,1680,"W",60,2
"2018-03-20 10:40:00",146449.814425005,794049.489908305,2280,"NE",50,2
"2013-04-01 13:00:00",164589.982688948,793350.038912627,2500,"W",80,3
"2015-01-27 07:00:00",192148.124141461,783682.904607897,2284.5,"S",20,3
"2015-01-04 07:15:00",190650.96256201,780979.388956334,2608.4,"E",50,3
"2021-11-30 13:25:00",163760.051746832,732286.129478395,1571,"SE",18,2
"2010-04-02 11:10:00",164999.821678747,737289.870080544,2840,"E",60,3
"2021-11-07 16:30:00",165893.806492841,733740.482342626,1317,"E",25,2
"2022-03-19 11:00:00",155767.239229863,788639.638596912,2265,"W",30,2
"2021-01-28 11:00:00",231121.338888264,746771.135921521,1534,"S",30,2
"2004-12-29 11:00:00",154486.340746026,780085.991327467,2930,"E",50,3
"2020-01-31 11:00:00",198780.861091722,714231.306734842,2400,"NE",60,2
"2021-01-28 01:00:00",166259.599058464,733188.519823778,1588,"SE",50,2
"2019-03-15 07:00:00",173987.179111732,765585.740777013,2395,"E",30,2
"2019-02-02 13:00:00",205532.995968003,791822.058060438,2256,"N",25,2
"2009-05-02 08:25:00",146100.034011739,789419.523738664,2990,"NE",40,2
"2002-12-21 15:00:00",170659.440203678,701769.916179099,150,"W",100,3
"2008-01-16 05:30:00",180700.39656272,663349.987435599,1730,"NW",40,3
"2012-02-02 11:00:00",181774.341764771,785873.936337757,2650,"S",200,3
"2013-03-31 11:00:00",141276.017098137,642501.900080646,2600,"SE",15,1
"2017-01-26 11:00:00",190780.168020527,790650.034611959,2450,"W",60,2
"2004-12-30 13:00:00",154486.340746026,780085.991327467,2650,"SE",30,1
"2008-01-04 12:00:00",90799.8748117739,579898.764957463,2160,"NW",50,2
"2018-03-20 06:30:00",215887.435873219,793132.051653104,2189.7,"SW",15,3
"2018-01-04 18:00:00",132655.704509546,639835.414324934,2327.5,"NE",150,4
"2018-01-22 08:30:00",171636.507299034,700767.986437114,1920,"SE",80,3
"2017-03-10 08:00:00",189372.976270113,733905.384124993,2350.7,"E",20,1
"2016-03-06 16:00:00",188586.117309638,780959.120256475,2514.1,"E",30,2
"2017-03-10 07:00:00",166856.321875225,766865.53968346,2311.7,"N",50,3
"2022-02-23 09:05:00",99651.3222135188,623132.922360969,3092,"E",50,2
"2011-01-31 11:00:00",145420.009406298,612269.700891386,2870,"SW",40,3
"2006-01-01 11:35:00",105000.483843692,589519.095362297,2650,"N",45,2
"2016-02-05 07:00:00",188859.066888012,735527.10863298,2220,"NE",15,1
"2016-04-19 06:11:00",93227.984277613,570828.689659269,3100,"N",30,3
"2020-12-15 11:00:00",234479.315021276,745026.476902121,2093,"N",60,3
"1996-02-19 11:30:00",96200.1290905512,572848.751431074,2230,"NW",30,3
"2010-02-16 11:00:00",181955.635168005,784867.929118795,2500,"NE",20,2
"2020-03-08 09:00:00",173839.457298385,781539.866681698,2640,"NW",50,2
"2012-02-11 11:00:00",181774.341764771,785873.936337757,2630,"SE",10,2
"2022-02-03 07:30:00",166216.544378581,791630.16666898,2661,"E",80,3
"2006-01-04 12:00:00",181955.635168005,784867.929118795,2740,"NE",30,2
"2020-02-06 08:30:00",225869.074722143,744142.538669453,1861,"E",20,1
"2017-04-29 06:00:00",166583.238926482,770250.43457571,2354.3,"NW",30,3
"2003-02-03 05:00:00",154486.25120144,780082.99977634,2600,"SE",10,1
"2014-01-18 11:00:00",177441.455333199,631076.935181164,1650,"N",30,2
"2019-02-04 07:00:00",205580.121211766,749454.572731103,2410,"NE",20,1
"2021-01-18 13:30:00",225230.772127193,744281.492403598,1982,"NE",80,4
"2007-01-14 09:30:00",189549.217967877,780810.076170938,2620,"NE",50,3
"2012-01-06 06:00:00",88304.9054473924,582140.010859569,2100,"SE",90,3
"2017-12-11 23:00:00",163357.315666047,796765.754960964,2640,"W",50,2
"2022-04-08 06:30:00",105511.612193998,586809.292635471,2705,"NE",15,2
"2022-02-07 06:30:00",107806.673095747,563808.610482802,2769,"SE",50,3
"1998-01-04 11:50:00",163548.753330647,690249.971970227,2400,"N",130,4
"2015-01-08 13:00:00",153150.384352356,780299.989826589,2800,"SE",25,2
"2021-05-03 09:45:00",121482.88055102,650369.515271817,3322,"S",10,3
"2007-02-27 10:00:00",181955.635168005,784867.929118795,2500,"SE",20,1
"2007-12-22 11:00:00",181955.635168005,784867.929118795,2250,"E",100,3
"2019-01-19 07:00:00",165422.625610067,781689.502889104,2691,"SW",100,2
"2004-02-20 10:00:00",183479.602090225,662275.001035596,2000,"NE",20,2
"2019-02-04 07:00:00",205370.387398196,749383.569075211,2506,"NE",25,2
"2021-03-24 12:00:00",166120.738389969,789311.182509082,2900,"SE",50,2
"2020-01-03 14:00:00",160170.473581762,728270.983668515,2023,"S",20,2
"2004-12-30 11:00:00",143526.854396236,781445.00075966,2600,"N",40,2
"2020-01-30 11:00:00",224945.294704886,742681.801269293,2089,"SE",30,1
"1998-01-07 13:40:00",189430.086467059,781099.99262054,2580,"NE",80,2
"2019-12-14 23:19:00",134818.597910773,639260.818530029,2429,"E",140,2
"2008-12-13 23:00:00",168319.291503708,692649.991723209,2100,"SE",80,2
"2017-02-01 07:00:00",165768.951856419,758035.972307111,2639.5,"E",30,2
"2014-12-31 13:25:00",175409.548322244,782189.879254019,2785,"SE",50,2
"2019-12-26 06:30:00",205285.241740477,750111.75524066,2157,"NE",25,2
"2021-01-23 07:00:00",164561.687775509,790655.796014686,2412,"E",60,2
"2020-02-06 10:00:00",165749.848637183,758028.430325631,2647,"E",50,2
"2022-02-03 07:00:00",226484.483129378,744160.077779648,1745,"NE",20,1
"2013-03-20 13:00:00",174049.567599563,600099.945466304,1600,"N",40,2
"2019-02-05 12:20:00",89352.4818325394,578283.03351386,2120,"SW",40,1
"2007-02-07 09:45:00",229600.190335117,745149.962013332,1950,"N",20,1
"2017-12-31 07:30:00",101860.192628721,637238.775844211,3022.8,"NW",100,3
"2013-04-13 15:10:00",92228.399392928,618130.285108242,3380,"SE",30,2
"2021-12-10 23:00:00",105807.543723562,586705.006395143,2626,"NE",60,2
"2007-03-24 07:00:00",199724.746279228,717999.996965222,2000,"SE",35,3
"2015-01-05 09:00:00",153167.298543128,780456.139155783,2924.4,"SE",30,3
"2021-03-19 07:30:00",106536.48873324,586844.54905935,2450,"NW",10,1
"2019-02-02 07:00:00",166518.24401801,791987.294521334,2687,"S",50,4
"2022-02-03 06:30:00",161361.042536022,730376.569852144,1650,"S",45,2
"2004-01-01 08:00:00",181955.635168005,784867.929118795,3020,"E",100,4
"2012-01-12 14:30:00",160999.876942479,607499.985270288,1800,"SE",80,3
"2021-01-17 08:10:00",165106.428515863,733834.623118991,1260,"N",45,2
"2019-01-03 05:30:00",189594.413301608,780465.233679279,2668,"W",50,2
"2014-02-05 09:30:00",180700.39656272,663349.987435599,1730,"NW",20,2
"2006-02-23 11:00:00",189830.274142592,736719.957127877,2320,"NE",40,3
"2019-12-12 11:00:00",86100.254030037,570282.977598169,3110,"N",80,3
"2010-02-03 14:15:00",106500.115248945,590179.144620186,2480,"N",40,2
"2020-12-07 09:00:00",164346.489980945,732860.878026534,1426,"E",50,1
"2021-03-22 07:00:00",190547.764086502,813807.217260957,3039,"NE",30,3
"2010-12-18 04:15:00",180700.39656272,663349.987435599,1930,"SE",20,2
"2008-01-27 11:00:00",108045.062046185,585842.02522717,2450,"N",40,3
"2020-03-11 08:00:00",91284.8611635556,617847.29801743,3325,"NE",40,2
"2013-12-29 14:00:00",107907.843878346,585577.02507168,2420,"W",35,3
"2005-02-06 14:48:00",163100.244692628,789319.69225525,2470,"NE",120,3
"2020-12-31 23:00:00",103686.914112945,561446.61770978,2432,"NE",80,3
"1993-02-23 13:20:00",116250.865060987,555199.035495539,1855,"NW",50,2
"2022-02-21 23:00:00",201523.384472929,716333.485480631,2063,"SE",60,2
"2001-12-30 13:20:00",178899.619087566,659799.995079138,1920,"SW",30,2
"2017-02-07 07:00:00",193142.460530426,734396.949635967,2547.1,"S",30,3
"2020-02-05 11:24:00",134760.054794046,604991.267482643,2822,"W",70,3
"2010-01-03 06:00:00",170588.534523666,776732.942616185,2680,"SW",30,2
"2021-12-11 11:00:00",79877.3238542936,579300.113328651,2530,"S",30,2
"2009-02-18 03:00:00",199724.746279228,717999.996965222,2200,"S",80,4
"2021-12-13 11:00:00",142992.821781812,783386.163171569,3226,"E",40,1
"2017-02-01 07:00:00",166862.513648386,758009.724718314,2458.3,"E",50,2
"2020-12-14 10:06:00",137375.750349976,570595.908191666,1981,"SW",50,2
"2014-02-25 10:30:00",161456.592057665,764627.987918193,2720,"SW",20,3
"2019-01-13 16:00:00",164494.318019867,733159.553813404,1352,"SE",35,1
"2021-01-31 13:30:00",86680.0043426396,574828.627997745,2020,"N",50,3
"2021-01-30 07:00:00",170423.295315318,795501.187253391,2617,"NE",80,4
"2015-02-09 14:50:00",78675.7227720704,580602.569283821,2640,"N",100,3
"2001-02-04 10:38:00",204160.022624597,822530.73563932,2060,"S",50,3
"2021-02-12 11:45:00",163811.484757438,832223.223293651,2680,"N",50,2
"2018-02-24 09:57:00",133599.498126855,592039.539164953,2525,"N",50,3
"2016-01-14 07:30:00",190908.569578199,780818.359866743,2546.1,"NW",50,2
"2009-02-02 11:00:00",106799.721247706,708659.952312615,1280,"S",40,2
"2017-12-28 23:00:00",158636.062863304,791608.439396536,2489.1,"NE",50,3
"2017-03-03 07:00:00",193746.552033769,734310.86332643,2845.5,"SW",100,3
"2005-01-22 07:30:00",141324.543594007,642761.944608267,2160,"SE",70,3
"2007-01-05 11:15:00",192499.997393563,735049.993469906,2460,"SW",50,2
"2008-01-23 01:00:00",153150.384352356,780299.989826589,2420,"NE",30,3
"2015-01-31 07:00:00",192319.936470951,782428.90262407,2414.8,"SW",30,3
"2006-01-06 11:00:00",154486.340746026,780085.991327467,2650,"E",15,1
"2013-01-17 14:20:00",136479.655378391,567999.409889618,1970,"SE",40,2
"2022-02-06 23:00:00",198486.302287716,715105.313974152,2460,"NE",100,2
"2017-02-13 07:30:00",107907.843878346,585577.02507168,2400,"NE",120,3
"2003-12-21 17:00:00",104638.227519064,639516.823401308,2400,"E",30,3
"2017-12-11 23:00:00",163306.109926989,789534.704777922,2343.9,"E",30,3
"2022-02-03 07:00:00",226405.947860822,744131.648435317,1761,"NE",30,2
"2006-02-18 12:30:00",90984.8863749177,577548.748811392,2350,"N",70,2
"2010-02-13 08:45:00",189849.366276734,779550.045308095,2700,"SW",50,3
"2016-02-21 14:00:00",166761.876237088,791780.194957337,2827.8,"S",20,3
"2021-02-09 13:00:00",150238.983688155,786477.219523388,2502,"N",100,2
"2015-03-15 11:00:00",115055.195200313,559707.060395401,2000,"N",15,1
"2020-03-03 10:05:00",225487.613182981,744095.963018588,1955,"NE",25,2
"2020-12-06 06:00:00",165591.497108981,734145.548373639,1283,"W",40,1
"2009-02-07 08:30:00",170659.440203678,701769.916179099,2200,"N",50,3
"2013-03-19 07:50:00",181774.341764771,785873.936337757,2400,"E",30,3
"2019-02-04 07:00:00",205509.62408153,750278.333068658,NA,NA,30,1
"2003-02-06 11:00:00",171859.012039936,681440.017455997,2700,"SW",180,5
"2000-03-19 15:30:00",179099.205047006,764849.970701959,2760,"W",50,3
"2015-01-24 11:00:00",182877.477762975,785617.249176929,2134.8,"NE",50,2
"2004-12-21 11:00:00",196600.196288303,773406.895594381,2100,"NW",40,3
"2018-03-31 11:40:00",153446.943636504,700819.128917719,2673.7,"W",50,4
"2005-02-05 12:05:00",176399.89428266,782169.883410704,2805,"NW",40,3
"2010-03-03 09:00:00",180700.39656272,663349.987435599,1780,"NW",20,1
"2019-12-28 11:00:00",165292.996214641,747045.770984926,2254,"S",60,3
"2018-01-22 23:40:00",177299.998688654,806209.907496039,2875,"SW",100,5
"2008-04-07 13:30:00",183143.67911349,784189.003417376,2520,"NW",40,2
"2021-01-15 01:00:00",165569.098447071,734138.388266859,1284,"W",55,2
"2021-01-16 12:55:00",157136.392573613,789666.190724338,2403,"NW",40,3
"2019-12-29 15:10:00",95823.7234886505,622210.251327403,2272,"SE",100,2
"2014-12-31 07:00:00",192263.42891157,782508.829666344,2406.2,"SE",40,2
"2013-12-01 07:00:00",228224.575465628,589741.929231134,1470,"NW",20,1
"2021-01-30 07:51:00",107996.572264712,625080.110207714,2821,"SE",100,5
"2013-04-12 06:20:00",151698.939916524,649199.873409967,3320,"S",30,2
"2017-01-14 04:00:00",188766.829189329,735529.579358653,2227.2,"E",150,2
"2009-11-05 12:27:00",181955.635168005,784867.929118795,2650,"E",40,1
"2007-03-23 11:00:00",177399.751445686,761699.935200362,2500,"N",50,4
"2021-01-10 11:00:00",135862.827594839,566541.155438892,2151,"NW",25,2
"2014-11-08 09:00:00",202609.444262386,748370.058991483,2780,"NE",50,2
"2019-01-15 08:00:00",175542.020960497,706099.922696802,2280,"N",100,3
"2022-02-03 07:10:00",225560.341131779,744114.223710267,1926,"E",80,3
"2003-01-11 10:00:00",196600.196288303,773406.895594381,2150,"SW",80,3
"2018-03-30 17:45:00",149007.058183902,793642.248685596,3018.8,"W",40,3
"2016-03-08 09:00:00",191536.529087537,780987.919046526,2437.4,"NW",30,1
"2005-01-29 14:15:00",175674.41740553,702459.953729943,2790,"NW",30,2
"2021-01-15 11:00:00",102373.990848923,610835.97084731,3369,"W",60,4
"2022-02-03 06:00:00",159634.724438833,730245.323656222,2239,"NW",45,2
"2010-03-07 09:00:00",158355.957191885,765754.940525339,2320,"SE",50,2
"2022-02-12 09:15:00",225163.14674952,740528.638974223,1727,"N",20,1
"2020-03-06 06:30:00",192866.397733038,730976.281816659,3021,"NE",10,2
"2007-04-07 09:00:00",189830.274142592,736719.957127877,2980,"NE",30,2
"2018-03-31 22:00:00",166965.822242739,793456.924182687,NA,NA,40,3
"2019-01-07 11:30:00",206023.995464434,749283.34678342,2423,"NE",30,1
"2005-01-22 02:30:00",194839.297703618,732000.039647296,2500,"NW",100,4
"2021-12-28 07:30:00",105659.280859355,587959.039836355,2845,"N",20,3
"2019-01-01 08:00:00",193569.414390388,734196.965871147,2750,"SW",30,2
"2021-12-11 08:00:00",107877.487825303,582742.85450916,2334,"NE",15,1
"2019-01-31 23:00:00",98746.6274608322,563966.696239985,2158,"W",80,3
"2009-01-25 11:00:00",203300.129757023,700600.024932772,2400,"N",50,3
"2021-01-14 18:00:00",167245.658699902,776627.309733628,NA,NA,40,1
"2007-03-24 07:00:00",168999.885705371,588199.968894961,1680,"S",100,4
"2019-02-04 23:00:00",184640.673307824,661344.991895162,1930,"SW",150,2
"2018-12-25 10:45:00",94610.1364163879,627724.431573771,2530,"N",55,3
"2015-01-26 07:25:00",164499.652087316,733349.903885131,2760,"NW",45,2
"2010-04-07 09:30:00",181955.635168005,784867.929118795,2540,"NE",50,3
"2012-12-23 07:00:00",161456.592057665,764627.987918193,2380,"E",50,3
"2008-01-08 11:00:00",154486.340746026,780085.991327467,2750,"NE",30,2
"2020-01-18 15:45:00",225398.123897338,744166.165603146,1955,"N",30,2
"2009-02-18 04:00:00",131000.038964006,643799.915674833,2250,"SE",25,2
"2016-03-27 11:00:00",199724.746279228,717999.996965222,2000,"NE",15,2
"2022-02-03 08:30:00",145914.989551741,777045.47875022,2533,"SE",50,3
"2021-03-19 11:50:00",114881.876034321,603987.351571598,2660,"W",80,3
"2022-02-22 08:00:00",159609.343243616,726979.469844796,2461,"SE",45,3
"2016-03-30 11:00:00",116249.648297654,612529.931509649,2820,"N",50,3
"2021-01-16 07:50:00",162922.990859372,729591.672845839,2315,"NE",55,2
"2011-12-08 07:30:00",180700.39656272,663349.987435599,1930,"SE",10,1
"2018-03-25 14:00:00",161133.317930345,796543.290703092,2752.5,"N",30,3
"2019-12-25 10:06:00",111299.361699968,611939.365005422,2580,"NE",100,2
"2012-04-17 10:00:00",115929.438929597,617076.50473443,2900,"NW",50,2
"2022-01-10 11:00:00",170390.03620228,648118.930546835,2628,"NE",40,3
"2009-02-18 04:00:00",170659.440203678,701769.916179099,2900,"SE",80,4
"2019-02-02 07:00:00",166073.646474923,791857.279976202,2531,"SE",50,3
"2018-04-01 09:30:00",193801.741484377,676861.985360404,1700,"NE",40,3
"2010-01-14 15:00:00",174049.567599563,600099.945466304,1600,"N",30,2
"2009-04-01 11:30:00",206670.657141424,823950.895969656,2440,"N",45,3
"2022-02-04 17:40:00",165117.201185248,733819.061351868,1252,"N",20,1
"2006-01-05 10:00:00",229600.190335117,745149.962013332,2000,"SE",15,2
"2018-03-12 23:00:00",167868.062900921,799612.283280299,2510.7,"W",40,3
"2018-03-08 06:10:00",142715.574187571,781723.048672873,2847,"N",25,2
"2016-02-11 11:00:00",170659.440203678,701769.916179099,2240,"N",60,3
"2021-04-10 10:00:00",194584.242622241,797269.26310174,2600,"NW",15,2
"2009-02-18 04:00:00",170659.440203678,701769.916179099,2200,"N",40,4
"2009-02-22 14:00:00",170659.440203678,701769.916179099,1480,"S",100,3
"2003-12-23 09:15:00",104950.536128377,587179.058090518,2650,"W",50,2
"2019-12-28 11:00:00",165292.996214641,747045.770984926,2254,"S",60,3
"2012-01-23 14:00:00",170659.440203678,701769.916179099,2300,"SE",80,3
"1995-12-23 13:00:00",104800.31309395,587249.041115234,2700,"W",50,2
"2006-04-11 11:00:00",82080.960567808,576198.594475282,2220,"S",50,2
"2009-01-01 10:30:00",229600.190335117,745149.962013332,1960,"N",30,3
"2012-01-17 13:30:00",170659.440203678,701769.916179099,1500,"S",50,2
"2005-03-12 13:00:00",202920.141256277,782600.123232403,2200,"NE",40,2
"2020-12-28 11:00:00",163107.714774958,789697.529763684,2286,"NE",50,2
"2021-02-06 04:00:00",180891.726622849,782890.586259006,1715,"SW",80,2
"2009-02-11 11:00:00",153150.384352356,780299.989826589,2920,"SE",100,3
"2019-12-15 11:00:00",180039.14717011,739889.984678593,2080,"N",50,2
"1996-04-14 12:40:00",189420.076648849,781099.990349491,2580,"NE",100,2
"2009-01-03 04:15:00",180700.39656272,663349.987435599,1730,"NW",20,2
"2004-01-26 00:00:00",181891.946662171,719121.951469586,2100,"SE",100,4
"2021-01-14 11:00:00",191552.940844338,785730.32624731,1526,"E",35,2
"2019-01-10 07:00:00",143417.687898776,605110.548233533,2150,"NE",30,2
"2010-04-05 09:00:00",192999.631507885,799360.277531039,2530,"S",40,2
"2019-11-18 07:05:00",164070.796411012,778518.408284868,2256,"NW",55,2
"2003-02-08 14:01:00",120899.232057212,643479.652116383,2100,"SE",50,4
"2010-01-22 13:30:00",129817.93450022,599245.986170505,2600,"SW",10,1
"2018-01-23 07:00:00",165169.334825505,791436.785520422,2311.8,"E",70,3
"2011-01-29 12:00:00",180700.39656272,663349.987435599,60,"NW",40,2
"2007-03-09 13:00:00",177399.751445686,761699.935200362,2660,"NE",50,4
"2022-02-03 11:00:00",158374.351139614,742760.709347555,2211,"E",40,3
"2012-02-12 11:50:00",119100.068147273,624854.52142855,2930,"N",30,2
"2013-02-13 13:10:00",98210.1661162723,599609.116080005,3200,"SW",100,2
"2017-12-09 11:00:00",99274.6363301174,563973.784540501,2094.2,"NW",80,3
"2016-01-14 07:00:00",189444.148878374,780498.161880556,2645.1,"SW",50,2
"2013-03-04 14:00:00",181999.70764384,677599.999124683,1700,"N",30,2
"2015-04-02 06:00:00",192900.244844407,782274.412970574,2251.2,"N",80,4
"2002-12-28 23:00:00",145104.444816517,783191.043797928,2900,"N",25,3
"2018-03-30 22:00:00",159124.789595232,791657.849888122,2261.9,"NE",30,2
"2015-04-09 06:00:00",181405.863037937,766584.711754226,2612.6,"NE",50,2
"2019-12-25 07:00:00",166648.288041217,799088.039720502,2487,"W",80,3
"2021-12-29 11:00:00",163261.090568573,729285.524859184,2440,"S",30,2
"2005-02-21 08:00:00",154486.340746026,780085.991327467,2935,"SE",100,3
"2013-02-16 16:30:00",156450.0556447,634624.963960638,2000,"SE",80,3
"2017-02-06 02:00:00",97075.6607117064,565123.874622858,2430.7,"NW",80,4
"2019-02-02 13:00:00",205484.403309253,791902.039051492,2262,"NE",20,2
"2022-02-05 11:00:00",177153.624322264,660848.147674056,1833,"NW",40,2
"2022-02-22 08:00:00",165525.156108171,734162.350692667,1276,"NW",20,1
"2009-03-10 00:00:00",199724.746279228,717999.996965222,1950,"W",50,3
"2018-04-25 12:00:00",165829.722818283,782351.395756528,2780,"NW",100,3
"2018-01-24 07:00:00",168583.489313459,756761.686479008,2400.3,"E",50,2
"2014-01-05 10:00:00",112483.44243112,587571.165872479,2025,"NW",60,2
"2005-02-03 14:00:00",156884.791168729,797603.337632313,2500,"SW",50,2
"2017-04-22 06:45:00",172514.399825692,600840.015692767,2080,"N",30,2
"2021-12-04 08:00:00",104393.106994393,586887.749801538,2493,"NW",25,1
"2015-01-18 01:00:00",175499.719272778,803000.30364328,2800,"SE",50,4
"2021-02-08 08:30:00",166038.651216081,791283.314234231,2670,"S",40,3
"2019-12-22 11:00:00",79688.3447822328,579297.371891042,2468,"NE",35,1
"2020-12-26 07:30:00",130983.784589265,581823.147794161,2742,"N",150,5
"2006-01-10 11:00:00",202900.113486371,764549.91265888,2200,"N",20,3
"2004-03-02 09:00:00",181955.635168005,784867.929118795,2600,"NE",10,2
"2006-04-04 11:00:00",181955.635168005,784867.929118795,2850,"N",40,3
"2021-01-14 11:00:00",198551.526548299,714448.973995771,2443,"NW",70,3
"1997-03-27 11:00:00",192750.342961681,782100.009292117,2410,"N",100,3
"2013-12-30 13:30:00",108639.544108316,592919.208154666,2900,"N",40,2
"2007-03-11 12:10:00",141049.694644721,608839.643416035,2700,"N",100,2
"2021-02-11 11:00:00",149145.779960052,676172.9149943,2500,"NE",40,2
"2013-03-31 09:25:00",113642.282156839,600894.969049753,2690,"N",45,1
"2021-12-02 19:00:00",135526.650082449,604413.530906319,2859,"SW",30,2
"2019-01-14 12:45:00",166164.744999309,734916.934796193,2148,"SW",40,3
"2005-02-24 13:00:00",177904.382962615,756921.001489403,2700,"NW",100,3
"2021-12-28 21:00:00",198650.103315517,714370.914629661,2401,"N",100,3
"2018-01-21 23:00:00",174278.231669443,798610.782304271,2418,"E",60,4
"2021-01-12 23:00:00",107734.092747311,564236.447917512,2328,"E",100,2
"2021-01-11 11:00:00",134970.466645889,603882.939383802,2753,"SW",50,3
"2022-02-04 09:30:00",197506.588888005,768509.599462987,1978,"E",120,3
"1998-04-18 09:25:00",201219.778378979,781550.111035489,2240,"NE",30,2
"2018-04-01 11:00:00",164699.896088512,824963.416386157,2600,"N",40,3
"2010-02-06 11:00:00",181955.635168005,784867.929118795,2180,"NE",50,3
"2013-02-03 14:45:00",121090.103773081,615979.526471866,2890,"SW",80,3
"2006-03-07 11:06:00",93599.4806378277,628179.371613512,3000,"N",70,3
"2021-01-27 16:00:00",95972.4668514052,623340.532870511,1641,"SE",30,2
"2017-04-21 09:00:00",178919.906141338,786179.922253621,2710,"N",40,2
"2019-03-12 06:30:00",205309.157670364,749602.840920264,2346,"NE",25,1
"2004-12-18 07:00:00",154486.340746026,780085.991327467,2400,"E",30,2
"2017-04-21 09:00:00",144149.994578985,626629.725732717,3160,"SE",30,2
"2016-01-14 07:30:00",189528.981885463,780876.483516375,2627.6,"E",70,3
"2018-03-31 08:30:00",149373.34480811,697100.871464407,2321.4,"N",50,3
"2021-01-10 11:00:00",177627.205615501,782261.917992413,2780,"NE",30,2
"2014-01-19 13:30:00",127099.76204206,596629.959914615,2700,"SW",10,2
"2011-02-18 14:00:00",158355.957191885,765754.940525339,2690,"NE",10,2
"2018-01-03 00:29:00",96020.8727727148,625434.914851478,2150,"E",20,2
"2018-01-22 07:00:00",103069.239553315,561730.483204842,2296.3,"SE",150,4
"2012-01-31 05:00:00",148749.428211008,663349.943717179,2100,"SW",150,2
"2021-12-13 10:30:00",135795.413937572,606598.570488393,2813,"S",40,3
"2005-01-25 10:30:00",105380.589814957,586739.097051146,2700,"W",50,3
"2021-02-05 14:35:00",160570.344349383,786090.959295305,2818,"SW",300,3
"2007-01-07 10:00:00",181955.635168005,784867.929118795,2550,"NE",60,2
"2017-03-10 07:00:00",192438.593075212,730735.904566655,2845,"SE",30,3
"2006-01-28 11:00:00",151869.669936514,684989.930013429,1440,"N",50,2
"2022-01-11 11:00:00",182867.445602534,756961.813256019,2300,"NE",20,2
"2015-02-02 14:10:00",104639.633441943,589269.115847121,2740,"NW",100,3
"2016-03-09 08:00:00",192801.490365901,731666.281293109,2843.4,"NE",25,2
"2012-04-13 11:00:00",131500.055481555,582799.453574413,2660,"NW",30,2
"2012-02-16 17:00:00",229600.190335117,745149.962013332,1740,"SE",100,4
"2011-02-26 08:25:00",155380.236974742,780299.660027731,2900,"SE",20,2
"2021-03-14 09:50:00",149436.208698886,682361.882179569,2020,"NW",20,2
"2022-02-21 23:00:00",132838.319771207,606501.691585434,2251,"S",80,3
"2021-12-31 13:42:00",153818.488331489,780215.781885512,2854,"SE",50,2
"2004-12-07 11:00:00",154486.340746026,780085.991327467,2700,"E",30,2
"2022-02-03 14:00:00",131158.747236285,598444.713137429,2092,"N",40,2
"2018-01-30 09:15:00",184640.673307824,661344.991895162,2200,"E",150,2
"2021-01-25 07:00:00",147591.777635775,794798.439564287,2477,"S",50,3
"2017-04-22 06:45:00",172499.94558961,600819.980649405,2090,"N",30,2
"2019-12-25 07:30:00",204009.555714357,787282.694741801,2042,"E",15,2
"2021-01-24 15:00:00",95053.7384686184,621391.925544454,1927,"S",50,1
"2017-02-28 23:00:00",105013.781529898,561522.662245141,2581.9,"S",80,4
"2008-04-07 13:42:00",189360.182671679,780000.042050772,2700,"SE",20,2
"2021-02-03 07:30:00",108342.268465031,564221.646430073,2435,"E",130,3
"2010-02-07 11:30:00",163699.758475991,772169.822905322,2720,"S",50,2
"2010-12-30 13:30:00",131000.038964006,643799.915674833,3000,"S",50,3
"2008-03-03 11:30:00",181955.635168005,784867.929118795,2750,"E",40,3
"2016-03-09 08:00:00",192788.687075132,731336.914032626,NA,"S",25,2
"2019-01-21 11:00:00",183341.506532782,764513.93338202,2403,"SW",150,2
"2021-12-05 11:00:00",95686.3677404703,593993.344308162,2806,"NW",70,4
"2014-01-06 09:40:00",116249.648297654,612529.931509649,2560,"N",40,2
"2015-04-02 15:45:00",206000.112312287,781550.204801316,1850,"S",100,3
"2020-12-29 11:00:00",166886.377205586,791708.403905248,2882,"SE",50,2
"2019-12-15 11:30:00",141999.781209525,760249.735194514,2820,"NE",40,2
"2009-12-09 14:00:00",104460.424478614,585640.015896104,2950,"NW",30,2
"2020-01-04 11:00:00",225107.963200601,744261.716734362,2022,"E",20,2
"2020-12-08 11:00:00",79475.9094412777,579655.997831428,2554,"N",50,3
"2014-06-21 06:30:00",87884.3365718605,624034.319144883,4010,"NE",10,2
"2003-04-15 14:00:00",165170.14041685,828870.256297429,2600,"NE",20,3
"2014-12-31 07:00:00",190406.123029933,780827.141015589,2600.6,"SE",100,3
"2016-02-05 12:00:00",192610.146577274,730648.424424914,2952.5,"SE",40,3
"2021-01-31 07:00:00",108813.974242904,565112.438255531,2477,"SE",50,3
"2018-01-18 07:00:00",191601.586791826,737202.404471446,2150,"SE",100,3
"2003-03-20 11:00:00",181955.635168005,784867.929118795,2220,"NE",40,2
"2013-03-21 11:30:00",150359.150252465,609159.776960238,1775,"N",50,2
"2005-02-04 13:37:00",190209.429195075,781640.026755283,2480,"N",70,3
"2020-02-06 00:00:00",166902.082654088,798892.641740883,2372,"W",20,1
"2021-12-05 07:30:00",104329.785322653,586867.888826255,2504,"W",40,1
"2013-01-28 07:15:00",180700.39656272,663349.987435599,2280,"NE",20,2
"2015-01-23 09:00:00",107907.843878346,585577.02507168,3100,"NW",80,3
"2003-02-06 12:00:00",183019.367541977,784124.971066752,2580,"E",80,4
"2010-02-12 13:00:00",148749.428211008,663349.943717179,1830,"S",50,2
"2011-12-21 08:20:00",88304.9054473924,582140.010859569,2100,"SW",100,3
"2022-03-13 11:00:00",160631.43036073,691061.15001751,2421,"NE",50,2
"2022-02-17 12:24:00",92860.1368542421,602429.42687088,3272,"E",35,2
"2017-03-10 12:00:00",190179.458752617,780245.028492456,2640,"E",30,2
"2018-01-05 06:45:00",135174.825768541,638993.392164783,2566.2,"E",120,4
"2012-01-12 18:00:00",170659.440203678,701769.916179099,1940,"SW",100,3
"2017-03-10 07:00:00",191322.356150773,729824.745935709,2660.9,"SE",60,3
"2013-01-03 10:00:00",224559.957339585,742380.035412963,2200,"E",15,2
"2003-01-17 11:00:00",165530.08562826,688539.925506556,2500,"N",50,1
"2014-04-19 11:00:00",170638.127397817,775732.98003321,2780,"N",30,2
"2020-12-13 10:05:00",97982.1135015253,562990.328174908,2203,"NW",60,3
"2013-12-01 10:30:00",163539.49065961,632479.901340635,2110,"NE",30,2
"2020-12-26 10:00:00",79854.5137096009,576411.114627078,2807,"E",80,3
"2012-11-29 08:00:00",164589.982688948,793350.038912627,2800,"W",50,3
"2018-01-23 07:00:00",165150.085765686,790306.231842834,2600.9,"E",30,3
"2018-03-07 15:00:00",166957.519087289,757943.49328636,2478.6,"NE",30,2
"2011-04-22 10:15:00",174618.519498193,792122.867672722,2940,"N",30,2
"2019-01-19 14:00:00",155959.855181496,582789.745842395,1710,"NW",60,3
"2008-03-18 16:00:00",118449.536228827,606899.450998707,2420,"NW",70,3
"2019-12-19 07:00:00",181996.270591923,777835.759432243,2203,"SE",40,2
"2007-03-04 10:00:00",181955.635168005,784867.929118795,2420,"NE",30,3
"2019-03-16 05:30:00",205745.889455941,749501.788119657,2267,"E",10,1
"2012-12-19 09:55:00",105959.505748402,588489.087460706,2525,"NE",120,2
"2010-03-03 11:30:00",165309.90398245,688309.968727449,2600,"N",30,2
"2021-01-30 11:00:00",157149.113673097,789963.498341995,2526,"W",80,3
"2011-03-06 10:30:00",189168.917844613,684530.016782737,2800,"W",40,2
"2021-12-11 05:00:00",104457.472638745,586938.859910703,2526,"W",20,1
"2011-12-08 11:00:00",175499.719272778,803000.30364328,2800,"SE",50,3
"2001-03-05 13:25:00",154289.145780011,747379.855135503,2660,"N",60,3
"2021-01-23 07:00:00",168878.940810751,799941.022234065,2127,"W",50,3
"2019-12-29 14:15:00",141316.483120323,625888.216709712,2283,"SW",82,2
"2017-12-29 10:00:00",224808.930868602,579567.950056998,NA,"W",15,1
"2013-12-31 10:05:00",181774.341764771,785873.936337757,2500,"NE",40,2
"2020-03-11 03:00:00",160831.508704186,794686.120875141,2698,"NE",60,4
"2015-02-01 11:00:00",102699.274837648,558652.216546816,2384.6,"E",80,3
"2013-12-29 10:30:00",110188.064219163,589197.168339556,2320,"N",30,2
"2021-01-10 11:00:00",126274.690943241,651607.744536042,2480,"N",50,2
"2000-02-26 10:23:00",171699.361627616,778079.876905707,2780,"NE",40,3
"2017-12-21 10:10:00",103099.609117947,590839.063084107,3180,"S",40,3
"2018-01-22 14:00:00",129708.084137398,601842.934988081,2822,"S",200,4
"2017-12-19 16:00:00",170659.440203678,701769.916179099,2000,"SE",140,2
"2014-12-30 16:30:30",89352.4818325394,578283.03351386,2414,"NE",35,1
"2020-02-09 10:30:00",157489.071512859,675439.898606808,2710,"NE",50,3
"2019-01-13 03:00:00",234749.967805268,742610.081644925,1950,"NW",150,3
"2021-01-15 11:00:00",163987.78942004,729469.10422132,2565,"SE",75,3
"2021-12-28 07:30:00",105727.347341929,587832.04773891,2779,"N",25,2
"2020-10-26 11:00:00",144015.095608313,784085.721962125,2921,"NE",50,2
"2011-03-01 11:00:00",170659.440203678,701769.916179099,2060,"NW",50,2
"2008-01-17 11:00:00",181955.635168005,784867.929118795,2360,"NE",100,3
"2020-12-31 07:00:00",106172.86566997,586392.808627532,2588,"N",50,3
"2021-01-31 07:45:00",108089.274661455,564142.462747355,2527,"SE",100,3
"2017-12-29 07:00:00",192168.168956409,736108.723569662,2336.8,"S",60,3
"2000-12-31 14:00:00",205500.014875424,750250.036120236,2060,"NW",20,2
"2006-02-21 14:15:00",192999.43361115,781110.094760573,2080,"N",40,2
"2014-01-27 09:45:00",129708.084137398,601842.934988081,2700,"S",20,3
"2021-01-28 08:30:00",165467.60399428,791163.545788601,2444,"E",100,2
"2021-03-16 15:00:00",108805.054372425,565117.024295726,2442,"SE",100,2
"2020-12-26 06:30:00",142421.51965606,624292.449567539,3012,"SE",80,3
"2009-03-12 06:30:00",177399.751445686,761699.935200362,2700,"W",200,3
"2005-01-25 08:00:00",154486.340746026,780085.991327467,2950,"SE",50,2
"2018-01-04 15:00:00",192235.84784586,818682.001582248,2700,"SW",100,4
"2020-03-11 11:00:00",218884.136167347,750259.408610701,2229,"N",50,4
"2022-02-23 09:00:00",99017.0030537917,622957.277962817,2940,"SE",20,3
"2017-01-15 11:00:00",166427.003577056,757856.249696318,2535.5,"E",50,3
"1998-12-31 11:00:00",182399.290742055,791900.012342943,2520,"NW",30,2
"2021-01-23 07:30:00",105994.345681123,587733.765197882,2730,"E",15,1
"2018-04-04 20:00:00",89352.4818325394,578283.03351386,2720,"N",40,2
"2005-02-18 14:50:00",161549.294461935,684399.905174254,2050,"NW",40,3
"2016-02-13 07:00:00",139590.373207903,640344.954043917,3216.9,"SW",30,3
"2021-01-14 08:00:00",104144.446161199,586726.78795806,2466,"SE",40,2
"2003-12-29 13:50:00",124195.801651051,643385.682626436,1990,"NE",50,3
"2006-02-20 13:00:00",181955.635168005,784867.929118795,2340,"E",40,4
"2019-03-16 05:30:00",206086.842920288,749261.761015203,2417,"NE",10,1
"2022-02-23 08:50:00",98505.8152030319,623005.657841429,2781,"E",80,3
"2016-02-21 11:00:00",121899.206855595,624299.569025211,2660,"NE",10,1
"2017-02-14 08:00:00",158861.099006299,791060.870326125,2468.2,"N",50,2
"2004-01-30 05:00:00",164470.486243753,791704.057693465,3000,"SE",25,3
"2014-12-31 09:30:00",192975.784323845,781137.12966444,2098.9,"N",60,2
"2021-12-05 09:00:00",106028.803943094,587735.381808282,2726,"NE",50,2
"2006-03-03 06:00:00",88304.9054473924,582140.010859569,2500,"NE",40,3
"2012-02-03 14:30:00",174049.567599563,600099.945466304,1650,"NW",40,2
"1999-12-31 13:30:00",186365.306778416,808674.819866698,2280,"SE",75,2
"2003-12-19 11:00:00",181955.635168005,784867.929118795,1640,"S",25,2
"2021-01-03 14:00:00",97037.2928445088,628044.829840647,2950,"N",40,2
"2006-02-18 14:49:00",96500.2634408781,623849.893625789,2760,"NW",70,3
"2009-05-06 13:30:00",170659.440203678,701769.916179099,2450,"SE",50,4
"2007-02-16 11:00:00",180700.39656272,663349.987435599,2200,"E",100,2
"1996-02-21 14:40:00",111349.387085111,593249.201723502,2380,"NW",60,2
"2017-01-10 13:00:00",187514.057786336,789266.475124279,2528.5,"N",30,2
"2022-04-08 07:30:00",93501.1289330998,626322.805190389,2787,"N",30,2
"2011-02-22 09:40:00",134539.589418572,604529.605301194,2600,"SE",10,1
"2005-01-04 11:00:00",199940.188974557,717930.01807907,1830,"N",70,3
"2021-03-16 15:00:00",108705.832895647,565554.160949347,2305,"SE",80,2
"2020-03-02 23:00:00",136292.562928518,602366.417296742,2866,"S",50,3
"2009-03-14 07:05:00",189830.274142592,736719.957127877,2700,"S",100,3
"2013-04-18 01:00:00",151255.357916426,769152.992271328,2820,"NW",50,3
"2009-12-24 03:45:00",180700.39656272,663349.987435599,1730,"NW",30,2
"2021-01-16 15:21:00",192704.370163913,783325.101890927,2190,"N",50,3
"2021-12-20 14:07:00",165392.105896745,584928.595675914,1910,"E",80,1
"2011-03-01 11:00:00",103445.160623832,558823.789509,2000,"NE",50,2
"2022-02-03 10:30:00",178234.37979472,780864.405625967,2331,"W",100,3
"2010-01-28 10:00:00",189830.274142592,736719.957127877,2300,"E",20,2
"2019-02-02 11:00:00",151416.223883537,783746.590155573,1845,"E",40,2
"2013-02-13 10:30:00",97500.4422534146,577250.067785895,2380,"W",50,3
"2021-01-11 23:00:00",107944.364587953,564208.625182853,2400,"SE",50,2
"2012-01-11 17:00:00",170659.440203678,701769.916179099,2240,"SE",100,2
"2013-06-30 08:25:00",88003.6582438629,624128.311535774,3835,"NW",50,2
"2010-04-06 08:40:00",165623.817973527,716049.940322009,3020,"S",30,2
"2012-12-28 07:00:00",181774.341764771,785873.936337757,2200,"NE",50,3
"2005-02-19 11:00:00",164470.486243753,791704.057693465,3000,"SE",100,4
"2017-12-16 11:40:00",232420.398287721,600990.738633283,1410,"N",10,1
"2021-12-09 11:00:00",184936.962110616,779108.109128783,2340,"N",30,2
"2014-12-29 07:00:00",188761.859449445,780886.091864583,2513.6,"NE",50,1
"2016-10-22 08:00:00",183019.931575656,783889.979157779,2520,"NE",40,2
"2017-03-07 07:00:00",108048.380786921,635285.189644062,3046.9,"E",150,4
"2001-01-28 09:50:00",134950.040637055,587539.50111873,2000,"N",70,2
"2019-01-14 05:00:00",129708.084137398,601842.934988081,2700,"S",120,4
"2014-12-29 00:00:00",147000.132004286,588199.988372215,1840,"NE",40,2
"2006-03-06 10:30:00",181955.635168005,784867.929118795,2100,"SW",20,2
"2020-02-06 08:30:00",226011.123278863,744176.104720183,1835,"E",20,1
"2022-04-10 10:00:00",160317.904919232,629005.22457352,2757,"NE",40,2
"2011-12-20 21:00:00",194499.739263789,698530.004198298,1700,"SE",100,1
"2007-03-04 11:00:00",181955.635168005,784867.929118795,2500,"E",40,3
"2006-03-18 11:30:00",181955.635168005,784867.929118795,2460,"NE",30,3
"2021-12-12 09:15:00",204205.197388049,786746.724680679,2198,"N",100,2
"2005-05-07 06:30:00",181891.946662171,719121.951469586,2660,"SE",25,3
"2005-01-23 07:00:00",181955.635168005,784867.929118795,1710,"NE",50,2
"2020-01-31 11:00:00",198429.575854121,716195.701789449,2202,"NE",60,3
"2013-12-27 09:00:00",153209.91683576,780319.631064663,3010,"SE",80,3
"2021-04-13 12:00:00",149784.474188581,785949.88322285,2785,"NW",20,2
"2019-04-05 06:00:00",163973.709054829,735092.04567385,2181,"NW",30,2
"2018-03-31 08:00:00",186627.90682589,779085.465837896,2527.6,"E",25,2
"2019-01-11 08:30:00",205460.902722367,750242.497346202,2068,"N",10,1
"2021-02-12 11:00:00",80022.6954944446,579052.107101994,2595,"S",20,2
"2021-02-08 06:40:00",147731.368692637,784502.578542988,2824,"NW",150,4
"2015-01-10 08:50:00",153150.384352356,780299.989826589,2800,"SE",25,2
"2010-03-15 12:00:00",229600.190335117,745149.962013332,2230,"E",20,2
"2019-02-04 08:00:00",146089.661400081,776441.223009146,2823,"SE",20,2
"2019-12-28 11:00:00",164060.898468946,796513.477345499,2399,"NW",40,3
"2013-03-22 09:45:00",181774.341764771,785873.936337757,2620,"E",30,3
"2010-02-21 09:00:00",170588.534523666,776732.942616185,2380,"NW",30,3
"2020-12-08 11:00:00",141885.071276216,623572.043196635,3143,"E",40,2
"2012-12-23 07:00:00",130487.278463971,601575.935425641,2700,"SE",100,3
"2014-02-12 11:39:00",92899.9149538097,629749.449375157,3400,"N",180,3
"2014-01-05 11:00:00",122945.90413529,643643.711533789,2580,"SE",15,3
"2011-01-05 04:00:00",199724.746279228,717999.996965222,2155,"E",15,2
"2014-12-31 12:40:00",190968.638799855,780929.02566338,2600,"NE",80,3
"2017-12-13 04:00:00",192487.284484174,782445.844993238,2485.4,"N",50,3
"2013-02-11 11:00:00",170638.127397817,775732.98003321,2500,"E",50,3
"2005-03-10 11:40:00",189209.251175028,730419.968521379,2010,"SE",30,2
"2020-02-03 11:00:00",99412.9970181657,627321.711682374,2555,"NW",80,4
"2018-03-28 06:00:00",188847.051592531,780724.122786192,2554.8,"NE",20,2
"2006-12-10 09:00:00",153150.384352356,780299.989826589,2900,"SE",65,3
"2013-11-30 09:00:00",181774.341764771,785873.936337757,2400,"SW",30,1
"2021-01-13 11:00:00",134384.613097005,566486.76142657,2022,"E",100,3
"2016-01-21 07:00:00",190292.121970824,732134.932594786,2500.3,"N",80,4
"2018-03-04 11:05:00",117387.99891058,553306.038873323,1900,"N",50,2
"2022-02-19 11:00:00",142184.16949467,611215.919589005,2490,"NW",35,2
"2010-02-03 13:00:00",169419.272140219,697039.987212785,2100,"NE",50,2
"2013-01-12 11:00:00",164473.000203432,578333.983505833,1950,"E",30,1
"2020-12-31 07:00:00",106278.864284114,586220.775327918,2504,"N",40,2
"2021-03-24 10:30:00",166164.458596721,789286.814091604,2916,"E",50,2
"2017-02-07 07:00:00",193967.339221333,734585.480459495,2884.4,"NE",30,2
"2003-01-02 12:00:00",145324.98993505,807619.277138075,2820,"SE",20,2
"2016-03-30 11:10:00",99072.8955050099,567196.943116786,2317.8,"NW",30,4
"2021-01-13 07:30:00",104069.035998268,586643.85783883,2461,"SE",20,1
"2019-02-04 07:00:00",205220.800867753,750379.067633628,2186,"NE",25,1
"2014-02-23 00:00:00",199724.746279228,717999.996965222,1750,"NE",20,2
"2007-03-09 11:30:00",181955.635168005,784867.929118795,2600,"NE",50,4
"2013-02-03 11:00:00",173711.241454167,734458.937049939,2540,"SE",50,2
"2002-12-29 09:00:00",116350.52514537,647659.86415918,2200,"S",40,2
"2016-03-06 13:00:00",189089.81077222,786388.153456304,2148.7,"W",30,3
"2021-12-09 11:00:00",224013.576620647,731596.82184233,1267,"NW",40,1
"2013-04-10 10:00:00",144649.921335577,604349.957967752,2560,"NW",40,3
"2019-03-16 05:30:00",204946.748244828,749607.741392929,2475,"E",15,1
"2011-03-05 15:35:00",95625.5282684937,599729.054700675,2825,"NE",60,2
"2006-01-01 11:20:00",153999.198298434,626849.827792471,1990,"W",20,3
"2008-12-28 11:00:00",196600.196288303,773406.895594381,2020,"W",100,3
"2022-02-23 08:55:00",98661.5645551881,623036.037279188,2770,"E",30,2
"2022-01-06 13:00:00",136544.461377028,567937.512063014,2011,"S",50,2
"2018-01-03 23:00:00",171599.783872615,797361.027771205,2447.5,"SE",70,3
"2013-01-20 12:15:00",180700.39656272,663349.987435599,1800,"NW",100,2
"2012-12-29 08:00:00",196577.480762163,772737.920928768,2440,"SE",50,3
"2019-01-14 07:30:00",134758.604761703,589394.02862691,2450,"SW",100,2
"2022-04-07 06:30:00",106036.59908608,587728.747754973,2726,"NE",15,2
"2012-03-10 11:00:00",170638.127397817,775732.98003321,2740,"S",30,2
"2020-02-05 15:00:00",168063.428821279,799500.054170428,2391,"NW",40,2
"2014-02-23 09:00:00",155378.671337732,744389.927975511,2800,"SE",30,2
"1997-12-23 11:45:00",180439.541188495,764899.926529314,2500,"W",90,1
"2019-03-12 06:30:00",205410.116625773,749371.387047968,2471,"NE",50,2
"2019-12-23 09:55:00",162934.270054105,729599.093047208,2315,"NE",25,2
"2003-02-17 17:00:00",103269.826475028,637059.866855593,3800,"E",60,3
"2010-02-01 10:00:00",160299.85825237,638999.93637322,2100,"NE",15,1
"2017-03-03 09:30:00",116114.452317019,608994.402290761,2345,"N",50,2
"2019-01-06 07:30:00",206099.171393028,753126.87018733,1848,"N",15,1
"1999-06-25 06:30:00",156538.875417688,642899.898050098,4020,"NE",20,2
"2019-02-03 07:00:00",162008.314891637,794619.240274972,2339,"NW",90,3
"2017-01-15 15:32:00",136006.019508328,638594.379165745,2834.4,"SE",50,3
"2019-12-22 12:44:00",132514.387249141,604823.727266885,2151,"NE",60,2
"2022-04-13 08:00:00",100235.632665559,600653.991859655,3041,"NE",40,2
"2021-03-16 15:00:00",108238.68262228,564255.431752879,2401,"E",200,3
"1997-12-14 11:45:00",117209.701031064,571859.115455425,2500,"NE",40,2
"2004-01-09 11:05:00",156180.407172869,589899.788932883,2000,"E",35,2
"2022-02-02 11:00:00",163188.433976179,727969.043145826,2763,"SE",60,2
"2022-02-12 11:00:00",165436.654824067,584896.013820133,1860,"NW",50,3
"2012-03-31 09:00:00",146550.158908234,772099.616185126,2650,"N",50,3
"2022-01-23 11:00:00",178851.571922093,786307.302316865,2748,"N",35,2
"2008-01-08 14:00:00",175499.719272778,803000.30364328,2600,"S",30,1
"2010-04-05 07:00:00",199724.746279228,717999.996965222,2600,"N",40,3
"2011-03-12 16:35:00",94579.4896670666,630164.400284239,2740,"NW",100,2
"2021-12-05 07:00:00",104843.338850152,586382.539202326,2431,"SW",10,2
"2013-01-04 05:00:00",131000.038964006,643799.915674833,2500,"E",150,2
"2020-03-03 09:55:00",225351.049182188,744196.887122982,1973,"NE",20,1
"2021-03-16 08:15:00",165580.554273029,734153.453063841,1284,"W",30,1
"2015-01-11 09:00:00",164589.982688948,793350.038912627,2620,"N",50,3
"1993-03-04 11:40:00",157130.080569909,779309.667045423,2380,"W",50,2
"2007-12-05 11:00:00",196600.196288303,773406.895594381,2000,"NE",50,3
"2013-01-19 11:30:00",181774.341764771,785873.936337757,2200,"NW",25,1
"2021-01-30 09:00:00",108175.346648149,565397.313706617,1950,"E",40,1
"2020-12-09 11:00:00",152251.383157637,682376.971258238,2019,"SE",80,2
"2010-12-18 10:00:00",181955.635168005,784867.929118795,2680,"N",40,1
"2013-01-01 08:00:00",148749.428211008,663349.943717179,2000,"SE",100,3
"2012-04-24 10:45:00",144300.194895138,782599.543869908,2800,"N",50,4
"2018-03-31 13:35:00",149373.313715132,697580.589512223,2186.1,"NE",30,2
"2006-03-05 11:00:00",144649.921335577,604349.957967752,2000,"W",50,2
"2022-02-22 10:00:00",226911.669421934,742366.279200182,1504,"N",40,1
"2010-04-02 08:15:00",234699.95404092,744360.056807058,2350,"NE",50,2
"2016-03-06 07:10:00",146040.161874786,764389.952556399,2250,"NW",160,3
"2019-02-03 07:00:00",167838.293737568,799620.169065697,2510,"W",40,3
"1999-01-01 10:00:00",153048.868601774,700749.893392975,2540,"SW",25,3
"2013-03-05 10:00:00",220670.208384994,749820.050348852,1820,"NE",20,2
"2020-03-07 09:00:00",202061.707556967,717137.575453917,2146,"S",45,2
"2017-12-11 23:00:00",161131.689058131,796595.502450507,2754.4,"N",40,3
"2020-01-30 11:00:00",224315.771974687,740858.541804116,2186,"E",40,2
"2022-02-21 23:00:00",136730.807422266,642564.358211735,2112,"E",50,3
"2009-10-19 14:00:00",196600.196288303,773406.895594381,2300,"N",50,2
"2019-03-16 05:30:00",205803.825714174,749461.753908472,2363,"E",10,1
"2021-01-15 10:10:00",100420.328344726,623640.821161303,3212,"E",50,4
"2022-02-11 12:30:00",234824.232976224,742738.697091056,1922,"NW",35,3
"2019-12-27 09:30:00",98466.742391477,624391.658520313,1908,"SE",30,3
"2003-02-23 13:00:00",147605.527979773,598812.997082716,2100,"S",80,1
"2005-01-27 09:00:00",180064.638260333,802737.912050588,2900,"SW",50,4
"2015-03-05 15:00:00",148749.428211008,663349.943717179,2100,"S",60,3
"2013-02-24 11:00:00",123381.320610498,642020.711477561,2680,"E",20,1
"2016-05-20 06:00:00",139515.8361161,793241.119984621,3723.9,"N",100,3
"2021-01-28 14:00:00",231429.961590205,746749.115341422,1728,"S",60,3
"2007-03-24 21:00:00",214799.558317889,737800.020292357,2000,"N",40,3
"2004-03-01 13:30:00",173649.429424518,599200.065631349,1660,"NW",40,3
"2018-01-28 00:00:00",195011.176620913,716973.98769573,2480,"E",250,3
"2011-02-25 09:30:00",132643.212456132,604660.57164203,2240,"SE",25,2
"2018-03-28 22:00:00",162134.429533391,796341.829777682,2592.4,"NW",50,3
"2008-11-24 09:00:00",153150.384352356,780299.989826589,2900,"E",60,4
"2021-12-15 11:00:00",168795.718814157,733729.461441185,1153,"E",20,2
"2003-01-30 08:30:00",199940.188974557,717930.01807907,2050,"SE",70,4
"2019-02-04 07:00:00",206077.80281167,749478.099802857,2271,"NE",30,1
"2006-02-20 12:44:00",91705.2106641536,621349.266845285,2820,"N",100,2
"2019-12-24 17:55:00",134509.299246192,639562.988364679,2277,"E",150,2
"2016-03-26 11:00:00",192156.836347875,730104.283650112,2877.9,"SE",30,3
"2017-05-09 10:30:00",179470.908856134,793874.019662893,2500.5,"N",80,4
"2004-01-31 00:00:00",196600.196288303,773406.895594381,2000,"SW",100,3
"2005-12-18 13:30:00",177399.751445686,761699.935200362,2500,"NE",120,4
"2004-01-15 12:45:00",168400.161680487,815544.677115235,2400,"E",140,3
"2022-02-28 23:00:00",198987.872072438,716885.587749095,1435,"E",120,2
"2013-12-28 10:42:00",112749.626660019,600924.981657031,2455,"NW",40,2
"2020-03-13 07:45:00",102353.864275767,636147.640827056,2955,"E",15,1
"2017-03-23 06:30:00",149208.969997961,697593.081091192,2288.3,"N",60,2
"2021-01-23 11:00:00",118480.628370158,704296.086746621,1825,"SW",40,3
"2016-03-01 12:00:00",164589.982688948,793350.038912627,2700,"N",40,2
"2021-12-11 08:00:00",106010.972451308,587757.460449412,2714,"E",10,1
"2022-04-03 10:45:00",139947.349068435,783812.295001288,2702,"NE",50,2
"2015-01-31 10:00:00",151949.608165491,589169.98081986,1900,"NW",80,2
"2015-02-07 11:00:00",165748.667932391,615541.200422466,2057.2,"SW",40,2
"1999-04-16 16:00:00",175450.20704652,774049.886773231,1490,"E",70,2
"2017-03-07 07:00:00",104233.705314072,636331.694983553,2313.1,"NE",60,3
"2016-01-05 11:00:00",156379.005762139,630309.875351241,2930,"NE",60,2
"2021-12-11 04:30:00",181600.443067552,662989.485266609,1747,"NW",30,2
"2012-01-08 11:30:00",148749.428211008,663349.943717179,2200,"SE",150,3
"2019-02-04 09:00:00",188783.695293874,733808.690396343,2189,"SE",20,2
"1995-01-07 10:45:00",103000.070523785,590509.112441267,3240,"S",40,3
"2014-03-08 13:30:00",180700.39656272,663349.987435599,2160,"N",30,2
"1999-12-27 13:00:00",185364.680696716,763874.961078166,2300,"NE",80,3
"2019-01-30 19:00:00",208969.619183224,702690.007404577,1720,"NW",30,2
"2006-02-11 14:35:00",144489.116936587,766224.693653196,2440,"SW",50,3
"2019-01-14 11:00:00",165783.271510981,758030.768741034,2642,"E",80,2
"2016-02-24 07:00:00",189760.039939135,780646.471914227,2634,"NE",20,2
"2021-02-08 15:30:00",165569.440437637,734153.701277289,1284,"W",25,2
"2013-12-31 10:05:00",178599.900462635,781843.874215691,2500,"NE",40,2
"2001-03-13 14:08:00",120109.599758067,646719.716757415,2500,"SW",15,3
"2016-01-09 07:00:00",189380.096656914,780144.317870206,2599.6,"NE",30,2
"2019-02-11 08:30:00",190346.691631572,735567.566033011,1901,"S",25,1
"2017-04-20 10:00:00",180519.709921801,673070.042740588,2540,"NE",50,2
"2003-02-07 08:00:00",181999.763691594,784639.957724371,2500,"SW",60,2
"2017-02-09 13:30:00",184640.673307824,661344.991895162,2220,"N",20,1
"2021-01-14 00:00:00",132912.635502337,659135.764283539,2518,"N",50,3
"2014-01-12 06:00:00",151255.357916426,769152.992271328,2250,"W",100,2
"2017-04-03 06:30:00",104436.949910135,638990.929205079,2579.4,"N",25,1
"2014-02-11 16:05:00",103089.629374195,636859.894674365,2400,"N",60,3
"2014-02-08 10:00:00",170638.127397817,775732.98003321,2220,"E",50,3
"2012-02-17 14:45:00",144649.921335577,604349.957967752,1990,"E",200,2
"2018-12-09 07:00:00",216021.54526463,792705.212738053,2183,"NE",30,2
"2021-01-27 13:00:00",202096.466074551,718336.378273223,1862,"SE",30,1
"2021-01-20 03:00:00",231259.712900432,747060.051483655,1497,"S",80,3
"2021-03-18 12:00:00",166152.017080001,790651.295640331,2859,"SE",70,2
"2017-02-09 15:00:00",107070.287019805,587269.071007191,2500,"W",40,3
"2009-01-21 11:00:00",170659.440203678,701769.916179099,1400,"W",30,2
"2020-12-29 06:30:00",141685.486613812,623703.501702162,3070,"E",40,2
"2017-03-05 14:30:00",190264.899948659,779609.998188315,2680,"NW",50,2
"2013-02-13 11:00:00",113642.282156839,600894.969049753,2500,"NW",100,2
"2019-01-06 08:00:00",205872.18344689,794431.107874946,2161,"NE",40,2
"2007-03-02 10:00:00",189830.274142592,736719.957127877,2460,"S",50,4
"2017-03-03 15:00:00",165109.796503886,787789.738525277,2760,"NE",40,2
"2014-12-31 08:50:00",209999.990919552,716125.017829461,1260,"S",60,3
"2012-12-23 12:30:00",133836.839430739,604268.581029578,2675,"SE",20,2
"2017-01-15 11:00:00",192310.121930404,779902.806861483,2256.8,"E",25,3
"2012-12-03 23:00:00",181774.341764771,785873.936337757,2480,"NW",20,3
"2017-12-27 23:00:00",166706.138701031,799088.420486891,2492,"W",50,3
"2019-01-15 15:45:00",205959.222061165,749494.464004968,2282,"E",30,2
"2022-02-23 05:03:00",178656.185588515,664212.366923221,2281,"NE",40,3
"1997-12-28 15:30:00",105760.424382665,586399.069658769,2560,"SW",30,2
"2018-03-08 09:00:00",185358.148910318,763880.103924914,2315.5,"NE",25,2
"2012-04-16 11:00:00",147000.132004286,588199.988372215,2840,"NW",150,4
"2005-02-22 05:00:00",156884.791168729,797603.337632313,2900,"S",70,3
"2020-02-07 11:00:00",141201.629517325,625012.308702392,2477,"S",40,2
"2014-12-29 07:00:00",184160.790945266,776641.84036791,2563.6,"E",30,2
"1998-01-04 10:45:00",188679.894997173,779420.029819725,2500,"E",40,3
"2015-01-24 07:33:00",153150.384352356,780299.989826589,2900,"S",15,1
"2002-12-12 11:00:00",156450.0556447,634624.963960638,2450,"SE",10,2
"2000-02-13 13:45:00",225450.127924383,743050.052860322,1800,"N",15,2
"2021-02-01 11:00:00",182139.778277882,672540.025410413,1960,"N",20,2
"2008-12-23 13:58:00",179050.126890214,765449.932897912,2840,"S",50,3
"2016-01-21 08:49:00",153465.005216728,615184.799747114,2225,"NW",40,3
"2006-03-01 23:00:00",163044.756054278,577364.976702308,1750,"W",100,2
"2015-01-28 07:00:00",192784.50545648,783471.94325065,2132.9,"N",75,3
"2009-01-23 10:00:00",174038.514897449,732425.940790886,1760,"N",25,1
"2013-02-25 11:15:00",123188.730230827,644473.666060616,2340,"SE",20,2
"2010-02-07 12:13:00",96599.8260622738,627919.445883587,3070,"S",50,3
"2022-02-20 11:00:00",124635.618191306,624452.573750361,2265,"NE",70,2
"2004-03-25 11:00:00",179739.578898855,758789.925807264,2360,"SE",100,2
"2013-01-12 11:00:00",186513.410436452,767129.961163348,2580,"W",30,2
"2015-02-03 13:00:00",235670.395793399,742129.97926997,1540,"NW",50,2
"2012-04-27 11:00:00",181774.341764771,785873.936337757,2800,"E",40,3
"2006-01-07 16:00:00",215759.276269553,722265.047702348,1900,"NW",100,3
"2004-02-19 11:00:00",181955.635168005,784867.929118795,2650,"E",15,1
"2019-02-14 11:00:00",152979.516675903,607699.79597854,2300,"W",50,2
"2007-01-03 10:40:00",120779.363053451,613439.460737813,2450,"NW",40,2
"2015-04-02 14:00:00",170922.481763327,746021.445602502,1982.6,"N",50,2
"2020-02-08 11:00:00",177858.200201074,782616.104029492,2486,"SE",50,2
"2006-02-23 10:30:00",170588.534523666,776732.942616185,2120,"NW",80,3
"2014-01-05 13:40:00",114999.784959901,604099.384228089,2680,"W",80,3
"2016-03-07 15:30:00",192702.746944912,782144.02864427,2452.5,"N",30,3
"2018-01-21 23:00:00",166781.793805835,799357.1956567,2525.2,"N",50,4
"2005-02-13 13:00:00",181955.635168005,784867.929118795,2040,"SE",50,4
"2016-01-08 07:00:00",190886.206276687,780924.727870418,2604.8,"NE",40,3
"2013-02-12 12:35:00",111099.89920466,611099.399132865,2600,"W",80,3
"2004-03-05 03:45:00",183479.602090225,662275.001035596,1740,"W",30,2
"2017-12-16 07:30:00",204231.856571232,786852.190605452,2201.9,"NE",20,2
"2020-12-26 06:10:00",141907.334091835,623579.643200942,3142,"E",70,3
"2021-03-25 11:00:00",139229.905922481,805355.573882037,2419,"N",20,2
"2018-12-08 09:00:00",154874.628899186,781349.684028598,2630,"NE",40,2
"2004-02-09 07:20:00",138259.847101018,623828.918806708,2500,"NW",40,2
"2021-11-06 11:00:00",86305.6432669543,621632.08492445,3629,"N",80,3
"2021-03-18 11:00:00",163781.551107101,796813.962249957,2540,"NE",70,3
"2017-03-04 07:30:00",205806.964476344,794443.5876844,2180,"NE",30,3
"2022-02-07 08:00:00",132269.11956797,603823.053349637,2388,"S",50,3
"2021-01-28 12:30:00",163734.984347842,732662.147190392,1388,"SE",49,2
"2021-03-23 09:37:00",101954.63801826,617439.348460165,3455,"W",50,3
"1995-01-03 14:00:00",198025.215810207,813275.286160583,2710,"NE",60,2
"2019-01-29 07:00:00",134112.703462268,565231.043357464,2200,"SE",50,2
"2013-04-11 09:00:00",187274.339163217,731986.962412731,2850,"E",20,2
"2002-12-30 09:30:00",155199.831704255,774099.704620357,3120,"NE",50,3
"2011-03-19 17:00:00",180700.39656272,663349.987435599,1730,"NW",30,2
"2005-04-02 12:00:00",180149.002056351,677199.987643099,2700,"N",15,2
"2007-12-19 15:40:00",156450.0556447,634624.963960638,2300,"SW",40,4
"2003-01-18 12:30:00",184499.801705763,777499.937626636,2580,"S",100,2
"2012-12-09 11:00:00",226752.64757123,585934.953401373,1380,"NE",50,1
"2014-01-19 12:10:00",196577.480762163,772737.920928768,2180,"NE",80,3
"2022-02-07 10:00:00",167003.993647458,590298.613695109,1784,"NW",25,2
"2021-03-15 07:30:00",134195.207727064,566562.674936316,1970,"E",30,2
"2011-03-03 09:00:00",122177.832629458,557739.039754873,1760,"N",40,3
"2020-12-09 06:30:00",165905.261322489,733755.547034238,1317,"SE",50,2
"2020-02-06 08:30:00",225260.541636667,744270.909909339,1977,"NE",20,2
"2009-12-19 08:00:00",158355.957191885,765754.940525339,2480,"SE",10,2
"2014-01-09 13:00:00",144649.921335577,604349.957967752,1900,"E",30,2
"2019-01-16 07:00:00",172715.505832058,763089.348619307,1371,"SW",80,1
"2020-03-03 08:55:00",99602.9218255518,564104.080917366,2083,"NW",120,3
"2020-02-15 11:00:00",178286.621392279,782075.382536672,2555,"NE",50,2
"2021-01-14 11:00:00",234836.832528812,742337.051048726,1596,"NW",70,3
"2005-12-10 08:00:00",189830.274142592,736719.957127877,2160,"SE",20,3
"2020-02-07 13:00:00",184569.671134507,787880.003167413,2535,"E",100,3
"2022-04-02 10:00:00",212327.467161091,713887.333606077,1920,"NW",30,1
"2008-02-04 11:00:00",164589.982688948,793350.038912627,2700,"SE",40,3
"2010-02-14 13:45:00",145519.895245446,774519.61249482,2640,"S",40,2
"2013-02-05 09:48:00",184499.31204834,768199.965535806,2500,"E",50,2
"2020-02-04 10:40:00",104859.009010257,624427.925641439,2727,"NE",50,3
"2006-01-11 10:00:00",88304.9054473924,582140.010859569,2250,"NE",50,3
"2018-01-21 23:00:00",171981.423543776,797060.584749022,2380.6,"NE",80,3
"2009-03-25 03:00:00",199724.746279228,717999.996965222,2400,"NE",80,3
"2008-02-07 01:00:00",181955.635168005,784867.929118795,1990,"E",50,3
"2012-12-08 12:35:00",155749.308081057,782909.653110851,2700,"SW",50,3
"2006-12-31 12:30:00",161138.889301036,709549.938803518,1960,"NW",40,1
"2017-12-11 23:00:00",170345.484214586,794784.435974047,2766,"S",50,4
"2015-03-31 10:00:00",129708.084137398,601842.934988081,2660,"SE",150,4
"2016-03-06 05:30:00",191007.169497594,780842.392441718,2543.3,"NW",20,2
"2018-03-19 23:00:00",99811.5484517777,567310.859679707,2238.9,"N",50,4
"2019-02-05 10:00:00",99523.3660001305,567358.45932229,2391,"N",80,3
"2017-12-11 07:00:00",134428.104410733,639386.191197846,2407.5,"E",50,3
"2021-01-23 07:00:00",164703.457210775,790566.977343381,2440,"E",80,3
"2008-02-07 10:00:00",170659.440203678,701769.916179099,2200,"S",20,3
"2017-12-11 23:00:00",170713.322919073,793985.102857471,2777.5,"S",50,4
"2018-01-04 11:00:00",103451.176137953,561631.168274948,2384.6,"SE",80,4
"2008-03-29 10:00:00",192550.553028835,798500.033915948,2800,"E",80,3
"2016-04-26 10:00:00",121739.525031967,647459.692888749,2370,"NW",10,2
"2009-02-18 04:00:00",170659.440203678,701769.916179099,2000,"S",40,3
"2015-01-17 11:00:00",151255.357916426,769152.992271328,2950,"SE",100,4
"2004-03-25 10:31:00",155010.308891932,782599.631003396,2590,"SE",25,2
"2010-02-08 11:25:00",165479.785948091,615159.901876644,1780,"SW",40,3
"2008-03-23 09:30:00",139200.08921347,626449.903537722,3020,"NE",30,3
"2013-03-27 07:00:00",181774.341764771,785873.936337757,2570,"E",20,2
"2007-02-14 11:00:00",147000.132004286,588199.988372215,2200,"E",70,4
"2022-02-22 11:00:00",224416.809156809,740145.599199741,2059,"NE",30,2
"2014-12-23 10:20:00",188363.134923239,781088.168147336,2464.7,"SE",50,2
"2003-01-15 12:45:00",154486.25120144,780082.99977634,3040,"S",50,3
"2010-02-09 05:00:00",180399.58616612,675399.955076079,2200,"SW",70,2
"2021-04-13 07:30:00",160093.162151418,704775.184045787,2053,"W",40,2
"2022-02-02 05:36:00",181611.398793949,662974.096369469,1741,"NW",10,2
"2022-01-10 07:00:00",107788.76856166,564014.674923417,2611,"SW",40,3
"2019-12-24 08:30:00",188857.777554491,735519.278202706,2220,"NE",20,1
"2018-03-08 07:00:00",167606.927344807,770661.481632814,2358.6,"N",30,3
"2019-11-18 07:05:00",163951.524013805,778247.074389203,2190,"NW",45,2
"2003-12-30 14:30:00",162749.204922564,689419.943861983,2510,"NW",100,1
"2020-03-06 07:00:00",108950.372602288,592368.13074858,2629,"NW",200,3
"2020-01-31 15:00:00",192601.349797128,783809.511026797,2221,"NE",50,3
"2021-01-28 23:00:00",198807.316523808,715030.577044551,2227,"NE",200,2
"2017-01-28 07:00:00",190484.14661228,779762.914589654,2648.1,"N",50,3
"2008-02-07 09:00:00",181955.635168005,784867.929118795,2000,"SE",30,1
"1997-12-29 13:27:00",111049.763030405,592799.208588979,2440,"NE",200,2
"2004-02-24 14:10:00",146040.161874786,764389.952556399,2430,"NW",30,2
"2019-12-27 11:24:00",98533.8147787447,624484.29526674,1943,"S",30,2
"2019-03-16 13:25:00",165513.876478932,735837.328763062,2530,"SW",25,3
"1993-04-19 13:00:00",189980.121019305,803500.134656794,3120,"N",60,3
"2003-01-19 11:00:00",181955.635168005,784867.929118795,2800,"S",50,3
"2007-12-22 14:00:00",129817.93450022,599245.986170505,2100,"SE",100,3
"2004-01-19 11:00:00",156726.167723746,612569.930693024,2580,"SW",100,4
"2003-02-10 23:00:00",156450.0556447,634624.963960638,2100,"SW",30,3
"2021-01-16 10:30:00",104390.430910241,637246.250057953,2365,"SW",40,1
"2003-02-07 08:00:00",83449.9268366021,583398.70201489,2650,"SE",120,4
"2018-01-22 20:00:00",185237.096550376,786994.944833004,2490,"SW",100,4
"2015-01-30 14:40:00",96709.8972504323,574233.810982965,2100,"NE",40,2
"2019-12-10 02:00:00",132024.377558803,603522.933181328,2303,"S",50,3
"2010-02-02 13:00:00",196600.196288303,773406.895594381,2180,"E",30,2
"2005-04-22 09:40:00",95374.746639888,583878.861293311,3050,"N",80,3
"2019-03-16 05:30:00",205622.833182688,749605.782732653,2232,"NE",10,1
"2018-01-26 17:00:00",89352.4818325394,578283.03351386,2600,"N",20,1
"2020-12-30 06:00:00",133682.821928032,606162.116323545,2490,"SE",70,3
"2017-03-02 08:00:00",188884.228704047,733829.105060615,2202,"SE",15,1
"2018-03-07 15:30:00",121024.649939746,645569.712849271,2180,"NW",25,2
"2010-12-09 07:15:00",131000.038964006,643799.915674833,3050,"SE",30,3
"2021-01-15 02:00:00",226395.017264618,744139.496763621,1752,"E",120,2
"2011-03-13 08:00:00",170588.534523666,776732.942616185,2350,"N",30,2
"2021-12-09 05:15:00",140619.124802756,650856.23754278,2309,"SE",20,2
"2005-03-09 13:00:00",154486.340746026,780085.991327467,2800,"S",20,2
"2008-04-04 09:00:00",181955.635168005,784867.929118795,2650,"NE",15,2
"2017-12-31 08:00:00",129708.084137398,601842.934988081,2840,"SE",150,4
"2019-01-29 11:30:00",205876.092523485,749549.816056317,2271,"E",25,3
"2021-01-25 23:00:00",98883.2685870892,567939.43578651,2597,"NW",60,4
"2019-02-04 07:00:00",205155.624428766,749422.585536217,2491,"NE",20,1
"2015-03-31 05:00:00",161456.592057665,764627.987918193,2600,"SE",30,2
"2017-04-21 07:50:00",174602.370625829,791583.403138559,2929.6,"NE",60,3
"2018-12-25 10:00:00",143868.932691374,655919.877877632,2235,"S",50,2
"2009-02-07 08:30:00",170659.440203678,701769.916179099,2060,"S",40,3
"2013-11-15 14:00:00",181774.341764771,785873.936337757,2150,"SW",20,1
"2015-02-28 13:15:00",89130.3706833616,584768.816528331,2800,"W",50,3
"2013-12-27 09:00:00",155274.983260661,780979.656358412,2740,"E",120,2
"2019-03-12 06:30:00",206048.498816663,749284.864357169,2413,"NE",30,1
"2015-01-31 07:00:00",189046.942449238,781741.972389563,2492.8,"SW",30,2
"2019-02-04 07:00:00",206335.746185079,749387.098024894,2300,"NE",30,1
"2009-02-14 14:30:00",170659.440203678,701769.916179099,2000,"S",130,3
"2019-01-16 12:00:00",120970.595993478,583957.047866451,2100,"E",50,3
"2017-12-12 08:00:00",203975.993812036,786459.65662056,2278.9,"N",50,3
"2021-12-09 07:00:00",104161.500301271,586065.650018768,2337,"N",40,2
"2001-12-30 14:00:00",181299.192071704,764899.956230351,2500,"W",100,3
"2005-02-17 11:00:00",170659.440203678,701769.916179099,2400,"SE",80,3
"2018-01-03 23:00:00",133032.50516075,639657.64142967,2406.9,"E",150,4
"2010-12-18 13:00:00",181043.044365815,673045.027529127,2350,"NE",60,2
"2010-01-29 11:00:00",158355.957191885,765754.940525339,2620,"E",20,2
"2022-02-01 09:15:00",226498.768211801,744152.982353474,1744,"NE",120,2
"1999-12-30 13:00:00",81806.7916941164,580783.605146463,2200,"W",80,2
"2016-02-10 08:30:00",190340.571318187,735542.834768333,1901.6,"S",30,1
"2022-04-05 10:00:00",224093.456612101,737824.620821713,2115,"NE",40,2
"2021-01-29 08:30:00",93721.0300869651,621760.769473381,2347,"NE",50,2
"2020-03-06 07:05:00",108795.070142735,592112.878960527,2511,"NW",150,3
"2003-02-14 16:00:00",159876.510866801,729237.965570541,2890,"S",50,3
"2020-01-30 11:00:00",224236.029439802,739598.821319504,2163,"NE",40,2
"2005-03-10 13:45:00",156450.0556447,634624.963960638,2650,"S",30,3
"2013-03-16 11:00:00",173869.90100242,791389.823203071,2980,"E",15,2
"2015-02-15 13:00:00",128203.460139258,647535.863206248,1900,"N",30,1
"2021-12-29 15:00:00",107647.311795057,562593.634563149,2453,"SE",60,3
"2022-02-23 09:00:00",99161.4311767771,622933.509598388,3009,"E",30,3
"2006-02-23 13:00:00",181955.635168005,784867.929118795,2150,"NE",30,2
"2016-03-03 07:00:00",188933.832593359,733660.429538379,2288.7,"SW",30,3
"2015-01-06 07:00:00",107630.444350805,565820.077698421,2400,"E",40,3
"2013-02-05 11:10:00",113642.282156839,600894.969049753,2780,"E",80,3
"2015-01-02 23:00:00",104233.204087054,561028.691124127,2553.6,"E",80,3
"2019-11-13 10:45:00",163564.102581515,732426.227941434,1471,"E",15,1
"2007-02-13 12:30:00",181955.635168005,784867.929118795,2160,"SW",40,2
"2019-01-15 15:45:00",205408.019569654,749376.462445268,2471,"NE",40,3
"2021-01-19 11:00:00",115634.102074995,642983.172293974,2927,"NE",150,4
"2021-03-24 11:00:00",149356.243065126,767333.962125776,2422,"NE",20,2
"2010-02-21 11:15:00",181955.635168005,784867.929118795,2194,"SE",40,2
"2008-03-25 14:00:00",178709.82754113,659719.981083634,2000,"W",30,3
"2021-01-15 07:00:00",170688.456514496,801167.371661876,2272,"W",70,3
"2012-01-26 07:00:00",181774.341764771,785873.936337757,2480,"SW",100,3
"2014-02-06 15:38:00",164499.652087316,733349.903885131,2740,"SW",20,3
"2014-01-14 11:00:00",141276.017098137,642501.900080646,2400,"E",60,2
"2015-02-22 14:50:00",89352.4818325394,578283.03351386,2490,"NE",35,1
"2018-03-21 08:00:00",193462.881910089,734256.161518237,2724.9,"SW",25,2
"2018-01-04 07:00:00",166020.693786311,791836.057267911,2519.2,"SE",70,3
"2020-12-06 16:20:00",163740.86075459,732424.477954551,1493,"SE",45,2
"2019-11-23 11:00:00",184212.763628649,792331.813707744,2714,"NE",70,2
"2020-12-26 11:45:00",134659.882844753,604837.430553668,2693,"SW",80,3
"2022-02-02 11:00:00",198671.750316345,714340.031940871,2395,"W",80,3
"2015-03-06 12:15:00",114950.269009159,574479.122602165,2590,"SW",50,2
"2021-01-15 11:00:00",163843.221555893,728951.186404149,2764,"SE",80,4
"2021-12-11 09:00:00",93261.5240200331,620693.073863722,2590,"E",50,2
"2016-03-10 09:00:00",192909.6764434,731124.484591603,2914.7,"NE",15,1
"2019-12-25 07:30:00",105334.149048497,587669.39497729,2862,"NW",150,3
"2016-07-09 12:45:00",235424.516324441,744155.037622921,2305,"SE",150,2
"2020-12-26 06:30:00",104130.101839774,586678.103914313,2461,"NW",50,2
"2019-01-19 13:00:00",164473.000203432,578333.983505833,1940,"NW",50,3
"2001-01-14 13:30:00",187950.020259908,791050.041661081,2800,"W",20,2
"2022-02-04 13:00:00",163308.634664332,796637.767014934,2562,"W",60,2
"2020-12-06 15:35:00",163651.105715382,732388.142706701,1509,"E",50,2
"2020-03-14 11:00:00",198417.516545106,715975.638680805,2229,"NE",180,2
"2016-02-09 14:15:00",96500.2634408781,623849.893625789,3080,"NE",20,2
"2009-02-17 12:15:00",174299.534343658,703199.945643266,2500,"S",70,2
"1997-12-30 09:40:00",178979.758632669,765599.887309906,2800,"S",50,3
"2017-02-04 10:30:00",89352.4818325394,578283.03351386,2500,"NE",25,1
"2006-02-26 09:00:00",79831.0162639403,579846.599244262,2400,"N",30,2
"2015-01-26 07:00:00",192722.237709354,783979.126887266,2086.9,"NE",15,3
"2008-02-15 11:00:00",148749.428211008,663349.943717179,2000,"NW",60,3
"2011-12-18 09:00:00",153150.384352356,780299.989826589,2940,"E",40,3
"2002-01-12 10:45:00",181824.961254094,774659.935379253,2540,"NW",40,3
"2018-01-23 07:00:00",137862.825477675,640009.805373814,2477.3,"S",80,3
"2006-02-03 11:00:00",181955.635168005,784867.929118795,2580,"N",80,3
"2016-04-14 08:00:00",145849.456837996,679949.87690529,2600,"NW",30,1
"2008-04-19 11:20:00",94680.5304157689,569338.708780877,3160,"NE",30,3
"2006-01-04 13:00:00",88304.9054473924,582140.010859569,2500,"SE",30,3
"2014-02-05 06:45:00",164499.652087316,733349.903885131,2115,"SE",20,2
"2020-01-30 07:12:00",135349.59318634,638857.211294822,2677,"E",60,4
"2020-02-14 11:00:00",132858.950431084,604761.870283228,2191,"NE",50,2
"2005-02-16 06:45:00",141324.543594007,642761.944608267,2700,"E",80,3
"2019-11-23 11:00:00",182247.237657544,793121.057380307,3003,"NE",70,3
"2015-02-14 07:00:00",182772.873147235,756620.195676558,2356,"N",50,2
"2021-01-31 07:00:00",163547.77049525,795786.541509535,2236,"SW",80,2
"2021-01-31 12:00:00",164845.47083743,790485.820116494,2500,"E",70,4
"2017-03-01 13:55:00",149296.535230061,697576.611228286,2216.1,"NE",20,2
"2004-03-03 11:00:00",154486.25120144,780082.99977634,2820,"E",25,2
"2014-02-08 16:45:00",180700.39656272,663349.987435599,1730,"NW",20,2
"2021-12-03 11:00:00",172333.160440835,599694.921537035,2151,"E",60,2
"2019-12-01 11:00:00",182816.893342488,777680.651605769,2181,"E",15,1
"2020-02-05 07:00:00",134561.704934238,566626.280105036,1961,"E",30,1
"2016-01-08 07:30:00",190815.599584608,780870.163619646,2600,"W",30,3
"2020-01-29 11:00:00",195274.783471783,676335.039726738,1880,"NE",30,3
"2017-02-06 15:00:00",180028.054175547,803233.899736828,2780,"SW",50,2
"2011-03-05 10:00:00",202900.113486371,764549.91265888,2660,"NW",30,3
"2016-01-14 07:30:00",190962.673907968,780842.135473416,2561.5,"NW",50,3
"2021-03-15 11:00:00",178984.235837651,659364.961554183,1819,"SW",30,2
"2020-03-03 10:15:00",225732.849923366,744119.82684301,1906,"NE",20,2
"2021-01-23 08:15:00",135587.850132506,566016.368495592,2160,"S",25,2
"2012-02-16 11:00:00",170638.127397817,775732.98003321,2400,"W",40,3
"2014-01-15 15:15:00",196577.480762163,772737.920928768,2480,"NW",80,4
"2022-02-23 05:14:00",178677.845492597,664158.650375605,2283,"SE",40,3
"2021-02-03 11:00:00",179693.560951536,659144.0422003,2017,"SW",100,3
"2003-04-13 10:40:00",196600.196288303,773406.895594381,2580,"N",40,2
"2018-01-10 07:00:00",192897.514333831,730975.44774842,2997.6,"NE",25,2
"2015-02-07 11:00:00",191032.103026462,774265.465935561,2341.6,"W",40,2
"2020-02-16 09:42:00",173480.014180652,782119.857017192,2690,"E",40,4
"2005-12-30 14:30:00",166509.453403524,792129.726797148,2680,"SE",40,3
"2022-02-02 08:00:00",160030.125361465,728987.01622862,1778,"N",30,2
"2004-01-31 11:45:00",220410.847485679,571940.816755216,1520,"S",120,2
"1998-03-24 12:30:00",166228.749699356,696579.942792239,2200,"NE",100,3
"2022-02-26 11:00:00",201355.474014483,716275.84655944,2055,"SE",30,1
"2006-01-03 11:00:00",154486.340746026,780085.991327467,2400,"SE",20,1
"2017-03-08 09:30:00",112121.709461964,635310.27120784,2805.9,"NE",100,2
"2016-01-03 23:00:00",98485.6366964346,564299.070602329,2168.1,"NE",40,2
"2015-03-03 12:45:00",192604.737524228,783449.079627996,2249.5,"NE",70,4
"2006-03-03 14:00:00",112069.463491961,589559.205396311,2000,"NE",20,1
"2019-03-15 08:30:00",187571.238821522,736058.869455627,1921,"E",30,2
"2009-02-19 08:00:00",164499.652087316,733349.903885131,2300,"W",65,2
"2018-03-20 10:45:00",146326.161562834,794008.876551161,2357.2,"NE",100,3
"2015-02-21 11:55:00",79582.892264751,579578.616332169,2500,"N",50,2
"2021-02-14 09:35:00",206155.298637711,748663.08507739,2256,"NW",20,2
"2018-01-05 07:00:00",159372.219216683,778676.298362429,2939.6,"SE",80,5
"2013-03-19 12:20:00",98539.8895567501,563220.738162894,2065,"N",40,3
"2005-01-02 11:00:00",170659.440203678,701769.916179099,1700,"S",65,2
"2022-01-21 12:00:00",128456.863461603,587547.201567487,2417,"NE",40,2
"2003-01-10 10:50:00",178999.508731956,765549.953511189,2810,"S",15,3
"2015-10-24 14:30:00",139452.766379981,794531.363045287,3782,"E",20,3
"2001-02-25 11:15:00",185049.364587535,768539.970247743,2360,"NW",50,3
"2003-02-07 09:00:00",185949.73419421,787270.027952564,2060,"NE",80,3
"2015-04-12 14:00:00",176626.601557183,768276.819296438,2616.9,"S",100,3
"2013-12-31 11:45:00",181774.341764771,785873.936337757,2250,"NE",50,3
"2006-02-11 11:00:00",164299.479108717,602085.972353455,1700,"W",30,1
"2017-12-02 05:00:00",183619.238914817,602140.944009151,1950,"N",30,1
"2016-05-05 07:30:00",197339.772880579,737700.027438245,2900,"E",40,2
"1997-03-09 11:25:00",181694.641867396,774919.910077818,2770,"SW",30,2
"2005-12-29 09:55:00",154486.340746026,780085.991327467,2550,"SE",20,2
"2003-12-29 12:15:00",178438.935511808,780787.879393941,2260,"NW",40,3
"2010-12-22 09:00:00",175775.267337816,780971.900682173,2600,"NW",40,2
"2012-02-11 11:00:00",181774.341764771,785873.936337757,2650,"E",50,2
"2020-02-28 11:00:00",178702.985166678,782965.059033079,2092,"NE",40,2
"2018-01-22 11:00:00",170163.907839793,793296.818419428,2400,"SW",40,3
"2017-12-13 05:00:00",192684.051651932,782333.41581221,2470.5,"N",60,3
"2015-03-05 10:00:00",141276.017098137,642501.900080646,2800,"SW",20,2
"2019-01-04 10:00:00",147320.140936255,789879.537555822,2950,"SE",35,2
"2010-02-28 09:30:00",177399.751445686,761699.935200362,2040,"NW",30,1
"2003-01-05 07:00:00",166987.24093755,662077.916954012,2300,"W",50,3
"2021-04-22 12:31:00",89367.0970490902,619620.762264549,3308,"N",15,2
"2016-01-08 07:30:00",191014.850917266,780838.955128161,2523.7,"NW",30,2
"2010-02-14 10:35:00",164499.652087316,733349.903885131,2739,"E",20,1
"2011-12-28 15:30:00",170659.440203678,701769.916179099,2200,"SW",80,3
"2002-12-28 09:00:00",110149.099089383,642989.594506574,3130,"W",50,2
"2020-12-31 07:00:00",106107.008114823,586512.743824099,2665,"N",50,3
"2004-10-30 13:00:00",145432.150453717,793046.102404661,3600,"N",150,4
"1999-02-22 07:00:00",206449.722954023,780900.21074864,2150,"S",400,4
"2011-12-25 02:00:00",88304.9054473924,582140.010859569,2100,"E",100,3
"2015-01-28 11:00:00",190640.387472184,781181.104486325,2522.3,"SE",50,3
"2005-01-04 14:00:00",207803.71702527,745246.978482767,2040,"N",110,3
"2016-01-14 07:00:00",192451.470537417,782511.405551117,2475.6,"N",80,4
"1999-02-22 07:00:00",206450.026859637,780800.188530614,2160,"S",400,4
"2022-02-19 07:00:00",106028.809607873,587732.598131651,2726,"NE",10,2
"2005-03-12 15:30:00",132059.704822846,659449.798870631,2360,"NW",90,2
"2022-02-03 03:00:00",165476.122369548,733458.686884128,1398,"E",25,1
"2006-03-14 10:40:00",193039.62240309,733329.967283478,2620,"S",100,2
"2014-02-06 10:00:00",132499.746347789,567200.046930197,2200,"N",30,2
"2015-03-06 11:00:00",192856.21884685,782981.267107217,2163.3,"NE",40,2
"2005-12-18 08:30:00",131000.038964006,643799.915674833,2800,"E",50,3
"2014-03-24 17:00:00",186513.410436452,767129.961163348,2590,"NE",50,3
"2013-02-16 17:00:00",130487.278463971,601575.935425641,2400,"SE",150,4
"2010-12-19 11:30:00",181955.635168005,784867.929118795,2190,"SE",20,1
"2008-01-18 07:30:00",108050.122522877,638499.837181918,2400,"E",30,4
"2010-03-28 10:45:00",229600.190335117,745149.962013332,1950,"NW",20,2
"2009-02-11 07:30:00",131000.038964006,643799.915674833,2400,"E",100,4
"2019-01-10 15:30:00",234980.237968481,743075.02119883,1940,"NW",150,4
"2018-01-19 15:10:00",130996.157215163,603619.547290396,2020,"SE",18,2
"2021-01-15 07:00:00",103870.770862715,585839.342025894,2192,"SW",50,3
"2018-03-19 23:00:00",164110.58760655,796638.350088069,2451.3,"NW",30,3
"2015-02-10 07:00:00",154955.954435547,789967.055604146,2533.3,"SW",30,2
"2021-12-09 11:00:00",174032.169977482,788365.312782868,2954,"W",50,3
"2003-02-11 11:00:00",170659.440203678,701769.916179099,2200,"NE",300,3
"2003-12-29 04:00:00",183479.602090225,662275.001035596,1930,"S",15,2
"2005-01-22 14:10:00",150074.468413378,593649.763116862,1990,"W",20,3
"2015-02-26 15:00:00",172085.851592128,704355.914251693,1970,"N",40,2
"2006-01-28 14:00:00",148319.935527721,769249.688363575,1930,"E",30,2
"2015-01-05 11:15:00",167704.170477498,747785.514860244,2541.2,"E",80,3
"2022-02-01 09:30:00",165128.656206729,733834.127911296,1252,"N",25,1
"2016-02-07 12:20:00",121229.735390241,613999.515629956,2500,"NW",35,2
"2016-03-05 03:00:00",99797.173064756,567296.694183018,2238.9,"NW",80,2
"2018-03-07 15:00:00",167380.794711924,766208.437044314,2205.1,"N",30,2
"2021-01-30 07:00:00",162783.270073441,796217.873389868,2569,"N",50,3
"2017-11-25 03:00:00",203908.013674614,787343.147169417,2023,"NE",70,2
"2021-01-30 07:00:00",169761.075175755,796679.321772126,2247,"NE",100,3
"2003-01-08 10:20:00",189949.571280737,778625.063183794,2640,"SW",30,2
"2020-03-02 10:00:00",196819.528421839,813123.869443482,2853,"E",30,1
"2021-02-09 09:00:00",191902.598878026,781066.566680365,2400,"NW",60,1
"2020-12-14 00:00:00",166271.222303321,733211.24019872,1600,"SE",35,2
"2017-12-11 23:00:00",163335.92367121,789139.682342047,2485.9,"NE",50,3
"1998-11-21 13:00:00",79219.9380183767,581118.619625664,2650,"W",40,2
"2021-01-29 11:00:00",93087.2702250334,621732.035533465,2411,"N",50,2
"2020-03-01 10:45:00",108430.107185624,564218.919519474,2434,"E",60,2
"2012-01-06 17:40:00",164499.652087316,733349.903885131,1530,"SE",70,2
"2020-12-05 11:00:00",79431.4941621738,579640.316062173,2601,"N",20,2
"2021-11-04 11:00:00",165134.145665122,733581.1974377,1258,"SE",33,1
"2020-01-29 07:00:00",134728.108922654,566688.770907449,1909,"E",30,1
"2015-01-05 11:15:00",177399.751445686,761699.935200362,2400,"W",20,2
"2020-01-30 11:00:00",224439.048778334,740851.677961693,2116,"E",40,2
"2020-03-10 10:00:00",163479.67871355,824699.261778595,2380,"N",60,3
"2017-02-23 14:45:00",138301.846204578,623766.914531225,3100,"SE",30,2
"2017-02-22 06:00:00",192838.917607944,730990.838171737,3021.6,"SE",20,3
"2022-04-07 06:30:00",105530.250706641,587997.756921013,2944,"N",15,3
"2015-03-05 08:07:00",89352.4818325394,578283.03351386,2610,"SW",60,4
"2019-01-30 07:00:00",205869.655879003,753110.235251201,1917,"N",20,2
"2005-12-19 09:00:00",179799.424598886,758949.928136234,2300,"SE",100,2
"2003-12-30 11:15:00",155014.273644923,789594.616075743,2430,"S",40,2
"2007-02-09 11:00:00",192399.408179554,779950.091392664,2220,"E",10,2
"2017-03-08 07:00:00",188584.12167267,780782.756256739,2618.8,"E",100,3
"2016-01-14 15:00:00",228224.575465628,589741.929231134,1370,"NE",25,1
"2021-02-11 11:00:00",139435.466828395,789552.083833692,3948,"N",100,3
"2013-01-05 09:15:00",145749.377096255,732499.815258492,2180,"S",60,2
"2021-12-28 07:30:00",105775.26711398,587773.607246117,2746,"N",20,2
"2010-03-17 08:15:00",231257.17000286,727818.054186098,1640,"SE",25,3
"2017-12-29 10:00:00",89352.4818325394,578283.03351386,2097,"E",80,3
"2008-02-02 15:00:00",148749.428211008,663349.943717179,2200,"SW",30,3
"2022-02-04 22:30:00",165983.399314413,733769.126555268,1302,"SE",25,1
"2008-02-24 11:00:00",181955.635168005,784867.929118795,2470,"NW",40,1
"1999-02-13 11:30:00",100050.260179846,569498.851956825,2200,"NE",100,2
"2019-02-02 11:00:00",150347.556407251,782250.597837357,1840,"SE",40,2
"1999-03-12 13:00:00",178999.222755039,782649.925418901,2160,"NE",50,2
"2017-01-14 14:00:00",129708.084137398,601842.934988081,2430,"SE",120,4
"2010-12-04 14:00:00",177399.751445686,761699.935200362,2260,"SE",70,1
"2010-02-13 11:00:00",199724.746279228,717999.996965222,2280,"SE",35,2
"2007-02-20 08:00:00",206338.719699346,773914.879313466,2360,"N",50,3
"2020-12-25 15:00:00",104082.36911905,561146.533440593,2518,"NE",50,3
"2019-12-24 11:00:00",95767.9993172624,622171.726314079,2266,"SE",50,2
"2007-12-13 12:00:00",170659.440203678,701769.916179099,2350,"SE",80,3
"2020-05-02 17:00:00",105161.671531215,625045.403721428,2257,"NE",50,3
"2011-04-02 08:10:00",186099.046071168,661755.039089952,2100,"N",50,3
"2021-12-09 09:00:00",93839.4852023873,620660.120264349,2485,"NE",60,2
"2016-01-16 10:00:00",164589.982688948,793350.038912627,2700,"E",50,3
"2017-12-10 11:45:00",117075.019235446,577459.175247226,1775,"NE",60,2
"2020-02-03 11:00:00",104981.042619265,624365.564400635,2756,"E",81,4
"2021-12-11 15:00:00",165547.212767122,734154.197704183,1279,"W",30,1
"2022-02-03 08:56:00",99595.7099034178,623125.392885378,3076,"SE",50,3
"2015-10-04 10:35:00",99879.7130928323,634699.467011652,3635,"NE",40,2
"1999-12-30 13:53:00",179700.020752269,764819.912092705,2520,"NW",100,3
"2016-01-22 12:30:00",205845.465459226,774922.881643607,2240,"NE",50,3
"2021-01-15 01:00:00",160764.367594824,730036.864782209,1752,"NW",60,2
"2021-01-30 11:00:00",182789.826693517,673697.286281598,1990,"NW",20,2
"2014-01-30 10:10:00",129708.084137398,601842.934988081,2500,"SW",45,2
"2012-01-12 18:00:00",170659.440203678,701769.916179099,1900,"SE",80,3
"2022-02-19 11:00:00",181816.371391646,672273.517060128,2034,"N",10,2
"2019-12-28 11:00:00",98061.9152469798,623208.644989391,2587,"S",50,2
"2021-12-04 11:00:00",209945.98615004,743567.249356561,2150,"N",50,2
"2009-01-30 06:00:00",181955.635168005,784867.929118795,2000,"S",150,3
"2010-01-14 08:00:00",148800.046079236,769910.005681202,1910,"W",40,2
"2021-02-08 11:00:00",185530.433227301,786522.278920004,2328,"SW",30,2
"2012-01-25 11:30:00",181774.341764771,785873.936337757,1820,"SE",200,2
"2018-03-28 22:00:00",161361.030629226,794104.616967364,2462.2,"N",40,2
"2021-01-28 11:00:00",231362.886132289,746644.918724453,1737,"S",60,3
"2016-01-18 06:30:00",189753.729864043,780658.493025272,2632.7,"NE",60,3
"2017-03-10 11:00:00",146569.752159266,784049.592722326,2625,"W",40,2
"2009-03-10 10:10:00",98280.4543472101,564978.744158709,1780,"NW",30,2
"2022-02-03 08:56:00",99651.4693868093,623171.625201009,3044,"E",50,3
"2019-02-02 09:30:00",192805.950203983,731211.553949301,2885,"S",50,2
"2020-12-10 11:00:00",166420.540771774,732924.538854215,1795,"SE",35,2
"1999-01-02 15:20:00",162448.797955397,688879.938510886,2420,"NW",25,3
"2007-03-02 11:00:00",181955.635168005,784867.929118795,2560,"NE",30,3
"2018-12-22 09:00:00",165609.418183181,757931.986268957,2713,"E",80,3
"2021-03-20 11:00:00",157409.017763479,772806.741416128,3330,"E",80,2
"2005-02-18 14:45:00",181891.946662171,719121.951469586,2200,"S",20,3
"2022-02-03 11:00:00",180811.355082597,663013.052239177,1880,"E",50,2
"2005-01-26 11:00:00",174551.640143665,642747.978448944,2050,"NW",60,3
"2014-12-20 11:00:00",153150.384352356,780299.989826589,2775,"E",25,2
"2004-03-08 09:30:00",152290.325699374,795773.052946369,2550,"S",20,2
"2020-12-29 05:30:00",107872.078956972,582690.660547076,2327,"N",20,1
"2016-01-16 12:00:00",189470.049547193,782924.995300344,2035,"N",60,2
"2019-12-28 11:00:00",97972.8056149825,623162.527620676,2564,"S",50,1
"2021-01-28 11:00:00",231617.295526275,747173.870339868,1801,"S",50,2
"2002-12-29 10:30:00",177435.297329057,786364.875277089,2730,"N",50,3
"2017-01-07 14:20:00",163228.744781244,690039.956461089,2460,"NW",35,2
"2022-04-03 10:00:00",156118.925035277,791322.959890413,2925,"SW",20,1
"2016-01-15 10:00:00",105949.519885141,588479.09337699,2550,"E",100,2
"2014-12-31 11:00:00",183423.297677095,767464.465775138,2382.6,"E",50,3
"2009-12-31 14:39:00",94634.4598186617,626444.419319902,2440,"N",20,2
"2021-01-16 11:00:00",144343.526650167,606135.993339311,1985,"NW",50,2
"2019-03-16 07:00:00",165830.715207863,761113.764535526,2211,"NE",30,2
"2022-02-03 08:56:00",99473.2806216045,623087.153313698,3069,"SE",30,3
"2006-12-27 09:00:00",229600.190335117,745149.962013332,1420,"NW",20,2
"2006-02-27 11:10:00",146040.161874786,764389.952556399,2740,"E",30,3
"2021-02-09 13:00:00",149609.391574613,786258.508792076,2928,"N",50,3
"2017-03-10 16:30:00",190723.886008013,780889.955393163,2610.1,"W",80,3
"2021-01-15 01:00:00",165233.803053188,734061.607568337,1284,"NW",60,2
"2004-02-29 11:00:00",154486.25120144,780082.99977634,2700,"E",20,2
"2011-02-19 13:00:00",153969.29849441,644819.862516719,3530,"S",20,2
"2017-01-22 11:00:00",166385.348110024,758764.917756358,2357.4,"NE",50,2
"2006-02-21 13:00:00",192291.928972129,822403.219405054,100,"SE",100,4
"2013-03-27 13:00:00",164589.982688948,793350.038912627,2580,"W",40,1
"2021-12-05 07:30:00",104285.421518747,586820.7652986,2483,"W",20,1
"2014-02-28 12:00:00",168999.885705371,588199.968894961,1780,"NW",30,2
"2021-01-13 20:16:00",98461.8768938379,623145.183342285,2642,"E",20,3
"2006-01-19 14:15:00",181229.302448132,675249.977870864,2800,"SW",40,2
"2010-01-03 11:04:00",152839.460782099,607709.794655512,2320,"NW",60,2
"2021-12-18 11:00:00",161103.219044884,796541.206926373,2774,"N",40,2
"2017-03-23 06:15:00",149172.374853888,697736.050652193,2276.6,"NE",50,3
"2009-02-25 11:00:00",202900.113486371,764549.91265888,1850,"NW",40,3
"2008-12-07 12:30:00",108045.062046185,585842.02522717,2650,"NW",80,4
"2022-02-02 21:00:00",192835.410873924,780283.079848267,2096,"E",170,2
"2016-01-05 14:30:00",88860.1047665239,620939.246928043,3350,"NE",35,1
"2005-01-22 11:25:00",187194.301817405,782189.982679277,1895,"E",65,2
"2022-02-19 07:00:00",106171.104071465,587731.805186889,2712,"NE",10,2
"2017-02-14 10:00:00",166005.866386219,791091.999517101,2400,"NW",50,2
"2012-01-14 18:00:00",171699.603870075,633559.95618576,1960,"NW",100,2
"2021-12-13 11:00:00",231406.796799647,746981.699938889,1641,"S",80,2
"2017-03-08 07:30:00",108750.671739879,565488.949854551,2330,"N",100,4
"2013-02-18 13:00:00",181774.341764771,785873.936337757,2440,"NE",70,2
"2019-02-03 11:00:00",217869.483883598,707800.060579748,1490,"N",40,2
"2018-01-22 15:00:00",129708.084137398,601842.934988081,2693,"S",120,4
"2005-01-27 11:00:00",154486.340746026,780085.991327467,2850,"S",30,2
"2018-01-22 12:25:00",102787.988562809,561379.462842279,2291.8,"S",150,4
"2014-01-26 08:00:00",129708.084137398,601842.934988081,2680,"S",50,3
"2019-01-10 15:30:00",235569.393736559,744030.070319275,2150,"NW",150,4
"2021-01-28 05:30:00",168408.585686776,731303.282162363,2307,"E",60,4
"2005-02-04 11:00:00",156884.791168729,797603.337632313,2650,"S",50,2
"2021-02-08 11:00:00",165101.620261136,736585.022467145,2695,"SW",20,3
"2021-01-22 11:00:00",162921.101323423,734067.238322085,1636,"W",60,2
"2018-02-17 14:00:00",129708.084137398,601842.934988081,2802,"S",30,3
"2012-01-11 23:00:00",156300.530622945,630399.914983423,2350,"S",100,3
"2001-02-04 12:30:00",206699.124642517,705430.039524881,1980,"N",40,2
"2022-02-03 09:45:00",175974.470184548,661540.655016346,1958,"W",100,3
"2021-01-17 13:40:00",144869.324247651,591309.678294836,2030,"W",30,3
"2015-04-08 10:00:00",199675.062105413,751527.211323986,2324.2,"E",100,3
"2021-03-17 14:00:00",182009.390165216,785059.93870564,2620,"NE",50,3
"2021-01-18 11:00:00",120609.405474728,643678.985175069,1952,"E",20,1
"2020-01-31 15:20:00",99224.852553247,627508.346719257,2740,"NW",50,3
"2019-12-02 11:00:00",163503.683961491,734759.92430583,2081,"W",150,2
"2021-03-12 13:00:00",157376.490397187,734691.301406621,2583,"S",20,1
"2021-12-04 23:00:00",105577.175690204,586820.571620069,2644,"N",40,1
"2005-02-05 11:00:00",145432.150453717,793046.102404661,2710,"SW",50,2
"2021-01-22 06:45:00",144179.164545523,783265.472011223,3059,"N",20,2
"2013-12-29 11:00:00",109725.482281105,588664.128177377,2400,"W",40,3
"2016-02-20 21:00:00",165271.298983066,769121.169917594,3008.7,"N",100,4
"2010-04-07 09:30:00",196600.196288303,773406.895594381,2520,"NE",50,3
"2019-12-23 19:17:00",100957.351654009,624505.50642876,2501,"NE",20,2
"2006-01-07 11:50:00",116209.736909929,573459.129658339,2720,"SW",80,2
"2019-04-05 06:30:00",145840.921009132,776492.022794393,2710,"SW",40,2
"1994-03-04 11:45:00",181624.806360167,776179.91837066,2215,"E",50,2
"2016-03-10 09:00:00",192790.802319584,730875.52799292,2980.9,"SE",20,2
"2017-03-05 08:00:00",188170.395758555,735756.468043959,2100.8,"E",25,2
"2012-12-29 13:40:00",174640.329462201,822240.029798902,2580,"E",50,2
"2016-01-18 08:30:00",188439.773147678,781011.261234975,2540.3,"E",50,3
"2008-12-16 13:00:00",170659.440203678,701769.916179099,2300,"S",150,4
"2000-04-08 07:25:00",173782.593941657,721544.958912196,2610,"E",50,2
"2012-03-08 16:30:00",180700.39656272,663349.987435599,1730,"NW",10,2
"2021-01-27 12:52:00",99242.5140925089,623784.736617357,2588,"S",30,3
"2006-02-24 09:30:00",181955.635168005,784867.929118795,2220,"NE",40,3
"2008-01-18 05:15:00",192291.928972129,822403.219405054,2320,"N",25,2
"2014-12-19 07:00:00",179361.688296068,781511.862035811,2451.4,"NE",30,2
"2011-12-27 15:00:00",170659.440203678,701769.916179099,1600,"S",50,2
"2013-04-17 11:00:00",155378.671337732,744389.927975511,2900,"NE",40,2
"2013-02-13 10:35:00",181774.341764771,785873.936337757,2240,"NW",40,1
"2014-01-18 08:30:00",214249.19640194,726000.000820906,1600,"NW",15,2
"2021-12-11 11:00:00",181760.561867525,664352.790125462,1900,"N",30,1
"2007-01-05 11:30:00",181955.635168005,784867.929118795,2650,"E",100,3
"2008-12-17 09:15:00",170659.440203678,701769.916179099,1500,"S",60,2
"2014-02-01 13:00:00",181774.341764771,785873.936337757,2400,"SW",40,2
"2008-11-29 11:00:00",164299.479108717,602085.972353455,1750,"NE",50,2
"2020-12-13 10:00:00",130783.613683173,584210.446839542,2575,"N",40,2
"2020-02-05 11:00:00",80970.7921979118,581868.68005049,2720,"W",60,3
"2021-02-01 11:00:00",141492.612610714,584468.578778155,2197,"N",300,4
"2013-01-03 11:30:00",136050.06378919,601899.551416422,2860,"SE",15,2
"2020-12-29 11:00:00",167196.156920933,792005.002337725,2849,"E",50,2
"2015-02-03 13:15:00",172863.890754575,602461.025607146,2010,"N",30,2
"1996-02-09 14:25:00",79960.7641885642,578958.548775276,2560,"S",80,2
"2009-12-23 10:00:00",106559.74696269,585899.078278604,2340,"E",80,2
"2022-04-05 10:00:00",224005.583887959,737871.717868327,2134,"NE",40,2
"2009-03-07 14:00:00",199024.162350694,646800.149711153,1455,"NW",30,2
"2013-12-28 11:30:00",192556.68954683,780666.069793185,2120,"N",50,2
"2019-04-05 06:00:00",166596.811575353,792044.324016928,NA,NA,20,1
"2009-02-24 06:00:00",170659.440203678,701769.916179099,2000,"S",100,4
"2007-01-06 11:00:00",179799.486228655,767364.918313263,2340,"N",30,2
"2010-02-07 11:00:00",181955.635168005,784867.929118795,2120,"SE",35,3
"2012-02-15 15:05:00",181774.341764771,785873.936337757,1880,"E",40,2
"2017-11-14 11:40:00",182554.329254232,674789.994796274,2350,"NW",80,3
"2004-03-11 04:00:00",183479.602090225,662275.001035596,1730,"NE",20,3
"2020-03-03 07:00:00",168385.366553472,800815.546342896,2667,"NW",80,3
"2022-02-07 05:00:00",137240.532467642,642329.977568746,2187,"E",100,3
"1995-01-05 14:20:00",134999.739630024,609349.573319164,2720,"SW",60,3
"2022-02-04 07:00:00",198935.161273952,714159.805927512,2452,"E",200,3
"2007-02-15 11:00:00",177039.520486946,661650.028036473,2080,"N",20,2
"2003-01-17 09:00:00",188280.185144701,816145.138397294,2800,"NE",30,2
"2012-04-09 07:00:00",181774.341764771,785873.936337757,2660,"S",25,2
"2013-03-29 11:00:00",138296.225165902,623750.938490586,2700,"SE",20,2
"2006-04-12 11:00:00",162499.824679788,796699.517096707,2720,"NE",30,2
"2015-04-02 11:00:00",199724.746279228,717999.996965222,2700,"NE",70,4
"2017-01-09 12:00:00",182805.90853312,784163.859188819,2527.3,"SW",25,1
"2012-02-03 16:00:00",170659.440203678,701769.916179099,2300,"SE",150,3
"2020-12-13 09:30:00",105835.343705444,588310.301994757,2653,"N",30,2
"2007-12-14 12:15:00",170659.440203678,701769.916179099,2500,"SE",80,3
"2013-03-19 11:00:00",161456.592057665,764627.987918193,2710,"E",50,3
"2019-01-07 11:30:00",204911.181476151,749652.853628546,2459,"NE",30,2
"2020-03-08 11:00:00",190399.097722889,678020.038171444,2340,"NW",25,1
"2002-12-26 13:00:00",181891.946662171,719121.951469586,2200,"E",15,2
"2015-01-28 07:00:00",192640.127808511,782351.920792695,2469.1,"NE",40,3
"2016-02-05 12:00:00",193500.427084926,733748.351737698,2727.4,"S",80,2
"2014-12-17 07:00:00",190370.104498564,779742.989196023,2689.4,"NW",10,2
"2015-04-03 06:00:00",190206.301784872,781646.914307645,2485.5,"N",50,3
"2010-12-11 14:30:00",149148.824506081,676149.917272288,2450,"NE",60,1
"2006-05-10 12:00:00",131000.038964006,643799.915674833,3500,"NE",30,3
"2004-01-05 11:00:00",145999.634000668,731589.847291776,2350,"SE",30,2
"2021-12-11 11:00:00",198662.675262027,715025.744849345,2374,"NE",100,3
"2010-04-02 09:55:00",93119.510938257,628239.399874695,3275,"NE",30,3
"2017-03-02 06:30:00",104241.612328579,637088.517220066,2330.7,"W",15,1
"2022-04-05 10:00:00",225179.181098666,744263.554149415,1990,"E",30,3
"2019-02-02 07:00:00",166371.790304026,791928.984996273,2610,"SW",50,4
"2022-02-22 14:00:00",163196.868852644,735455.821889083,2439,"SW",35,2
"2018-01-22 19:30:00",105570.709324199,564058.088953029,2253.1,"SE",80,4
"2018-01-22 23:00:00",167122.726409555,792629.229255496,2696.7,"E",70,4
"2022-02-22 13:00:00",119821.327599972,606909.012702043,2294,"NW",10,1
"2005-02-04 08:30:00",181955.635168005,784867.929118795,2070,"SE",35,2
"2021-12-03 23:00:00",105180.71134523,587683.15622097,2958,"NW",30,2
"2005-12-17 07:00:00",181955.635168005,784867.929118795,1520,"SW",50,2
"2019-04-04 22:00:00",165411.220820551,769074.471678258,2901,"NW",80,3
"2010-01-21 09:00:00",181955.635168005,784867.929118795,2600,"NE",20,2
"2016-01-18 05:00:00",191513.017099943,731830.872099825,2644.5,"E",100,4
"2008-01-17 11:00:00",170659.440203678,701769.916179099,1900,"N",80,3
"2010-01-13 07:00:00",148800.046079236,769910.005681202,1910,"NW",30,2
"2021-01-14 10:50:00",99228.6570908661,623072.598347312,2922,"SE",50,3
"2007-01-09 11:00:00",189229.959690354,780844.91640968,2480,"NE",50,3
"2020-02-05 15:00:00",168680.165932938,800850.11773117,2638,"SW",30,1
"2007-03-04 11:00:00",170659.440203678,701769.916179099,2400,"NE",80,4
"2004-02-12 08:20:00",181955.635168005,784867.929118795,2040,"E",50,2
"2021-01-29 11:00:00",149910.84760204,681948.311666633,1702,"N",100,3
"2015-02-24 11:00:00",191978.859681845,677500.064144327,2040,"NW",30,2
"2014-02-14 03:45:00",180700.39656272,663349.987435599,1730,"NW",40,3
"2016-03-01 07:00:00",206281.043871719,794791.790949824,1961,"N",20,3
"2020-01-01 11:00:00",165627.208275411,589316.345597511,1830,"W",30,2
"2018-03-20 06:30:00",216654.856356439,792545.804302216,2070.3,"NW",15,3
"2007-01-27 07:45:00",135469.903205486,604339.62379269,2800,"SW",60,2
"2021-12-31 11:00:00",196890.927839835,797262.508219383,2800,"S",70,2
"2006-01-20 09:00:00",181955.635168005,784867.929118795,2240,"SE",50,3
"2022-02-07 07:00:00",105181.797334661,563471.64579769,2316,"SE",25,3
"2006-02-12 10:00:00",184189.572870478,763969.994771232,2310,"NE",40,2
"2021-01-16 08:00:00",135448.366800182,603705.65442141,2911,"S",150,3
"2021-03-23 14:30:00",176465.937913241,782183.864232197,2800,"NW",70,3
"2000-02-10 11:00:00",207990.242287724,823925.704096238,2420,"E",50,2
"2013-12-30 12:00:00",146499.618285451,657499.854946049,2480,"E",50,4
"2011-12-18 14:00:00",150546.399578587,709488.879243727,2500,"NW",30,2
"2015-01-01 07:00:00",190594.051088317,780899.606149271,2617.9,"E",100,2
"2017-02-11 11:00:00",167758.029923809,758021.851187439,2362.5,"NE",80,2
"2022-02-11 09:00:00",226863.289305706,744188.807505022,1623,"N",15,1
"2018-03-29 22:00:00",168549.554404637,800769.448453693,2591.2,"NW",40,3
"2006-01-03 11:00:00",183299.878559568,778699.947355427,2200,"E",40,2
"2015-04-03 06:00:00",192659.719519984,783754.541316799,2217.4,"NE",60,2
"2021-12-31 13:00:00",163560.419256908,796514.516443582,2555,"SW",50,2
"2022-02-22 07:00:00",97640.5820819835,628684.744869434,3194,"W",20,3
"2006-11-09 11:00:00",181955.635168005,784867.929118795,2240,"E",30,3
"2017-02-01 07:00:00",167484.585363075,758026.367430903,2381.4,"E",50,2
"2021-12-09 05:00:00",141478.735472912,649957.215940407,2761,"S",20,2
"2022-02-03 07:00:00",163227.524898326,730305.434761903,2123,"SE",50,2
"2019-01-24 07:00:00",144309.353416082,760369.968708529,2281,"SE",130,1
"2020-12-02 06:30:00",79510.9200187116,579166.835754103,2564,"N",15,2
"2016-02-28 05:30:00",180700.39656272,663349.987435599,2200,"E",30,3
"2021-01-19 13:00:00",228449.000080548,738859.09772374,983,"SE",80,2
"2020-12-07 11:00:00",181957.193345204,672057.991011717,2076,"E",35,2
"2008-12-16 15:30:00",170659.440203678,701769.916179099,1500,"S",60,3
"2020-12-10 07:00:00",166061.028804905,731239.728283426,2556,"S",30,3
"2016-02-21 12:00:00",137589.744413446,609959.660492611,2680,"N",30,3
"2008-03-21 11:00:00",170659.440203678,701769.916179099,2400,"S",50,4
"2018-01-11 07:00:00",160369.937524853,787942.776953349,2379.5,"SE",30,3
"2021-02-28 11:00:00",175039.880365777,747281.402875348,1946,"NE",60,2
"2009-12-29 09:00:00",142979.571065789,702419.918638673,2660,"S",60,2
"2013-02-05 10:45:00",168757.418695312,602533.982080937,1900,"SE",20,2
"2019-02-04 08:00:00",145799.356746998,775640.532510801,2903,"E",25,2
"2021-01-15 11:00:00",198443.675183557,715776.468071132,2217,"N",70,3
"2004-11-21 11:00:00",199940.188974557,717930.01807907,2300,"E",40,2
"2008-02-07 11:00:00",181955.635168005,784867.929118795,2200,"SE",40,2
"2021-02-14 11:00:00",224722.086420198,740499.76886667,1949,"NW",40,2
"2020-01-30 11:00:00",223966.562835457,737915.407822846,2122,"SE",50,3
"2017-03-03 14:30:00",91995.6527820698,592935.991953435,3300,"NW",100,4
"2013-01-29 11:30:00",122349.350358467,615449.507380645,2750,"N",20,2
"2006-01-06 11:00:00",181955.635168005,784867.929118795,2260,"NE",30,2
"2009-01-22 11:15:00",106500.551205341,588089.069280909,2500,"E",30,2
"2003-02-28 10:20:00",88304.9054473924,582140.010859569,2150,"N",25,2
"2013-03-31 13:40:00",107839.377419983,600249.209517849,2490,"N",40,2
"2022-02-16 11:00:00",133150.029874171,606909.346112914,2270,"E",20,2
"2014-12-31 11:00:00",184902.691513467,776531.727079749,2653,"E",50,3
"2022-04-03 07:30:00",161184.811084072,689710.680526313,2826,"SW",40,2
"2022-02-04 08:30:00",179557.667247062,764698.382694928,2508,"NW",80,3
"2022-02-03 08:55:00",99183.6060586537,622917.943541201,3002,"E",30,2
"2017-12-13 07:00:00",192736.709204859,782163.592010285,2456.8,"N",50,3
"2014-02-06 09:10:00",189830.274142592,736719.957127877,2950,"NE",50,3
"2017-03-10 05:30:00",188777.571886953,780669.960240826,2628.2,"E",50,3
"2012-12-07 13:00:00",162699.910946948,666599.93169181,1600,"SE",60,2
"2022-02-03 08:55:00",99339.7349837492,623048.954258461,2985,"SE",30,3
"2022-02-11 13:00:00",159003.237860618,791438.373826982,2382,"NE",50,1
"2015-11-27 03:00:00",140100.162617652,625849.905121771,3000,"N",80,3
"2010-01-31 14:00:00",169945.206172515,595000.008201182,1760,"SE",120,2
"2019-12-24 05:30:00",171340.052753069,797140.615914097,2535,"SE",60,3
"2018-01-04 14:00:00",160796.797668768,787757.696475203,2659.2,"SE",60,4
"2003-01-25 13:15:00",142000.282002293,792224.414405505,2750,"NW",40,3
"2010-01-25 23:00:00",164299.479108717,602085.972353455,2380,"SE",100,3
"2015-03-27 07:00:00",165959.578324324,760402.462285061,2292.1,"N",20,3
"2019-12-22 14:28:00",109909.383458235,589006.185012084,2403,"SE",40,2
"2019-12-12 15:00:00",183273.001694873,777759.646703839,2241,"E",25,2
"2015-01-19 10:35:00",97651.4831079251,602545.108985635,2380,"E",50,2
"2004-12-20 09:00:00",157462.583535683,669163.934760362,2400,"SE",80,3
"2004-01-03 12:30:00",172174.560225783,819534.563058353,2850,"S",60,3
"2021-03-06 11:00:00",219670.204180187,750208.060405151,2160,"NE",30,2
"2002-11-22 11:00:00",199940.188974557,717930.01807907,2400,"N",30,2
"2022-02-09 11:00:00",162111.55548927,738429.967954121,NA,NA,80,1
"2020-03-03 10:30:00",226214.33870624,744118.016546443,1799,"NE",20,1
"2005-02-11 12:00:00",209039.527901311,682400.001009639,1700,"NW",50,3
"2021-02-10 07:30:00",105707.33030706,587835.564456929,2790,"N",10,1
"2006-03-10 11:30:00",94850.2337895456,620399.347443691,2180,"N",30,2
"2015-01-28 11:00:00",190462.717193468,780859.696316968,2604.9,"SE",50,2
"2019-03-15 04:00:00",184640.673307824,661344.991895162,1730,"NW",30,1
"2007-03-12 08:00:00",142549.323906484,625099.733694125,2820,"SW",25,2
"2010-01-31 10:45:00",88304.9054473924,582140.010859569,2100,"S",60,2
"2015-03-06 12:00:00",132082.963964799,582278.417289454,2040,"NW",30,2
"2004-11-23 14:30:00",140100.162617652,625849.905121771,2830,"E",40,2
"2008-01-23 09:00:00",148749.428211008,663349.943717179,2000,"S",50,3
"2014-02-14 05:00:00",129708.084137398,601842.934988081,2920,"SW",150,3
"2015-04-07 09:50:00",183619.238914817,602140.944009151,1970,"N",50,2
"2022-02-03 08:00:00",165132.433971107,791465.478557729,2288,"E",60,3
"2020-02-14 15:15:00",225208.192276315,744267.553053855,1987,"NE",50,2
"2003-01-14 09:35:00",152290.325699374,795773.052946369,2500,"N",40,3
"2016-02-01 11:00:00",112128.064239074,635825.563877458,2494.7,"SE",40,3
"2016-03-06 06:30:00",190779.474924808,780889.266077601,2619.7,"W",30,3
"2022-02-04 06:50:00",178561.716872416,663693.803502817,2403,"N",100,4
"2000-01-17 08:10:00",197613.97382727,725883.046720788,2580,"NW",20,2
"2015-02-09 11:20:00",169970.196846443,597735.990525754,1990,"E",35,2
"2006-12-10 07:20:00",181955.635168005,784867.929118795,2550,"N",35,3
"2021-01-29 11:00:00",153937.187180004,686059.89509953,2029,"S",100,3
"2016-03-06 07:00:00",165958.389380091,734937.655917473,2135,"W",35,3
"2017-01-06 09:00:00",191008.727766127,781993.567816311,2273.8,"E",40,2
"2005-01-23 10:30:00",104334.101959373,637124.538781143,2325,"NW",60,2
"2020-01-18 08:00:00",226868.023153335,744154.721889419,1646,"N",20,1
"2003-02-11 10:40:00",111059.879474356,611099.394711432,2680,"W",70,4
"2008-04-07 13:00:00",165170.14041685,828870.256297429,2760,"SE",20,2
"2020-12-06 07:00:00",165896.578669721,733365.086842175,1463,"SE",40,1
"2002-12-23 11:15:00",189099.08955747,734485.009402521,2330,"NE",10,2
"2013-03-23 11:45:00",189830.274142592,736719.957127877,2340,"NE",25,3
"2007-03-04 11:20:00",180399.58616612,675399.955076079,2550,"N",50,4
"2020-01-18 07:00:00",215170.822508146,792573.725593263,2370,"E",15,1
"2018-01-03 23:00:00",170354.571340623,796325.955131092,2182.2,"NE",50,3
"2004-02-22 09:00:00",129817.93450022,599245.986170505,1680,"N",20,3
"2022-01-11 14:10:00",205277.790735744,709365.603923737,1930,"W",20,1
"2013-01-18 07:00:00",175499.719272778,803000.30364328,2800,"SW",50,3
"2004-01-08 03:00:00",181955.635168005,784867.929118795,1555,"S",20,1
"2015-01-28 11:00:00",190641.533123236,781035.307950692,2596,"SE",30,2
"2014-12-31 13:00:00",153150.384352356,780299.989826589,2940,"S",20,2
"2022-02-08 11:00:00",165399.443392638,820550.773530233,2651,"S",60,2
"2022-04-10 10:00:00",234640.364448079,744333.410180005,2398,"SW",40,2
"2016-02-21 08:00:00",164589.982688948,793350.038912627,2300,"NE",20,2
"2019-04-05 06:00:00",166118.968837297,791395.479453149,NA,NA,30,2
"2022-02-19 07:00:00",105996.564277562,587736.089464831,2730,"E",10,2
"2021-01-28 11:00:00",225450.025773814,742304.196865429,2009,"NW",50,3
"2009-02-17 23:00:00",199724.746279228,717999.996965222,2000,"N",80,4
"2005-01-27 15:00:00",165170.14041685,828870.256297429,2600,"E",20,3
"2022-02-03 07:30:00",160550.163495285,787231.697360556,2768,"SE",60,3
"2021-01-28 08:00:00",94634.7254204692,622346.285098342,1936,"E",45,2
"2005-12-04 11:38:00",181955.635168005,784867.929118795,2660,"E",40,3
"2019-12-23 00:49:00",98529.9105803832,623493.319816195,2435,"E",30,2
"2005-02-04 11:00:00",180539.687688183,764699.899448408,2450,"W",100,2
"2021-03-16 07:10:00",165569.440437637,734153.701277289,1284,"W",25,1
"2020-12-31 07:00:00",106156.082654878,586440.78842193,2630,"N",50,3
"2010-03-16 21:00:00",181955.635168005,784867.929118795,2750,"SE",50,2
"2020-02-05 16:30:00",205059.268482561,749482.689101347,2517,"NE",100,4
"2020-01-18 11:00:00",225471.355028414,744113.42218815,1941,"NE",30,2
"2005-04-23 11:00:00",180064.638260333,802737.912050588,2840,"NW",70,3
"2021-12-08 12:50:00",79699.5339897588,579276.208604569,2469,"NE",30,2
"2014-01-22 11:45:00",186513.410436452,767129.961163348,1940,"W",100,3
"2005-02-06 12:30:00",90060.0628610687,579398.729582255,2460,"NW",50,3
"2007-03-04 08:00:00",139200.08921347,626449.903537722,2800,"E",80,3
"2019-01-12 07:30:00",192114.815857542,736060.822619454,2307,"S",20,2
"2020-01-29 09:45:00",162273.664451085,728036.884151633,2625,"NE",45,2
"2012-10-16 07:15:00",103089.629374195,636859.894674365,4000,"E",80,2
"2008-03-29 07:00:00",146500.120453177,731849.874320621,2660,"SE",15,1
"2012-12-29 09:05:00",181774.341764771,785873.936337757,2420,"NE",50,3
"2010-01-22 11:00:00",170588.534523666,776732.942616185,2560,"S",15,2
"2021-01-16 10:55:00",128736.127443084,587432.381966296,2380,"N",100,2
"2001-02-05 11:30:00",163544.2346462,632534.946203139,2070,"NE",150,2
"2021-12-13 14:25:00",165042.957206516,736938.768979804,2822,"SW",20,3
"2016-01-14 07:00:00",192577.414466374,782082.389260726,2514.5,"NW",60,4
"2018-02-13 23:30:00",184640.673307824,661344.991895162,1730,"NW",50,1
"2004-03-07 02:30:00",183479.602090225,662275.001035596,1740,"W",30,3
"2018-03-08 11:00:00",156161.064454011,619877.863728535,2095,"NE",30,2
"2022-04-02 04:00:00",177857.463885523,661187.174909444,1749,"N",30,2
"2016-02-16 10:00:00",115500.077582343,573809.145594355,2480,"SW",30,1
"2012-12-11 11:00:00",180700.39656272,663349.987435599,2200,"NE",150,3
"2022-02-17 07:30:00",105943.227498243,587724.768717967,2724,"E",30,2
"2014-12-31 07:00:00",188797.867928442,780679.118593201,2620,"NE",60,3
"2020-12-31 07:00:00",106203.009446571,586335.812610005,2561,"NW",70,3
"2021-02-16 11:00:00",156658.614179897,706100.614304795,2146,"SW",20,2
"2016-01-18 08:30:00",188665.602027098,780755.559908927,2646.1,"E",80,4
"2018-11-25 08:50:00",143500.144667982,782879.533851381,3100,"SW",25,3
"2004-05-06 11:00:00",141704.062302253,799000.191133958,2800,"NE",100,4
"2022-02-02 11:00:00",202093.062562152,717601.344905098,2111,"SE",120,3
"2016-01-14 04:00:00",190306.324881628,733126.578823007,2243.2,"NE",50,3
"2021-01-28 05:00:00",99341.6305877806,623544.375970088,2767,"S",50,4
"2010-12-22 09:00:00",181955.635168005,784867.929118795,2650,"N",60,2
"2016-01-14 11:00:00",189354.254504893,734310.34563625,2277.9,"NE",30,1
"2010-01-13 10:00:00",229600.190335117,745149.962013332,2010,"NW",50,3
"2017-12-10 23:00:00",150781.131882261,695517.533545962,1584.9,"NW",25,2
"2009-01-03 11:50:00",229600.190335117,745149.962013332,1800,"E",10,1
"2022-02-21 23:00:00",151016.249574653,576858.992875515,2130,"E",100,3
"2022-02-03 11:00:00",165262.592523341,791361.688269682,2350,"E",60,2
"2013-02-10 10:30:00",177271.03631922,756259.924051463,2240,"E",50,2
"2013-04-01 10:00:00",167297.464447522,751058.966076297,2300,"N",80,2
"2010-01-31 13:52:00",115830.109833489,607529.420390394,2740,"SE",50,2
"2022-02-18 07:00:00",106252.511889585,586568.354353153,2561,"NW",15,2
"2008-01-06 15:30:00",180700.39656272,663349.987435599,1940,"S",20,2
"2008-01-17 11:00:00",158355.957191885,765754.940525339,2300,"E",100,3
"2007-01-05 14:30:00",181955.635168005,784867.929118795,2660,"E",30,3
"2020-03-10 07:30:00",182130.847599392,672537.002535053,1967,"NW",20,2
"2014-02-07 11:00:00",167422.852017595,684087.94645234,3100,"E",150,3
"2020-01-30 07:00:00",207952.917213831,749396.201976682,1896,"NE",50,2
"2008-01-19 07:40:00",164499.652087316,733349.903885131,2080,"E",50,4
"2014-12-31 07:00:00",189591.852509949,780675.136772014,2670.2,"SE",60,3
"2013-01-05 04:00:00",147000.132004286,588199.988372215,2100,"NE",100,3
"2015-02-03 08:37:00",192326.028414932,784079.060091986,2160,"NE",30,3
"2015-02-01 09:00:00",228224.575465628,589741.929231134,1350,"NE",20,1
"2018-12-24 07:00:00",214699.017825543,793049.040176204,2219,"SE",30,2
"2012-02-15 04:15:00",180700.39656272,663349.987435599,1730,"NW",15,2
"2021-01-18 11:00:00",79253.9118819854,579554.286982208,2695,"N",80,2
"2007-03-05 11:30:00",177559.531019017,786889.914100753,2520,"NE",30,2
"2004-03-02 06:30:00",183479.602090225,662275.001035596,2400,"NE",20,3
"2006-01-05 10:30:00",152849.421351946,607674.794315972,2310,"W",30,2
"2008-03-19 11:00:00",164589.982688948,793350.038912627,2500,"NE",30,3
"2021-01-16 13:15:00",163739.43234775,730324.984228548,2274,"SE",70,3
"2018-03-01 14:40:00",86300.3176929417,574973.673399436,2290,"NW",50,3
"2010-04-03 08:00:00",144850.123965591,790519.505313824,2580,"NE",30,2
"2003-03-11 08:00:00",171100.248659585,788679.765119577,2340,"N",30,2
"2016-02-05 11:30:00",191610.038478796,737134.556442821,2094.6,"SE",40,2
"2022-02-03 11:00:00",201629.201081063,694696.859344076,1807,"NW",50,2
"2021-01-31 09:09:00",99233.3041341986,626912.231802013,2365,"NW",30,4
"2021-01-15 11:00:00",144860.462457132,783360.105464501,2747,"SW",30,2
"2016-01-08 07:00:00",190878.368988839,781143.446281077,2495.6,"NE",50,2
"2005-02-24 12:15:00",192291.928972129,822403.219405054,2740,"NW",70,3
"2010-01-28 13:00:00",216892.554909481,698718.046125625,1450,"S",60,2
"2018-03-08 09:00:00",169950.212917776,597669.955288242,2005,"SE",25,2
"2010-12-12 08:00:00",189830.274142592,736719.957127877,2350,"E",50,3
"2020-01-30 11:00:00",223396.25545663,744436.164856759,1826,"N",40,2
"2017-03-10 07:00:00",165994.773947694,760429.486456086,2257.2,"N",50,3
"2018-01-23 13:35:00",180693.844716279,672762.004445383,2340,"W",40,2
"2003-04-13 10:40:00",181955.635168005,784867.929118795,2220,"NE",20,1
"2006-01-28 09:00:00",146546.912724673,577565.984564773,2200,"N",20,1
"2015-03-06 07:00:00",178538.659173775,758331.686570939,2377.5,"SE",50,3
"2018-01-04 07:00:00",166100.569075177,791376.523740125,2706,"S",40,3
"2021-01-19 12:40:00",104075.313353883,561206.668370665,2450,"NE",100,2
"2020-01-30 07:00:00",99332.3535884965,563988.990963407,2093,"W",80,3
"2004-03-12 13:30:00",96195.5859609295,625477.867706769,2320,"NE",20,3
"2009-12-01 11:00:00",196600.196288303,773406.895594381,2450,"N",20,3
"2021-01-28 12:30:00",163700.29017886,732601.61221797,1413,"SE",45,2
"2020-01-31 11:00:00",198967.924386396,714128.713123346,2474,"E",80,2
"2007-02-19 17:00:00",203300.129757023,700600.024932772,2340,"NW",40,3
"2018-03-12 23:00:00",98894.5016705733,567500.46039574,2596.8,"NW",60,4
"2014-01-30 03:50:00",180700.39656272,663349.987435599,1730,"NW",15,1
"2017-02-28 23:00:00",103554.709863263,561258.95374014,2624.7,"NE",70,4
"2010-02-07 11:00:00",164589.982688948,793350.038912627,2700,"E",30,3
"2015-03-06 07:00:00",190248.042136874,781739.52090661,2472.6,"N",50,3
"2020-02-14 11:00:00",105565.813935165,588002.7768886,2896,"NE",30,3
"2001-02-27 09:50:00",179799.904452833,767379.889480057,2380,"N",50,2
"2015-01-25 12:00:00",148749.428211008,663349.943717179,2800,"E",50,4
"2014-12-30 15:00:00",137599.569685004,661799.823674242,2450,"SW",20,2
"2022-03-14 06:45:00",163295.540179936,729851.843220747,2320,"SE",15,2
"2014-01-24 13:00:00",107907.843878346,585577.02507168,2250,"W",40,3
"2011-12-23 02:00:00",130487.278463971,601575.935425641,2735,"SE",30,3
"2009-12-23 15:00:00",202900.113486371,764549.91265888,2350,"NW",60,3
"2006-03-16 11:00:00",181955.635168005,784867.929118795,2000,"NE",50,3
"2021-12-05 07:00:00",105250.612110094,586699.602608086,2649,"NW",60,3
"2017-02-11 11:00:00",169539.78214464,738974.895368798,2490,"N",40,2
"2012-02-16 15:00:00",180399.58616612,675399.955076079,1900,"W",35,2
"2009-03-17 08:52:00",181955.635168005,784867.929118795,2560,"E",50,2
"2014-12-20 09:00:00",180700.39656272,663349.987435599,2200,"S",40,1
"2020-12-06 07:54:00",152163.495836481,790749.776427625,2548,"W",40,3
"2010-01-31 10:30:00",225619.209060769,733040.041173064,1580,"SE",50,2
"2015-01-05 10:00:00",143980.802509795,611905.009086607,2577.3,"E",40,2
"2003-02-11 01:00:00",146673.012680672,658421.879762041,2020,"SE",60,4
"2021-03-15 11:00:00",79499.2454604205,579329.889169841,2538,"NE",50,2
"2019-02-04 08:00:00",145903.963802356,775680.997982698,2928,"SE",25,2
"2021-12-09 07:00:00",104083.213712622,586270.677640992,2400,"NW",40,2
"2020-12-13 09:30:00",141885.161227726,623595.103327302,3125,"E",30,2
"2020-02-18 08:20:00",225402.402391752,744159.159864212,1967,"N",30,2
"2005-02-02 11:00:00",181955.635168005,784867.929118795,2700,"W",50,3
"2018-01-05 07:00:00",188602.146216353,786514.507008368,2366.2,"W",50,3
"2006-02-25 11:00:00",177899.821406813,663339.994342739,2300,"W",50,3
"2017-12-11 23:00:00",163214.485180441,789803.108647633,2200.2,"NE",40,2
"2016-03-05 11:00:00",162031.568019366,794616.033025785,2329.2,"NW",40,2
"2020-01-31 11:00:00",116509.506838262,604239.40756214,2580,"E",60,2
"2020-03-11 11:00:00",219210.13824732,750529.764806787,2053,"NE",50,2
"2018-01-28 00:00:00",184640.673307824,661344.991895162,2300,"E",150,2
"2012-12-27 10:00:00",132499.746347789,567200.046930197,1800,"N",25,2
"2017-03-10 09:30:00",186513.410436452,767129.961163348,2607,"NW",120,3
"2005-12-31 14:30:00",177399.751445686,761699.935200362,2540,"W",80,4
"2014-01-09 13:00:00",196577.480762163,772737.920928768,2400,"NW",30,2
"2004-12-28 11:00:00",179502.52722851,821271.934912902,2520,"NE",40,1
"2004-12-29 13:00:00",79965.8732247459,579088.565371026,2560,"S",60,2
"2009-01-20 11:00:00",181955.635168005,784867.929118795,2360,"SW",50,2
"2018-01-24 10:35:00",144309.353416082,760369.968708529,2600,"SE",60,3
"2018-02-18 07:00:00",129708.084137398,601842.934988081,2850,"S",50,3
"2005-01-22 16:15:00",165578.197195658,642298.921588816,2300,"SE",50,3
"2022-02-22 06:06:00",179016.99136632,664682.198874179,2209,"E",30,3
"2005-01-08 11:00:00",181955.635168005,784867.929118795,2860,"W",40,3
"2018-03-12 11:00:00",146529.663856484,772199.672265334,2670,"NW",20,2
"2010-02-03 16:00:00",170659.440203678,701769.916179099,2380,"SE",100,3
"2022-02-12 12:15:00",94668.119843737,628005.851667075,2525,"NW",80,2
"2012-12-29 10:00:00",153150.384352356,780299.989826589,2650,"E",50,2
"2021-01-27 07:00:00",190158.726925937,814126.52258156,2814,"NE",30,3
"2019-12-28 11:00:00",165292.996214641,747045.770984926,2254,"S",60,3
"2019-04-04 16:00:00",201246.30804755,730829.969137882,2100,"NW",50,3
"2017-03-11 13:27:00",155859.935125823,760569.75810847,2680,"N",50,3
"2009-12-06 12:50:00",181955.635168005,784867.929118795,2790,"NE",60,3
"2016-01-18 13:40:00",205865.353818805,791919.09440574,2147,"N",30,3
"2012-12-21 15:00:00",130487.278463971,601575.935425641,2200,"SW",100,3
"2020-12-07 11:00:00",92961.7118375397,628962.518261249,3222,"N",30,3
"2022-02-03 06:00:00",158884.518139258,728451.789477426,2165,"NW",45,2
"2016-01-05 13:00:00",192275.8862513,731732.838881856,2722.5,"E",30,3
"2018-03-07 15:00:00",167333.381373226,766303.432876855,2192.5,"NE",20,2
"2020-12-16 07:30:00",136404.166106699,603320.393810211,2757,"NE",50,2
"2018-03-20 11:00:00",147955.277941776,796912.781037052,2664,"NW",120,3
"2004-01-17 05:45:00",171649.944071333,797499.501234374,2400,"SE",100,4
"2010-02-20 11:35:00",164007.921617744,738643.904636015,2364,"E",80,2
"2021-02-08 11:00:00",161523.682322277,736206.437387732,2592,"SW",60,3
"2013-11-06 14:00:00",160114.641675684,685780.962561754,2800,"W",30,2
"2005-03-14 11:10:00",181955.635168005,784867.929118795,2260,"N",50,3
"2021-01-31 08:45:00",120339.941472687,641885.207046583,2604,"E",30,3
"2012-01-03 10:00:00",170659.440203678,701769.916179099,2000,"SE",60,2
"2007-11-15 07:00:00",88304.9054473924,582140.010859569,2180,"SW",30,3
"2022-04-08 12:00:00",225405.659503846,744155.895363855,1967,"N",40,3
"2015-01-25 13:15:00",183804.899802854,777243.97487493,2370,"E",20,2
"2019-02-12 21:00:00",150826.762115504,716490.88956352,2000,"E",30,1
"2002-12-28 09:00:00",141704.062302253,799000.191133958,2305,"W",30,1
"2014-12-31 07:00:00",191158.488694492,781468.506581604,2320.9,"NE",50,2
"2021-01-30 08:30:00",108273.966468779,565066.113636993,2074,"SE",50,2
"2009-01-29 15:45:00",170659.440203678,701769.916179099,2300,"NE",120,3
"2022-03-17 16:30:00",117456.770984081,575083.077275027,2380,"SE",100,2
"2012-04-25 09:00:00",196577.480762163,772737.920928768,2400,"N",40,4
"2014-12-16 14:30:00",89352.4818325394,578283.03351386,20,"E",20,1
"2014-02-23 08:50:00",172392.745899311,683148.960309584,2700,"N",50,2
"2018-02-23 11:00:00",137269.200625467,619429.675957623,2900,"S",30,2
"2017-01-13 07:00:00",189101.165780132,734428.95603461,2321.3,"E",50,2
"2020-01-30 11:15:00",109439.974293745,592889.163150782,2580,"NW",60,2
"2016-03-05 14:00:00",153150.384352356,780299.989826589,2840,"E",30,2
"2000-04-02 09:00:00",171675.190510331,778089.857466365,2800,"NE",50,3
"2010-02-14 13:00:00",180700.39656272,663349.987435599,2320,"SE",100,3
"2021-11-29 07:50:00",165769.831506658,734164.545934349,1363,"SW",20,1
"2019-01-30 06:00:00",184640.673307824,661344.991895162,1835,"NW",80,2
"2012-01-25 08:00:00",148749.428211008,663349.943717179,2080,"S",100,3
"2021-02-09 15:00:00",202678.73672442,787760.365685362,1841,"E",20,2
"2022-02-05 11:00:00",159780.700437492,730311.169014133,2214,"NW",35,2
"2010-01-18 11:00:00",199724.746279228,717999.996965222,2600,"NW",40,3
"2014-02-11 09:25:00",129708.084137398,601842.934988081,2560,"W",80,3
"2014-03-05 11:10:00",128203.460139258,647535.863206248,2300,"NE",20,3
"2020-12-25 11:00:00",141763.331691981,623710.883509157,3062,"NE",30,2
"2008-02-07 11:00:00",181955.635168005,784867.929118795,2140,"SE",40,2
"2020-12-08 07:00:00",165745.894127526,734088.479629647,1288,"SW",40,1
"2021-12-11 05:00:00",104399.745691868,586902.150493797,2493,"NW",20,1
"2017-02-20 09:00:00",195909.008306876,679780.077782891,2105,"NE",20,2
"2015-01-18 13:00:00",104854.587445726,591064.085209226,2700,"NE",60,3
"2003-02-01 00:00:00",181891.946662171,719121.951469586,2050,"SE",80,4
"2018-01-21 23:00:00",170059.600626079,796658.815143935,2225.8,"E",60,3
"2020-02-05 07:00:00",160820.348212708,794341.305853742,2759,"N",40,3
"2021-12-14 11:00:00",145678.330531346,785734.215213918,2365,"SE",50,2
"2017-12-30 21:30:00",91995.6527820698,592935.991953435,2400,"NW",40,4
"2019-02-09 11:00:00",172664.829496498,797717.198129504,2308,"SE",90,1
"2020-12-26 08:45:00",105743.856364031,588482.179939573,2612,"NE",100,3
"2019-12-19 08:10:00",135304.484862819,604636.848818662,2799,"S",10,1
"2017-03-02 15:30:00",134267.041425657,639235.152594507,2486.3,"E",40,3
"2021-01-15 11:00:00",164288.111791578,728956.962009291,2786,"E",75,3
"2018-03-20 07:00:00",148323.916454042,786085.297710641,2843.4,"E",80,4
"2015-02-17 12:00:00",164589.982688948,793350.038912627,2480,"S",30,3
"2021-03-15 20:10:00",104891.369677043,624180.30738292,2909,"E",50,2
"2020-12-26 12:00:00",143334.519798454,764634.65474261,2840,"E",80,2
"2018-12-15 09:00:00",104119.571880157,589159.050134745,2980,"NW",80,3
"2014-12-31 07:00:00",189722.209390248,779907.937503574,2772.7,"NE",60,2
"2004-01-04 13:00:00",158374.864620618,738599.86530883,2400,"S",40,2
"2020-12-07 09:00:00",165573.856901088,734152.300387021,1284,"W",45,1
"2022-02-03 11:00:00",184078.671661729,758278.665702374,2014,"E",50,4
"2022-02-06 09:00:00",192210.207576006,784362.943148328,2119,"N",100,2
"2010-01-29 11:00:00",181955.635168005,784867.929118795,2300,"SE",25,2
"2017-01-09 09:00:00",188967.385318601,780583.998636163,2586.9,"W",40,1
"2015-01-31 10:50:00",143972.80059709,605566.670599577,1980,"NW",60,2
"2016-03-01 09:00:00",192463.755761535,735119.294233307,2490.9,"SW",40,2
"2009-01-29 11:15:00",107649.611190647,587199.097442852,2580,"W",40,3
"2021-01-18 08:00:00",134571.074391546,604991.421517903,2763,"SW",150,3
"2012-12-29 11:07:00",185780.165066106,792270.000514717,2940,"SW",70,2
"2009-03-28 09:30:00",199724.746279228,717999.996965222,2400,"NE",90,3
"2007-12-16 07:00:00",181955.635168005,784867.929118795,2260,"NE",20,2
"2021-12-08 17:01:00",155439.080133223,707549.082832253,2128,"S",25,3
"2006-11-09 11:00:00",181955.635168005,784867.929118795,2460,"W",30,3
"2010-12-26 03:45:00",180700.39656272,663349.987435599,1730,"NW",30,1
"2016-01-18 05:00:00",192815.19263348,731024.528424979,2980,"S",100,4
"2018-04-09 06:00:00",159050.899866452,797789.21217366,2908.7,"NW",50,3
"2021-12-09 07:00:00",104082.058782899,586289.703008844,2408,"N",40,2
"2012-12-25 08:30:00",181774.341764771,785873.936337757,2440,"N",100,3
"2017-03-10 07:00:00",192614.781760437,730707.879469235,2924,"SE",40,3
"2019-02-02 11:00:00",166498.722491533,769936.48909484,2206,"NE",150,2
"2021-01-15 08:00:00",163370.256266248,732762.156405489,1308,"SE",55,2
"2021-03-28 12:00:00",155602.611058076,788532.490500649,2203,"W",20,2
"2017-12-11 07:00:00",133158.947099863,639782.90830515,2323.3,"NE",50,3
"2022-04-01 06:30:00",182108.615629403,672537.271605064,1978,"NW",20,1
"2020-02-14 11:00:00",135019.975512885,605999.624049546,2530,"E",50,2
"2007-11-15 09:00:00",181955.635168005,784867.929118795,1820,"SE",100,3
"2009-12-24 11:30:00",181955.635168005,784867.929118795,2340,"NE",40,3
"2021-01-18 11:30:00",133737.413318847,605084.466289269,2391,"S",150,2
"2021-11-07 13:00:00",166251.011628223,734797.19394125,2037,"W",30,3
"2021-01-28 23:00:00",138141.918224187,642462.116679426,2403,"E",150,5
"2015-01-31 07:00:00",188505.753679758,780986.43862674,2536.9,"E",30,2
"2021-03-22 11:00:00",160210.719281462,689175.936887861,2510,"S",10,2
"2016-01-13 13:13:00",153329.562762635,781229.621780676,2800,"S",30,2
"2008-11-08 11:00:00",170659.440203678,701769.916179099,2200,"NE",100,3
"2020-03-03 09:45:00",225268.977021741,744251.894937004,1989,"NE",30,3
"2009-02-07 08:30:00",170659.440203678,701769.916179099,2240,"S",40,3
"2020-01-30 08:30:00",225830.246283566,744146.437650579,1864,"NE",40,1
"2010-04-02 11:00:00",189830.274142592,736719.957127877,2700,"SE",10,2
"2002-12-30 11:00:00",181955.635168005,784867.929118795,2200,"NE",30,3
"2020-12-08 08:15:00",163816.127156518,732307.882286323,1583,"E",50,2
"2021-02-11 11:00:00",234843.727376327,743086.564681791,2049,"NW",20,1
"2021-01-16 08:20:00",134503.232808895,603298.328819881,2674,"SE",150,4
"2017-02-12 10:55:00",184819.152355619,769759.983393103,2155,"NE",40,2
"2010-01-23 11:00:00",137460.380887494,571024.48818287,2120,"NE",50,2
"2007-03-27 07:00:00",103269.826475028,637059.866855593,3400,"W",160,4
"2021-01-29 08:30:00",93832.3350092604,621799.112606586,2288,"E",50,2
"2014-01-18 08:00:00",170638.127397817,775732.98003321,2630,"SE",50,3
"2006-01-08 12:15:00",184984.713654804,776560.014586872,2625,"E",40,2
"2021-04-13 07:30:00",160015.75858437,704799.530456117,2073,"W",30,2
"2019-12-25 06:30:00",192547.742410391,783077.376869041,2291,"NE",24,2
"2020-01-31 11:00:00",199438.248506712,714302.514491718,2427,"SE",70,2
"2016-02-22 08:00:00",193844.543009693,734366.45406902,2863.7,"S",40,1
"2017-02-07 04:00:00",141276.017098137,642501.900080646,3000,"SE",50,3
"2004-04-09 09:30:00",206498.911687735,705300.003874176,2190,"NE",45,2
"2006-04-07 12:30:00",180700.39656272,663349.987435599,2450,"NE",30,3
"2015-02-03 15:00:00",99358.0084563155,563974.512561768,2070.8,"NW",80,3
"2013-03-05 11:00:00",164085.3431466,704112.916098469,2500,"E",30,2
"2021-12-30 15:30:00",158979.367049031,730788.64755167,2651,"SW",20,3
"2017-03-06 23:00:00",103257.962654213,637840.682893287,2810.8,"W",80,3
"2021-01-30 07:00:00",158851.627535235,790867.739817716,2446,"N",60,3
"2021-12-12 15:00:00",164758.148342155,733673.833013995,1272,"NW",20,1
"2021-01-15 14:30:00",195232.089237187,676300.075902998,1910,"NE",80,2
"2009-03-12 08:00:00",229600.190335117,745149.962013332,1780,"E",150,3
"2004-01-22 15:15:00",174900.925923406,656017.967717097,1900,"SE",100,3
"2006-02-23 13:15:00",146040.161874786,764389.952556399,2360,"S",35,2
"2022-02-01 09:00:00",159882.884793279,729894.917666939,2029,"NW",35,3
"2007-04-11 09:30:00",181955.635168005,784867.929118795,2520,"N",30,3
"2021-01-31 07:50:00",108301.102143401,564227.432194332,2431,"E",180,3
"2016-02-10 13:00:00",164589.982688948,793350.038912627,2700,"NE",70,4
"2022-04-07 06:00:00",105834.121760788,588367.289714151,2663,"N",20,3
"2013-02-12 13:00:00",167214.552293414,703499.917065455,2450,"W",30,2
"2017-03-05 07:00:00",189621.192349252,780689.134472482,2649.7,"NE",70,3
"2015-02-28 16:00:00",192531.182254362,783081.393432543,2310,"NE",40,2
"2022-02-03 13:00:00",161963.313665165,794603.442263244,2331,"NW",50,2
"2018-04-13 08:30:00",190751.963375032,777895.906022595,2249.4,"W",50,3
"2013-02-10 09:50:00",153150.384352356,780299.989826589,2880,"SE",20,3
"2014-12-02 11:00:00",170659.440203678,701769.916179099,2430,"NW",50,3
"2006-12-15 11:00:00",181955.635168005,784867.929118795,2580,"E",20,2
"2008-12-03 09:00:00",202900.113486371,764549.91265888,2200,"N",30,2
"2010-02-21 05:00:00",180700.39656272,663349.987435599,1730,"NW",20,2
"2020-12-29 12:34:00",106900.016582346,593719.126418766,3020,"NE",60,4
"2018-03-28 22:00:00",162301.045182588,794591.430740643,2236.3,"NW",70,2
"2016-01-03 07:00:00",193614.785487429,734137.619552702,2761.7,"S",30,2
"2019-12-26 09:44:00",168988.447202991,694424.96470218,2250,"S",100,3
"2008-03-19 10:00:00",192550.553028835,798500.033915948,2000,"E",60,3
"2021-01-28 14:00:00",231458.259912601,746994.065503789,1671,"S",60,3
"2013-03-21 12:30:00",188650.356084509,790480.033426121,2670,"SW",20,1
"2009-12-24 13:00:00",181955.635168005,784867.929118795,2200,"E",30,3
"2019-12-27 11:13:00",98153.72609884,623951.5841604,2008,"E",30,2
"2016-02-13 00:00:00",105187.452869022,563640.121865506,2211,"SE",100,3
"2019-11-08 05:00:00",108737.558695094,643499.991707451,3530,"N",50,2
"2015-01-12 07:00:00",174124.616355723,765367.477204031,2572.3,"SE",20,3
"2004-02-21 11:00:00",181955.635168005,784867.929118795,1940,"N",50,2
"2019-02-06 07:30:00",179497.828929228,661350.583723289,2221,"SE",100,3
"2018-03-31 08:00:00",181398.92010443,671300.04525492,2300,"S",60,3
"2009-12-27 10:30:00",131150.322882157,597189.468576831,2550,"SE",80,3
"2020-03-03 06:00:00",198942.965549905,716863.61580026,1485,"E",40,2
"2022-03-04 13:20:00",117725.041906538,574729.172898108,2596,"E",300,3
"2013-01-03 14:00:00",190210.25322035,805739.750586091,2340,"W",20,2
"2021-01-13 08:00:00",226863.52045485,744152.480399932,1646,"N",20,1
"2021-12-19 12:00:00",175765.224762238,782182.59061577,2766,"W",60,3
"2010-11-29 13:45:00",160350.398361419,685472.927582967,2600,"N",20,1
"2019-02-01 22:00:00",134112.703462268,565231.043357464,2000,"NE",60,2
"2012-02-17 11:00:00",181774.341764771,785873.936337757,2090,"E",20,2
"2014-01-27 11:00:00",181774.341764771,785873.936337757,2300,"NE",30,1
"2021-01-13 01:55:00",98930.1375846926,623499.517452283,2514,"SE",20,2
"2006-02-24 11:00:00",177399.751445686,761699.935200362,2300,"NW",100,3
"1996-02-17 11:00:00",193419.575498089,782600.087568065,2080,"N",60,2
"2011-03-02 09:00:00",189449.304605203,781000.028804478,2620,"NE",30,2
"2002-12-30 09:30:00",109799.600292287,639999.637958403,2350,"E",50,2
"2008-10-09 11:00:00",170588.534523666,776732.942616185,2550,"NE",10,2
"2004-02-20 09:30:00",104638.227519064,639516.823401308,2300,"E",20,2
"2000-01-31 14:30:00",163799.582024483,689849.929017931,2280,"NW",80,2
"2015-01-01 11:00:00",193670.499528894,767349.86999503,2464.8,"E",50,4
"2017-04-22 09:25:00",179101.175374451,771614.445711908,2686.9,"NE",30,3
"2019-03-15 01:00:00",104059.089238877,561136.3281948,2585,"E",80,4
"2017-12-13 10:00:00",180306.59020014,785490.982856904,2544,"W",50,1
"2006-02-13 10:00:00",181955.635168005,784867.929118795,2360,"E",40,3
"2004-01-22 23:00:00",196600.196288303,773406.895594381,2000,"NW",100,4
"2012-01-12 08:10:00",136130.325082813,587679.98418894,2000,"W",100,3
"2013-11-24 00:00:00",103089.629374195,636859.894674365,3600,"NE",180,3
"2019-12-28 11:00:00",165342.382074007,746791.736613185,2229,"S",80,2
"2003-01-31 16:00:00",129817.93450022,599245.986170505,2040,"SW",100,4
"2010-02-08 09:30:00",187480.20004989,787520.021918232,2120,"S",50,2
"2022-01-09 15:30:00",107817.291505656,563892.008056256,2666,"SE",50,3
"2005-01-22 14:30:00",120790.10638543,613269.505322906,2370,"N",60,2
"2018-01-03 23:00:00",169786.896077984,796618.732658653,2246.9,"NE",60,3
"2020-12-05 11:00:00",79486.4300292588,579834.659578264,2577,"N",20,2
"2017-03-10 07:00:00",193454.631845388,738140.6950777,2417.2,"S",30,3
"2022-01-08 07:00:00",105711.785838546,587831.165711596,2790,"N",25,3
"2005-02-24 09:00:00",98324.6530562536,600259.087487787,3100,"S",70,2
"2021-01-18 15:00:00",106102.710915669,586446.081101199,2645,"W",50,3
"2004-12-19 20:00:00",166987.24093755,662077.916954012,3000,"E",80,4
"2009-02-05 11:00:00",196600.196288303,773406.895594381,2120,"S",50,2
"2021-12-29 10:26:00",98717.8827476891,623229.37100985,2586,"E",30,3
"2015-01-18 11:30:00",103935.306531555,591799.103232505,2750,"NE",60,2
"2014-01-26 02:00:00",116249.648297654,612529.931509649,2500,"N",50,3
"2013-01-02 23:00:00",156300.530622945,630399.914983423,2320,"S",40,3
"2019-01-07 11:30:00",206656.086539262,749567.243798146,2108,"NE",20,1
"2008-04-21 11:00:00",192550.553028835,798500.033915948,2560,"S",300,3
"2018-01-04 18:00:00",132391.951285662,639960.491995879,2287.3,"E",100,3
"2021-02-07 11:00:00",153108.123548155,705886.932709345,2499,"E",50,4
"2020-12-09 11:00:00",144111.812428343,783975.093258458,2923,"N",60,3
"2011-01-30 12:00:00",189830.274142592,736719.957127877,2920,"SW",80,3
"2007-12-22 12:30:00",197099.828994687,701749.980326275,1955,"N",60,2
"2015-01-12 14:45:00",141276.017098137,642501.900080646,2980,"E",50,2
"2022-04-07 06:30:00",105557.626668596,588208.305488869,2872,"N",10,3
"2020-03-06 06:30:00",192858.116326632,731105.789283024,2958,"E",10,2
"2011-12-31 14:00:00",153150.384352356,780299.989826589,2980,"NE",80,4
"2016-01-13 16:15:00",134327.853448506,639184.267820395,2517.9,"NE",120,4
"2017-02-11 07:00:00",104136.417304353,561039.593501144,2583.9,"NW",70,3
"2016-01-21 08:00:00",193860.558421286,734386.374684812,2863.7,"S",20,1
"2017-04-17 07:00:00",206164.200470189,794653.932282899,1987,"N",20,2
"2022-02-20 10:30:00",124003.748443999,647847.805624853,2392,"N",70,2
"2014-02-09 11:30:00",153150.384352356,780299.989826589,3000,"E",150,3
"2010-02-06 11:00:00",181955.635168005,784867.929118795,2440,"S",30,2
"2021-01-30 09:45:00",225329.697466052,744233.584014102,1981,"NE",70,3
"2014-05-04 09:00:00",145915.82204335,794011.094909815,3970,"W",60,3
"2010-04-07 07:05:00",180700.39656272,663349.987435599,2480,"NE",30,2
"2006-03-17 13:15:00",175870.375920599,792764.865168517,2635,"NE",90,2
"2004-01-08 10:46:00",181955.635168005,784867.929118795,2750,"SE",20,3
"2017-02-08 09:00:00",178255.272632535,784973.890541468,2210,"NW",40,2
"2016-01-04 08:00:00",193593.250188861,734218.54221307,2772.4,"S",35,3
"2010-02-14 12:15:00",191219.46618883,678520.072499764,2250,"NW",50,2
"2003-02-25 14:10:00",182149.414390068,665560.031813571,1800,"W",30,2
"2008-01-13 11:00:00",203300.129757023,700600.024932772,1720,"NW",40,3
"2016-01-08 07:30:00",190996.215281454,780921.476030949,2583.1,"NW",30,3
"2021-12-11 15:00:00",165569.440437637,734153.701277289,1284,"W",30,2
"2015-01-31 07:35:00",129708.084137398,601842.934988081,2600,"SW",100,4
"1996-03-28 12:45:00",111010.126783514,608499.342624312,2790,"NE",30,2
"2020-02-18 08:30:00",225502.252815385,744103.496184984,1955,"NE",20,2
"2017-01-14 23:00:00",137608.697741815,638712.918714029,2925.7,"E",60,4
"2018-03-14 04:00:00",184640.673307824,661344.991895162,1730,"NW",30,1
"2021-01-28 11:00:00",121297.012985356,643606.382022822,2103,"SE",20,3
"2016-01-14 07:30:00",188601.644552106,780847.345509187,2590.1,"E",60,3
"2011-02-24 15:30:00",186299.613630713,814399.925296155,2650,"NE",20,2
"2007-02-15 11:30:00",174399.347626491,703249.925792455,2190,"NE",30,3
"2019-11-13 10:45:00",163565.115567688,732472.182315095,1460,"E",15,1
"2020-02-05 15:30:00",136014.893365979,638591.321650284,2831,"E",100,4
"2012-02-14 09:15:00",186299.613630713,814399.925296155,2300,"S",25,2
"2021-01-23 11:00:00",147700.358974431,789238.532278133,2860,"NW",50,3
"2016-01-04 08:00:00",193782.057270453,734801.456923898,2778.2,"E",45,2
"2017-01-22 13:30:00",136759.35318341,638534.791242423,2735,"SE",50,3
"2016-03-10 17:00:00",180700.39656272,663349.987435599,2120,"SE",150,3
"2016-03-04 15:00:00",190701.363771002,735319.921625414,2026.3,"S",50,2
"2017-12-31 13:00:00",166005.866386219,791091.999517101,2700,"E",60,4
"2005-03-08 11:00:00",145432.150453717,793046.102404661,2650,"SW",50,2
"2020-12-08 07:00:00",168556.376489659,800940.0664148,2690,"W",100,3
"2019-01-14 11:00:00",224999.39968471,727850.056640382,1700,"NW",150,4
"2013-04-06 12:00:00",170638.127397817,775732.98003321,2650,"N",30,1
"2015-01-31 07:00:00",192170.309538622,781459.241224876,2438.7,"S",30,2
"2017-02-09 12:15:00",110779.707124237,593719.251538354,2540,"E",50,2
"2010-03-08 08:00:00",157289.279171104,728935.89671252,2800,"N",35,3
"2017-03-02 15:30:00",133652.542640282,639445.434004453,2477.8,"E",40,3
"2007-03-06 09:30:00",196600.196288303,773406.895594381,2200,"E",50,3
"2003-02-12 11:00:00",146673.012680672,658421.879762041,2000,"SW",100,4
"2011-03-01 10:20:00",180399.58616612,675399.955076079,2850,"NW",25,1
"2020-12-15 11:00:00",136304.155312417,603389.692116454,2753,"NE",50,2
"2017-01-17 14:00:00",129708.084137398,601842.934988081,2735,"W",100,3
"2012-02-17 10:10:00",182809.59560441,648200.032549232,1860,"NW",50,3
"2002-12-23 11:00:00",199940.188974557,717930.01807907,2100,"N",40,4
"2021-02-08 11:00:00",160218.291496162,729979.674518254,1942,"NW",35,2
"2021-01-13 08:30:00",226417.429658459,744146.536803945,1751,"N",40,2
"2002-12-25 09:05:00",154486.25120144,780082.99977634,2740,"NE",15,1
"2015-11-27 11:00:00",120970.595993478,583957.047866451,1750,"W",60,3
"2003-03-01 08:00:00",181955.635168005,784867.929118795,2070,"NE",20,2
"2021-01-16 11:00:00",234751.001450246,742467.842979633,1841,"NW",50,2
"2004-02-09 04:45:00",138259.847101018,623828.918806708,2300,"SE",40,3
"2003-02-05 23:30:00",171109.733328312,698639.981933936,2150,"SE",200,4
"2017-03-04 09:00:00",138301.846204578,623766.914531225,2900,"NW",150,4
"2008-11-25 10:30:00",170659.440203678,701769.916179099,1750,"SE",80,2
"2015-02-02 13:40:00",172899.313795297,703819.999781572,1970,"NE",40,2
"2003-01-02 15:00:00",103269.826475028,637059.866855593,2500,"E",40,3
"2022-02-06 11:15:00",147533.642909808,776038.228820118,2803,"NW",40,3
"2021-05-08 10:00:00",141811.42221718,800361.015302747,2499,"N",30,3
"2011-03-01 13:30:00",134549.250106814,605469.596175507,2925,"NE",80,3
"2005-03-10 11:00:00",183279.7447349,770729.91945501,2620,"SW",80,2
"2021-01-31 07:00:00",108850.76865212,564710.428256506,2562,"SE",50,3
"2016-01-14 07:30:00",189589.577791321,780783.896851655,2638.5,"NE",70,3
"2017-03-01 13:50:00",149163.470353473,697735.427163301,2272.9,"NE",25,2
"2019-01-13 07:00:00",156694.924898463,760271.923340377,2382,"NW",150,3
"2020-02-18 11:00:00",225413.643306861,744118.233800671,1959,"NE",20,1
"2013-03-06 12:30:00",214263.602959434,736206.036977201,2150,"NW",20,2
"2013-02-17 11:00:00",155300.251842101,612193.937764268,2540,"E",70,2
"2007-03-04 10:30:00",170588.534523666,776732.942616185,2380,"NE",40,2
"2002-12-23 11:00:00",164589.982688948,793350.038912627,2540,"SE",60,2
"2009-03-26 09:00:00",170659.440203678,701769.916179099,1800,"NW",50,3
"2016-03-04 08:20:00",183449.273412553,674520.003143648,1780,"NW",50,2
"2019-12-24 05:30:00",171548.962994359,797100.825432636,2585,"SE",60,2
"2019-12-15 08:15:00",189085.109201045,734407.188740489,2312,"S",120,2
"2011-02-02 15:00:00",108639.588696676,588559.131850622,2600,"W",20,2
"2018-03-20 11:00:00",148329.830494196,798665.42032295,2756.1,"N",120,3
"2021-01-29 06:30:00",104896.835123375,586322.258055412,2404,"W",30,1
"2011-04-04 11:20:00",149519.160618659,674289.88387088,2740,"N",40,2
"2019-02-15 18:00:00",184640.673307824,661344.991895162,1840,"SW",150,2
"2019-02-12 07:00:00",104674.606811422,637540.119256094,2256,"NW",20,1
"2020-03-03 13:30:00",172239.77429343,599805.046873546,2100,"E",30,2
"2020-03-07 10:00:00",107849.384801499,600319.244052729,2490,"NW",80,3
"2015-03-05 10:05:00",135978.786222088,658572.887365525,2100,"W",40,3
"2006-02-03 13:40:00",164499.652087316,733349.903885131,2365,"N",35,3
"2006-03-07 12:30:00",88304.9054473924,582140.010859569,2500,"NW",50,3
"2007-02-15 10:45:00",106500.345697757,587639.074324556,2770,"W",70,2
"2017-03-03 07:30:00",135603.175190779,638875.973247868,2624.2,"E",50,3
"2003-01-30 15:00:00",160234.064393595,620825.975670029,2300,"E",40,3
"2015-01-02 09:55:00",185140.131584445,768879.961126842,2390,"NE",30,2
"2004-01-22 09:00:00",136130.325082813,587679.98418894,1800,"E",40,1
"2016-03-06 13:10:00",146320.202113436,783269.56038792,2390,"NW",30,2
"2016-03-17 09:00:00",193229.393308242,706660.025416829,2290,"NW",12,2
"2015-01-04 06:30:00",189735.243938608,780635.619188199,2650.1,"NE",100,3
"2019-01-12 13:55:00",147275.302349361,603839.688603076,2340,"W",50,3
"2011-03-20 14:00:00",202900.113486371,764549.91265888,2160,"NW",40,3
"2019-02-12 11:00:00",224109.671722438,742570.075773142,2150,"NE",25,2
"2011-02-28 14:15:00",106150.103970454,586629.056948225,2580,"NE",35,2
"2003-01-06 12:05:00",181955.635168005,784867.929118795,2500,"SE",50,2
"2006-01-29 08:50:00",178709.82754113,659719.981083634,2221,"NW",22,2
"2021-12-05 11:00:00",104749.812294695,635818.220598648,2350,"NE",35,2
"2014-01-26 08:45:00",86711.2135178836,574542.671803247,2000,"NW",40,2
"2003-04-20 13:19:00",154486.25120144,780082.99977634,2530,"N",50,2
"2013-01-24 13:00:00",175424.878702492,767299.921482281,2250,"E",40,3
"2018-01-04 23:00:00",169942.412179987,795489.206079347,2566,"S",60,4
"2015-01-02 10:00:00",141276.017098137,642501.900080646,2500,"NE",30,2
"2012-01-09 04:00:00",199724.746279228,717999.996965222,2060,"SE",100,3
"2021-01-14 07:25:00",164041.830840204,732961.860296171,1334,"SE",50,2
"2004-02-21 14:00:00",196880.184454915,788560.107508504,2300,"N",30,2
"2014-01-03 11:50:00",111056.426941289,592804.238511434,2440,"NE",20,2
"2011-12-11 14:05:00",104460.424478614,585640.015896104,2900,"W",80,4
"2021-01-16 12:10:00",156541.204806398,790611.033971617,2834,"SW",40,3
"2016-01-06 13:00:00",182722.260505321,790484.912973273,2265,"N",60,2
"2004-03-09 05:00:00",152290.325699374,795773.052946369,2800,"S",30,3
"2018-12-25 07:35:00",135390.851516576,638876.876960341,2659,"E",120,4
"2022-04-01 16:17:00",98328.8907173532,623254.081870913,2600,"E",20,1
"2021-12-12 00:12:00",179227.639000547,640530.877373251,1804,"SE",90,3
"2019-02-02 11:00:00",151289.301484419,783960.640736523,1785,"SE",40,1
"2017-01-15 07:00:00",192287.357124851,784051.25809103,2193.4,"NE",50,3
"2019-01-15 04:00:00",164473.000203432,578333.983505833,1750,"N",25,2
"2010-02-07 09:00:00",189830.274142592,736719.957127877,2160,"SE",50,3
"2009-02-12 11:00:00",147000.132004286,588199.988372215,1870,"E",120,2
"2010-02-25 11:45:00",148859.7333863,760949.763767776,2360,"NW",40,3
"2000-02-27 11:40:00",96519.6389156758,581588.884980126,2520,"W",25,3
"2014-04-20 10:00:00",166496.205086289,660254.938077385,2950,"NE",30,2
"2014-01-25 13:20:00",186513.410436452,767129.961163348,2660,"E",30,2
"2020-12-10 07:00:00",165293.896065885,730222.324909746,2820,"S",25,4
"2017-12-11 23:00:00",166341.189611873,791632.54932421,2694,"S",20,3
"2014-03-07 11:00:00",159196.375837693,603298.006066101,1900,"N",20,2
"2021-02-02 08:00:00",105857.581186168,587748.488314028,2721,"NE",20,1
"2004-12-29 13:00:00",150177.227174608,670962.894818595,2080,"NW",80,3
"2021-01-16 09:00:00",181002.467782552,781411.937051995,2090,"NE",100,2
"2018-02-13 13:00:00",137019.606057146,574855.438180587,2030,"SE",50,2
"2022-02-08 12:00:00",166857.864358836,799035.110712988,2467,"SW",60,3
"2015-03-15 09:30:00",141775.629468887,608058.678411483,2305,"N",30,2
"1994-02-17 13:30:00",181449.303604563,785649.977047459,2560,"SE",70,3
"2016-02-10 07:00:00",166047.287557081,758090.550799224,2587.9,"NE",50,3
"2019-03-02 13:00:00",175542.020960497,706099.922696802,2420,"SE",30,3
"2007-03-21 16:00:00",181955.635168005,784867.929118795,2380,"NE",20,3
"2014-01-22 08:00:00",186513.410436452,767129.961163348,2050,"W",40,2
"2019-01-15 06:00:00",184980.208858675,804315.893872288,2410,"SE",100,4
"2016-01-16 03:00:00",228224.575465628,589741.929231134,1332,"W",20,2
"2002-03-05 11:45:00",172569.906439318,820305.022912387,2750,"SE",60,3
"1993-03-12 14:15:00",185780.299146312,779674.941283181,2100,"NE",45,2
"2017-01-06 08:00:00",192165.027331433,736117.260520715,2336.3,"S",100,2
"2021-03-06 09:30:00",224788.284416507,739248.018797371,1816,"N",30,2
"2015-01-10 07:00:00",154495.001496383,790970.041751449,2710.8,"SW",30,1
"2009-02-15 13:15:00",119399.194090799,615519.504145876,2560,"NW",60,2
"2000-02-21 09:45:00",225419.975795759,744150.08741425,1950,"NE",280,3
"2019-04-05 06:00:00",160975.064786999,796091.071896725,2680,"N",60,2
"1999-12-30 14:00:00",180549.762072647,764499.906742043,2350,"NW",110,3
"2020-12-07 11:00:00",136370.816564139,658070.869941539,1985,"S",60,2
"2019-01-07 08:00:00",228416.004990802,746607.961138397,2420,"S",60,4
"2018-12-11 10:00:00",165608.889024308,642394.952160814,2500,"NW",100,3
"2004-12-26 11:00:00",177904.382962615,756921.001489403,2200,"NE",40,3
"2006-01-30 18:00:00",180700.39656272,663349.987435599,2160,"SE",50,3
"2019-01-14 13:20:00",165990.125804541,734914.959215924,2136,"SW",40,3
"2008-02-07 11:00:00",181955.635168005,784867.929118795,2610,"E",15,2
"2004-02-14 12:30:00",181955.635168005,784867.929118795,2150,"NW",15,1
"2003-04-07 14:45:00",181955.635168005,784867.929118795,2500,"SE",70,2
"2021-01-16 14:30:00",235293.603938662,743295.310762279,1746,"NW",50,2
"2021-01-29 08:30:00",132458.853564491,604885.360858258,2149,"NE",120,3
"2008-01-27 07:00:00",186299.613630713,814399.925296155,2380,"SE",130,3
"2015-03-03 09:20:00",144649.921335577,604349.957967752,2850,"NE",100,4
"2008-12-13 09:00:00",181955.635168005,784867.929118795,2420,"E",20,2
"2021-01-14 11:45:00",116458.234028593,577409.165919894,1800,"SE",25,2
"2017-02-27 11:00:00",102371.447581093,558149.05489198,2662.5,"E",40,3
"2008-01-09 14:00:00",170659.440203678,701769.916179099,1900,"SE",80,3
"2014-12-31 07:00:00",189431.751451877,781154.976523367,2543.3,"NE",50,4
"2019-11-18 14:00:00",150348.194523115,681241.115934683,1495,"SE",25,2
"2017-11-22 07:00:00",180754.056481008,790778.778910417,2595.1,"NE",30,3
"2021-01-23 11:14:00",107129.75250576,587539.088065499,2710,"NE",50,3
"2007-03-09 09:30:00",174399.347626491,703249.925792455,2420,"NE",20,2
"2018-03-30 10:00:00",189379.811302123,779580.017158765,2600,"W",30,2
"2021-03-15 11:00:00",79887.9391306539,579447.700874136,2501,"SE",50,2
"2009-02-15 07:00:00",189830.274142592,736719.957127877,2500,"SE",80,4
"2018-02-24 12:50:00",96869.595885843,606549.214532946,3500,"W",50,3
"2020-01-30 11:00:00",224259.707353398,748162.873253356,1738,"NW",80,3
"2006-01-24 13:00:00",229600.190335117,745149.962013332,1710,"SE",110,2
"2020-12-26 11:00:00",117463.023333514,643788.343304767,2748,"E",50,3
"2013-03-23 09:40:00",182100.063153141,793109.981728775,3060,"NE",50,2
"2004-02-09 17:00:00",183279.7447349,770729.91945501,2000,"NE",30,2
"2018-01-23 11:00:00",118300.381928964,574849.18810324,2600,"SE",100,4
"2021-01-28 05:00:00",98008.3012272172,623719.872652664,2237,"E",50,3
"2018-01-22 10:00:00",188625.373752764,782799.058085782,2060,"E",80,3
"2018-12-09 07:00:00",215360.797001698,792807.24029107,2320,"N",50,2
"2011-12-25 08:00:00",156300.530622945,630399.914983423,2300,"S",60,2
"2014-02-17 15:15:00",116249.648297654,612529.931509649,2510,"N",80,3
"2007-01-29 08:30:00",180700.39656272,663349.987435599,2450,"NE",40,3
"2009-02-07 08:30:00",170659.440203678,701769.916179099,1800,"N",50,3
"2004-03-17 09:00:00",176664.334321768,782014.902473669,2670,"SW",25,2
"2010-02-17 09:30:00",164499.652087316,733349.903885131,1358,"NW",20,2
"2003-02-13 09:00:00",150900.059346427,666799.935902945,2100,"W",70,3
"2011-02-26 10:00:00",184859.979594638,779989.939167376,2100,"SE",80,2
"2018-01-04 23:00:00",170290.947456559,794988.774980932,2722.9,"S",60,4
"2021-12-06 15:05:00",104723.950747868,587088.087010289,2612,"NW",60,2
"2016-02-01 09:00:00",192602.458179221,730652.786512978,2952.5,"E",50,4
"2004-04-12 08:32:00",154486.25120144,780082.99977634,2860,"N",20,2
"2015-02-06 12:50:00",192425.321404711,781908.877105648,2468.9,"SE",20,3
"2006-03-15 12:45:00",107850.58683975,585349.080430808,2240,"NE",65,3
"2020-12-07 07:30:00",105902.092987535,587726.231481334,2720,"E",30,2
"2011-01-06 13:30:00",183699.917188285,790099.955201063,2100,"NW",30,2
"2007-03-10 11:00:00",164589.982688948,793350.038912627,2500,"NW",40,3
"2014-01-25 11:00:00",155378.671337732,744389.927975511,2740,"E",30,2
"2021-02-10 07:00:00",108010.173916864,564930.162527243,2116,"E",25,2
"2018-03-16 11:00:00",163349.331634651,691399.907537289,2020,"N",50,3
"2007-03-26 14:00:00",181955.635168005,784867.929118795,2700,"NW",80,3
"2022-01-23 15:00:00",194124.267178058,724375.240345461,2415,"SE",75,3
"2015-01-31 03:25:00",180700.39656272,663349.987435599,1730,"NW",40,2
"2021-01-29 11:00:00",151090.064048106,683621.085003252,1599,"NW",100,3
"2014-02-17 16:00:00",170659.440203678,701769.916179099,2100,"SE",60,2
"2009-02-07 08:00:00",170659.440203678,701769.916179099,1960,"SE",50,3
"2014-01-24 13:30:00",113070.256700357,594294.27090313,2250,"W",40,2
"2016-02-11 12:00:00",164589.982688948,793350.038912627,2650,"E",100,3
"2015-03-03 07:30:00",129708.084137398,601842.934988081,2330,"S",18,3
"2020-01-20 01:00:00",133526.376096405,605292.470655732,2381,"SW",120,2
"2021-12-09 11:00:00",183935.650339171,778351.16101233,2438,"NE",30,2
"2020-02-14 15:25:00",225389.99473995,744151.951824435,1967,"N",30,2
"1996-01-10 15:30:00",108275.265085247,587299.133135017,2440,"N",50,3
"2019-12-26 18:00:00",163372.708855759,734869.456281357,2129,"SW",25,2
"2017-01-14 15:00:00",102624.688837202,557701.276249289,2807.3,"NE",80,4
"2017-02-25 08:00:00",204732.911146895,792639.609966292,2433,"NE",20,3
"2007-03-20 14:30:00",229600.190335117,745149.962013332,1200,"NW",70,2
"2016-05-20 10:00:00",111375.132304316,635199.575891513,3112.9,"E",100,3
"2019-01-30 15:00:00",217393.275451284,793021.821391204,1819,"N",70,3
"2020-02-03 11:00:00",107695.600881004,624880.36043125,2744,"E",50,3
"2021-12-13 11:00:00",232819.681674005,742298.746418505,1661,"S",120,3
"2021-01-31 07:00:00",132747.526293266,604415.530328428,2429,"E",150,3
"2001-02-27 12:35:00",196929.725669363,680450.086726378,2140,"N",100,4
"2019-03-07 13:30:00",190282.499058989,732754.978687542,2407,"NE",50,2
"2012-12-09 08:40:00",105824.844447914,586424.11432222,NA,"NW",60,3
"2017-03-08 20:00:00",98145.6362974813,563708.152724269,2317.8,"N",200,4
"2003-02-21 11:00:00",147605.527979773,598812.997082716,2100,"SW",80,2
"2003-01-06 15:00:00",199940.188974557,717930.01807907,2060,"S",40,2
"2013-02-09 14:00:00",181774.341764771,785873.936337757,2500,"NE",40,2
"2019-02-04 11:00:00",161613.605901694,622664.911145748,1880,"NW",50,2
"2001-01-09 10:45:00",105419.652494288,586669.042363439,2640,"W",80,3
"2022-02-03 06:00:00",158534.606327652,728727.678036245,2357,"NW",45,3
"2021-01-28 12:25:00",164727.022536524,733724.171280693,1308,"NW",50,2
"2009-02-28 12:00:00",196600.196288303,773406.895594381,2440,"E",30,3
"2014-12-20 10:00:00",202733.882360253,748276.057401251,2820,"E",30,3
"2007-03-08 11:30:00",137239.896233125,779699.513548302,2900,"NE",50,3
"2005-12-21 11:00:00",202900.113486371,764549.91265888,2450,"SW",120,4
"2017-12-12 07:00:00",165155.733871755,791393.912885716,2327.2,"E",50,2
"2011-12-23 14:30:00",155358.206694743,774958.669851619,2690,"NE",30,2
"2022-02-06 11:45:00",146252.092846949,664981.270274674,2409,"NE",50,3
"2009-01-21 13:00:00",170659.440203678,701769.916179099,2000,"N",50,2
"2014-03-27 15:00:00",189830.274142592,736719.957127877,2520,"SW",30,3
"2016-02-28 23:00:00",89352.4818325394,578283.03351386,2720,"S",60,3
"2020-02-05 12:00:00",135471.106600987,604467.435120962,2872,"W",80,3
"2011-11-09 08:15:00",103269.826475028,637059.866855593,3400,"N",50,1
"2015-12-30 11:00:00",141380.395551609,608437.651182184,2500,"NW",15,2
"2018-01-03 23:00:00",163620.641574069,796247.262084647,2429.1,"NW",50,3
"2019-02-13 13:00:00",177271.03631922,756259.924051463,2016,"NE",30,1
"2022-02-22 04:17:00",180662.992402912,663702.041470265,1915,"S",10,2
"2022-01-13 13:30:00",162758.443138418,727618.012723906,2748,"SE",20,1
"2016-02-17 14:30:00",146040.161874786,764389.952556399,2480,"S",60,2
"2016-01-12 07:00:00",188757.360235964,780700.419101619,2622.4,"E",40,3
"2004-01-14 11:00:00",154300.30616976,783899.644632574,2300,"NE",20,2
"2016-02-21 11:00:00",89229.6485682252,586498.806681421,3520,"SW",25,3
"2000-02-15 09:15:00",177154.656232478,781569.924989808,2520,"N",40,2
"2019-01-14 10:27:00",116149.827058688,553274.006111864,1985,"S",40,2
"2021-03-21 09:10:00",158632.433774745,641669.891642567,2360,"NW",60,2
"2006-03-09 11:00:00",144649.921335577,604349.957967752,2640,"E",80,4
"2018-02-18 11:00:00",115959.9536792,605174.341859536,2405,"SE",30,2
"2019-03-29 15:00:00",173043.823240337,797438.301923346,2602,"S",30,3
"2019-01-29 11:30:00",205002.438269679,749699.884180219,2358,"NE",35,2
"2007-02-28 11:00:00",181955.635168005,784867.929118795,2420,"E",40,2
"2003-01-30 06:30:00",135463.881695785,566716.003430496,1900,"NE",30,2
"2008-02-11 11:00:00",181955.635168005,784867.929118795,2190,"NE",30,3
"2007-01-03 12:00:00",123119.550876766,612999.484158693,2460,"W",50,2
"2011-03-30 09:00:00",187396.862935823,766026.9079554,2600,"N",50,3
"2008-03-29 11:25:00",97000.3043686406,564698.74851375,2460,"N",40,3
"2019-02-13 10:30:00",184640.673307824,661344.991895162,2140,"SE",100,2
"2008-12-24 13:30:00",170659.440203678,701769.916179099,1800,"S",80,3
"2021-01-11 07:00:00",135560.343287577,604867.49868879,2859,"N",50,2
"2015-03-02 07:00:00",96978.4009127626,565412.561939975,2456.9,"NE",60,4
"2018-01-05 07:00:00",173243.712026382,798641.219616752,2469.1,"S",70,3
"2017-03-03 09:30:00",186513.410436452,767129.961163348,2570,"NW",50,3
"2016-03-26 07:00:00",190234.005871033,733224.616532752,2238.2,"E",30,2
"2009-03-01 13:00:00",196399.715784888,773550.091305907,1920,"NE",20,2
"2011-02-23 16:10:00",96739.8181078548,631329.46629453,3020,"N",15,2
"2020-03-10 07:30:00",182276.280018667,672611.605585364,1915,"N",20,2
"2019-02-17 23:10:00",228416.004990802,746607.961138397,1970,"S",120,3
"2006-12-31 12:15:00",136929.905796575,577579.515273939,2420,"N",40,2
"2006-03-07 09:00:00",144649.921335577,604349.957967752,200,"E",80,3
"2009-12-27 12:00:00",150368.896557549,735029.847304893,2430,"SE",30,2
"2005-01-26 05:00:00",154486.340746026,780085.991327467,2620,"E",30,1
"2006-03-15 19:30:00",180700.39656272,663349.987435599,1730,"NW",40,2
"2006-02-25 11:15:00",93299.6306080415,628004.395223218,3130,"NW",50,2
"2021-02-09 11:00:00",134360.207281809,605399.497909479,2824,"S",20,1
"2019-02-02 07:00:00",166042.102261767,790902.473952061,2723,"SE",50,4
"2019-01-14 09:00:00",155300.251842101,612193.937764268,1920,"W",40,2
"2017-01-14 06:00:00",189675.346222201,780640.939100165,2652.8,"NE",50,3
"2007-01-03 13:55:00",143399.92591213,605139.688413857,2100,"NE",50,2
"2016-01-10 11:00:00",189806.098688264,732532.703353542,2420.1,"NE",40,2
"2021-01-30 07:00:00",170556.03016088,795136.924881255,2764,"NE",100,4
"2020-02-03 11:00:00",101415.750596652,625145.951977969,2106,"E",60,4
"2017-09-18 07:00:00",103577.790155995,639533.854088345,3400,"W",15,1
"2014-01-01 10:12:00",161456.592057665,764627.987918193,2150,"E",50,2
"2019-01-07 11:30:00",205351.461819471,749382.749108356,2514,"E",30,2
"2008-01-13 13:00:00",152520.249301132,577169.729131806,2200,"NW",20,3
"2016-02-14 08:00:00",183619.238914817,602140.944009151,1870,"NW",50,2
"2014-12-21 12:00:00",191085.50664051,781409.139360587,2364.1,"NE",30,1
"2001-01-14 09:00:00",142090.018289232,607899.690162315,2130,"N",40,2
"2020-12-13 06:00:00",81024.9944288229,581959.452518202,2762,"N",50,2
"2003-02-04 17:45:00",101844.281446335,624734.382052582,2430,"E",30,4
"2021-03-23 11:00:00",172514.972806393,699910.996525626,2270,"SE",30,2
"2007-12-20 12:00:00",129817.93450022,599245.986170505,2100,"E",100,3
"2022-02-04 11:00:00",148339.823312379,785121.854979994,2903,"NE",80,2
"2019-01-16 13:00:00",201246.30804755,730829.969137882,2200,"NW",200,3
"2021-01-06 11:00:00",234995.70296397,743393.368860724,2091,"N",30,2
"2019-02-02 07:30:00",188792.955001746,733824.96563368,2186,"SE",25,1
"2019-02-01 23:00:00",164086.929377882,796629.158003154,2457,"NW",50,3
"2017-03-05 07:00:00",101610.64240828,637333.164721936,3171,"N",40,3
"2020-02-06 08:30:00",225351.15395496,744201.207865112,1973,"NE",20,1
"2022-01-10 07:00:00",108444.518720993,564225.729541717,2448,"S",60,2
"2014-02-21 22:00:00",205845.465459226,774922.881643607,2320,"NE",100,4
"2015-01-28 11:00:00",188778.832789746,780674.884163816,2627.6,"NE",30,3
"2021-02-03 11:00:00",234890.192586218,743168.742255535,2067,"NW",70,3
"2012-04-25 13:00:00",181774.341764771,785873.936337757,2620,"NE",50,3
"2019-02-01 17:00:00",105270.050501661,563584.703540787,2308,"SE",40,3
"2017-03-05 16:30:00",189502.786961473,780929.713944987,2620.5,"NE",50,3
"2020-03-17 15:20:00",179030.217426132,772009.921102953,2690,"NE",40,3
"2022-01-21 11:00:00",135671.813064835,605236.752764723,2733,"SE",10,1
"2006-02-25 12:50:00",189229.959690354,780844.91640968,2880,"W",40,3
"2009-02-06 12:00:00",187162.968427486,779385.958276895,2525,"N",40,3
"2013-02-14 09:30:00",177271.03631922,756259.924051463,2800,"SW",25,3
"2017-01-28 11:00:00",192259.877076368,774340.003166946,2155,"NW",30,2
"2008-01-22 09:00:00",181955.635168005,784867.929118795,2470,"NE",30,2
"2021-01-25 11:00:00",149676.98726652,796843.42558921,2658,"S",20,3
"2008-04-03 11:00:00",199724.746279228,717999.996965222,2000,"NE",100,3
"2012-11-30 08:30:00",153150.384352356,780299.989826589,2930,"E",60,2
"2020-03-06 06:30:00",189078.473312589,734408.787575799,2312,"S",10,1
"2020-03-03 04:00:00",198702.116974787,716487.469636081,1849,"N",40,2
"2003-01-06 10:44:00",189944.759972803,782445.047200644,2245,"E",60,3
"2021-04-17 10:00:00",149981.596026625,786784.858447312,2763,"N",20,2
"2010-02-21 09:00:00",170588.534523666,776732.942616185,2360,"NW",30,3
"2015-01-07 12:30:00",164589.982688948,793350.038912627,2640,"SE",30,2
"2013-02-16 13:00:00",180700.39656272,663349.987435599,2080,"SE",180,3
"2007-01-06 11:00:00",181955.635168005,784867.929118795,2600,"N",25,3
"2020-02-14 11:15:00",200254.158331436,717386.260844296,1540,"SE",100,1
"2005-04-03 10:30:00",96195.5859609295,625477.867706769,3040,"NW",20,2
"2015-03-31 00:15:00",153150.384352356,780299.989826589,2920,"E",60,3
"2017-04-29 10:00:00",177399.337978986,786209.881538288,2715,"N",40,2
"2022-02-02 12:00:00",161238.379638053,732395.306825382,2244,"NW",50,3
"2005-03-13 10:30:00",229279.437064241,737700.068581901,1350,"NW",55,2
"2019-02-06 15:00:00",165999.982881591,792231.787020013,2361,"S",100,2
"2017-12-12 07:00:00",166662.516906051,791942.604266483,2773.3,"SE",30,3
"2021-01-29 08:30:00",166592.006870312,791894.052517861,2747,"S",81,3
"2008-01-09 08:15:00",168124.133129995,758199.849971215,2250,"NE",30,1
"2018-03-07 15:00:00",167276.939450523,766353.485286865,2188.9,"NE",20,3
"2008-11-24 13:30:00",170659.440203678,701769.916179099,1720,"S",80,2
"2007-01-31 12:00:00",171769.652358375,778199.816575962,2700,"NE",80,3
"2021-12-04 08:00:00",104337.577886199,586862.878282435,2504,"W",25,1
"2021-12-09 11:00:00",185065.054540548,778928.592110423,2355,"NE",30,2
"2007-12-17 11:00:00",206338.719699346,773914.879313466,2100,"S",100,3
"2021-01-08 09:00:00",115598.972989151,552917.529298484,1994,"S",100,2
"2022-01-25 11:00:00",223986.710235871,737873.06563339,2151,"E",15,1
"2015-01-10 07:00:00",168201.739644465,758021.966825938,2340.2,"E",30,2
"2013-02-16 11:30:00",116789.579079701,616159.491580357,2720,"S",40,2
"2013-04-01 10:00:00",170638.127397817,775732.98003321,2250,"NE",50,3
"2017-02-02 11:25:00",166189.490584341,692819.917886669,2630,"N",30,3
"2009-12-26 02:00:00",88304.9054473924,582140.010859569,2700,"NW",90,4
"2005-03-14 08:45:00",191139.34617396,678260.036819716,2190,"NW",30,2
"2015-01-01 07:05:00",188987.572286385,781837.822925766,2504,"W",50,2
"2020-01-30 11:00:00",189252.980136974,783536.04958958,1794,"NE",30,1
"2004-12-22 12:15:00",206569.563065265,705460.016733869,2120,"N",60,3
"2008-12-14 08:00:00",157669.975014393,744924.918036235,2380,"SE",100,4
"2020-12-07 08:12:00",152174.36355898,790741.750695474,2548,"W",30,3
"2005-03-11 12:30:00",180064.638260333,802737.912050588,2900,"SE",40,3
"2016-03-12 12:40:00",194839.455546537,767790.057150036,2100,"NW",40,2
"1993-03-28 10:00:00",124049.629480878,649949.717520273,3160,"S",30,2
"2016-03-08 11:03:00",146040.161874786,764389.952556399,2600,"NW",120,3
"2017-03-10 16:30:00",188428.279632556,780962.214920925,2578.9,"SE",130,3
"2019-02-04 08:00:00",145842.978994563,775687.235289126,2891,"SE",20,2
"2021-02-07 11:00:00",152937.678425432,708798.77682627,1677,"N",30,2
"2015-02-28 11:00:00",148727.613291837,574330.670175837,1920,"NW",40,2
"2019-02-04 07:00:00",205325.093755599,749395.586151894,2480,"E",30,2
"2013-02-10 08:00:00",130487.278463971,601575.935425641,2640,"SE",100,3
"2004-02-20 11:00:00",192350.86259412,794932.879192453,2450,"W",40,3
"2018-03-20 07:00:00",143213.807588693,787817.827784548,3205.7,"W",50,3
"2018-12-11 08:00:00",204220.485409615,786950.775746541,2182,"N",100,3
"2013-11-19 14:00:00",103089.629374195,636859.894674365,2700,"NW",30,2
"2015-01-28 11:00:00",191032.641314868,780838.798700896,2522.8,"NW",30,3
"2013-04-23 14:00:00",170638.127397817,775732.98003321,2990,"N",50,3
"2020-01-01 14:00:00",130089.677766567,597478.163045112,2169,"S",35,2
"2010-02-26 11:00:00",164589.982688948,793350.038912627,2340,"NE",20,3
"2008-01-27 13:00:00",181955.635168005,784867.929118795,2190,"NE",30,2
"2012-02-08 11:50:00",96369.917571634,625694.382626933,2270,"NW",20,2
"2016-04-09 12:00:00",123548.924292137,649079.696642931,2880,"N",30,2
"2021-03-18 08:30:00",135460.023912737,604513.612639398,2889,"NW",200,2
"2015-01-30 15:00:00",188012.817802051,781932.119975983,2184.7,"SW",50,3
"2017-01-14 04:00:00",188840.28362425,735532.417744365,2220,"NE",70,2
"2019-02-01 23:00:00",163632.273781002,795990.339590421,2304,"NW",60,2
"2022-02-04 11:00:00",150528.712757844,786674.766639665,2407,"N",50,2
"2021-01-28 11:00:00",231531.321072695,746845.491363271,1797,"S",50,3
"2019-12-24 12:45:00",97618.6191889992,623566.524810586,2195,"SE",60,2
"2022-02-09 09:00:00",134129.489616763,639280.687333175,2509,"NE",150,2
"2005-03-26 07:45:00",181955.635168005,784867.929118795,2980,"NE",30,2
"2021-03-19 11:00:00",167535.364457196,731693.163107815,2410,"N",50,3
"2016-03-06 09:34:00",180219.277721475,780889.970407306,1980,"NW",30,1
"2007-01-27 16:00:00",181955.635168005,784867.929118795,2450,"SE",50,2
"2022-02-13 11:00:00",231791.531978546,741015.473914381,1673,"E",20,1
"2007-03-06 12:45:00",104714.678229284,591729.089630334,2620,"NE",50,2
"2014-01-18 11:45:00",184640.673307824,661344.991895162,2185,"SE",25,1
"2015-01-01 07:00:00",193207.996994321,778801.905979018,2184.5,"NE",30,3
"2020-12-07 09:00:00",165636.046500914,734148.766607598,1283,"W",45,1
"2015-01-28 11:00:00",189830.274142592,736719.957127877,2000,"E",80,3
"2021-01-14 18:00:00",164433.802617457,733589.109053235,1282,"W",55,2
"2010-01-14 17:00:00",180700.39656272,663349.987435599,2120,"S",80,2
"2021-12-09 11:00:00",182500.02696672,780915.711780862,1551,"SW",60,1
"2004-03-15 15:50:00",96195.5859609295,625477.867706769,2340,"N",20,3
"2021-01-28 05:00:00",177858.00969668,661240.660757809,1791,"N",40,2
"2015-03-11 12:30:00",176478.295348635,782187.925469329,2790,"NW",70,3
"2007-03-04 11:05:00",196600.196288303,773406.895594381,2500,"N",80,3
"2015-11-23 16:00:00",170659.440203678,701769.916179099,2340,"SW",30,2
"2012-02-16 10:00:00",181774.341764771,785873.936337757,2180,"NE",50,3
"2009-02-15 11:30:00",90799.8373305787,583598.836643085,2360,"NW",50,2
"2006-02-18 13:20:00",150989.365004075,593644.752695505,1920,"NW",30,3
"2019-12-26 11:45:00",192478.762136357,731603.991894664,2774,"SW",80,3
"2021-12-19 11:00:00",157462.486461704,729183.312106676,2720,"E",30,2
"2010-01-29 12:15:00",229600.190335117,745149.962013332,1660,"NW",30,3
"2022-02-22 03:45:00",181633.791611371,662989.1348651,1739,"N",10,2
"2008-01-13 10:45:00",181955.635168005,784867.929118795,2550,"W",50,3
"2016-02-24 08:10:00",129708.084137398,601842.934988081,2815,"NE",60,1
"2019-02-16 05:15:00",184640.673307824,661344.991895162,1730,"NW",15,1
"2016-01-24 11:00:00",201246.30804755,730829.969137882,2240,"NW",50,3
"2015-02-22 03:00:00",117500.068407498,704299.775176593,1800,"SW",60,3
"2022-02-23 10:00:00",167603.703336611,818008.86477201,2573,"N",120,3
"2005-04-21 09:00:00",180064.638260333,802737.912050588,2850,"NE",100,4
"2020-12-26 15:10:00",96670.49021606,599906.072588796,2860,"E",40,2
"2021-01-16 09:54:00",182579.152022355,674730.047833487,2320,"NW",50,4
"2021-02-12 11:00:00",162732.076041667,796012.50163925,2494,"W",80,3
"2013-04-13 09:30:00",154915.640141493,783436.017477136,3000,"NE",80,3
"2017-12-12 07:00:00",165111.39864836,791503.400456049,2278.8,"E",50,2
"2012-01-25 22:00:00",189830.274142592,736719.957127877,1840,"SE",50,2
"2021-12-11 08:00:00",106034.357043193,587737.944818329,2710,"E",35,2
"2021-01-15 12:15:00",180002.186371063,779217.532569198,1558,"W",80,2
"2003-02-05 04:00:00",184699.050241636,678449.988039461,1980,"SW",100,4
"2018-02-16 09:00:00",129708.084137398,601842.934988081,2909,"NE",40,3
"2017-03-07 15:00:00",105786.44629017,635150.62921336,2964.2,"E",100,4
"2012-11-14 08:40:00",103089.629374195,636859.894674365,3100,"NE",75,3
"2016-01-14 09:15:00",191551.890564049,781017.746549437,2464.6,"NW",40,2
"2022-02-03 11:00:00",165665.408046072,791088.272052046,2523,"E",60,2
"2010-01-29 13:45:00",163044.756054278,577364.976702308,1490,"E",30,1
"2021-01-15 11:00:00",173179.171198108,805409.263466726,2323,"N",120,2
"2022-01-10 07:00:00",108674.501040158,565590.155690966,2256,"S",40,2
"2009-03-25 01:00:00",153150.384352356,780299.989826589,3000,"S",30,2
"2004-01-16 11:00:00",181955.635168005,784867.929118795,2200,"NE",150,3
"1996-12-31 15:00:00",171449.848812454,797300.107797383,2480,"SE",15,3
"2009-01-12 14:00:00",180700.39656272,663349.987435599,2080,"SE",50,3
"2014-01-01 13:15:00",180700.39656272,663349.987435599,2100,"NE",80,2
"2021-04-02 10:00:00",173782.493884408,781200.878591506,2670,"N",30,3
"2004-12-24 11:00:00",116350.52514537,647659.86415918,2200,"SE",50,2
"2022-02-03 08:53:00",99094.7316544669,622933.760782995,2993,"SE",30,2
"2011-12-22 21:00:00",181774.341764771,785873.936337757,2740,"E",30,2
"2018-03-23 07:05:00",184640.673307824,661344.991895162,2456,"NE",40,3
"2014-02-23 11:32:00",163900.023837822,613730.932594676,2330,"W",25,3
"2022-02-07 06:30:00",108119.650775503,564081.652772016,2607,"SE",30,3
"2012-01-03 08:00:00",153150.384352356,780299.989826589,2900,"SE",30,3
"2021-03-19 11:15:00",102179.336607021,637614.572538096,2970,"W",50,2
"2017-01-15 15:37:00",135713.848929841,638799.158974876,2682.3,"SE",50,3
"2011-01-16 12:30:00",96500.2634408781,623849.893625789,3050,"E",20,2
"2012-12-15 02:00:00",180700.39656272,663349.987435599,1800,"NW",120,3
"2004-01-03 12:00:00",146673.012680672,658421.879762041,2020,"SE",30,3
"2012-04-22 15:00:00",116738.549685906,612418.932327894,2690,"N",100,3
"2004-02-02 11:00:00",103799.866381493,590899.071820061,3000,"N",120,2
"2012-12-29 12:00:00",164589.982688948,793350.038912627,2600,"N",40,3
"2021-12-29 07:30:00",105989.936054006,587715.584810709,2730,"E",25,2
"2021-01-13 19:40:00",101235.452723615,624550.818817226,2427,"SE",30,2
"2017-12-28 23:00:00",173192.217679733,797519.919185885,2714.6,"S",40,3
"2009-01-22 12:47:00",146040.161874786,764389.952556399,2407,"E",110,3
"2012-12-26 15:15:00",180700.39656272,663349.987435599,1930,"SE",30,1
"2017-03-10 07:00:00",192339.677511276,735188.980053454,2425.4,"SW",30,3
"2013-01-25 14:00:00",171699.603870075,633559.95618576,1960,"NW",80,2
"2010-02-04 08:45:00",227457.330220451,747281.02159099,1700,"NE",50,2
"2006-01-20 10:45:00",183309.502632039,776549.980338118,2420,"E",65,2
"2006-03-05 09:00:00",189830.274142592,736719.957127877,2100,"NE",50,4
"2021-12-09 11:00:00",184814.210468141,778722.204608524,2439,"NE",30,2
"2016-03-28 08:00:00",96280.2328063701,585398.891634794,2580,"NE",15,1
"2015-01-21 16:40:00",89352.4818325394,578283.03351386,2490,"SW",30,2
"2005-02-05 09:30:00",86149.7974232678,578888.696163504,2810,"NE",70,3
"2022-02-12 11:00:00",186255.751981184,661534.110608218,2017,"NE",40,3
"2017-01-14 14:00:00",129708.084137398,601842.934988081,2900,"E",120,4
"2012-01-27 16:14:00",97839.8151895885,623559.397133617,2280,"SE",50,3
"2020-01-29 07:00:00",135310.547644722,567930.939612246,1739,"E",25,1
"2009-02-18 04:00:00",170659.440203678,701769.916179099,1900,"SE",40,3
"2013-03-29 10:00:00",153150.384352356,780299.989826589,2900,"N",40,2
"2021-12-09 22:00:00",166258.176038326,734620.865157778,1880,"SW",25,2
"2018-01-10 03:00:00",128203.460139258,647535.863206248,2870,"N",30,4
"2010-01-31 10:00:00",150979.517739452,678119.87606134,2680,"SE",30,3
"2008-04-22 18:00:00",181955.635168005,784867.929118795,2510,"NE",100,4
"2015-02-26 16:00:00",141276.017098137,642501.900080646,2800,"E",25,2
"2010-03-07 09:45:00",181328.886856133,674500.013783089,2400,"N",25,2
"2006-03-07 17:00:00",192550.553028835,798500.033915948,2600,"S",50,3
"2005-01-25 08:30:00",145432.150453717,793046.102404661,2740,"NE",120,2
"2021-03-13 11:00:00",121439.882690461,615829.517469123,2970,"NE",50,3
"2010-02-06 03:45:00",180700.39656272,663349.987435599,1730,"NW",25,2
"2014-12-19 09:00:00",121974.804023652,643249.659285576,2290,"E",50,2
"2021-12-11 08:00:00",105966.561776072,587729.997039823,2728,"E",10,2
"2002-02-13 07:40:00",156759.061884132,632419.87104499,2450,"E",70,3
"2017-03-10 07:00:00",193112.722201655,735346.199201648,2680.7,"SE",50,3
"2022-02-03 07:20:00",225207.991831838,744259.29038326,2016,"NE",80,3
"2003-12-30 11:30:00",188280.185144701,816145.138397294,2480,"SE",100,3
"2021-12-14 14:00:00",135566.257284021,566297.961000551,2115,"S",70,3
"2017-04-21 13:35:00",157019.140599945,641149.909519442,2750,"NW",45,3
"2019-12-27 11:00:00",79966.4442159699,579246.05698367,2574,"S",10,2
"2017-03-10 07:00:00",193038.971638662,739491.40855423,2478.4,"SW",30,3
"2012-02-17 15:10:00",189234.587036664,781585.055008414,2480,"NE",30,2
"2018-01-21 23:00:00",163111.634167308,789856.808822866,2220.5,"NE",60,3
"2021-04-16 08:00:00",214077.028502698,763657.772010975,2383,"NE",15,2
"2017-12-15 10:00:00",129708.084137398,601842.934988081,2945,"SW",120,4
"2020-01-23 11:00:00",227464.191940389,727669.2598925,1930,"N",60,3
"2020-05-03 06:45:00",180006.899798963,790891.878255514,2944,"W",20,1
"2017-03-10 07:00:00",193421.579744039,737864.974848688,2359.3,"S",30,2
"2020-03-11 11:00:00",219332.688578596,751721.091595689,1601,"NE",80,2
"2021-01-31 07:50:00",108423.499087049,564208.445399624,2462,"E",50,2
"2007-12-23 23:00:00",181955.635168005,784867.929118795,2320,"W",100,3
"2021-01-16 07:30:00",202159.902071448,717607.641263305,2144,"SE",40,2
"2015-02-27 15:00:00",175499.719272778,803000.30364328,2600,"E",20,1
"2006-01-04 11:00:00",177399.751445686,761699.935200362,2300,"W",100,3
"2019-01-14 11:00:00",165460.288819988,759861.139172036,2469,"N",100,3
"2016-01-14 09:10:00",180700.39656272,663349.987435599,2450,"NE",80,4
"2008-12-05 10:06:00",96500.2634408781,623849.893625789,2240,"NW",30,4
"2021-01-14 11:00:00",234904.583353324,742842.779719194,1902,"N",100,3
"2022-01-09 15:30:00",107440.848869034,564384.307359713,2351,"E",40,3
"2013-12-06 11:00:00",170638.127397817,775732.98003321,2570,"SE",10,2
"2020-02-03 11:00:00",101771.544111439,625159.957862542,2118,"NE",80,4
"2005-03-07 23:00:00",141324.543594007,642761.944608267,2700,"SW",50,3
"2017-03-10 07:00:00",191859.98825858,729952.871484618,2736.6,"SE",40,4
"2005-03-13 11:00:00",224439.881229702,747940.057032955,1540,"N",30,2
"2017-03-06 15:30:00",188507.171815835,780886.234803599,2579.1,"NE",80,3
"2011-12-27 15:30:00",175072.342714951,702034.993854618,2830,"NW",100,3
"2019-01-10 07:00:00",145819.108684972,605404.746836156,1873,"SE",30,1
"2021-11-29 07:50:00",165759.401825214,734195.419228671,1361,"SW",20,1
"2022-02-19 07:00:00",105780.78700816,587792.563760192,2744,"N",10,2
"2020-12-26 11:00:00",179444.422330052,792431.478031704,2611,"E",40,3
"2008-01-17 09:00:00",181955.635168005,784867.929118795,2520,"NW",50,1
"2016-03-16 15:00:00",108402.384814414,560458.097418961,3065,"NE",150,4
"2001-02-25 11:00:00",121959.683949476,642999.650485102,2350,"NE",130,2
"2021-12-12 06:30:00",168995.598172451,733717.353199166,1129,"NE",20,1
"2021-12-09 11:00:00",184087.12497292,778209.135178521,2462,"NE",30,2
"2020-03-11 11:00:00",166400.309654092,758489.346767063,2365,"N",80,2
"2019-02-06 07:00:00",172747.223337228,797415.912067465,2394,"S",90,2
"2017-03-10 08:00:00",189122.652068428,734296.392665363,2321.2,"SW",30,2
"2018-12-25 06:40:00",159442.490173689,728337.965887459,2700,"SE",20,4
"2019-02-02 13:23:00",179740.037655091,764089.938652623,2190,"W",80,2
"2008-02-21 11:00:00",181955.635168005,784867.929118795,1900,"NE",10,1
"2003-01-03 10:00:00",145869.034847581,698134.943885183,2550,"SE",25,2
"2022-02-02 23:00:00",192118.380496333,779740.116292291,2301,"SW",120,3
"2007-03-26 10:55:00",191749.72362237,781600.039317064,2380,"NE",30,2
"2005-02-04 14:00:00",199940.188974557,717930.01807907,1950,"W",100,3
"2006-02-13 05:00:00",180700.39656272,663349.987435599,1730,"NW",30,2
"2012-12-04 13:00:00",181774.341764771,785873.936337757,2500,"NW",30,1
"2020-12-13 09:45:00",151259.7728924,678809.927066548,2700,"NE",20,2
"2021-12-09 10:00:00",210607.219716775,698390.990127419,1634,"N",40,1
"2022-02-27 11:00:00",137371.373301696,638628.818355001,3072,"SE",30,2
"2005-02-20 16:25:00",186189.986071515,762369.941078515,1930,"NW",90,3
"2021-01-14 11:00:00",134396.731841095,608239.38903471,2331,"S",120,3
"2021-02-25 07:35:00",166606.561683789,732284.731952225,2157,"E",30,3
"2019-01-25 09:00:00",138301.846204578,623766.914531225,2770,"SE",20,1
"2007-02-16 11:00:00",181955.635168005,784867.929118795,2250,"NE",20,2
"2022-04-07 06:30:00",105658.184654069,587951.304708019,2845,"N",10,2
"2014-01-08 13:30:00",196577.480762163,772737.920928768,2400,"NW",40,3
"2012-12-29 11:00:00",161456.592057665,764627.987918193,2420,"NE",50,3
"2022-02-25 10:45:00",122748.809416589,625188.895986057,2387,"E",150,3
"2010-02-08 11:30:00",188280.185144701,816145.138397294,2580,"E",80,3
"2020-12-31 07:00:00",106335.818314849,586107.785043932,2418,"NW",40,2
"2014-04-19 09:00:00",181774.341764771,785873.936337757,2740,"NW",20,2
"2017-03-05 15:00:00",188863.1662908,780705.314977366,2553.4,"NE",60,2
"2008-12-07 12:00:00",229600.190335117,745149.962013332,1640,"SW",40,1
"2019-11-15 11:00:00",86500.2926410549,622278.986072918,3714,"NW",45,3
"2002-12-23 08:55:00",192754.579248674,736174.990141571,2380,"SE",30,2
"2019-01-28 12:14:00",232689.497144105,601260.751633491,1240,"NE",70,1
"2022-02-15 12:00:00",168487.850211744,594953.930741015,1969,"NE",15,1
"2003-12-30 11:50:00",189019.484582628,814649.932931185,2480,"SE",100,2
"2014-12-21 11:00:00",181774.341764771,785873.936337757,2480,"E",80,1
"2004-12-30 12:00:00",154486.340746026,780085.991327467,2200,"SE",30,2
"2009-01-20 14:29:00",94300.0670494449,621719.345344802,2250,"NE",40,3
"2018-03-20 07:00:00",147626.17223345,789213.651207638,2892.1,"NW",100,4
"2008-01-21 11:00:00",170659.440203678,701769.916179099,2380,"E",80,3
"2022-01-11 11:00:00",124096.500950144,647627.032798881,2350,"N",20,2
"2022-02-03 07:20:00",226219.761398423,744249.915557923,1750,"NE",50,2
"2016-01-19 08:00:00",189993.475516608,733508.360511442,2208,"NE",80,3
"2014-02-22 03:30:00",180700.39656272,663349.987435599,1730,"NW",15,2
"1999-04-14 10:00:00",173025.528029148,825500.017655875,2760,"NW",20,2
"2016-02-01 11:00:00",112124.959006789,635295.574950087,2805.9,"E",50,3
"2012-02-16 07:15:00",168999.885705371,588199.968894961,2100,"W",25,3
"2013-09-16 06:45:00",103089.629374195,636859.894674365,3450,"N",10,2
"2001-12-15 11:00:00",141600.176973791,608199.661437108,2400,"N",50,2
"2005-02-23 13:00:00",104460.424478614,585640.015896104,2200,"W",50,3
"2012-04-25 11:15:00",181774.341764771,785873.936337757,2880,"N",50,4
"2019-01-19 13:09:00",157775.475689947,579849.793105115,1720,"N",50,3
"2021-11-04 05:00:00",165569.440437637,734153.701277289,1284,"W",35,1
"2021-01-29 08:30:00",92921.0853768557,621890.557591312,2454,"NE",48,1
"2015-03-03 09:15:00",129708.084137398,601842.934988081,2719,"S",50,3
"2019-02-03 07:00:00",162100.408080447,794646.703248823,2316,"NW",110,1
"2007-03-04 15:00:00",177399.751445686,761699.935200362,2560,"E",100,3
"2009-02-28 08:45:00",192099.360024492,781100.053589288,2350,"W",80,2
"2022-02-03 08:00:00",155940.319821461,790952.491008771,2726,"SW",20,1
"2018-02-15 09:30:00",141276.017098137,642501.900080646,3140,"SE",15,2
"2018-12-16 17:00:00",196887.782914644,717412.266714893,967,"E",30,1
"2021-01-14 11:00:00",234814.21024158,742784.373358342,1933,"N",70,3
"2021-02-02 08:00:00",105682.609939761,587966.974003496,2805,"N",20,2
"2016-01-18 07:00:00",188209.727824751,733899.442684869,2235,"E",80,4
"2015-01-01 07:00:00",192321.263330021,777034.591686459,2289.5,"E",30,2
"2019-01-15 15:45:00",205880.486511868,749547.651253482,2271,"E",80,3
"2021-01-16 11:00:00",96611.969718901,602277.109860921,2330,"E",30,2
"2009-12-17 15:45:00",170659.440203678,701769.916179099,2380,"SE",120,3
"2018-01-04 23:00:00",170511.906474294,801275.919008396,2343.5,"NW",60,2
"2022-02-02 12:00:00",161423.298157019,732713.185825413,2194,"N",35,2
"2009-02-18 12:00:00",176919.80415678,661900.032714521,2200,"N",100,3
"2013-12-27 14:30:00",109901.106824204,641377.616789207,2660,"NW",80,3
"2006-03-13 07:00:00",174049.567599563,600099.945466304,1900,"SE",60,3
"2022-04-07 06:00:00",105807.633836264,588268.259433244,2681,"N",12,2
"2018-03-19 23:00:00",167361.938393965,800478.908846854,2773.1,"N",40,4
"2017-12-23 15:30:00",194774.647498628,773390.027523444,2315,"NW",100,3
"2015-01-01 07:00:00",184962.485314896,778062.391155205,2579.8,"S",50,1
"2005-04-10 08:45:00",141799.624494587,624449.763711486,2760,"E",35,2
"2017-03-10 05:30:00",189605.217578804,780749.38185935,2648.5,"NE",60,3
"2015-04-07 08:40:00",189830.274142592,736719.957127877,2880,"SW",50,3
"2005-02-16 15:00:00",199940.188974557,717930.01807907,1700,"E",100,3
"2001-01-27 10:40:00",135069.023349145,615499.658574463,2100,"NW",70,2
"2009-02-09 08:00:00",181955.635168005,784867.929118795,2330,"NE",20,2
"2008-01-13 10:00:00",181955.635168005,784867.929118795,2240,"E",80,3
"2012-02-17 06:00:00",181774.341764771,785873.936337757,2600,"E",50,3
"2004-12-27 12:30:00",154486.340746026,780085.991327467,2685,"NE",40,2
"2022-02-09 14:00:00",103860.796316846,562255.776105272,2005,"NE",60,3
"2017-05-05 06:00:00",139633.060360876,789822.973255582,3934,"NW",100,3
"2016-01-10 11:30:00",111129.415417188,612009.38605732,2640,"NE",60,2
"2019-11-18 07:05:00",163993.938423646,777914.600636136,1950,"SW",45,2
"2006-12-10 05:30:00",206338.719699346,773914.879313466,1240,"SW",30,2
"2008-01-13 11:00:00",181955.635168005,784867.929118795,2210,"NW",50,3
"2021-03-28 12:00:00",154308.162313115,789422.450547759,2410,"N",30,1
"2002-12-31 11:24:00",152290.325699374,795773.052946369,2560,"N",30,2
"2004-05-15 07:50:00",179909.490273269,791324.915566184,2760,"NE",40,2
"2009-01-24 08:00:00",157669.975014393,744924.918036235,2400,"S",40,3
"2007-11-18 16:00:00",170659.440203678,701769.916179099,80,"SE",80,4
"2019-01-31 09:00:00",228416.004990802,746607.961138397,1800,"S",80,3
"2008-01-06 11:00:00",170659.440203678,701769.916179099,2180,"NE",80,3
"2014-01-25 11:00:00",164099.133721961,728699.900518362,2900,"NE",30,2
"2021-02-17 11:00:00",185630.998876526,792369.971715979,2890,"SW",40,2
"2015-03-06 10:00:00",177949.798501204,781089.882355266,2340,"SW",20,1
"2020-03-11 10:20:00",84565.6911023597,583948.751283718,2746,"NE",70,4
"2013-02-21 11:30:00",97585.6574480159,604162.9234091,2920,"SE",70,4
"2006-01-03 11:00:00",145432.150453717,793046.102404661,2800,"SW",40,2
"2022-02-03 08:48:00",190149.736346173,814806.354627584,2530,"NE",100,3
"2019-01-14 05:00:00",200874.455013149,770790.076649407,1270,"SE",50,2
"2012-01-21 11:00:00",175499.719272778,803000.30364328,2300,"SE",50,3
"2004-04-08 12:30:00",192350.86259412,794932.879192453,2970,"SW",30,3
"2021-02-03 11:00:00",235023.969181523,743642.573241032,2184,"NW",40,2
"2021-01-18 09:00:00",138531.27887082,640890.344042112,2663,"SE",50,2
"2015-02-22 03:00:00",153150.384352356,780299.989826589,2720,"N",30,2
"2019-01-29 11:30:00",206202.491992382,749350.409148249,2360,"E",30,1
"2019-01-07 12:30:00",180030.070181664,759259.942487702,2215,"SE",100,2
"2020-01-30 09:00:00",181663.933916239,663737.227936874,1798,"N",40,2
"2022-02-02 11:00:00",198629.496465417,716184.196523899,2024,"N",150,3
"2022-02-02 12:00:00",160824.809394864,731791.115124852,2227,"N",45,3
"2020-02-03 13:10:00",100207.180530395,623138.550586025,3216,"SE",80,3
"2016-02-11 11:00:00",153150.384352356,780299.989826589,2940,"N",80,3
"2019-03-12 06:30:00",205282.125719125,749411.654895042,2484,"E",35,3
"2021-02-08 11:00:00",160590.745557123,731765.580322032,2339,"W",35,3
"2014-01-27 05:30:00",129708.084137398,601842.934988081,2840,"S",50,3
"2021-11-04 06:30:00",164314.787507209,733737.331434557,1340,"W",35,1
"2008-12-13 11:00:00",180399.58616612,675399.955076079,2450,"N",20,2
"2006-01-03 10:15:00",108045.062046185,585842.02522717,3100,"NE",100,3
"2021-03-20 10:55:00",185703.404709395,723558.980969673,2400,"NE",60,2
"1999-01-16 13:35:00",160099.601769004,688199.971465481,2250,"NW",40,2
"2017-03-03 15:00:00",190332.789329787,781893.095581105,2439.3,"N",50,2
"2006-02-20 15:05:00",174297.99264896,704714.975404099,2110,"N",75,3
"2012-12-06 11:00:00",168999.885705371,588199.968894961,1620,"NE",50,1
"2005-12-05 08:00:00",96195.5859609295,625477.867706769,3380,"N",50,3
"2010-03-11 09:00:00",103269.826475028,637059.866855593,2800,"W",10,1
"2022-02-22 11:00:00",224202.9251168,737797.65825582,2091,"NE",50,3
"2003-02-08 15:00:00",183279.7447349,770729.91945501,1900,"S",40,2
"2013-01-06 12:00:00",189999.817103458,790000.073880928,2500,"N",100,3
"2007-03-02 14:00:00",180700.39656272,663349.987435599,2200,"N",60,2
"2019-01-09 08:00:00",204257.705202759,787286.404483721,2029,"NE",90,3
"2002-12-27 12:00:00",102424.533506077,600934.172115866,3320,"SE",45,3
"2013-02-28 14:00:00",103089.629374195,636859.894674365,2420,"NW",35,2
"2004-03-13 11:15:00",192291.928972129,822403.219405054,2800,"SE",20,3
"1999-02-20 11:00:00",177499.629382212,743149.926538171,2380,"E",80,4
"2022-04-01 10:00:00",147785.38783912,789112.872496919,2763,"NW",50,2
"2013-02-16 14:30:00",96800.6905260589,574058.787872888,2160,"NE",40,3
"2005-12-11 11:00:00",170588.534523666,776732.942616185,2495,"NW",20,2
"2020-02-14 09:00:00",92980.0193475342,620619.327213497,2590,"SE",20,2
"2004-03-10 08:00:00",183479.602090225,662275.001035596,2150,"NE",40,3
"2021-12-09 11:00:00",175183.816253573,782812.363781045,2762,"W",40,2
"2003-04-13 08:40:00",182345.097430952,793154.970348207,2930,"N",40,2
"2006-03-05 13:10:00",145826.247130006,588188.993939879,1920,"E",60,2
"2002-12-31 15:40:00",155269.281163313,641624.902713399,3450,"S",40,2
"2017-12-31 07:30:00",192399.790002243,782530.835940487,2484.3,"SE",25,3
"2008-03-22 07:00:00",131000.038964006,643799.915674833,2500,"NE",100,4
"2022-02-04 08:30:00",183111.990722221,785324.72468681,2170,"NE",50,3
"2019-01-07 11:30:00",205334.220950596,750378.644568309,2164,"E",100,2
"2018-03-26 22:00:00",162983.187451625,796379.272936453,2492.6,"N",50,2
"2012-01-06 09:00:00",85999.9163327298,574498.646187282,1950,"SW",130,3
"2017-02-02 23:00:00",190382.27630773,780590.054844301,2543,"NW",60,2
"2006-01-28 10:00:00",148079.657297071,769009.679059383,1980,"SE",20,2
"2004-01-24 09:47:00",181955.635168005,784867.929118795,2590,"S",50,3
"2020-03-07 12:25:00",79978.0407497077,579106.313200515,2567,"SW",60,2
"2015-01-19 14:00:00",182245.010706068,764676.934367195,2620,"NW",40,2
"2022-04-02 10:00:00",148035.622397435,797260.685894246,2694,"N",50,2
"2016-01-21 08:00:00",193432.968323142,730901.350069516,2980.3,"SE",15,1
"2014-02-08 07:00:00",153150.384352356,780299.989826589,2880,"NW",110,4
"2009-03-12 00:00:00",199724.746279228,717999.996965222,1960,"NE",70,3
"2008-01-06 15:15:00",158355.957191885,765754.940525339,2200,"N",40,2
"2008-01-04 11:05:00",229600.190335117,745149.962013332,2000,"NW",30,3
"2017-12-17 23:00:00",99451.7323122281,563545.671059445,1873.8,"NW",100,2
"2017-03-24 08:30:00",192911.591915214,731161.120260443,2896.4,"NE",20,2
"2017-03-07 15:00:00",104518.729423022,633099.242723669,3759.7,"E",150,4
"2016-03-06 05:30:00",192364.335196235,782462.414347019,2456.8,"SW",30,3
"2012-02-08 11:45:00",187189.797311622,639380.088658031,1880,"NW",10,3
"2021-01-29 11:00:00",94218.9104057172,621084.951854746,2314,"NE",50,2
"2006-03-06 08:00:00",129817.93450022,599245.986170505,2800,"W",90,4
"2007-12-05 07:00:00",170659.440203678,701769.916179099,2350,"SE",80,3
"2021-02-07 11:00:00",152437.042217773,706919.597654021,2561,"NE",50,2
"2004-01-05 07:00:00",138259.847101018,623828.918806708,40,"S",30,2
"2021-03-21 11:00:00",133247.858325053,659761.834376807,2530,"W",60,2
"2020-03-06 05:00:00",158709.862923414,790956.6433758,2555,"N",60,2
"2020-03-06 06:30:00",190280.675822149,733123.258945893,2273,"NE",10,2
"2017-02-07 10:00:00",193613.795687549,734192.614916272,2778.3,"SW",30,3
"2020-12-11 11:00:00",140392.606354591,774542.7590124,2000,NA,100,1
"2022-04-18 10:00:00",156926.040096147,792739.944842467,2752,"NW",100,2
"1997-01-02 14:30:00",95775.1634459771,572423.778129787,2560,"NW",20,3
"2017-12-13 23:00:00",97061.4063611074,565089.563540805,2456.4,"N",150,4
"2001-01-31 14:45:00",161918.826927716,689949.922255156,2940,"SE",70,3
"2007-03-10 23:00:00",181955.635168005,784867.929118795,2210,"E",50,2
"2008-01-13 11:40:00",181955.635168005,784867.929118795,2250,"NE",50,2
"2021-02-13 13:00:00",202966.562648038,714835.407335739,2716,"SE",150,2
"2016-02-11 11:00:00",154915.640141493,783436.017477136,2640,"NE",50,3
"2021-02-05 11:00:00",169133.358120993,814710.793640619,2425,"N",40,3
"2010-02-09 09:30:00",147000.132004286,588199.988372215,2208,"NE",50,3
"2010-02-07 14:00:00",171600.122160704,744569.963818674,1900,"NE",40,2
"2017-12-12 07:00:00",165076.318874701,791658.890628161,2190.3,"NE",40,2
"2000-02-21 11:59:00",170374.486218625,608309.972404107,1800,"NW",100,2
"2021-02-10 07:00:00",108276.455559748,565020.135535984,2096,"SE",25,2
"2007-02-26 08:00:00",103700.069665918,564380.077527068,2500,"W",50,3
"2021-12-14 11:00:00",226845.343070182,743539.095096739,1524,"NW",80,2
"2021-01-15 11:00:00",166984.059175786,647029.929864163,1740,"SW",100,2
"2009-12-25 23:00:00",181955.635168005,784867.929118795,2480,"S",25,2
"2016-03-09 07:00:00",165145.50439415,758051.534541949,2728.4,"NE",70,3
"2005-01-22 11:00:00",116350.52514537,647659.86415918,2200,"NE",70,3
"2018-01-05 09:30:00",83522.5303294693,582875.718735322,2630,"SW",120,4
"2008-02-05 13:00:00",181955.635168005,784867.929118795,1810,"SE",50,2
"2019-01-07 11:30:00",205398.118206629,749380.74387354,2471,"NE",50,3
"2022-02-17 11:00:00",185551.592082152,763633.945904273,2048,"N",50,2
"2021-01-30 11:00:00",169955.398594802,795478.136972136,2569,"S",180,4
"2003-01-30 09:00:00",181955.635168005,784867.929118795,2120,"SE",30,3
"2021-01-28 11:00:00",232161.023102475,747618.155813136,1815,"SE",50,3
"2021-03-18 03:55:00",179409.595605952,662920.828691437,2360,"NE",100,3
"2013-01-31 11:00:00",160114.641675684,685780.962561754,2630,"SE",40,2
"2016-01-08 07:00:00",189042.688485078,780610.045789638,2595.8,"E",30,2
"2003-01-24 11:00:00",170659.440203678,701769.916179099,2055,"S",50,2
"2017-12-09 15:00:00",192612.063281023,783615.24738142,2265.1,"N",80,3
"2007-12-25 13:00:00",129817.93450022,599245.986170505,2400,"S",100,3
"2013-01-18 13:15:00",149699.281753393,660249.899251189,2600,"SE",10,1
"2018-01-12 16:00:00",129708.084137398,601842.934988081,2200,"SW",100,2
"2011-12-27 10:00:00",170659.440203678,701769.916179099,1950,"S",100,3
"2015-01-04 15:40:00",120984.544199943,613724.480312504,2513,"NW",50,3
"2015-02-07 11:15:00",148174.804104305,573887.618496979,1870,"W",60,3
"2010-02-06 12:30:00",158429.814321455,619489.866473018,1950,"NW",50,2
"2011-03-04 18:00:00",199724.746279228,717999.996965222,1900,"N",35,2
"2008-01-14 08:45:00",229600.190335117,745149.962013332,2010,"NW",50,3
"2007-04-01 13:30:00",96500.2634408781,623849.893625789,2400,"NW",20,2
"2021-12-09 11:00:00",183978.278973321,778288.772860805,2448,"SE",30,2
"2017-04-30 07:28:00",174960.016835531,789924.827263059,2460,"NW",40,2
"2008-11-25 12:45:00",170659.440203678,701769.916179099,1850,"SW",80,2
"2020-01-30 09:00:00",226117.715972659,744169.197570288,1809,"NE",20,1
"2016-02-21 08:39:00",100619.155958435,638249.511258901,2860,"SE",80,3
"2005-12-12 11:00:00",177399.751445686,761699.935200362,2700,"W",50,2
"2006-01-18 12:45:00",127099.76204206,596629.959914615,2000,"SE",80,3
"2017-01-21 10:10:00",184998.598734267,776540.585554103,2633.4,"E",50,2
"2021-01-15 11:00:00",163651.612018731,732411.119561575,1509,"E",55,2
"2021-01-19 12:00:00",86058.0527523101,582959.686618238,2425,"W",60,3
"2013-02-20 07:15:00",153150.384352356,780299.989826589,2873,"E",30,1
"2016-03-01 09:00:00",193092.399449313,735234.338549439,2707.8,"SE",50,3
"2015-01-29 15:15:00",180700.39656272,663349.987435599,1930,"SE",30,2
"2018-01-22 23:00:00",167062.63038755,791863.993181424,2854.5,"SE",70,4
"2006-03-10 14:00:00",189830.274142592,736719.957127877,2580,"SW",10,3
"2021-12-19 12:45:00",142916.332447247,769843.869345587,2530,NA,30,1
"2015-01-28 11:00:00",189522.326381502,779955.243174531,2735.1,"SE",50,2
"2021-01-17 07:45:00",226394.833533661,744131.917845663,1761,"E",100,2
"2004-01-14 11:00:00",154486.25120144,780082.99977634,3000,"SE",70,3
"2021-11-29 08:25:00",165771.895076994,733758.516919951,1292,"E",20,1
"2005-03-15 14:00:00",165170.14041685,828870.256297429,2700,"E",40,3
"2021-11-29 07:50:00",165770.173563912,734179.858432689,1363,"SW",20,1
"2008-02-07 11:00:00",146500.120453177,731849.874320621,2500,"S",30,1
"2018-12-10 14:00:00",143414.359869047,799460.719513642,2315,"SE",25,1
"2022-02-03 08:52:00",98883.5164751973,622934.556200894,2915,"E",30,3
"2022-02-05 11:10:00",167186.5276672,818130.553187142,2825,"N",35,3
"2016-01-08 06:00:00",189642.951613924,780636.269180954,2681.2,"NE",20,2
"2021-12-04 08:00:00",104080.227011686,586610.312896717,2451,"NW",20,1
"2016-01-03 23:00:00",103587.241127734,561213.288197618,2607.4,"NE",70,3
"2019-04-05 08:00:00",228416.004990802,746607.961138397,1920,"E",270,3
"2013-01-20 12:40:00",90020.3270180598,584098.802328637,2720,"S",30,3
"2017-02-12 09:30:00",133542.055151569,659720.896575198,2330.6,"N",50,2
"2021-01-10 11:00:00",120819.695357131,645515.86793138,2208,"NW",20,1
"2022-02-03 13:00:00",93631.7242134534,620030.652528624,2588,"NE",50,2
"2011-03-05 09:00:00",137717.98826338,659982.878462867,2340,"N",20,2
"2021-12-09 07:00:00",100509.132224966,589020.982665672,2577,"SW",50,2
"2014-12-08 12:00:00",116429.527180299,642749.652885601,3170,"SE",40,3
"2012-12-22 09:30:00",229600.190335117,745149.962013332,2200,"NE",80,2
"2007-11-11 11:00:00",229600.190335117,745149.962013332,1700,"SE",120,3
"2021-02-10 23:00:00",191104.691629803,814138.454086862,2854,"E",70,3
"2018-02-12 23:00:00",115055.195200313,559707.060395401,1743,"NE",150,2
"2020-01-30 11:00:00",191377.858882903,820128.700778862,2232,"NE",80,3
"2019-12-12 11:00:00",182930.14598077,778123.53118072,2079,"NE",20,1
"2021-01-23 11:00:00",189231.537280137,708966.797098454,2884,"N",20,2
"2008-04-04 11:00:00",170659.440203678,701769.916179099,2700,"SE",100,4
"2020-12-08 08:30:00",164205.788330489,732329.94985495,1620,"SE",40,1
"2017-12-12 07:00:00",166037.990923277,791157.804353567,2697.6,"SW",30,4
"2004-02-29 14:30:00",192350.86259412,794932.879192453,2640,"SW",25,3
"2016-01-19 13:30:00",120970.595993478,583957.047866451,2280,"S",60,3
"2009-02-15 09:00:00",196989.053351718,695300.059711442,2090,"N",40,3
"2009-02-25 12:15:00",189830.274142592,736719.957127877,2620,"SE",150,4
"2000-01-02 14:30:00",169074.449316748,694024.919684342,2264,"SE",60,2
"2006-03-06 11:00:00",131000.038964006,643799.915674833,2650,"S",50,3
"2022-02-06 09:00:00",224198.654943619,737805.342966817,2091,"E",30,2
"2022-04-07 06:30:00",105709.535995875,587844.307055179,2790,"N",15,2
"2019-11-13 10:45:00",165581.790492607,734159.017479702,1276,"NW",15,1
"2003-01-25 11:00:00",182449.522890711,674854.988432851,2420,"SW",25,2
"2016-01-03 23:00:00",103167.268762865,561348.847363673,2567.2,"NE",60,3
"2021-01-16 08:45:00",201849.49079771,693790.034999758,1715,"N",60,3
"2009-01-23 21:00:00",181955.635168005,784867.929118795,2500,"NE",30,3
"2021-01-16 11:00:00",144208.913322791,604776.104553834,1964,"NE",40,2
"2004-10-30 10:13:00",89320.2118602419,620574.245949839,3350,"NE",50,2
"2005-01-24 05:00:00",154486.340746026,780085.991327467,2610,"SE",30,2
"2003-02-05 10:30:00",97175.8198293359,573943.849544762,1950,"NE",80,3
"2021-12-11 07:00:00",106036.628225994,587714.442768481,2726,"NE",40,2
"2019-03-07 13:30:00",190220.90249832,733185.467231938,2261,"E",50,2
"2004-03-09 13:00:00",146040.161874786,764389.952556399,2480,"SW",60,3
"2019-01-15 12:00:00",109099.567060489,589299.16367885,2275,"E",40,2
"2018-03-04 11:00:00",206459.03146398,740360.011373091,2400,"NE",30,2
"2021-01-31 07:45:00",107657.676801021,564187.447819004,2410,"NE",180,3
"2020-03-21 07:00:00",162927.708361206,796213.156077124,2474,"N",60,2
"2020-12-08 09:00:00",105041.756177899,587681.789626642,3015,"E",40,3
"2019-01-22 23:00:00",172914.047763195,796602.778312657,2495,"S",120,1
"2022-02-07 05:00:00",136422.709377182,639765.900051924,2319,"SE",100,4
"2020-02-20 08:15:00",183109.405098091,783869.962080568,2470,"NW",30,2
"2022-02-22 11:00:00",134148.571842479,566753.681789927,1857,"NE",50,2
"2004-01-17 13:00:00",173099.46036091,798450.022279244,2500,"SE",100,4
"2020-01-30 08:15:00",226142.513479203,742800.429417116,1827,"NE",50,3
"2022-02-03 11:55:00",152035.041749251,670688.896731768,2137,"W",100,4
"2016-03-06 07:00:00",191667.167834984,781555.086519702,2390.9,"SE",20,2
"2019-12-29 11:00:00",234125.178960565,606810.121315805,1367,"NE",15,2
"2005-03-08 14:00:00",154486.340746026,780085.991327467,2600,"SE",25,2
"2004-01-05 14:15:00",154486.25120144,780082.99977634,2650,"SE",20,2
"2020-02-03 11:00:00",102170.847789037,624941.657335527,2281,"E",80,3
"2017-04-28 06:00:00",165207.868271001,769159.202184517,3075.8,"N",100,4
"2022-01-10 09:00:00",134306.370985943,566563.292140499,1947,"NE",30,2
"2005-02-23 11:00:00",146673.012680672,658421.879762041,1700,"SW",50,3
"2005-02-03 11:00:00",156884.791168729,797603.337632313,2650,"S",40,2
"2011-12-12 17:00:00",181774.341764771,785873.936337757,2290,"E",30,2
"2021-01-18 09:20:00",105370.55191893,586754.077606338,2700,"W",70,3
"2017-03-02 15:40:00",133950.030984525,639377.913664382,2479.2,"E",40,3
"2019-03-12 06:30:00",205885.068547656,749419.843083156,2398,"E",30,1
"2020-12-06 06:00:00",165613.895779745,734152.708423494,1283,"W",40,1
"2022-02-02 11:00:00",224263.973003045,740125.07722621,2155,"NE",40,2
"2021-01-15 01:27:00",127814.066782599,593270.441820324,2623,"W",80,5
"2015-03-03 08:30:00",116249.648297654,612529.931509649,2560,"N",120,3
"2021-01-25 07:00:00",147278.947641671,794548.476560535,2186,"S",80,2
"2008-03-26 12:00:00",170659.440203678,701769.916179099,2200,"E",100,2
"2005-12-28 13:00:00",154486.340746026,780085.991327467,2650,"S",25,1
"2006-01-30 11:30:00",158799.981466799,760769.803126188,2170,"NE",60,2
"2014-02-03 07:00:00",181774.341764771,785873.936337757,2600,"NW",50,3
"2022-01-10 07:00:00",108818.20957867,565149.098789498,2428,"E",40,3
"2008-01-10 11:00:00",154486.340746026,780085.991327467,2600,"E",30,2
"2017-12-25 16:00:00",170659.440203678,701769.916179099,2140,"SE",80,2
"2014-01-22 11:00:00",186513.410436452,767129.961163348,2470,"NW",50,3
"2021-01-16 10:30:00",93233.9564713008,630084.819390362,3147,"N",30,2
"2017-12-11 23:00:00",165331.526568856,790135.389340836,2730.9,"E",50,3
"2022-02-06 11:00:00",160434.841102968,732765.676683844,2461,"NW",40,2
"2016-03-06 00:00:00",199724.746279228,717999.996965222,2450,"NE",60,3
"2021-01-22 07:00:00",168324.971983592,792175.743483153,2657,"E",80,3
"2004-12-30 17:00:00",92099.5403084009,601799.08823474,3220,"SE",50,2
"2004-12-27 08:30:00",154486.340746026,780085.991327467,2600,"E",30,2
"2004-02-29 10:00:00",181955.635168005,784867.929118795,2750,"SW",10,2
"2021-01-17 14:30:00",142460.180643288,564289.551315591,1750,"NW",50,3
"2019-01-14 10:00:00",163688.063213272,732601.805420094,1413,"SE",40,1
"2016-01-18 08:30:00",189000.447598009,780610.78675696,2597.9,"NE",50,3
"2021-01-30 07:00:00",165170.437429888,790912.403319522,2462,"S",50,2
"2017-03-08 09:30:00",112159.925307746,635382.199270591,2728.7,"NE",100,3
"2006-02-09 14:00:00",225399.23145286,744120.099980607,2000,"N",40,2
"2012-01-12 08:00:00",196577.480762163,772737.920928768,2350,"SE",100,2
"2001-04-22 10:30:00",132500.52156041,550349.308287761,1900,"N",60,2
"2014-12-31 07:00:00",192506.554804578,782384.833411205,2467.1,"SW",50,3
"2017-12-31 13:05:00",165075.410824567,790125.715605264,2730,"SE",65,3
"2017-03-07 07:00:00",175542.020960497,706099.922696802,2200,"NE",80,3
"2021-01-14 11:00:00",134642.860650011,609324.186565658,2606,"SW",120,4
"2019-03-15 14:00:00",165682.609533581,761106.244903475,2258,"NE",30,2
"2007-12-04 09:30:00",181955.635168005,784867.929118795,2510,"SE",40,2
"2018-01-14 16:00:00",129708.084137398,601842.934988081,2230,"SE",300,3
"2020-01-18 11:00:00",226252.437886571,744129.909346302,1789,"NE",25,1
"2005-01-10 11:00:00",181955.635168005,784867.929118795,2400,"W",10,2
"2015-01-05 10:00:00",143708.49596863,611929.672885022,2620,"NE",70,3
"2009-03-12 00:00:00",199724.746279228,717999.996965222,1900,"N",80,3
"2021-12-17 11:00:00",205792.56186039,784536.603491073,2522,"NE",40,2
"2004-12-31 10:00:00",156884.791168729,797603.337632313,2950,"S",50,3
"2016-02-05 11:00:00",190340.697445944,735548.400951331,1901.6,"S",40,2
"1994-02-28 12:00:00",193199.899143821,779200.029191919,2080,"NE",20,2
"2008-03-13 11:00:00",181955.635168005,784867.929118795,2620,"E",30,2
"2007-12-09 13:00:00",202900.113486371,764549.91265888,2550,"W",30,3
"2019-12-21 06:22:00",134454.676626548,639709.579614876,2206,"NE",100,2
"2021-12-04 23:00:00",105810.876822691,586705.864345289,2626,"NE",40,2
"2004-12-29 11:00:00",154486.340746026,780085.991327467,2400,"NE",40,2
"2017-03-01 07:00:00",134112.703462268,565231.043357464,1800,"E",25,2
"2002-12-23 10:00:00",188280.185144701,816145.138397294,50,"SW",40,1
"2021-01-31 12:10:00",87646.2288846052,579838.506039689,2748,"SW",60,2
"2012-02-07 15:00:00",170659.440203678,701769.916179099,1950,"SE",150,3
"2003-12-29 11:15:00",174599.82434749,726754.917757888,2200,"N",40,2
"2005-03-04 11:00:00",165170.14041685,828870.256297429,2500,"N",15,2
"2018-01-05 06:30:00",133650.68843633,639331.44556002,2562.5,"E",150,5
"2005-02-20 09:00:00",145826.247130006,588188.993939879,1900,"W",70,3
"2014-02-23 14:30:00",89352.4818325394,578283.03351386,2500,"NE",20,2
"2014-12-23 12:00:00",164589.982688948,793350.038912627,2300,"W",30,2
"2012-01-11 17:00:00",130487.278463971,601575.935425641,2280,"SE",180,3
"2011-12-13 12:00:00",96500.2634408781,623849.893625789,NA,"NW",50,2
"2008-03-25 15:00:00",146040.161874786,764389.952556399,2700,"NE",50,2
"2015-01-30 15:00:00",187944.551764115,781991.38202167,2153.4,"S",30,3
"2020-12-26 06:30:00",104136.772992147,586677.577203903,NA,NA,60,2
"2012-12-28 13:30:00",188189.947594529,782380.006935598,2130,"SE",30,2
"2010-03-01 14:15:00",159999.369243908,760999.786924399,2200,"SE",50,2
"2016-02-21 14:00:00",166568.497529237,791958.866978887,2726.1,"S",20,3
"2007-12-17 17:00:00",180700.39656272,663349.987435599,2120,"NE",100,3
"2012-12-16 09:30:00",190229.230093778,733109.985297716,2300,"E",40,2
"2008-01-23 07:00:00",181955.635168005,784867.929118795,2640,"E",20,3
"2021-02-08 07:00:00",161553.126280486,793612.006115945,2303,"N",70,3
"2003-02-06 11:45:00",176648.833739894,708919.939643552,2300,"S",150,4
"2010-02-27 15:10:00",100039.883818634,582478.956068608,1625,"NE",60,2
"2021-03-15 09:23:00",98650.9178119477,623159.948833601,2658,"SE",20,3
"2004-12-30 10:00:00",189374.247752425,779950.004073371,2690,"E",40,2
"2009-04-17 05:00:00",164589.982688948,793350.038912627,2750,"NE",30,3
"2021-03-22 11:00:00",160909.423132329,691210.91440709,2360,"S",40,2
"2015-01-05 11:15:00",167700.670718407,747778.861589568,2545,"E",80,3
"2006-03-15 14:00:00",183279.7447349,770729.91945501,2400,"NW",100,2
"2021-01-15 07:00:00",160071.295081572,728832.792181524,1778,"SE",65,2
"2006-01-30 13:15:00",162759.78478751,689979.940319506,2660,"SW",65,2
"2016-01-14 04:00:00",191442.874167086,731776.358201119,2621.7,"E",40,3
"2013-02-15 04:30:00",180700.39656272,663349.987435599,1730,"NW",20,1
"2008-01-12 23:00:00",155540.533140187,743299.91065825,2090,"E",100,3
"2001-04-22 08:30:00",152769.570883532,679489.903354867,2880,"SE",40,2
"2011-03-10 10:00:00",199724.746279228,717999.996965222,2350,"NE",25,2
"2022-02-03 18:25:00",165547.383777691,734161.854237423,1279,"W",25,1
"2022-02-21 05:00:00",134393.632086783,605484.127371429,2886,"S",100,4
"2005-03-12 11:40:00",144339.294308018,783739.580389445,2800,"N",25,2
"2015-01-19 09:00:00",145915.82204335,794011.094909815,2871,"SW",50,2
"2017-03-07 15:00:00",102937.843962808,632880.008180791,3903.1,"NE",250,5
"2009-02-09 06:00:00",196600.196288303,773406.895594381,2480,"NW",30,2
"2012-12-07 08:15:00",156450.0556447,634624.963960638,1800,"SE",90,3
"2019-12-27 10:31:00",98645.2924134842,624561.266786458,1965,"SE",20,3
"2005-02-18 11:00:00",177904.382962615,756921.001489403,2390,"W",100,4
"2016-03-10 09:00:00",192832.67932934,730959.86324766,3010.8,"SE",20,2
"2020-03-10 06:00:00",182286.563821392,672542.754231842,1912,"N",30,1
"2010-12-29 13:00:00",131000.038964006,643799.915674833,3000,"SE",50,2
"2009-01-24 22:00:00",96772.1702073102,589380.017087099,2300,"NW",60,4
"2018-11-24 10:00:00",92540.1171525504,621039.299863961,2650,"E",25,2
"2019-03-16 05:30:00",206637.728918897,749544.725195467,2142,"NE",10,1
"2021-12-17 11:00:00",182758.809702636,764838.99392211,2605,"NE",40,2
"2016-12-04 13:30:00",79819.9278193414,575598.503589931,2350,"NW",25,2
"2021-12-11 05:00:00",104356.46363121,586868.643020242,2495,"W",20,2
"2021-02-01 15:50:00",103392.72193397,561383.164953599,2578,"E",150,4
"2003-02-07 10:02:00",188520.164058721,782340.014359512,2290,"SE",60,4
"2006-02-20 14:00:00",174973.963357722,726674.967726935,2060,"N",50,1
"2007-03-09 12:40:00",108045.062046185,585842.02522717,2700,"NE",100,3
"2000-01-31 10:30:00",162578.976426749,690229.977359679,2770,"W",35,2
"2017-01-14 15:00:00",105131.541205393,561886.516921008,2587.7,"SE",80,4
"2006-01-19 09:45:00",181955.635168005,784867.929118795,2350,"N",50,4
"2006-01-05 13:30:00",172009.77704464,651339.955003883,2440,"N",70,2
"2018-02-22 11:00:00",173675.580290977,788449.83594266,2855,"W",20,2
"2010-02-22 05:00:00",180700.39656272,663349.987435599,1730,"NW",15,1
"2016-02-03 15:00:00",103507.873519604,561281.707245179,2624.6,"NE",50,3
"2017-03-01 05:30:00",191056.142085985,780843.582333889,2510.9,"NW",30,2
"2020-02-07 11:00:00",161111.995959062,796809.383810082,2701,"E",100,3
"2010-11-24 11:00:00",181955.635168005,784867.929118795,2400,"N",15,1
"2021-01-14 11:00:00",235107.945554075,743436.0915085,1975,"NW",80,3
"2021-12-04 07:30:00",105115.159198146,587665.544294465,2989,"N",50,2
"2021-01-15 11:00:00",163588.984780915,731584.925084414,1777,"SE",55,3
"2018-03-14 13:15:00",92999.5495208099,603399.089116445,2700,NA,25,3
"2021-12-03 23:00:00",105057.351639842,586623.154059787,2611,"NW",20,2
"2016-02-17 17:00:00",168999.885705371,588199.968894961,NA,"NW",50,3
"2017-01-24 11:00:00",185608.761978365,778215.397614377,2397,"N",100,2
"2003-04-05 08:00:00",181955.635168005,784867.929118795,2740,"W",30,3
"2009-03-07 09:05:00",229600.190335117,745149.962013332,1720,"NE",80,4
"2021-01-15 08:00:00",163432.093805473,733044.320370458,1315,"N",50,2
"2008-03-20 11:15:00",147000.132004286,588199.988372215,2280,"NW",10,2
"2020-02-14 16:20:00",226215.801039224,744132.465778949,1799,"NE",25,1
"2021-02-09 13:00:00",150365.427023862,786250.488786397,2440,"N",100,2
"2010-02-06 09:00:00",189830.274142592,736719.957127877,2900,"SE",60,4
"2008-02-10 11:20:00",192350.86259412,794932.879192453,2550,"NE",20,2
"2007-03-14 11:30:00",157669.975014393,744924.918036235,2100,"S",30,1
"2022-01-30 11:00:00",163033.356038997,695251.978311191,2400,"E",20,1
"2008-01-13 13:30:00",181955.635168005,784867.929118795,2140,"N",30,2
"2018-01-05 07:00:00",172974.78082868,798076.735903346,2513.1,"SE",70,4
"2012-02-17 15:00:00",181774.341764771,785873.936337757,2570,"SW",40,3
"2020-01-31 11:00:00",201511.824730793,716310.870024698,2100,"SE",130,2
"2020-02-27 08:30:00",188953.638767134,780644.413875313,2569,"NE",30,2
"2012-02-05 14:40:00",96500.2634408781,623849.893625789,2270,"E",50,4
"2017-03-04 16:00:00",89352.4818325394,578283.03351386,2760,"N",90,4
"2018-03-22 07:00:00",99812.7432673809,567295.462357646,2238.9,"NW",40,3
"2013-11-07 08:00:00",154915.640141493,783436.017477136,2873,"E",70,2
"2012-01-21 11:00:00",199724.746279228,717999.996965222,1900,"NE",100,3
"2018-01-22 23:00:00",165277.782336673,790229.448768914,2639.5,"E",60,3
"2016-03-04 08:40:00",184762.741163831,777778.059721137,2640.7,"E",50,2
"2018-04-05 14:00:00",166188.166051043,792099.543980853,2479.1,"S",130,2
"2012-02-23 10:00:00",170160.560484991,824539.74427719,2370,"W",30,2
"2021-01-26 08:30:00",158371.270527449,730947.590256732,2654,"NW",60,3
"2019-01-15 09:00:00",188914.919495392,782155.001041239,2430,"SE",120,4
"2013-02-18 10:00:00",159940.217949658,779039.718704001,2840,"SE",20,2
"2022-04-12 09:04:00",104462.243414696,590299.029283109,3012,"N",30,2
"2004-02-09 11:00:00",181955.635168005,784867.929118795,2080,"SE",50,3
"2021-02-14 11:20:00",111867.195664799,572062.644284692,1943,"W",20,1
"2005-02-23 11:37:00",152199.687842734,772799.683714432,2580,"W",40,2
"2021-02-11 16:20:00",180849.301412621,743999.97170055,2100,"N",30,3
"2015-01-18 09:00:00",154915.640141493,783436.017477136,3000,"S",100,4
"2007-03-10 11:00:00",189830.274142592,736719.957127877,2300,"N",100,3
"2018-02-23 11:00:00",152749.190941726,607529.827030328,2300,"NW",20,2
"2020-01-09 04:43:00",98719.1617947608,623562.266588066,2364,"SE",50,1
"2009-01-10 13:00:00",180700.39656272,663349.987435599,2100,"S",50,1
"2008-12-23 13:30:00",170659.440203678,701769.916179099,1480,"S",40,2
"2021-01-29 08:30:00",166089.569251276,791833.473718567,2553,"E",100,3
"2012-03-19 15:35:00",181774.341764771,785873.936337757,2400,"NE",20,2
"2003-02-04 09:20:00",146673.012680672,658421.879762041,2650,"SW",100,4
"2005-03-13 13:00:00",192350.86259412,794932.879192453,3000,"N",30,3
"2022-02-12 11:00:00",167433.067461673,781787.879250925,2362,"N",60,3
"2020-01-30 09:00:00",226072.184022952,744171.818252795,1825,"E",30,1
"2015-03-03 07:00:00",178003.047565234,781342.862887747,2481,"NE",60,3
"2017-01-06 12:55:00",116403.631272022,573862.160350942,2508,"E",60,3
"2004-01-23 11:00:00",105000.370215019,587269.107911694,2700,"W",150,2
"2009-02-20 14:00:00",88310.1799559864,578466.04191201,2650,"SW",60,4
"2004-12-27 12:10:00",106024.533512303,587649.078723594,2700,"N",60,2
"2012-12-31 11:15:00",167297.464447522,751058.966076297,2670,"SE",30,2
"2010-02-23 11:00:00",196600.196288303,773406.895594381,2200,"N",30,2
"2009-12-12 11:00:00",167219.783951939,693799.924872106,2460,"NE",50,2
"2007-03-11 12:00:00",131099.555835772,596499.482552117,2500,"N",100,3
"2019-01-18 03:00:00",129708.084137398,601842.934988081,2420,"S",150,3
"2019-12-07 05:40:00",134532.136823075,639655.19593889,2232,"E",80,2
"2016-03-05 07:00:00",188407.812165614,781020.931392271,2513.6,"E",20,2
"2008-12-13 11:00:00",181955.635168005,784867.929118795,2500,"E",25,3
"2004-05-06 11:00:00",152290.325699374,795773.052946369,3100,"N",100,4
"2016-03-05 07:00:00",190203.245647571,781546.263330113,2493,"N",30,3
"2016-02-26 08:00:00",192980.689212932,730914.530657672,2961.9,"NE",20,2
"2020-12-10 12:00:00",100684.455207486,635829.4885024,3370,"NW",80,2
"2014-02-18 11:30:00",109502.631573053,611791.337653226,2785,"NE",50,2
"2009-02-02 14:30:00",196600.196288303,773406.895594381,2550,"NW",30,2
"2012-11-12 13:25:00",143845.73292554,794693.440327666,2740,"N",60,2
"2009-12-20 13:00:00",195439.798767659,675320.054913558,1840,"NW",20,2
"2017-03-05 08:00:00",188361.144739339,735733.978125306,2146.1,"E",25,2
"2004-01-03 12:00:00",181955.635168005,784867.929118795,2850,"SE",50,3
"2003-01-17 05:00:00",154486.25120144,780082.99977634,2200,"SE",80,3
"2015-01-20 13:30:00",200886.185619528,784455.17080927,2630,"N",30,2
"2017-12-11 04:00:00",195011.176620913,716973.98769573,2370,"NE",90,3
"2019-01-11 11:00:00",195429.814712929,678350.071375443,2150,"NE",30,3
"2022-02-03 09:00:00",181284.81233625,765064.278318115,2594,"NW",100,3
"2004-01-26 15:00:00",170659.440203678,701769.916179099,2200,"S",200,4
"2008-12-14 07:00:00",181955.635168005,784867.929118795,2150,"SE",100,2
"2017-01-11 10:10:00",181029.557240829,769699.910976626,2400,"NW",30,2
"2017-12-01 13:00:00",238725.2055054,615015.031822064,1380,"NE",20,2
"2015-03-05 12:15:00",116249.648297654,612529.931509649,2900,"W",50,3
"2020-02-16 11:00:00",173915.102058479,781319.853174224,2566,"NW",20,3
"2021-01-15 07:00:00",104126.682337097,586220.809089663,2353,"N",30,2
"2021-02-01 15:50:00",103064.010201302,561328.769548273,2530,"SE",100,4
"2018-12-12 15:00:00",204181.71293762,786742.662415033,2203,"NW",50,2
"2007-02-20 08:00:00",208439.713578423,780430.201905196,2380,"N",50,3
"2018-03-21 08:00:00",192793.983053228,731324.902002565,2847.7,"SE",15,2
"2003-02-01 13:00:00",146673.012680672,658421.879762041,2300,"SE",50,3
"2015-01-18 09:00:00",186513.410436452,767129.961163348,2550,"E",50,3
"2002-01-13 12:00:00",152418.887328155,629109.861732295,2975,"W",60,3
"2015-03-28 07:00:00",189014.568324267,780967.61097112,2507.8,"SE",20,1
"2013-03-21 04:15:00",180700.39656272,663349.987435599,1730,"NW",25,2
"2017-02-06 15:00:00",180028.054175547,803233.899736828,2600,"E",100,3
"2016-09-23 09:00:00",103577.790155995,639533.854088345,3550,"NE",15,2
"2015-01-03 12:02:00",153150.384352356,780299.989826589,2800,"SE",20,2
"2015-01-01 07:00:00",192290.267851732,777001.941425897,2296.1,"S",30,2
"2011-02-05 13:30:00",187309.815277774,686310.027745802,1680,"NE",15,2
"2013-02-15 11:00:00",181774.341764771,785873.936337757,2600,"S",20,2
"2017-03-01 08:30:00",166005.866386219,791091.999517101,2700,"SE",30,2
"2008-11-25 11:00:00",158355.957191885,765754.940525339,2900,"SE",20,2
"2013-04-01 13:00:00",104605.187126375,591329.077467825,2790,"N",35,2
"2001-12-27 11:00:00",191200.278689332,774349.992237033,2350,"E",40,2
"2002-04-28 08:30:00",173419.510057036,788759.834650974,3050,"E",15,2
"2014-02-05 00:00:00",181774.341764771,785873.936337757,2600,"NW",70,3
"2018-01-04 15:00:00",188055.78178108,804120.034764548,2903.9,"S",100,4
"2009-03-12 05:15:00",181955.635168005,784867.929118795,2280,"NE",50,4
"1993-03-07 13:05:00",122759.090538474,628749.60165425,2230,"NE",40,3
"2003-02-10 11:40:00",164259.796554237,689919.954548721,1980,"NE",200,3
"2005-02-26 13:30:00",168999.253771344,748759.894581933,2440,"S",20,2
"2017-01-18 07:00:00",190753.972184476,778150.191837781,2349.3,"N",50,3
"2016-01-30 12:35:00",171789.813183287,777979.816608198,2770,"NE",50,2
"2015-01-21 11:00:00",193566.296507287,799041.549782628,2691,"SW",120,4
"2014-12-31 07:00:00",189110.673667134,780541.048124245,2599.7,"SW",60,3
"2019-01-03 10:30:00",192131.35866741,736347.739446731,2300,"S",30,2
"2010-02-21 11:26:00",183750.085029175,821219.767540359,2470,"NW",80,2
"2022-01-10 07:00:00",108094.965327816,564120.156567761,2544,"S",50,3
"2020-03-07 07:30:00",192834.322371501,731034.861062944,2980,"SE",10,2
"2005-03-08 05:00:00",154486.340746026,780085.991327467,2580,"SE",25,2
"2017-12-23 11:00:00",119579.076530343,617099.505890115,2890,"SW",80,2
"2017-01-15 11:30:00",141276.017098137,642501.900080646,2640,"SE",50,2
"2014-02-24 13:30:00",118450.157252113,612249.919375676,2650,"NE",80,4
"2021-02-28 11:00:00",154723.503618375,792902.980223945,3090,"NE",80,4
"2021-03-15 04:19:00",181577.569116914,662928.630138371,1735,"NW",10,2
"2021-01-09 11:00:00",123712.104878964,644138.742445945,2210,"N",30,2
"2006-03-19 11:00:00",191099.772171673,814900.477463452,2540,"SE",30,2
"2014-12-13 11:00:00",149048.478743225,622368.969089611,2695,"NE",50,3
"2019-03-16 05:30:00",205873.976553009,749554.130622937,2271,"E",10,1
"2022-02-02 11:00:00",200009.342756939,714512.432931235,2331,"NE",100,3
"2022-02-23 11:00:00",227709.621447404,733625.158979846,1560,"E",50,2
"2018-01-03 23:00:00",166756.205532491,800525.959568869,2821.9,"W",50,3
"2006-03-01 00:00:00",148749.428211008,663349.943717179,2400,"NE",80,4
"2017-01-18 13:30:00",186513.410436452,767129.961163348,2200,"NE",30,2
"2014-03-29 11:45:00",185579.11874545,700384.982673055,1820,"N",20,2
"2017-03-10 19:00:00",195011.176620913,716973.98769573,2600,"NE",100,3
"2021-01-20 10:24:00",114773.379072325,605918.670487746,2652,"NW",30,2
"2010-01-03 11:04:00",152580.023158347,607369.822726825,2310,"NW",60,3
"2021-01-18 07:45:00",226501.02782828,744154.444219114,1744,"E",80,2
"2004-04-11 10:30:00",154486.25120144,780082.99977634,3000,"E",30,2
"2007-01-03 11:00:00",205300.033335466,750390.008897499,2160,"NE",40,2
"2021-01-18 13:30:00",225404.373442934,744102.834099628,1991,"NE",70,4
"2011-03-20 08:15:00",169101.11517071,646650.947473828,2430,"SW",40,2
"2022-02-19 07:00:00",105576.503847456,588219.091348467,2860,"N",10,2
"2016-02-20 01:00:00",153150.384352356,780299.989826589,3060,"N",70,3
"2003-02-07 11:00:00",194089.559163115,796399.93705903,2100,"SW",50,4
"2021-03-16 08:30:00",132002.079661675,603407.456189848,2307,"S",150,4
"2017-12-28 11:00:00",147981.238888034,710454.910870065,2000,"S",30,2
"2015-02-28 11:00:00",192636.907190667,782063.793478414,2486.2,"NW",35,2
"2022-02-01 04:00:00",159459.367398722,728815.2331317,2000,"N",35,2
"2014-01-05 10:00:00",106627.485130076,589158.1502536,2210,"NE",20,2
"2019-12-27 00:00:00",163586.616986602,732489.179376152,1434,"E",15,2
"2012-03-11 09:20:00",139368.844636178,666556.852034184,3044,"SW",80,2
"2014-12-13 11:00:00",127199.722721374,650699.719464079,2200,"NW",30,2
"2020-03-12 11:00:00",168685.859075032,800820.815050329,2624,"SW",70,3
"2019-11-18 07:05:00",164064.960056312,778359.375914459,2129,"N",40,1
"2006-01-06 10:30:00",151609.324524725,606169.815588699,2320,"N",50,3
"2021-01-30 09:00:00",107993.535675781,565309.309070671,1949,"E",50,2
"2022-04-02 04:00:00",177790.299398549,661142.009685933,1762,"NW",25,2
"2021-12-04 23:00:00",105707.404783784,586745.537936386,2631,"E",40,1
"2022-02-02 09:00:00",136488.837501331,574977.011533241,2106,"N",30,2
"2019-01-04 11:00:00",226239.723459043,744110.045238911,1800,"NE",30,1
"2009-02-25 11:00:00",196600.196288303,773406.895594381,2300,"SE",20,1
"2014-02-02 04:15:00",180700.39656272,663349.987435599,1730,"NW",35,3
"2019-01-06 08:00:00",206722.168908715,793787.511788175,1878,"W",30,2
"2012-11-30 13:50:00",92809.2445419861,625439.336596289,2850,"W",70,2
"2020-03-08 11:00:00",134190.437401695,552679.337865526,2080,"NE",30,3
"2007-11-13 11:00:00",181955.635168005,784867.929118795,2520,"SE",80,2
"2013-02-10 13:00:00",164499.652087316,733349.903885131,2560,"SE",25,1
"2010-03-16 12:00:00",180700.39656272,663349.987435599,2180,"E",20,1
"2022-04-03 10:00:00",114438.226798403,616905.718031806,2881,"E",50,2
"2000-02-21 11:07:00",189449.508952293,780970.024855617,2615,"NE",80,3
"2022-02-19 07:00:00",105532.471406579,587999.07596953,2944,"N",10,2
"2012-03-20 13:00:00",196577.480762163,772737.920928768,2275,"NE",20,2
"2017-01-21 11:00:00",186425.976835108,778431.54461687,2526.6,"SE",80,2
"2013-12-30 10:00:00",172725.626814786,778033.876859572,2590,"E",50,3
"2021-01-13 10:00:00",199625.137762738,716608.159610603,1580,"SE",45,2
"2012-04-24 11:00:00",161456.592057665,764627.987918193,3020,"N",80,4
"2017-03-01 23:00:00",107871.180195585,562346.641403868,2564.4,"N",80,4
"1999-04-25 08:30:00",140849.324053085,608649.655654388,2780,"N",50,2
"2016-01-12 07:00:00",216935.367772589,792345.773278185,2010,"N",16,1
"2017-02-12 11:00:00",142280.029825192,611354.709455074,2480,"NW",30,2
"2022-03-08 11:00:00",175007.005851297,799254.740362978,2786,"SW",100,3
"2019-12-24 11:00:00",102883.080769855,561285.68080321,2397,"SE",50,3
"2004-01-17 05:45:00",171349.576488414,797294.982342311,2400,"SE",100,4
"2017-03-10 16:30:00",190761.351072512,781025.42326962,2609.5,"NE",100,3
"2010-01-01 09:00:00",144649.921335577,604349.957967752,2200,"SE",40,3
"2021-01-14 09:55:00",166416.328240912,733736.507046899,1254,"NE",55,2
"2020-03-02 23:00:00",137538.401706402,603919.779135864,2904,"S",60,3
"2017-03-09 15:00:00",228416.004990802,746607.961138397,2210,"E",80,4
"2017-03-06 19:30:00",149352.751361625,697477.944489706,2198.4,"NE",100,3
"2022-02-03 11:00:00",187746.061250395,781864.565931346,2105,"E",80,2
"2011-02-25 04:00:00",199724.746279228,717999.996965222,2390,"NE",35,2
"2021-11-05 11:00:00",87746.673665617,623511.650746574,3792,"W",20,1
"2015-01-01 07:05:00",189618.353294667,780004.791096619,2740.6,"SE",40,3
"2020-03-03 04:00:00",198880.750544977,714221.78004243,2351,"NE",40,2
"2021-02-20 08:40:00",152796.067637778,721727.068630841,2945,"E",45,2
"2005-01-30 08:15:00",156450.0556447,634624.963960638,2600,"W",40,4
"2010-11-27 10:35:00",160799.733540898,684699.899392389,2354,"NW",50,1
"2016-03-06 13:00:00",189399.891551873,786380.781899161,2113.9,"NW",30,3
"2006-02-11 14:00:00",181955.635168005,784867.929118795,2240,"NW",50,3
"2020-12-24 07:30:00",105647.741100734,587619.153511065,2735,"W",30,1
"2006-03-10 11:00:00",174399.347626491,703249.925792455,2000,"NE",100,4
"2015-01-31 11:55:00",224214.267990999,741408.045582901,2250,"W",20,3
"2007-11-17 16:00:00",170659.440203678,701769.916179099,2050,"S",60,3
"2020-01-30 11:00:00",224026.94495704,737833.74787838,2165,"E",80,2
"2020-12-30 02:00:00",130612.169885094,597439.882040757,2400,"N",60,2
"2010-12-06 16:00:00",153150.384352356,780299.989826589,2960,"NE",130,3
"2015-01-30 13:00:00",144871.42315718,604731.717966071,1875,"E",80,2
"2021-12-12 17:15:00",165232.948737213,734023.322900013,1273,"NW",20,1
"2006-02-17 15:00:00",202900.113486371,764549.91265888,2400,"NW",50,3
"2015-02-10 12:45:00",167505.926529837,817367.865163966,2590,"SW",30,3
"2013-03-16 14:00:00",166005.866386219,791091.999517101,2990,"E",20,1
"2018-01-23 07:00:00",136874.616658733,639683.14593254,2405.9,"E",80,3
"2010-04-09 09:00:00",192150.032550079,775830.04719394,2330,"NW",50,3
"2020-03-21 07:00:00",161888.268555373,794690.234343991,2390,"NE",50,2
"2021-04-17 10:00:00",184259.615724979,716829.99965419,3000,"SE",30,2
"2010-01-29 23:00:00",181955.635168005,784867.929118795,2550,"NE",15,2
"2016-01-14 04:00:00",190227.821798968,733146.635011754,2273.7,"E",40,3
"2009-02-17 14:00:00",181955.635168005,784867.929118795,1800,"S",40,2
"2000-11-11 09:30:00",162029.67361598,689629.954101119,2840,"NW",150,3
"2010-12-26 08:00:00",180399.58616612,675399.955076079,2200,"SW",40,2
"2016-04-29 10:20:00",146389.012330653,640289.792241378,3680,"SW",30,3
"2013-02-05 11:15:00",106900.455432253,604399.953247584,2800,"NE",60,3
"2017-03-10 09:00:00",155300.251842101,612193.937764268,2500,"NW",80,3
"2010-02-06 04:00:00",199724.746279228,717999.996965222,1950,"NE",30,2
"2014-01-08 07:00:00",170638.127397817,775732.98003321,2150,"NW",30,3
"2020-02-14 15:35:00",225479.961746552,744101.457589549,1959,"NE",30,2
"2008-03-14 13:00:00",181955.635168005,784867.929118795,2660,"W",100,3
"2017-12-25 07:36:00",135879.610613366,638644.740001894,2795,"E",80,3
"2019-12-12 11:00:00",182805.4177879,778304.82452902,NA,"NE",20,1
"2019-01-18 09:20:00",159442.490173689,728337.965887459,1550,"SW",45,2
"2021-03-16 15:00:00",107628.952722636,564157.128181745,2436,"NE",180,3
"2012-02-16 11:00:00",181774.341764771,785873.936337757,2200,"NE",40,3
"2021-11-30 07:10:00",165745.894127526,734088.479629647,1288,"SW",15,1
"2022-04-07 03:00:00",224309.800568799,737802.768087839,2052,"E",30,2
"2007-01-20 09:00:00",129817.93450022,599245.986170505,2900,"N",60,3
"2004-03-22 09:00:00",181955.635168005,784867.929118795,2400,"NW",10,1
"1999-02-08 09:20:00",188390.554560858,816490.177740326,2085,"E",70,2
"2019-01-25 23:00:00",166016.812457431,792444.684753491,2330,"SE",70,1
"2009-12-27 12:50:00",154179.661010943,780799.698007546,2840,"SE",100,3
"2001-03-04 13:10:00",115750.400181461,552038.955901337,2180,"E",80,2
"2015-01-05 09:00:00",147000.132004286,588199.988372215,2850,"SE",100,4
"2016-02-27 08:49:00",182154.107876445,673985.058980403,2095,"W",40,3
"2019-02-02 08:30:00",190319.868878687,733135.58444468,2236,"NE",50,3
"2011-03-05 14:30:00",103269.826475028,637059.866855593,2230,"W",15,2
"2020-12-15 11:00:00",234157.020931726,745943.175646829,2195,"N",50,2
"2013-12-29 11:50:00",143332.895483173,611999.729709088,2580,"NW",40,2
"2012-02-05 11:30:00",145447.563055188,576385.028085968,2100,"NE",30,3
"2015-02-10 15:00:00",189151.395486594,780157.922611204,2596.8,"SE",40,2
"2015-01-28 07:00:00",192550.560819105,782441.930460219,2434.6,"N",40,3
"2018-12-27 11:00:00",177410.280786583,786239.907198882,2700,"NW",40,2
"2011-03-05 15:15:00",120400.079681464,624699.540523688,2600,"E",40,2
"1994-02-25 14:30:00",98225.6178623063,563348.752570368,2160,"NW",50,2
"2006-02-22 11:00:00",165170.14041685,828870.256297429,2400,"NE",50,3
"2015-01-28 13:45:00",234223.708008647,745851.033379968,1700,"NW",30,2
"2010-01-31 10:36:00",224339.43991614,733940.076507152,1680,"NE",40,2
"2014-02-13 04:00:00",199724.746279228,717999.996965222,2600,"NE",50,3
"2011-12-21 15:00:00",168999.885705371,588199.968894961,1780,"N",30,2
"2018-01-24 07:00:00",168357.68990344,758453.846939653,2200,"E",80,2
"2021-12-04 07:30:00",104978.560302491,587599.372806813,2969,"W",50,2
"2001-01-26 09:30:00",84834.9964659486,573178.573672549,1910,"E",50,2
"2003-02-14 11:00:00",196600.196288303,773406.895594381,2050,"SW",60,2
"2009-02-18 13:45:00",140999.255551515,624999.768874055,2400,"SE",20,2
"2009-02-25 09:35:00",181955.635168005,784867.929118795,2610,"E",50,3
"2009-10-19 05:00:00",181955.635168005,784867.929118795,2780,"SW",40,3
"2009-02-14 11:00:00",191820.20177712,737182.974213531,2100,"E",70,2
"2015-01-04 09:30:00",189474.70110331,779887.903473216,2736.7,"E",200,3
"2013-05-02 17:00:00",92885.3480381945,601174.04730981,3750,"NW",250,2
"2021-01-18 11:00:00",120667.302220172,643691.373322171,1951,"E",40,1
"2019-02-04 08:30:00",189200.341027577,734289.765593442,2349,"NW",30,1
"2021-12-17 11:00:00",173350.149734187,778054.21987714,2491,"SE",50,4
"2007-02-16 14:00:00",183279.7447349,770729.91945501,2300,"SE",80,2
"2015-01-01 09:30:00",113173.943618925,606159.63808707,2887.2,"NW",30,3
"2019-02-04 13:25:00",215249.824049609,700815.056502976,1545,"NE",50,2
"2008-11-27 13:15:00",82740.5048253246,583458.700831547,2780,"NW",35,2
"2014-12-31 11:00:00",185137.439657028,779711.349222079,2228.1,"NE",60,1
"2021-01-23 09:00:00",167126.709775338,792267.743494793,2746,"S",60,2
"2016-02-05 10:00:00",155300.251842101,612193.937764268,2078,"N",60,2
"2014-12-20 15:00:00",190028.563698849,780330.859114796,2600.5,"E",20,1
"2012-04-25 12:20:00",104770.498834874,589445.066878585,2800,"N",50,3
"2008-03-26 12:00:00",170659.440203678,701769.916179099,2300,"SE",100,4
"2015-01-01 10:40:00",129708.084137398,601842.934988081,2760,"SW",60,3
"2008-02-07 14:00:00",181955.635168005,784867.929118795,1980,"SE",20,2
"2021-02-11 10:30:00",116162.854581075,573502.925613873,2714,"E",20,1
"2011-12-19 14:00:00",103269.826475028,637059.866855593,2800,"NE",30,2
"2004-02-15 09:00:00",178495.245305066,783154.933375901,2120,"NE",50,3
"2017-03-10 07:00:00",165524.865121805,768844.765392385,2781.3,"NW",100,3
"2022-02-01 05:01:00",180708.350214442,663785.578258009,1921,"S",10,2
"2005-02-19 11:00:00",189229.959690354,780844.91640968,2600,"SE",30,2
"2021-01-15 02:00:00",227164.111695926,744211.84172908,1488,"N",40,2
"2019-02-04 08:00:00",145927.359883067,775606.125739612,3003,"E",20,1
"2022-01-30 11:00:00",211624.18104359,737198.12146555,2000,"E",30,1
"2018-01-22 23:00:00",165641.716309436,790237.004620221,2682,"SE",60,3
"2021-03-16 11:00:00",134503.204250828,603244.455953917,2696,"SW",100,3
"2019-12-27 08:20:00",163332.371523329,730525.38726971,2082,"SE",25,2
"2008-03-27 11:00:00",181955.635168005,784867.929118795,2580,"N",30,3
"2010-12-27 10:00:00",193947.303354125,734633.963778401,2890,"E",80,2
"2012-12-29 11:00:00",170638.127397817,775732.98003321,2490,"W",80,3
"2014-01-26 13:15:00",153150.384352356,780299.989826589,2860,"S",15,2
"2010-01-15 23:00:00",118175.919096418,580550.026699357,2050,"E",100,2
"2006-01-08 13:00:00",160969.246955047,693869.940049541,2120,"NW",30,2
"2014-01-25 12:45:00",153150.384352356,780299.989826589,2800,"W",20,1
"2019-02-11 07:00:00",155012.017066858,756540.753063092,2817,"N",100,3
"2015-01-28 11:00:00",192539.792421412,782271.212708405,2505.1,"SW",30,3
"2012-02-09 13:05:00",189830.274142592,736719.957127877,2387,"SW",50,2
"2002-12-05 11:00:00",181955.635168005,784867.929118795,2540,"SE",25,2
"2018-02-24 15:15:00",89352.4818325394,578283.03351386,2500,"S",25,1
"2013-02-16 08:30:00",130487.278463971,601575.935425641,2750,"W",30,2
"2000-01-24 02:15:00",181349.031651391,672700.054927537,2325,"NE",100,3
"2021-05-02 14:00:00",149977.426011881,786147.466267593,2743,"N",30,3
"2015-02-08 12:45:00",119279.830204483,636814.647549804,2320,"N",30,2
"2021-12-04 08:00:00",105113.30928154,586959.768815803,2635,"SW",20,1
"2015-02-07 07:00:00",186616.407864476,780848.097107776,2124,"SE",50,3
"2010-02-07 14:00:00",144649.921335577,604349.957967752,2100,"NW",25,2
"2013-03-02 10:00:00",189830.274142592,736719.957127877,3000,"SE",40,3
"2008-01-17 11:00:00",169048.788727703,703869.933423156,1880,"N",80,2
"2008-01-20 13:30:00",170659.440203678,701769.916179099,2100,"SE",80,3
"2006-01-20 11:00:00",182649.921449807,764599.94029227,2500,"NW",30,2
"2008-03-13 13:00:00",177399.751445686,761699.935200362,2650,"W",50,3
"2019-02-03 14:30:00",239910.119764355,719059.987026284,1265,"NE",60,2
"2000-04-08 13:30:00",190199.26499641,779350.04076632,2600,"NW",80,3
"2020-12-07 05:30:00",164223.128012169,734114.811108459,1564,"W",50,2
"2003-02-08 10:00:00",140100.162617652,625849.905121771,1420,"E",50,1
"2017-12-11 23:00:00",166366.642411966,791733.045678773,2672.3,"E",20,3
"2015-12-20 11:00:00",89352.4818325394,578283.03351386,2200,"NE",30,2
"2017-12-30 14:00:00",116249.648297654,612529.931509649,2800,"NW",60,3
"2022-02-02 11:00:00",159153.434582965,729067.169840569,2181,"NW",45,2
"2021-01-28 09:00:00",166135.649094827,733114.673018579,1605,"SE",60,2
"2015-01-21 11:00:00",149436.427993699,789130.041470219,2491.7,"NE",50,2
"2007-02-08 09:00:00",201249.342473934,785550.203013927,2550,"NW",15,2
"2010-01-31 11:50:00",144509.333101523,605114.706585516,1810,"NW",50,1
"2019-12-23 05:15:00",181622.114009858,662935.799424812,1723,"NW",15,1
"2003-02-03 22:15:00",136130.325082813,587679.98418894,2400,"W",100,4
"2013-02-08 13:00:00",189830.274142592,736719.957127877,2400,"SW",70,3
"2003-02-07 07:30:00",172419.519535781,703849.950634597,2120,"E",150,4
"2018-03-07 15:00:00",167410.212635245,758115.949116581,2359.6,"NE",30,2
"2022-02-11 11:00:00",111155.76342532,630619.641900939,2357,"N",30,2
"2021-01-16 10:00:00",156084.372738159,791285.677151379,2876,"SW",50,1
"2020-01-30 08:30:00",225243.822380866,744269.343436953,1977,"NE",100,2
"2019-02-16 11:00:00",193036.071964563,739414.762510612,2421,"SW",50,2
"2019-12-25 13:00:00",166212.258772642,733059.35903122,1658,"E",20,1
"2021-12-01 11:00:00",223480.717136959,736328.616445609,2107,"NW",70,2
"2021-02-03 07:30:00",108446.846258872,564208.119766547,2465,"SE",50,2
"2010-03-31 08:00:00",164499.652087316,733349.903885131,2640,"NE",30,4
"2020-01-30 11:00:00",224331.705260208,737836.244214639,2023,"E",80,2
"2010-04-06 11:00:00",181955.635168005,784867.929118795,2440,"N",50,3
"2019-01-07 11:30:00",205912.277666322,749529.351796752,2278,"NE",35,3
"2021-02-03 07:30:00",108094.787499812,564150.148197133,2527,"SE",100,3
"2002-12-12 11:00:00",103269.826475028,637059.866855593,3000,"NE",150,2
"2009-03-13 09:30:00",170659.440203678,701769.916179099,1900,"SE",80,3
"1998-04-16 11:45:00",100189.862249346,618749.355042017,3650,"NW",80,2
"2014-12-30 10:00:00",187775.422365307,781879.173004892,2090.3,"SE",50,2
"2021-03-16 08:00:00",134748.86372925,604898.92681859,2766,"W",150,3
"2019-12-05 04:00:00",134340.29890756,639217.744584648,2500,"E",80,2
"2016-01-20 11:00:00",228224.575465628,589741.929231134,1360,"NE",40,2
"2022-02-02 13:00:00",160018.748095823,730520.691214025,2283,"NW",45,3
"2016-01-14 04:00:00",192641.095023733,730639.89389167,2981.1,"SE",70,4
"2022-02-10 15:30:00",144262.726359964,784908.774406354,2621,"E",70,2
"2016-02-09 12:30:00",192485.215479352,783250.951248485,2291,"NE",20,2
"2022-04-02 10:00:00",178720.295500714,659542.846691369,1815,"SW",30,1
"2017-01-16 11:00:00",182659.510003483,777098.308930196,2464.8,"SE",100,3
"2019-02-04 07:00:00",214180.905789421,792678.107775223,2333,"S",40,3
"2018-01-23 07:00:00",165965.211998562,791456.785736831,2628,"S",50,3
"2021-02-04 07:00:00",163953.301109759,796624.332238772,2507,"NW",100,4
"2005-02-05 13:00:00",136130.325082813,587679.98418894,1600,"E",80,1
"2011-12-27 10:00:00",86800.0367038674,573530.045097616,1900,"W",80,2
"2010-12-04 14:00:00",159754.72885917,674091.947736428,2980,"SE",40,2
"2016-03-30 08:00:00",99216.180697755,564082.900275046,2110.6,"NE",30,3
"2014-03-01 06:00:00",132499.746347789,567200.046930197,2100,"NE",40,3
"2019-12-23 05:00:00",173188.322259415,798748.695602119,2434,"S",60,2
"2017-12-13 04:00:00",192556.963761192,783015.297825428,2275.3,"NW",50,2
"2010-02-09 04:45:00",180700.39656272,663349.987435599,1730,"NW",30,2
"2022-02-05 13:00:00",163425.824562092,789557.148542786,2323,"NE",60,3
"2021-12-11 07:30:00",203532.325515214,786676.930363296,2223,"E",100,2
"2014-12-31 07:00:00",189061.181208017,780633.151273453,2564,"E",50,2
"2018-02-05 05:00:00",96020.8727727148,625434.914851478,2250,"SE",100,3
"2022-01-14 12:01:00",172544.929153037,781247.072707435,2583,"SE",10,1
"2021-12-10 17:00:00",180663.235884907,663724.953243406,1908,"S",151,1
"2016-01-17 08:00:00",168999.885705371,588199.968894961,1900,"NW",20,2
"2013-02-13 09:35:00",104191.904223423,590427.068648717,3150,"SW",50,2
"2021-01-23 09:00:00",165208.501934373,791409.400254517,2325,"E",80,2
"2004-03-12 13:00:00",154486.25120144,780082.99977634,2600,"S",35,2
"2007-12-14 23:00:00",206338.719699346,773914.879313466,2360,"NW",120,3
"2013-01-03 11:00:00",153150.384352356,780299.989826589,2960,"SW",25,1
"2018-03-31 06:00:00",181456.806148636,810115.150530252,2304.9,"N",50,3
"2015-02-10 07:00:00",154540.271039648,790889.51830887,2702.2,"S",20,1
"2010-02-06 11:00:00",189224.578596326,783190.055205842,1980,"E",30,2
"1999-04-09 11:20:00",149930.18599243,604229.757262039,2370,"NW",25,3
"1999-02-23 11:00:00",168299.727153079,726649.941696468,1540,"E",100,2
"2020-01-10 23:00:00",164172.213268195,730284.949959935,2423,"SE",30,2
"2005-02-17 13:30:00",141324.543594007,642761.944608267,2700,"SE",60,3
"2005-03-04 11:00:00",181955.635168005,784867.929118795,2200,"N",30,2
"2022-02-03 07:30:00",217505.467797136,764573.86326247,2109,"N",50,4
"2022-02-02 11:00:00",159013.959772941,728264.983974552,2025,"N",45,2
"2012-04-25 11:00:00",190667.497979332,795565.17327002,2400,"N",30,2
"2016-01-08 07:30:00",190669.806868129,780867.017826878,2606,"NW",30,3
"2009-12-22 00:00:00",199724.746279228,717999.996965222,2050,"NE",70,3
"2011-02-28 12:00:00",168999.885705371,588199.968894961,1800,"NE",35,3
"2017-02-06 18:00:00",154915.640141493,783436.017477136,2700,"E",30,1
"2009-12-22 07:00:00",145104.444816517,783191.043797928,30,"N",30,2
"2020-02-03 11:00:00",105460.174781789,624642.043450969,2429,"E",60,4
"2017-03-03 14:30:00",96175.0868732979,594423.991156438,3300,"NW",100,4
"2017-12-11 23:00:00",166340.378245161,792233.45790902,2561.7,"SE",20,3
"2003-02-06 09:00:00",146673.012680672,658421.879762041,2000,"SE",100,4
"2003-01-25 12:30:00",180099.780277921,640450.055059684,1740,"NW",60,2
"2022-02-03 03:07:00",179307.082343721,664778.388551527,2132,"NE",50,3
"2019-11-15 11:00:00",181904.638528291,777858.579733726,2156,"E",40,1
"2009-12-22 10:15:00",235648.162597021,734444.053061231,1400,"N",90,2
"2016-01-15 07:00:00",191943.044692606,736623.014377413,2243.8,"SE",60,2
"2010-03-10 10:00:00",180399.58616612,675399.955076079,2400,"N",25,1
"2021-01-18 11:00:00",80145.1147956791,579013.701981493,2646,"S",80,3
"2009-01-25 10:00:00",199724.746279228,717999.996965222,2000,"N",50,3
"2003-01-06 09:00:00",187396.862935823,766026.9079554,2380,"SE",100,3
"2017-12-17 14:45:00",191566.339952028,697148.962345158,1715,"NW",200,2
"2004-02-24 11:00:00",154486.25120144,780082.99977634,2600,"SE",20,2
"2016-02-05 07:30:00",192372.629860821,782479.098494754,2465.2,"SW",30,2
"2017-02-01 12:00:00",193501.555793432,738342.587089808,2451.2,"S",50,3
"2015-02-07 11:00:00",171772.557238173,778035.446861705,2766.4,"NE",40,3
"2022-02-02 17:00:00",191818.50399916,785936.720112355,1469,"E",60,2
"2010-02-28 11:00:00",187396.862935823,766026.9079554,2190,"NE",50,3
"2017-01-22 11:00:00",214726.715858845,792461.364274677,2297,"W",40,3
"2009-02-15 11:00:00",174049.567599563,600099.945466304,1600,"W",60,2
"2000-12-23 09:45:00",150649.197072599,676899.939541663,2530,"NW",20,2
"2019-03-12 06:30:00",206618.183776956,749563.552663051,2129,"E",25,2
"2009-12-25 09:30:00",129817.93450022,599245.986170505,2650,"SW",30,3
"2021-05-02 14:00:00",139583.964111031,792972.063407542,3510,"N",50,3
"2007-02-27 02:00:00",202900.113486371,764549.91265888,2100,"NE",30,2
"2018-02-06 12:00:00",228416.004990802,746607.961138397,1730,"NW",10,1
"2021-12-29 10:15:00",225361.213319902,744157.427819192,1995,"N",80,3
"2019-01-14 10:00:00",163770.903868641,732727.788314856,1362,"E",35,2
"2013-03-28 16:30:00",88803.3094181743,578283.08171331,NA,"NE",40,2
"2018-03-29 07:15:00",184640.673307824,661344.991895162,2450,"N",40,3
"2019-03-27 15:30:00",175542.020960497,706099.922696802,2000,"E",100,2
"2021-01-18 05:26:00",180662.992402912,663702.041470265,1915,"S",10,1
"2013-01-06 10:40:00",178983.649763796,765619.963178666,2800,"SW",50,3
"2020-12-05 07:23:00",152152.628124718,790757.802187817,2560,"W",30,3
"2021-01-14 08:13:00",140422.488471626,631889.27164323,2635,"NW",100,5
"2020-12-30 10:30:00",144810.987447778,783561.553700554,2745,"NE",50,2
"2019-01-03 12:03:00",182695.336585386,792494.972368592,2770,"SW",100,2
"2021-12-01 11:00:00",223405.67382268,736256.669118338,2103,"W",60,1
"2020-03-11 07:00:00",166673.719077287,798512.434869389,2236,"NW",60,3
"2005-01-26 23:00:00",136130.325082813,587679.98418894,1900,"SE",50,2
"2008-01-06 11:00:00",170659.440203678,701769.916179099,2200,"E",50,3
"2019-02-13 16:55:00",206615.034651635,801496.806805653,2205,"S",200,2
"2020-12-31 07:00:00",106293.43263794,586169.776496846,2476,"N",40,2
"2015-01-05 11:00:00",193519.18066032,733841.02945166,2730,"SE",60,3
"2008-05-01 09:00:00",181955.635168005,784867.929118795,2760,"SW",10,2
"2021-03-16 09:35:00",164233.729017931,734091.588397372,1547,"W",30,2
"2020-12-14 10:00:00",137398.171161236,570557.55467073,1961,"SW",50,1
"2020-02-03 11:00:00",202002.105732581,783998.011570722,2364,"N",70,3
"2011-01-29 12:00:00",180700.39656272,663349.987435599,2400,"NE",30,1
"2003-04-15 11:40:00",93499.7640210007,590498.940693433,2990,"NE",45,3
"2008-12-08 09:40:00",103948.664206572,591786.126480012,2743,"NE",80,2
"2006-03-06 07:30:00",131000.038964006,643799.915674833,2844,"E",80,4
"2022-02-04 11:00:00",148860.869805139,775558.819986974,2343,"NW",50,3
"2002-11-03 10:15:00",155319.860150122,642024.847817389,3480,"SE",40,1
"2006-04-14 12:15:00",103269.826475028,637059.866855593,3000,"NE",10,3
"2021-01-08 13:00:00",149861.657020926,731808.732636836,2223,"S",30,2
"2020-02-05 15:00:00",169129.200020122,801039.627630269,2714,"W",20,1
"2010-01-03 12:50:00",97700.2971619965,581568.939144984,2380,"E",60,2
"2014-03-09 15:00:00",116249.648297654,612529.931509649,2500,"NW",50,3
"2022-04-10 10:00:00",159587.027059125,629586.249846684,2727,"W",40,3
"2021-01-30 09:40:00",99250.8023065038,623049.290872403,2945,"SE",100,4
"2021-01-14 11:00:00",117128.320645245,576313.733118215,2130,"SE",40,1
"2008-01-13 07:25:00",181955.635168005,784867.929118795,2380,"W",50,3
"2004-01-30 12:45:00",155619.991546026,782899.614460519,2630,"S",25,2
"2005-03-13 11:00:00",189539.136558425,642040.108122634,1720,"E",30,2
"2015-01-13 09:00:00",189830.274142592,736719.957127877,2900,"S",70,4
"2010-02-07 11:00:00",181955.635168005,784867.929118795,2380,"NE",25,3
"2022-02-23 08:50:00",98394.6492719233,623006.077758221,2767,"E",40,3
"2021-03-16 07:00:00",134338.028958524,605461.088209193,2833,"S",100,4
"2003-01-03 08:30:00",154486.25120144,780082.99977634,2600,"SE",40,2
"2003-04-15 11:00:00",141324.543594007,642761.944608267,3300,"NE",15,2
"2019-02-04 07:00:00",205277.49932371,749404.540651277,2484,"E",20,1
"2011-12-11 09:55:00",94349.5173474524,640694.51989792,2970,"NE",50,2
"2008-12-15 11:00:00",153150.384352356,780299.989826589,2700,"SE",35,2
"2010-01-27 09:30:00",174049.567599563,600099.945466304,1750,"N",30,2
"2020-12-26 11:00:00",142321.194308737,624223.676224253,2991,"SE",70,3
"2019-01-19 12:30:00",99100.3463426951,582158.91535259,1970,"E",50,3
"2012-01-10 18:00:00",170659.440203678,701769.916179099,2140,"SE",100,3
"2018-03-24 15:00:00",167491.412182612,792923.034881595,2702.1,"E",40,3
"2019-02-04 07:00:00",205253.227764093,750386.089433603,2176,"NE",40,1
"2009-02-15 14:00:00",188280.185144701,816145.138397294,2500,"SE",50,3
"2019-12-14 11:00:00",174193.207808147,765435.136391629,2565,"E",50,2
"2019-02-05 15:10:00",159442.490173689,728337.965887459,1980,"SE",15,2
"2017-02-05 13:00:00",126033.828499991,648424.771051205,2205,"N",40,2
"2018-02-28 11:30:00",184640.673307824,661344.991895162,2470,"NE",100,3
"1997-03-11 11:30:00",123099.766396502,623729.558871385,2660,"NE",50,2
"2013-03-29 03:00:00",161456.592057665,764627.987918193,2410,"N",50,2
"2019-12-26 11:00:00",103555.170619513,593582.491681432,2840,"N",100,2
"2020-01-20 11:00:00",174400.319116923,787335.934721083,2337,"NW",10,1
"2012-02-17 12:00:00",181869.970756985,764545.955250213,2517,"W",100,2
"2013-04-01 11:30:00",118666.19937089,607736.428427538,2460,"NE",30,3
"2012-12-16 13:00:00",153150.384352356,780299.989826589,2760,"SE",40,2
"2020-02-14 11:00:00",179190.782294232,661112.455754607,2122,"S",30,2
"2020-01-22 13:00:00",224831.883008091,739305.251420589,1823,"N",30,1
"2005-03-14 10:00:00",196600.196288303,773406.895594381,2300,"N",35,4
"2017-12-13 07:15:00",188573.315934576,786517.314491513,2368.8,"W",40,3
"2006-03-05 11:00:00",229600.190335117,745149.962013332,1720,"E",80,3
"2009-02-26 08:30:00",180700.39656272,663349.987435599,2300,"E",50,3
"2010-04-07 09:00:00",111699.422203106,617799.419970293,2950,"NW",50,3
"2010-03-18 05:30:00",180700.39656272,663349.987435599,1730,"NW",20,2
"2019-02-01 16:00:00",103144.586461061,561419.181446626,2523,"E",50,4
"2021-01-28 11:00:00",231318.629408488,746744.212335203,1668,"S",50,3
"2022-02-05 12:20:00",202162.105205271,692159.422733193,1671,"N",40,3
"2007-03-23 11:00:00",229600.190335117,745149.962013332,1820,"SE",150,4
"2016-01-17 11:00:00",190465.944660844,780856.088128623,2604.9,"E",50,3
"2022-02-23 11:00:00",198802.654374453,714208.039341879,2403,"NE",50,2
"2011-04-22 08:08:00",174518.16579335,792461.817925643,3080,"N",30,2
"2007-02-16 11:45:00",170659.440203678,701769.916179099,2400,"NE",200,3
"2002-12-06 10:00:00",181955.635168005,784867.929118795,2750,"E",30,2
"2012-01-24 10:35:00",220182.788025142,569276.835643296,1418,"NE",30,1
"2010-02-28 09:00:00",170588.534523666,776732.942616185,2140,"W",30,2
"2014-01-27 10:30:00",120970.595993478,583957.047866451,2150,"NE",30,3
"2017-03-25 14:00:00",134274.892747728,775884.497357595,3050,"SW",40,3
"2009-12-25 12:00:00",157669.975014393,744924.918036235,2200,"S",40,3
"2017-03-10 16:30:00",190679.592452196,781043.389929057,2606.4,"SE",50,2
"2008-01-14 12:00:00",177399.751445686,761699.935200362,2600,"NW",100,4
"2001-02-04 14:10:00",173314.648454111,626630.029432642,1790,"NE",40,2
"2003-02-04 09:20:00",146673.012680672,658421.879762041,2650,"SW",100,4
"2022-02-03 09:00:00",218087.634079716,765514.785261758,1783,"W",70,2
"2021-01-24 11:00:00",153711.627286229,781839.161892674,2641,"N",80,2
"2020-01-30 06:50:00",133153.418067072,639618.049716742,2393,"E",60,4
"2019-02-06 11:30:00",97950.1408352203,581298.934426442,2400,"W",50,3
"2011-03-19 08:30:00",191889.252028204,781250.089001059,2440,"E",60,2
"2008-11-30 09:15:00",170659.440203678,701769.916179099,2200,"SE",80,3
"2001-02-11 11:35:00",196439.727812331,738930.027091017,2880,"SW",50,3
"2021-12-13 11:00:00",231459.923384976,746791.488830157,1764,"SE",80,3
"2020-02-13 11:30:00",115779.987975998,642704.667542738,3145,"N",30,3
"2019-02-05 12:30:00",155378.671337732,744389.927975511,2100,"SE",120,2
"2012-01-01 14:45:00",180849.457957762,674300.046869559,2600,"NW",50,2
"2004-03-09 15:00:00",183479.602090225,662275.001035596,2080,"NW",20,3
"2017-04-02 06:00:00",104455.730664045,638972.554659588,2558.3,"NW",25,1
"2020-02-19 11:00:00",134506.264066467,604562.184518704,2614,"E",20,2
"2019-03-16 05:30:00",205891.661162344,749327.827246686,2437,"NE",15,1
"2003-01-06 11:00:00",88215.2618618959,584408.765981632,2750,"SW",50,4
"2009-02-25 11:00:00",181955.635168005,784867.929118795,2535,"SE",50,2
"2006-02-23 13:25:00",92000.1516457016,584998.862316662,2620,"W",40,2
"2003-02-06 13:00:00",175119.374229175,702119.988022215,2850,"S",100,4
"2021-01-23 07:00:00",155787.928616328,788767.341368519,2351,"W",50,3
"2004-02-25 11:00:00",181955.635168005,784867.929118795,2100,"SE",20,2
"2005-12-18 11:30:00",105299.592698508,586669.08634127,2640,"W",70,3
"2017-03-05 08:00:00",188298.816363466,735731.423555424,2137.9,"E",25,2
"2021-12-01 11:00:00",188953.325119216,788915.577303631,2185,"W",30,1
"2002-12-19 09:00:00",143525.713177244,781444.035206518,3380,"E",20,3
"2006-03-10 13:30:00",144200.067152033,606079.662035095,1980,"W",50,3
"2022-01-07 11:00:00",139312.313221787,789349.196906699,3915,"W",100,3
"2008-02-19 10:55:00",181955.635168005,784867.929118795,2540,"NE",50,3
"2010-02-13 13:00:00",146546.912724673,577565.984564773,1980,"S",50,3
"2020-02-14 09:42:00",134193.459877713,605399.64509294,2731,"S",30,2
"2009-12-02 08:30:00",153150.384352356,780299.989826589,2900,"SE",60,3
"2015-02-25 09:30:00",145915.82204335,794011.094909815,2500,"SE",25,1
"2008-04-04 07:50:00",181999.071223607,673220.018583283,1990,"NE",50,2
"2014-01-05 12:45:00",117415.151204859,603689.345516761,2595,"NW",50,2
"2021-03-09 12:15:00",102430.68523356,558264.055005157,2566,"NE",30,2
"2004-01-29 12:00:00",136130.325082813,587679.98418894,1350,"SE",50,1
"2021-03-20 13:00:00",158927.79151782,791164.557697455,2444,"N",60,1
"2022-02-04 11:00:00",133403.281378428,659061.448354878,2303,"N",50,2
"2019-12-27 11:08:00",98663.5189644804,623546.997994351,2345,"E",30,2
"2007-01-24 11:00:00",103269.826475028,637059.866855593,3500,"NE",100,2
"2015-03-03 07:00:00",189012.396545588,780601.342079912,2597.9,"E",50,2
"2016-01-14 04:00:00",190234.278819062,732786.792838953,2416.1,"NE",60,3
"2012-12-19 06:00:00",189830.274142592,736719.957127877,2680,"SE",40,2
"2017-02-22 11:00:00",182940.279354665,789749.920941346,2360,"NE",40,2
"2021-12-04 08:00:00",104428.620461843,586915.284518267,2511,"W",20,1
"1999-02-23 13:10:00",180479.848552146,651590.030986954,1900,"E",400,5
"2017-01-09 07:30:00",192156.635086099,736090.529851367,2322.2,"S",60,2
"2014-02-23 10:00:00",163849.213008835,675249.940058,3300,"NE",50,2
"2020-02-23 11:00:00",225216.956821115,742787.61477661,1959,"SE",70,3
"2018-03-12 06:00:00",154915.640141493,783436.017477136,2800,"E",10,2
"2009-03-11 14:00:00",160149.127794507,639749.890788145,2100,"NE",25,2
"2005-01-22 09:00:00",181955.635168005,784867.929118795,1570,"W",50,2
"2011-01-02 12:45:00",120874.247982791,616324.504541544,2920,"SW",35,2
"2015-01-19 15:00:00",189531.64241046,780890.905588777,2621.3,"NE",30,2
"2010-01-19 13:00:00",142100.165263159,595299.604778376,2060,"SE",40,2
"2018-01-04 23:00:00",170165.48666753,801327.367865241,2381.6,"W",60,2
"2015-01-04 09:30:00",189535.822520559,780034.142287563,2695,"SE",50,2
"2022-02-08 11:00:00",102407.354436826,610843.648736897,3379,"NW",120,3
"2021-01-24 07:30:00",105711.774132642,587836.965341117,2790,"N",30,2
"2005-12-10 13:43:00",88869.2562085777,621014.278203498,3300,"NE",50,2
"2019-01-28 08:00:00",237345.552713188,594925.963162752,1055,"NE",20,1
"2019-04-05 06:00:00",166635.92085743,791806.440749306,NA,NA,30,2
"2016-03-03 07:00:00",215910.170212937,792597.625563577,2324,"NE",25,2
"2020-02-04 15:00:00",135299.554320136,567907.795074958,1752,"E",30,2
"2019-01-06 09:45:00",226595.064469711,744180.070258186,1725,"E",40,2
"2015-03-06 13:15:00",114229.231179962,603824.376456767,2740,"NW",70,2
"2022-01-09 07:00:00",204110.915090958,786755.00577321,2252,"NE",20,1
"2020-01-09 11:00:00",95946.4593461791,622333.730321745,2227,"SE",50,2
"2019-02-03 07:00:00",167097.732730632,798721.406888004,2239,"W",40,3
"2008-01-17 13:15:00",93899.5933106022,624849.343639908,2480,"NW",40,2
"2017-02-08 14:00:00",134112.703462268,565231.043357464,1960,"S",30,2
"2022-01-28 13:00:00",169869.173160391,796583.868116981,2283,"E",50,2
"2013-02-26 10:30:00",180700.39656272,663349.987435599,1730,"NW",20,1
"2020-12-31 10:30:00",115376.68607781,574854.141339752,2530,"E",60,2
"2015-02-27 12:45:00",129708.084137398,601842.934988081,2750,"S",25,2
"2008-03-02 11:00:00",146499.768838317,680279.88383289,2520,"N",30,3
"2007-01-27 16:00:00",181955.635168005,784867.929118795,2550,"E",20,3
"2010-02-28 09:30:00",97500.4422534146,577250.067785895,2100,"W",100,4
"2000-11-12 14:40:00",95050.4740051064,565263.667321984,2920,"N",70,3
"2005-03-12 09:25:00",169308.986530067,649430.000130019,2380,"S",40,2
"2017-12-28 08:30:00",150826.762115504,716490.88956352,2200,"NE",40,3
"2021-12-04 23:00:00",106000.993538419,586695.767206343,2604,"E",40,3
"2005-01-08 11:02:00",208469.442470838,780420.247950706,2380,"NE",50,3
"2019-12-30 09:00:00",163265.510522813,730005.752623221,2248,"SE",25,2
"2020-11-08 11:00:00",140836.192279843,789885.150586473,3500,"E",60,2
"2012-01-30 13:00:00",196577.480762163,772737.920928768,2060,"SE",100,3
"2017-03-01 07:00:00",104137.344824967,561068.219593324,2571.5,"NE",70,4
"2018-03-07 16:00:00",170659.440203678,701769.916179099,2200,"E",100,2
"2017-03-06 13:00:00",189591.845294089,780047.874319473,2701.5,"SE",60,2
"2007-03-21 23:00:00",146040.161874786,764389.952556399,2380,"N",60,3
"2009-01-31 11:00:00",86139.896710242,578858.716225434,2800,"NE",30,2
"2017-02-18 12:00:00",195011.176620913,716973.98769573,1940,"NW",40,3
"2015-03-06 07:00:00",189564.41529839,779986.416333379,2741.2,"SE",50,2
"2015-01-28 07:00:00",192775.095009884,782546.918257752,2261.5,"NE",40,2
"2003-02-08 07:20:00",156450.0556447,634624.963960638,2200,"SE",60,4
"2022-01-15 10:15:00",185285.764234422,763876.510481852,2343,"NE",40,2
"2018-12-24 11:00:00",129708.084137398,601842.934988081,2882,"SE",80,3
"2002-12-17 12:00:00",154486.25120144,780082.99977634,2950,"NE",15,2
"2006-02-18 12:30:00",99300.5806041949,580668.959649531,2180,"NE",60,2
"2008-03-13 11:35:00",111839.824651879,612039.350069972,2400,"NE",50,2
"2019-01-03 12:00:00",186119.726318497,697779.992996839,2215,"N",40,2
"2003-02-15 13:00:00",222075.060588021,748500.063206343,2160,"W",80,2
"2016-02-29 08:00:00",141276.017098137,642501.900080646,2300,"E",100,3
"2004-01-31 09:00:00",181891.946662171,719121.951469586,1990,"SE",30,2
"2008-02-08 11:00:00",192350.86259412,794932.879192453,2700,"SE",20,2
"2022-02-02 11:00:00",162815.211742951,729233.809208469,2373,"N",70,2
"2006-01-24 10:00:00",181955.635168005,784867.929118795,2380,"W",40,3
"2008-03-22 11:00:00",181955.635168005,784867.929118795,2550,"W",20,1
"2009-02-09 15:50:00",122177.832629458,557739.039754873,1900,"SW",70,3
"2017-03-08 06:30:00",167348.825216011,693089.95125225,2480,"N",80,3
"2019-12-24 05:00:00",170077.943454002,796845.093031441,2087,"E",60,2
"2003-02-14 01:00:00",146673.012680672,658421.879762041,2020,"S",60,3
"2008-01-13 12:00:00",181955.635168005,784867.929118795,2430,"W",50,3
"2010-12-09 10:30:00",181955.635168005,784867.929118795,2520,"SE",25,1
"2019-12-03 10:50:00",92405.0560497466,583210.035931393,2423,"SW",30,2
"2022-02-03 07:00:00",162812.083644118,729088.268824759,2380,"E",55,1
"2009-12-21 08:00:00",105829.788309496,587749.127773668,2730,"NE",20,2
"2016-02-01 09:00:00",193227.138512807,735242.728852053,2741.5,"N",60,3
"2020-02-18 08:10:00",225262.814149817,744272.902683336,1977,"NE",40,3
"2004-12-22 09:00:00",183479.602090225,662275.001035596,2450,"NE",30,3
"2017-05-09 10:30:00",181102.699132223,790515.332730277,2637.7,"N",20,4
"2012-02-20 13:00:00",180700.39656272,663349.987435599,2100,"W",45,2
"2007-02-09 09:00:00",183719.304113608,790080.007813561,2090,"N",40,2
"2017-01-15 11:00:00",192775.345326846,783136.931582592,2162.1,"N",80,3
"2019-01-14 11:00:00",157992.890899514,771408.462705023,2720,"SE",100,2
"2021-12-18 13:00:00",133446.680321818,602205.852477788,2215,"SE",100,3
"2019-01-14 11:20:00",138010.873115336,638324.898078476,3194,"SE",70,4
"2017-01-21 09:10:00",206549.725962556,705470.027729076,2130,"N",80,3
"2015-03-22 11:00:00",173048.844937546,672714.988999541,2770,"E",20,2
"2016-02-05 07:00:00",188762.547707144,735536.925627107,2226.1,"E",10,1
"2021-01-14 07:55:00",162967.774450031,730632.93148305,2002,"SE",50,2
"2020-12-26 11:00:00",80252.3367311787,577033.893861324,2703,"SE",70,3
"2015-01-20 10:00:00",145979.810034015,798299.239264454,2600,"N",20,2
"2012-11-02 09:30:00",145104.444816517,783191.043797928,2740,"N",20,2
"2021-11-05 13:00:00",163746.84140046,787024.788886969,2741,"S",40,3
"2016-01-14 07:30:00",189316.7936305,780516.278796296,2621.3,"W",50,2
"2005-02-17 11:00:00",106199.769727082,587849.084419608,2600,"W",50,2
"2022-04-10 14:00:00",132880.67476079,604053.619300489,2463,"N",80,2
"2022-01-10 07:00:00",108829.537487777,564729.163453146,2514,"SE",30,3
"2006-02-18 06:00:00",229600.190335117,745149.962013332,2020,"N",50,3
"2004-01-21 23:00:00",196600.196288303,773406.895594381,2000,"SE",100,3
"2004-02-21 09:45:00",154486.25120144,780082.99977634,3010,"SE",30,2
"2015-01-01 07:10:00",188479.46622001,780999.830392333,2526.5,"SE",50,3
"2021-02-08 08:30:00",165838.55617613,790937.148152126,2641,"SE",40,2
"2021-03-21 15:00:00",105228.000719686,561927.339860503,2579,"E",50,3
"2015-02-03 14:00:00",179299.849857357,664520.009399582,2080,"NW",50,2
"2011-12-16 13:00:00",181774.341764771,785873.936337757,2120,"SE",30,2
"2015-01-18 12:45:00",153174.501567571,780399.634519875,2950,"SE",80,3
"2020-02-08 11:40:00",119370.087255038,615439.491859757,2550,"NW",60,2
"2018-12-25 07:00:00",162906.288581585,757687.337334975,2781,"E",120,2
"2020-01-29 07:30:00",162922.990859372,729591.672845839,2315,"NE",40,2
"2010-01-23 10:00:00",189830.274142592,736719.957127877,3000,"SW",40,3
"2018-03-31 12:00:00",146593.949207612,777932.715815916,2526.9,"S",150,3
"2005-01-27 14:00:00",144689.630283043,581379.604301677,2000,"SW",45,2
"2020-01-30 08:30:00",105039.685236224,586569.05607669,2580,"W",50,2
"2003-01-19 12:30:00",157269.241614924,676519.899228999,2730,"SE",30,2
"2021-02-12 08:45:00",234728.176914062,744285.839154081,2393,"SE",30,2
"2019-03-12 06:30:00",205154.541029325,750397.481393002,2201,"NE",40,1
"2017-01-06 07:00:00",191052.144721245,782287.034579686,2167.7,"NE",30,2
"2006-01-03 14:00:00",193339.786115644,705549.982798586,2230,"N",80,1
"2015-01-08 08:30:00",164589.982688948,793350.038912627,2680,"SE",50,3
"2016-01-08 07:00:00",190466.090357745,733160.47948315,2189.6,"E",60,3
"2020-03-06 06:30:00",192832.031040381,731031.78486298,2980,"SE",10,2
"2020-05-03 10:00:00",100565.871388097,623903.399659746,2991,"NE",40,3
"2019-01-29 10:45:00",144309.353416082,760369.968708529,2460,"SE",150,2
"2014-12-22 14:00:00",153150.384352356,780299.989826589,2740,"SE",30,1
"2017-02-04 14:15:00",132588.792572818,659214.847988698,2300,"S",40,2
"2015-01-03 07:00:00",184801.53482651,777811.052669209,2638.2,"S",70,2
"2007-03-02 12:30:00",181955.635168005,784867.929118795,2600,"E",30,2
"2019-01-11 08:30:00",204924.20879599,749640.196950425,2440,"NE",15,1
"2010-03-01 09:20:00",181955.635168005,784867.929118795,2200,"NE",25,3
"2013-04-01 12:00:00",113642.282156839,600894.969049753,2380,"NW",55,3
"2018-03-21 08:00:00",193639.227253646,734037.49477723,2760.4,"SW",20,3
"2010-12-27 07:00:00",181955.635168005,784867.929118795,2240,"NE",50,2
"2016-01-14 04:00:00",190167.08108508,733065.442162132,2328.9,"E",50,3
"1999-03-27 14:00:00",94439.975590289,605939.155527235,2830,"W",50,2
"2013-12-27 09:00:00",138301.846204578,623766.914531225,2900,"E",40,1
"2020-12-17 11:40:00",187369.300892748,684949.991238044,2425,"NE",40,3
"2019-03-18 23:00:00",182000.127462459,792769.936158616,2950,"N",200,4
"2022-02-04 10:00:00",93358.4788425756,620434.248854024,2617,"NE",80,2
"2015-01-18 13:00:00",186513.410436452,767129.961163348,NA,"N",50,3
"2015-01-01 10:10:00",173059.447817993,703499.938945748,2000,"NE",30,1
"2016-02-06 12:31:00",93699.7639914786,628229.426794929,2940,"N",40,2
"2016-01-08 07:30:00",190947.912900419,780868.909139001,2586.2,"NW",30,2
"2003-01-22 11:30:00",145104.444816517,783191.043797928,2900,"NE",30,2
"2003-04-04 14:00:00",165170.14041685,828870.256297429,2400,"NE",10,2
"2019-12-30 09:00:00",162640.835376174,735453.027609672,2224,"SW",30,3
"2021-12-15 08:00:00",169260.457057775,733627.24230925,1133,"NE",20,2
"2007-04-09 13:00:00",196600.196288303,773406.895594381,2420,"N",70,3
"2009-02-08 11:00:00",146040.161874786,764389.952556399,2280,"N",90,3
"2018-02-12 15:00:00",189488.259067534,779931.919149967,2731.6,"SE",30,3
"2017-02-10 09:00:00",184640.673307824,661344.991895162,2200,"NW",30,2
"2019-11-30 11:30:00",147343.059697355,681153.673245596,2484,"NW",30,1
"2002-12-04 08:20:00",181955.635168005,784867.929118795,2700,"E",15,3
"2021-01-26 07:00:00",225623.594496604,741234.917086857,1818,"NE",50,2
"2016-03-03 07:00:00",143226.779078484,794228.082960395,2355,"NE",40,1
"2009-02-28 14:50:00",215759.276269553,722265.047702348,1940,"N",30,3
"2005-03-11 11:00:00",154486.340746026,780085.991327467,2910,"SE",20,2
"2005-12-20 16:00:00",165530.08562826,688539.925506556,2820,"N",120,3
"2012-12-29 05:15:00",180700.39656272,663349.987435599,1960,"NE",30,2
"2015-03-03 07:00:00",178747.584277334,781652.736307628,2513.5,"SW",100,4
"2021-01-20 10:30:00",189858.473030963,782824.501948666,2044,"E",40,2
"2008-04-07 09:00:00",229600.190335117,745149.962013332,1720,"N",40,4
"2021-12-12 08:00:00",168950.631350719,733695.386813069,1154,"NE",20,2
"2008-04-04 08:30:00",189491.313044379,780918.07725097,2610,"NE",20,2
"2009-02-10 10:30:00",170659.440203678,701769.916179099,1510,"S",50,2
"2019-01-14 05:00:00",199889.809037541,769645.083160559,1440,"SE",50,3
"2020-12-12 07:30:00",105618.740805521,587666.49718722,2782,"W",30,2
"2017-04-02 06:00:00",105174.883808125,638607.622613009,2336.8,"N",25,1
"1999-01-29 10:35:00",99949.7167498831,580348.96199981,2120,"NE",80,2
"2008-02-06 11:00:00",181955.635168005,784867.929118795,2620,"E",30,3
"2007-02-13 15:15:00",134415.702831985,566493.399478703,2000,"SE",30,2
"2012-02-27 00:00:00",199724.746279228,717999.996965222,2300,"N",40,3
"2006-02-20 07:00:00",181955.635168005,784867.929118795,2160,"E",70,3
"2009-03-20 10:30:00",92300.3542306516,584978.836879712,2690,"NW",100,3
"2011-03-04 12:00:00",103269.826475028,637059.866855593,3000,"NW",20,2
"2015-01-02 07:00:00",184480.530537237,777824.941547311,2580.2,"SE",70,2
"2001-01-07 15:00:00",150329.374285149,779199.668267567,3000,"SW",120,4
"2013-01-06 12:00:00",181774.341764771,785873.936337757,2500,"N",100,4
"2020-02-20 05:00:00",199642.719223277,714412.382743778,2405,"SE",30,2
"2018-03-28 22:00:00",161933.860887337,794105.517421426,2382.4,"NE",40,3
"2017-03-02 11:38:00",174414.048959986,727275.969089203,2273,"N",60,2
"2021-12-12 06:30:00",169259.946102443,733604.286917388,1143,"NE",20,2
"2019-11-30 05:15:00",177656.049230755,661059.317258802,1790,"N",20,2
"2008-01-13 10:00:00",191189.694208324,780920.048489636,2480,"W",35,2
"2007-12-11 11:00:00",144649.921335577,604349.957967752,1700,"SW",40,3
"2005-01-26 08:30:00",141324.543594007,642761.944608267,2540,"E",50,2
"2012-02-01 16:30:00",170659.440203678,701769.916179099,2200,"SW",100,3
"2007-12-24 14:00:00",181955.635168005,784867.929118795,2580,"NW",20,3
"2020-12-07 05:30:00",164244.842846599,734091.340354109,1552,"W",50,2
"2014-12-28 11:00:00",141276.017098137,642501.900080646,3000,"NE",40,3
"2020-03-07 07:30:00",192814.53555771,731197.411040141,2915,"SE",15,2
"2020-03-11 11:00:00",219557.489065332,750060.194273117,2287,"E",30,3
"2019-02-04 13:00:00",150400.185154795,573169.687739926,1815,"W",60,3
"2019-03-16 05:30:00",205287.5161301,750113.752898454,2147,"NE",10,2
"2012-02-17 11:00:00",181774.341764771,785873.936337757,2200,"SW",30,2
"2022-02-18 11:00:00",125315.760158146,648987.443706911,2251,"NW",40,2
"2016-03-05 13:30:00",131490.001566084,571649.402500227,1920,"N",50,3
"2018-02-11 11:10:00",195011.176620913,716973.98769573,2060,"SE",15,1
"2003-12-03 12:15:00",156450.0556447,634624.963960638,2650,"NE",30,3
"2005-03-13 11:45:00",181449.614816029,664900.045477916,2110,"NE",50,3
"2020-12-28 14:00:00",151928.977968748,790789.855863067,2495,"SW",40,1
"2019-03-12 06:30:00",206372.291252452,749336.57077544,2315,"NE",30,2
"2005-03-13 11:36:00",155399.366273112,620149.880780354,2305,"NE",70,2
"2009-12-09 11:00:00",181955.635168005,784867.929118795,2320,"W",20,2
"2008-04-13 11:00:00",181955.635168005,784867.929118795,2580,"E",20,1
"2019-01-13 07:30:00",215213.164526327,793057.004176797,2421,"S",30,2
"2008-03-22 09:00:00",182499.244392954,651000.076118699,1900,"S",40,2
"2010-12-02 20:00:00",186299.613630713,814399.925296155,2800,"SE",25,2
"2010-02-25 08:00:00",181955.635168005,784867.929118795,2500,"W",30,2
"2010-12-29 11:00:00",165724.451343836,692799.916238487,2800,"NW",35,3
"2022-02-03 10:00:00",198752.884170205,785781.445480842,2346,"SW",50,2
"2006-03-05 09:30:00",189229.959690354,780844.91640968,2450,"SW",10,1
"2014-03-04 00:15:00",99550.1708921953,628149.44513926,3000,"W",50,4
"2021-12-01 11:00:00",223342.942523391,736188.155667212,2106,"S",60,1
"2004-03-25 10:20:00",146040.161874786,764389.952556399,2430,"SE",40,3
"2003-02-09 10:15:00",154486.25120144,780082.99977634,2900,"SE",50,4
"2011-12-26 13:30:00",146460.395728782,795820.062902075,2700,"N",30,2
"2007-01-24 08:30:00",153150.384352356,780299.989826589,2860,"E",30,3
"2018-12-11 03:00:00",144031.393036458,609728.955296635,3100,"N",100,4
"2003-11-03 11:00:00",181955.635168005,784867.929118795,NA,"NE",40,3
"2017-01-06 07:00:00",192645.623278179,783113.898334444,2218.9,"N",20,2
"2006-03-11 09:15:00",192291.928972129,822403.219405054,2770,"W",100,4
"2011-04-01 07:42:00",113656.101054065,616267.443332391,2820,"NW",70,3
"2021-03-21 11:00:00",150771.54524028,775064.02457556,2587,"SW",15,1
"2021-12-04 08:00:00",104058.069287919,586576.307129257,2457,"NW",20,1
"2019-01-15 11:00:00",194145.66862353,777835.913116451,2156,"E",120,2
"2019-12-24 09:00:00",163816.127156518,732307.882286323,1583,"E",20,2
"2021-12-01 09:00:00",104378.644831983,586892.591146791,2507,"W",20,1
"2013-02-28 12:15:00",137150.181542883,574999.456256989,1990,"NE",25,2
"2012-04-25 09:30:00",181774.341764771,785873.936337757,2660,"S",30,3
"2015-03-05 11:00:00",166736.686845713,767002.470960559,2350.3,"N",50,2
"2008-01-07 11:15:00",181955.635168005,784867.929118795,2600,"E",30,1
"2018-12-24 12:30:00",192134.569479649,736342.25136792,2300,"S",20,2
"2021-12-11 05:25:00",180663.154714502,663717.315985796,1908,"S",15,1
"2005-04-02 04:50:00",185199.572597727,715359.99369909,2340,"N",30,1
"2007-01-06 14:00:00",181955.635168005,784867.929118795,2500,"NW",30,2
"1997-03-10 12:00:00",178279.535301667,765049.908620806,2580,"E",60,2
"2008-02-11 11:00:00",184415.892314149,784400.98673648,2180,"NE",30,2
"2015-01-31 14:03:00",153115.246173152,780574.655714202,2820,"SE",15,2
"2018-01-23 07:00:00",107438.797247139,564355.149765521,2377.4,"E",100,5
"2017-01-06 09:00:00",191358.257681163,782185.982767883,2146.3,"E",30,1
"2021-03-20 10:10:00",110280.305646682,593979.205780754,2600,"N",50,3
"2021-01-16 15:00:00",108588.702739733,712622.906459426,1450,"E",40,2
"2019-02-06 11:00:00",172424.798619533,740669.877201008,2450,"E",70,2
"2017-02-01 11:00:00",183964.842042736,768334.990860041,2365,"NE",50,2
"2017-03-06 15:00:00",99060.6661258485,567818.755169497,2450,"N",100,4
"2016-01-18 08:30:00",188318.863953751,780985.068671623,2540.7,"SE",50,4
"2019-02-02 11:00:00",146269.303901511,771844.653520712,2572,"S",50,3
"2021-01-16 08:00:00",99648.3707949837,627746.395275059,2683,"W",40,3
"2006-02-02 10:00:00",153150.384352356,780299.989826589,2700,"E",25,2
"2009-02-07 08:30:00",170659.440203678,701769.916179099,1900,"N",50,3
"2007-03-08 12:50:00",109899.305018953,608299.354105157,3030,"NW",100,3
"2018-03-28 09:00:00",147845.750521523,795119.543775383,2420.9,"E",20,3
"2010-01-31 13:00:00",170659.440203678,701769.916179099,2300,"SE",80,3
"2022-02-11 15:25:00",226106.044862953,744146.501800966,1828,"NE",20,2
"2018-01-04 11:00:00",102624.630482318,557709.631969168,2823.7,"NE",80,4
"2021-02-12 04:00:00",232461.83768814,741144.026921267,1866,"S",30,2
"2017-03-10 16:30:00",188586.706461017,780905.052902479,2561.5,"E",50,2
"2005-01-26 15:10:00",174900.925923406,656017.967717097,1860,"SE",70,3
"2021-01-14 06:30:00",162971.606862823,730809.107369265,1937,"SE",55,3
"2016-01-05 09:30:00",105080.307271941,589644.132998552,2610,"N",60,3
"2022-02-19 07:00:00",105702.856377203,587849.087972593,2790,"N",10,2
"2010-03-10 11:05:00",116010.309942936,573559.151407249,2680,"SW",160,2
"2017-01-06 07:00:00",190185.28548005,732883.927762406,2397.5,"NE",50,3
"2021-12-16 14:00:00",147828.300885336,798735.777320506,3011,"S",60,2
"2000-11-12 12:30:00",156399.761388789,747699.834489108,2390,"W",100,1
"2021-12-09 04:50:00",141258.19826462,650174.306085114,2592,"SE",50,1
"2021-01-23 07:00:00",157074.183040157,789668.536488648,2425,"NW",40,3
"2018-12-22 11:00:00",156762.893946581,770860.994153509,2376,"SW",150,1
"2019-11-18 11:00:00",167411.154046023,800287.230780867,2751,"N",100,3
"2005-02-23 13:00:00",103269.826475028,637059.866855593,2370,"SW",25,3
"2016-01-05 07:00:00",98054.6219278649,563315.043301051,2214.7,"NW",60,3
"2000-01-31 14:05:00",161379.537798425,787399.740929134,2510,"N",35,2
"2015-01-01 11:00:00",192381.110581339,784134.127853435,2096.7,"NE",50,3
"2018-12-10 14:05:00",143816.299291448,799976.675640968,2241,"S",20,1
"2003-02-15 07:00:00",180064.638260333,802737.912050588,2300,"SE",50,3
"2004-04-19 11:00:00",152290.325699374,795773.052946369,3100,"NE",60,3
"2013-01-24 01:00:00",168999.885705371,588199.968894961,1750,"NW",40,2
"2018-03-31 13:10:00",149317.117938356,697680.408490631,2154.6,"NE",40,3
"2021-01-31 09:05:00",99651.234028007,623109.700656499,3124,"E",60,4
"2016-01-15 21:00:00",89352.4818325394,578283.03351386,2520,"S",20,1
"2022-01-10 07:00:00",107955.264951906,564057.640566542,2564,"E",50,2
"2010-01-19 16:00:00",170659.440203678,701769.916179099,1950,"SW",50,2
"2005-04-21 09:20:00",108639.508786761,592949.197085052,2900,"N",50,2
"2022-02-11 15:00:00",225438.267467942,744124.766582109,1953,"NE",25,2
"2022-04-07 06:30:00",106032.172768386,587718.763867311,2726,"NE",15,2
"2021-01-31 10:25:00",189299.799885126,814215.310484503,2730,"SE",100,3
"2021-02-02 11:00:00",109976.028728226,605316.623789631,2744,"SW",80,4
"2009-02-11 05:00:00",164589.982688948,793350.038912627,2900,"NE",60,3
"2022-02-23 09:10:00",100240.236580003,623061.025676225,3315,"SE",20,3
"2017-12-18 15:00:00",175542.020960497,706099.922696802,1900,"S",100,1
"2012-03-20 12:05:00",157393.063625783,607004.865764978,2220,"NE",40,3
"2022-02-22 11:00:00",205562.573179964,783896.255127448,2118,"SW",50,1
"2012-04-12 12:00:00",179339.594314368,786549.886585212,2640,"N",40,2
"2011-03-03 12:30:00",166595.47444396,585154.934343947,1620,"N",50,2
"2016-01-14 07:30:00",189580.012814579,780835.402289625,2620.3,"NE",60,3
"2006-03-28 09:15:00",156450.0556447,634624.963960638,2600,"SE",15,3
"2000-11-16 23:00:00",108909.973731618,642889.621707558,3280,"NW",100,3
"2014-12-20 11:00:00",154915.640141493,783436.017477136,3000,"SE",30,2
"2006-02-20 07:30:00",166899.256755857,740899.915649005,1700,"E",80,2
"2007-12-21 17:00:00",181955.635168005,784867.929118795,2250,"SE",100,3
"2020-03-03 10:25:00",226047.436655022,744160.20831625,1844,"E",30,2
"2010-02-04 13:00:00",202451.805035214,703528.987012563,1800,"N",70,2
"2019-02-05 09:11:00",165874.827836168,615749.965353141,2215,"SW",50,4
"2003-01-03 13:42:00",188299.562122662,733690.01319781,2280,"N",30,2
"2022-02-01 09:25:00",226611.984085529,744189.897159682,1709,"NE",120,2
"2012-01-10 13:00:00",170659.440203678,701769.916179099,1860,"SE",50,3
"2008-03-27 11:00:00",181955.635168005,784867.929118795,2380,"SW",20,1
"2007-03-05 11:00:00",192550.553028835,798500.033915948,2460,"NW",80,3
"2019-01-15 07:00:00",145198.607373144,773483.688932618,2829,"SE",100,4
"2017-01-06 07:00:00",192901.750998698,782360.266457437,2237.2,"N",10,2
"2007-03-03 11:00:00",229600.190335117,745149.962013332,1950,"NE",150,3
"2008-01-06 11:00:00",170659.440203678,701769.916179099,2000,"SE",80,3
"2016-02-11 11:00:00",154660.097254601,781279.68399222,2680,"NE",50,2
"2004-12-20 03:00:00",183479.602090225,662275.001035596,1800,"NW",20,2
"2018-01-03 23:00:00",167026.223082613,800284.746977693,2704.8,"W",50,3
"2009-11-30 13:30:00",171159.183298505,702779.947986582,1520,"S",50,2
"2008-01-19 14:00:00",106900.455432253,604399.953247584,2850,"W",40,3
"2021-12-11 00:00:00",153808.488064284,600958.71012256,2315,"N",150,3
"2019-04-04 14:00:00",94491.2462839331,566456.505666537,3247,"NE",40,3
"2013-01-15 09:35:00",196577.480762163,772737.920928768,2100,"W",30,2
"2005-12-18 11:00:00",229600.190335117,745149.962013332,1090,"NE",70,2
"2016-01-21 08:49:00",155300.251842101,612193.937764268,2230,"NW",40,3
"2010-02-03 14:30:00",192350.86259412,794932.879192453,2200,"NW",60,3
"2022-02-03 10:25:00",189875.736586997,782807.106183833,2068,"NE",60,3
"2004-12-29 10:30:00",138259.847101018,623828.918806708,2800,"W",30,2
"2012-03-06 09:00:00",180700.39656272,663349.987435599,1940,"SE",150,3
"2016-01-13 06:00:00",189626.592545101,780646.991115122,2680,"NE",40,2
"2021-12-05 09:00:00",105687.217045157,587886.870338873,2813,"N",50,2
"2010-01-12 13:00:00",162549.812170815,690729.906906147,2560,"N",40,2
"2021-01-15 07:00:00",161232.43220275,792978.061529027,2287,"N",70,3
"2003-02-01 07:50:00",181955.635168005,784867.929118795,2340,"E",50,3
"2008-01-18 10:15:00",192291.928972129,822403.219405054,2880,"SE",60,3
"2014-03-29 10:15:00",124064.58277074,578524.30385637,2190,"W",50,2
"2013-10-11 11:00:00",161456.592057665,764627.987918193,2360,"N",80,2
"2022-02-03 07:00:00",226763.811746967,744213.968689934,1651,"NE",70,2
"2012-03-20 10:45:00",192509.364822667,781710.097432701,2430,"N",35,3
"2019-12-24 12:15:00",104925.398046434,624350.319361803,2759,"E",50,3
"2004-04-12 09:30:00",93935.5252540111,584578.844592295,3060,"NE",40,2
"2009-04-02 14:00:00",192550.553028835,798500.033915948,2400,"SW",200,4
"2011-03-01 10:30:00",170659.440203678,701769.916179099,2120,"NE",80,3
"2004-01-05 14:00:00",154834.435093847,782484.666471194,2490,"SE",30,2
"2020-12-08 11:00:00",141996.505599817,623640.788923744,3126,"E",30,2
"2007-01-06 11:00:00",181955.635168005,784867.929118795,2340,"NW",40,3
"2019-01-14 20:50:00",145909.932861722,776759.626023719,2701,"N",200,4
"2016-01-08 07:30:00",190730.367509654,780957.144450261,2656.7,"NE",40,3
"2004-03-02 09:20:00",146040.161874786,764389.952556399,2440,"SW",45,2
"2009-02-28 09:45:00",205800.067128748,733499.99756372,2100,"W",20,2
"2021-01-15 11:00:00",235426.18643749,744178.015529191,2295,"E",80,2
"2008-01-13 10:50:00",185149.278410356,764049.946552577,2260,"E",100,2
"2022-02-18 07:00:00",106322.546668213,586568.355687659,2528,"NW",10,2
"2019-01-15 15:45:00",205380.740273881,749530.496820221,2355,"NE",100,3
"2009-02-14 11:00:00",204750.140789174,780749.921188376,2200,"W",60,4
"2008-03-22 10:30:00",167799.811465834,646999.973589208,2240,"E",35,3
"2017-01-06 07:00:00",192816.809536284,735143.954617679,2605.8,"SE",40,2
"2010-11-09 09:00:00",181955.635168005,784867.929118795,2655,"E",30,2
"2010-12-02 14:00:00",180700.39656272,663349.987435599,2300,"SE",50,2
"2006-01-22 11:15:00",181955.635168005,784867.929118795,2040,"NE",50,3
"2019-03-24 07:55:00",98125.0446300857,571508.837336509,2285,"NE",60,4
"2019-11-01 09:11:00",164741.120364282,733357.951620035,1293,"SE",80,3
"2021-12-09 07:00:00",104120.021745596,586216.694377175,2353,"N",40,2
"2021-11-29 23:00:00",166249.633916638,733190.425874085,1588,"SE",20,1
"2014-01-26 08:30:00",116249.648297654,612529.931509649,2500,"NE",60,2
"2014-02-23 08:00:00",145915.82204335,794011.094909815,3700,"N",100,2
"2017-03-10 08:00:00",189090.273778395,734340.078253498,2324.1,"S",30,2
"2000-01-31 12:02:00",190100.33010225,781599.98894709,2490,"S",40,2
"2016-01-14 07:30:00",189610.608134073,780706.933290065,2666.2,"NE",70,3
"2017-03-03 09:25:00",121259.360225816,614309.512209918,2645,"N",80,2
"2005-02-06 10:40:00",149009.250935891,613689.787477192,2360,"W",60,3
"2011-03-01 10:30:00",134899.812998894,587109.517663514,2080,"NE",40,2
"2010-02-04 09:55:00",162149.323430092,632579.948435329,2170,"N",80,3
"2019-12-24 07:15:00",164245.355667513,734114.314936877,1564,"W",20,2
"2014-01-05 13:00:00",150283.791838986,678989.908147521,2190,"S",20,2
"2021-02-07 11:00:00",151498.877753377,709162.565245827,2279,"N",50,3
"2013-02-19 11:00:00",142715.574187571,781723.048672873,2500,"NW",50,2
"2016-01-11 11:30:00",129708.084137398,601842.934988081,2716,"S",120,4
"2021-01-29 11:00:00",153189.715459763,683507.525201195,2203,"SE",100,4
"2018-03-04 10:30:00",234174.868243251,745900.097854143,2140,"N",40,2
"2021-01-28 05:40:00",106255.172964501,623270.211220499,3130,"E",50,5
"2001-01-05 13:00:00",135449.632842368,617299.617094056,2500,"W",25,2
"2012-02-11 13:15:00",181774.341764771,785873.936337757,2460,"SE",30,2
"2006-02-25 12:57:00",94710.1627751842,626469.423433134,2360,"N",30,2
"2021-12-13 13:20:00",136051.946695725,607344.626424176,2856,"S",40,4
"2020-02-28 10:00:00",200321.745655672,717430.623259626,1555,"SE",40,2
"2021-01-08 13:30:00",150068.571910752,796641.508636989,2840,"W",30,2
"2002-11-30 09:00:00",103269.826475028,637059.866855593,2900,"W",50,2
"2014-01-29 14:00:00",167154.996596046,645989.969974799,2130,"SE",25,2
"2005-03-07 08:00:00",146040.161874786,764389.952556399,2540,"SW",40,2
"2019-12-10 02:00:00",132258.003071606,603823.060255762,2356,"S",50,2
"2000-11-19 12:30:00",143950.217450706,783599.540810289,3100,"NE",80,4
"2020-12-31 08:00:00",155718.471853899,791844.980407649,3022,"SW",20,2
"2014-12-31 07:20:00",189579.240511648,780809.85561926,2631.9,"NE",60,3
"2021-01-18 11:31:00",104609.779525175,589179.113117645,2770,"N",50,3
"2008-02-22 11:00:00",170588.534523666,776732.942616185,2460,"NW",35,2
"2014-03-23 04:00:00",180700.39656272,663349.987435599,1730,"NW",20,2
"2022-04-07 03:00:00",224340.648885453,738651.644507778,1977,"NE",30,2
"1995-01-03 14:00:00",198249.57079897,813390.029274694,2780,"SE",60,3
"2021-01-18 04:15:00",181600.20239961,662966.57707897,1741,"NW",10,2
"2004-01-19 07:45:00",154486.25120144,780082.99977634,2600,"SE",15,1
"2020-02-18 11:00:00",96479.7648439033,581908.851365791,2370,"NE",35,2
"2021-12-08 16:00:00",180708.431471902,663793.215457978,1906,"S",15,2
"2007-02-14 14:45:00",98660.4687223355,581308.950030817,2300,"NW",30,2
"2010-02-27 17:00:00",181955.635168005,784867.929118795,2340,"S",30,2
"2006-03-07 11:00:00",231970.003609922,747360.074867293,1840,"SE",100,3
"2004-12-29 13:00:00",157462.583535683,669163.934760362,2060,"SE",40,3
"2010-12-19 07:00:00",170588.534523666,776732.942616185,2550,"SE",20,3
"2018-03-21 08:00:00",193859.246594883,734377.483775439,2863.7,"S",20,3
"2016-01-14 04:00:00",192737.088082135,731720.925681322,2866.2,"SE",50,3
"2017-12-12 03:00:00",209533.359517713,716543.543812675,NA,"SE",60,3
"2006-02-04 11:00:00",173039.552295926,703699.927745389,1960,"N",30,2
"2014-05-03 07:30:00",153499.79296333,651969.883822099,3590,"SE",45,2
"2018-03-19 23:00:00",166702.363941953,799611.196204051,2630.1,"N",40,4
"2013-01-20 10:00:00",224787.163876823,741322.062904136,1990,"NW",80,2
"2014-02-12 11:39:00",96500.2634408781,623849.893625789,3400,"N",180,4
"2009-02-07 08:30:00",170659.440203678,701769.916179099,1900,"SE",50,3
"2022-02-04 11:00:00",230924.967799668,746113.540933761,1560,"S",50,3
"2021-02-08 11:00:00",165156.840721043,736568.444939623,2715,"SW",20,3
"2021-11-04 05:00:00",165547.383777691,734161.854237423,1279,"W",35,2
"2010-01-11 23:00:00",118175.919096418,580550.026699357,2300,"E",100,3
"2006-02-22 13:00:00",147149.927131634,759799.754643324,2200,"NE",60,2
"2019-02-02 11:00:00",144991.566528991,768857.207509404,2516,"SE",100,2
"2019-01-20 23:00:00",191566.339952028,697148.962345158,2000,"SW",100,2
"2003-02-24 11:00:00",147605.527979773,598812.997082716,2100,"SE",70,1
"2016-01-21 07:00:00",190484.336666932,732127.940727482,2382.9,"NE",60,3
"2013-01-02 07:00:00",170659.440203678,701769.916179099,2340,"E",100,3
"2001-02-03 10:15:00",188144.635245011,668790.04688773,1640,"N",20,2
"2019-02-02 10:15:00",190050.190819032,814450.317616017,2700,"NE",30,2
"2012-12-25 06:35:00",164499.652087316,733349.903885131,2515,"N",30,1
"2008-03-27 12:15:00",181955.635168005,784867.929118795,2280,"NE",40,4
"2016-01-09 09:45:00",123599.026773088,647979.692442639,2543,"NW",35,2
"2003-02-01 11:00:00",147605.527979773,598812.997082716,1980,"NE",100,1
"2021-02-10 07:00:00",108003.383118725,565336.807655774,1936,"E",25,2
"2006-02-25 16:00:00",181955.635168005,784867.929118795,2050,"NE",30,2
"2021-01-15 07:00:00",162859.54361954,796169.373536039,2535,"N",60,3
"2020-12-31 07:30:00",106017.645045372,586706.397447077,2603,"E",25,2
"2015-01-05 11:00:00",160942.17239989,677625.581497254,2329.1,"SE",50,3
"2021-01-16 07:00:00",163859.905019886,796489.385500999,2461,"NW",100,2
"2003-04-14 16:50:00",171600.122160704,744569.963818674,2420,"W",30,2
"2008-04-19 11:30:00",81250.1266297715,578698.57284065,2630,"N",30,3
"2016-03-01 08:00:00",192445.247733044,735333.472617327,2417,"SE",60,3
"2014-02-14 08:00:00",138301.846204578,623766.914531225,2400,"SE",80,2
"2011-03-19 17:27:00",184859.64527557,792110.029470135,2770,"W",50,2
"2003-02-02 13:00:00",159876.510866801,729237.965570541,2840,"SE",40,3
"2022-04-08 12:00:00",225797.425002536,744122.888173159,1885,"E",30,2
"2021-03-14 07:00:00",134717.035174903,566681.013562328,1919,"NE",30,2
"2008-04-07 16:00:00",181955.635168005,784867.929118795,2600,"N",80,3
"2021-01-29 08:30:00",204178.339594351,787061.062834626,2154,"E",220,3
"2020-01-03 11:00:00",159471.82905373,727312.085336652,2281,"SE",20,2
"2019-01-14 07:00:00",169358.619794104,768421.641403792,1471,"NW",50,1
"2016-03-06 05:30:00",188736.561198136,780711.429453754,2642.7,"E",30,3
"2022-02-11 11:00:00",109635.776161754,609036.717024891,2711,"E",50,2
"2021-02-07 11:00:00",153025.210029663,708720.444869694,1696,"NE",30,1
"2013-12-27 10:45:00",183976.360201132,784105.018678136,2420,"NE",70,2
"2015-01-31 07:00:00",191665.254073926,781382.09095915,2419.5,"S",20,2
"2020-03-11 11:00:00",166510.751645593,758628.919920384,2334,"N",50,2
"2008-11-29 12:45:00",170659.440203678,701769.916179099,1780,"SW",60,3
"2014-01-19 14:00:00",181774.341764771,785873.936337757,2200,"NE",30,3
"2019-01-16 05:00:00",129708.084137398,601842.934988081,2400,"SE",200,4
"2022-04-02 03:06:00",181634.032365613,663012.042924227,1739,"N",15,2
"2014-01-25 12:05:00",102949.935772368,590579.047653097,3140,"S",45,2
"2019-03-17 08:30:00",163553.497628,728818.327934538,2684,"SE",20,1
"2019-01-19 09:00:00",144954.317695357,589598.992497122,2080,"E",50,2
"2019-02-02 07:00:00",166220.07755268,792332.030495052,2463,"SE",50,2
"1997-02-22 09:30:00",179659.894050534,781809.950025897,2220,"NE",40,2
"2022-02-08 07:00:00",190302.804504815,813800.706246331,2995,"S",50,4
"2017-01-18 14:30:00",180028.054175547,803233.899736828,2800,"SW",30,2
"2018-03-23 13:40:00",89352.4818325394,578283.03351386,2115,"E",60,3
"2021-01-16 07:00:00",107137.918010515,582852.763618329,2214,"NW",50,2
"2009-01-24 11:50:00",225399.714646677,744140.035874191,1980,"NE",100,2
"2021-03-20 12:00:00",115077.543868735,615267.408154815,2720,"N",60,2
"2015-01-01 07:00:00",193489.35853454,777569.938294904,2380.7,"NE",50,4
"2017-03-07 07:00:00",102585.05200451,637426.448626288,2877.7,"W",15,1
"2017-11-26 03:00:00",104990.351089117,561536.047937644,2540.2,"SE",30,3
"2010-11-28 09:55:00",164499.652087316,733349.903885131,2380,"N",45,2
"2017-12-30 17:00:00",103155.636324699,561429.696010866,2522.7,"E",80,4
"2021-01-13 01:52:00",98539.3406431863,623051.98378371,2740,"SE",20,3
"2017-03-10 16:30:00",190671.204719683,781207.109992514,2511.5,"E",80,2
"2016-01-04 08:00:00",193308.259019478,735191.178863813,2724,"N",25,2
"2021-01-28 08:30:00",166342.919582801,791756.409994841,2651,"SE",120,3
"2007-08-11 08:00:00",87413.9463172635,632617.401674617,4270,"W",30,2
"2010-03-08 14:00:00",149539.344393093,767679.675265625,2240,"E",20,2
"2008-12-21 10:00:00",109250.196376971,588399.155523604,2420,"W",80,3
"2017-12-11 23:00:00",161984.779566831,794648.071530923,2365.7,"NW",40,2
"2020-12-26 09:00:00",134303.813546603,604383.625140249,2764,"NE",60,3
"2006-03-18 11:00:00",181955.635168005,784867.929118795,2200,"NW",50,2
"2009-03-13 15:00:00",188977.042595502,780645.997232601,2540,"E",20,2
"2008-03-22 10:50:00",147000.132004286,588199.988372215,1855,"NE",40,3
"2009-01-25 11:10:00",177599.197478705,662980.020298906,2200,"N",100,2
"2016-01-18 08:00:00",170659.440203678,701769.916179099,2300,"SE",80,3
"2022-04-07 06:30:00",105899.876757094,587722.747284774,2720,"E",15,2
"2008-01-13 10:45:00",185679.285874992,789350.024474999,2100,"W",50,2
"2007-03-05 10:35:00",182594.477050343,784809.999442639,2460,"N",30,2
"2018-04-05 11:00:00",228416.004990802,746607.961138397,80,"N",70,3
"2005-02-24 11:00:00",177904.382962615,756921.001489403,2850,"NW",100,3
"2013-12-10 09:00:00",164589.982688948,793350.038912627,2280,"NE",100,3
"2017-04-22 10:00:00",174554.562468292,791409.833711923,2970,"N",50,3
"2004-12-19 08:30:00",207803.71702527,745246.978482767,1500,"E",40,1
"2000-02-26 09:00:00",221099.464684419,748800.094815334,2200,"E",100,3
"2007-01-20 11:00:00",170659.440203678,701769.916179099,2400,"NE",50,3
"2012-02-02 01:00:00",189830.274142592,736719.957127877,2030,"SE",130,3
"2021-01-17 11:00:00",181846.800157121,646072.30324227,2164,"S",60,3
"2005-02-23 09:00:00",154486.340746026,780085.991327467,2960,"SE",30,2
"2015-02-06 16:00:00",141276.017098137,642501.900080646,3100,"SW",70,2
"2021-12-19 07:00:00",199816.97653557,788679.871792488,2400,"SE",80,2
"2022-04-01 06:00:00",182209.029226302,672566.601933821,1973,"NW",20,2
"2003-12-20 08:30:00",189830.274142592,736719.957127877,2700,"SE",30,3
"2003-04-08 09:00:00",181891.946662171,719121.951469586,2700,"SE",10,2
"2021-02-09 13:00:00",150013.194858797,786368.957139965,2619,"NE",50,2
"2021-01-28 12:10:00",107941.213273233,625134.449495179,2759,"SE",60,4
"2017-03-07 07:00:00",175542.020960497,706099.922696802,2200,"N",50,2
"2015-01-29 10:54:00",225686.273939266,733105.049264405,1550,"SE",80,2
"2021-01-28 07:00:00",156666.332863072,790066.479772949,2612,"SW",50,3
"2006-02-17 11:00:00",181955.635168005,784867.929118795,2550,"SE",20,2
"2019-12-30 09:00:00",162056.817967351,735688.472550915,2278,"SW",30,2
"2017-02-19 16:00:00",102968.909145547,637659.20156436,2834.3,"NW",20,1
"2020-02-14 15:50:00",226081.051586257,744170.617365184,1825,"E",25,2
"2021-03-25 17:00:00",179152.003190747,662740.170781944,2344,"S",60,3
"2003-02-07 10:00:00",177970.113735027,783039.89974042,2330,"NE",60,5
"2020-12-06 11:00:00",79344.0076021229,579212.862147058,2595,"N",30,2
"2016-02-03 15:00:00",105489.182472593,562651.207211535,2471.5,"N",50,2
"2009-01-25 11:00:00",170659.440203678,701769.916179099,2200,"SE",100,3
"2020-12-31 11:00:00",182519.460141971,795000.07390679,2683,"N",40,3
"2015-03-05 11:00:00",166052.005797215,760739.92830018,2158.4,"NE",50,3
"2021-12-11 15:00:00",165569.440437637,734153.701277289,1284,"W",25,2
"2020-03-11 15:00:00",165504.827017635,769436.349662759,2851,"NE",150,3
"2005-02-21 23:00:00",141324.543594007,642761.944608267,3600,"SW",50,4
"2010-02-21 14:45:00",146040.161874786,764389.952556399,2440,"W",50,4
"2007-11-16 02:00:00",229600.190335117,745149.962013332,1710,"SE",200,3
"2005-02-24 10:47:00",189099.461799787,781750.071380203,2510,"SW",50,2
"2007-03-04 11:00:00",181955.635168005,784867.929118795,2700,"N",60,3
"2009-02-18 04:00:00",170659.440203678,701769.916179099,2300,"SE",50,3
"2016-03-04 03:15:00",180700.39656272,663349.987435599,1730,"NW",20,2
"2021-12-13 16:00:00",165476.292492934,733466.343508065,1377,"E",20,1
"2021-05-08 10:40:00",132840.255307946,592028.521010849,3040,"N",40,4
"2017-05-02 08:00:00",166607.164721668,767023.770376749,2459.2,"N",20,2
"2022-01-08 07:30:00",105902.107635016,587719.040166436,2720,"E",20,1
"2020-12-25 15:00:00",103959.609188169,561220.546877692,2511,"NE",60,3
"2019-01-13 11:00:00",231760.189910863,744615.032386428,1760,"S",100,3
"2004-03-02 10:00:00",140348.130220173,582654.536407898,2180,"S",10,2
"2006-01-06 03:45:00",180700.39656272,663349.987435599,1730,"NW",30,3
"2008-12-21 12:15:00",110790.13210718,611309.348086467,2800,"W",50,2
"2020-02-08 11:00:00",150731.342978995,773868.663958895,2676,"E",20,2
"2016-01-26 12:00:00",170659.440203678,701769.916179099,1720,"S",50,1
"2009-01-28 15:00:00",109259.732029938,611499.366861967,2850,"W",60,3
"2020-12-08 07:00:00",160790.697373847,794112.146533636,2808,"N",80,3
"2016-01-23 10:35:00",162478.050991768,727346.91704188,2770,"SE",50,2
"2012-02-01 09:10:00",106855.193685186,584638.077277541,1953,"SW",200,2
"2022-02-18 07:00:00",106361.297175041,586639.344882839,2517,"N",15,2
"2016-01-21 08:00:00",193363.364117467,730871.078893547,2979,"SE",10,1
"2016-02-03 15:00:00",105736.513886747,564030.461256569,2284.7,"NE",50,3
"2015-01-31 07:00:00",173966.353691843,765354.930988793,2537.9,"SE",30,3
"2018-01-23 17:00:00",129708.084137398,601842.934988081,2400,"S",200,3
"2008-03-20 08:30:00",108045.062046185,585842.02522717,2580,"E",60,3
"2005-12-17 11:00:00",229600.190335117,745149.962013332,1450,"SE",30,1
"2019-04-05 06:00:00",160977.027097651,796321.507320601,2759,"NW",60,3
"2011-12-25 10:30:00",207466.46116709,821728.278450997,2700,"N",80,2
"2022-02-01 04:44:00",181611.398793949,662974.096369469,1741,"NW",10,2
"2017-12-31 10:35:00",167179.165864051,694329.994376959,2330,"E",100,3
"2008-03-29 11:30:00",181739.310120096,774849.976967519,2750,"SW",40,2
"2009-01-25 07:00:00",181955.635168005,784867.929118795,2560,"E",10,1
"2004-01-19 07:00:00",135463.881695785,566716.003430496,2020,"S",20,1
"2010-12-22 09:00:00",181955.635168005,784867.929118795,2650,"N",60,2
"2007-01-16 07:00:00",181955.635168005,784867.929118795,2500,"N",30,2
"2006-03-12 13:00:00",115618.260318966,612545.976532877,2800,"NE",100,3
"2020-12-14 00:00:00",166407.902338561,732855.885916796,1830,"SE",37,2
"2015-01-20 13:00:00",118450.157252113,612249.919375676,2850,"NW",50,3
"2016-01-05 07:00:00",104845.282373309,561447.729012985,2558.6,"E",70,3
"2013-04-13 09:00:00",144031.393036458,609728.955296635,2820,"NE",20,2
"2008-12-14 03:45:00",180700.39656272,663349.987435599,1800,"NW",30,3
"2008-01-20 11:00:00",181955.635168005,784867.929118795,2320,"W",50,3
"2018-01-03 23:00:00",166864.601966857,799606.568675923,2538.6,"NE",50,3
"2010-01-31 07:45:00",189830.274142592,736719.957127877,2150,"N",50,3
"2018-03-31 13:25:00",149162.098781913,697856.400828203,2134.8,"NE",40,3
"2000-01-31 09:40:00",184669.591713716,783789.968962943,2200,"NE",45,4
"2019-03-15 09:00:00",188763.282500156,735520.27376696,2227,"E",50,1
"2003-02-09 09:30:00",155990.284642161,791474.593995545,2960,"SW",40,3
"2019-12-09 23:00:00",206170.450886699,794299.809893274,2045,"N",30,2
"2016-03-05 23:00:00",176645.351280207,768666.973786949,2540.6,"S",50,3
"2021-01-28 11:00:00",231281.337888654,746494.931086911,1724,"SE",50,3
"2009-02-13 14:00:00",170659.440203678,701769.916179099,2440,"S",60,4
"2013-12-30 14:35:00",94402.5777869983,603573.099287272,2390,"N",50,3
"2000-04-14 08:30:00",177132.417814963,781459.921082726,2510,"N",40,2
"2016-02-05 11:00:00",166005.866386219,791091.999517101,2660,"E",50,2
"2009-02-14 14:00:00",115109.760143904,603979.32894737,2620,"SW",30,2
"2019-02-24 11:00:00",167146.380296018,758274.254654187,2334,"E",50,2
"1999-02-02 12:15:00",162598.962271482,690079.961566855,2680,"W",25,2
"2019-12-25 09:10:00",100285.942946427,623385.927159896,3147,"S",100,4
"2014-02-09 08:00:00",116249.648297654,612529.931509649,2462,"N",20,3
"2020-03-18 21:00:00",167299.725337458,800614.319828462,2880,"NW",100,2
"2020-03-09 13:15:00",162170.340453273,796419.647273659,2620,"W",30,3
"2019-12-26 07:00:00",196393.553927409,726012.169413093,2244,"E",20,3
"2005-03-07 13:00:00",80070.5104701179,579048.62229869,2590,"S",100,2
"2018-01-23 13:10:00",178699.19745512,664180.044969068,2260,"NE",150,2
"2021-12-10 15:00:00",166213.041467663,733595.503662693,1379,"NE",25,2
"2021-02-03 07:00:00",108670.295175364,565547.852393337,2289,"NW",80,3
"2004-05-15 09:00:00",181955.635168005,784867.929118795,2790,"N",15,2
"1996-02-18 08:45:00",191049.330622077,782450.044067967,2100,"NE",50,2
"2017-03-05 16:30:00",189461.85754865,781010.564164605,2606.6,"SE",60,3
"2011-12-22 09:00:00",194499.739263789,698530.004198298,2060,"SE",50,3
"2010-11-30 09:00:00",160350.398361419,685472.927582967,2600,"SE",10,1
"2013-04-13 08:30:00",132440.100542446,590479.456980328,3000,"S",50,2
"2019-02-02 08:30:00",190202.644672209,732964.560545566,2362,"NE",50,3
"2021-01-24 09:30:00",165989.278021383,586223.968619801,1715,"SE",100,2
"2017-01-15 11:00:00",154579.084166186,671849.903446096,2000,"SW",20,2
"2020-01-02 11:00:00",184640.47550911,795236.617369497,2608,"E",100,3
"2005-03-13 10:30:00",197439.777263357,697600.013093331,2240,"N",50,3
"2021-02-08 15:40:00",170413.128153045,735936.110398409,2125,"S",30,3
"2017-01-06 11:00:00",190164.198662202,780255.333719708,2640.3,"E",70,2
"2017-12-15 11:00:00",101550.399673959,636751.062680686,3136.2,"NW",70,2
"2022-02-03 08:50:00",98461.4366200514,623029.05206467,2745,"E",30,3
"2011-03-20 11:00:00",193189.927890973,781670.037155785,2120,"N",50,2
"2022-02-05 13:00:00",163241.525793249,789355.952357229,2439,"NE",60,2
"2022-02-07 05:46:00",99402.7037230901,627008.090965757,2371,"NW",30,2
"2005-01-25 11:00:00",116350.52514537,647659.86415918,3000,"NW",50,4
"2017-02-07 23:00:00",184640.673307824,661344.991895162,2520,"NE",100,3
"2006-02-23 13:05:00",118449.800058066,607129.405549955,2530,"NW",50,3
"2013-12-31 12:00:00",155384.240857575,632271.878813407,2180,"NE",50,2
"2020-02-01 12:00:00",180649.785767923,785259.963314151,2460,"NW",30,2
"2004-12-20 05:00:00",141999.680162518,623599.72963194,3150,"SE",60,2
"2004-12-27 05:00:00",154486.340746026,780085.991327467,2250,"N",40,2
"2010-01-19 09:00:00",180700.39656272,663349.987435599,1820,"E",40,2
"2009-02-13 08:30:00",170659.440203678,701769.916179099,2000,"S",60,3
"2012-03-20 10:00:00",181774.341764771,785873.936337757,2500,"NW",30,3
"2015-01-04 11:00:00",162489.38140165,675147.900542996,3340.4,"E",100,4
"2015-01-18 10:30:00",189435.329104781,781052.738013882,2597.4,"NE",30,3
"2018-01-22 11:00:00",175542.020960497,706099.922696802,1900,"SE",80,3
"2021-02-03 07:30:00",108017.857841986,564000.654571574,2607,"SE",40,3
"2010-01-03 07:00:00",184839.458563357,779640.011381548,2255,"SE",15,2
"2022-04-02 03:31:00",180674.352039823,663724.835096183,1908,"S",10,1
"2006-01-05 10:15:00",178249.486723438,663499.976411297,2448,"SW",100,3
"2021-01-16 11:00:00",156638.445342309,789817.368530761,2458,"SW",80,2
"2020-01-31 11:00:00",120919.623762063,616659.534324586,3000,"SE",200,2
"2013-01-18 09:00:00",148749.428211008,663349.943717179,1900,"NW",80,3
"2021-12-12 11:00:00",162528.225853052,796241.540173174,2619,"W",30,1
"2008-01-06 03:00:00",88304.9054473924,582140.010859569,2750,"SW",40,3
"2009-12-20 09:00:00",153150.384352356,780299.989826589,40,"S",35,1
"2013-02-06 16:00:00",170659.440203678,701769.916179099,1800,"SE",150,2
"2021-02-08 03:00:00",168428.527971703,800775.795202239,2627,"NW",80,4
"2006-03-17 11:00:00",180700.39656272,663349.987435599,2100,"SE",80,3
"2006-03-14 10:00:00",191600.006201108,778400.053783547,2060,"NW",80,1
"2017-12-12 07:00:00",166114.39445101,791426.432881807,2721.2,"S",30,4
"2021-01-29 06:00:00",177155.044324594,660987.99137935,1890,"NW",60,3
"2012-12-03 06:30:00",103089.629374195,636859.894674365,3200,"N",40,2
"2012-12-18 21:00:00",180700.39656272,663349.987435599,2050,"SE",100,3
"2017-12-12 07:00:00",166147.317147079,791726.254677544,2619.8,"E",40,3
"2002-12-30 13:05:00",173169.460636822,702849.935379196,2340,"NE",50,2
"2021-01-14 11:00:00",234754.817229766,742626.77639624,1946,"N",80,3
"2010-03-27 13:00:00",170588.534523666,776732.942616185,2960,"N",30,2
"2022-02-02 11:00:00",198767.322323871,716410.027721655,1831,"N",120,2
"2010-02-21 05:00:00",170588.534523666,776732.942616185,2700,"NE",30,3
"2007-01-24 11:00:00",116350.52514537,647659.86415918,2400,"E",30,3
"2021-03-15 05:00:00",177588.109025944,660937.737259625,1784,"W",30,2
"2008-03-29 09:00:00",181955.635168005,784867.929118795,2250,"SW",10,3
"2015-01-01 07:00:00",192397.61675169,776983.963300134,2310.2,"NE",30,2
"2007-11-28 14:00:00",170659.440203678,701769.916179099,2350,"SE",80,3
"2006-02-17 10:44:00",189639.316765825,780700.03610869,2640,"NE",40,2
"2015-01-31 12:27:00",156213.659655493,631451.876999077,2380,"E",70,3
"2004-02-25 09:00:00",154486.25120144,780082.99977634,2600,"SE",20,2
"2013-02-19 00:00:00",189830.274142592,736719.957127877,2980,"SE",50,3
"2019-01-06 08:30:00",206296.954563805,794119.838007961,1997,"W",40,2
"2020-12-29 05:15:00",144994.733762148,783386.779413796,2741,"N",50,2
"2005-02-22 11:38:00",184349.775147472,768339.980545319,2420,"SE",100,2
"2006-02-20 11:40:00",186990.202454079,788950.004908163,2370,"W",100,2
"2014-01-26 22:00:00",196577.480762163,772737.920928768,2240,"N",120,2
"2006-03-01 14:00:00",174399.347626491,703249.925792455,2330,"SE",10,3
"2016-04-06 10:00:00",152999.006691214,648299.878061664,3580,"NW",50,1
"2012-12-17 08:00:00",181774.341764771,785873.936337757,2560,"NW",20,2
"2003-01-09 11:45:00",152290.325699374,795773.052946369,2600,"N",20,3
"2007-01-06 11:00:00",164589.982688948,793350.038912627,2300,"NE",50,3
"2021-03-19 07:30:00",105708.409526626,587851.651014972,2790,"N",10,2
"2013-02-14 09:30:00",168999.885705371,588199.968894961,1950,"NE",150,3
"2016-01-14 07:00:00",189442.539691627,781217.393423832,2495.8,"NE",50,3
"2014-12-20 09:00:00",145915.82204335,794011.094909815,2800,"S",15,1
"2021-12-14 10:20:00",132334.887097454,601752.010956346,2039,"SE",100,2
"2020-02-27 23:00:00",234169.616042456,606779.79471958,1358,"N",10,1
"2019-12-22 12:54:00",132481.074297835,604869.945728583,2143,"NE",60,2
"1993-03-26 12:30:00",189924.479276374,782400.023324421,2260,"SE",70,3
"2006-01-01 13:50:00",182699.361980418,647200.027562459,2000,"NE",40,3
"2010-11-25 09:00:00",148800.046079236,769910.005681202,1940,"W",100,2
"2009-02-28 11:02:00",189449.396304531,781150.014996667,2560,"NE",80,2
"2021-01-15 13:30:00",96624.2668859367,572472.32952594,2042,"N",35,2
"2016-02-07 08:05:00",88304.9054473924,582140.010859569,2600,"NW",80,3
"2021-01-31 08:00:00",142365.659976747,624223.498049148,3022,"SE",250,4
"2019-02-04 07:00:00",205525.462837552,750289.045269941,2069,"NW",30,1
"2017-02-01 07:00:00",166301.181461317,757934.710182804,2541.2,"NE",50,3
"2019-03-16 05:30:00",205411.338431734,749375.770521432,2471,"NE",15,1
"2014-01-17 08:00:00",153150.384352356,780299.989826589,2900,"SE",30,3
"2016-03-09 07:00:00",165232.608552109,758318.723693864,2602.9,"E",70,2
"1996-02-21 12:50:00",106799.837683353,584549.101394203,1900,"SW",20,2
"2008-01-19 11:00:00",181955.635168005,784867.929118795,2300,"NW",50,1
"2016-03-09 08:00:00",192806.86778338,731859.849671541,2795.5,"NE",25,2
"2015-01-31 07:15:00",129708.084137398,601842.934988081,2685,"SW",100,4
"2010-02-03 14:00:00",189830.274142592,736719.957127877,2480,"SW",70,3
"2021-01-15 11:00:00",165273.873707695,736335.959268559,2601,"SW",60,4
"2012-01-09 08:00:00",164589.982688948,793350.038912627,2500,"SE",100,5
"2005-02-04 08:25:00",181955.635168005,784867.929118795,1970,"SE",45,3
"2009-01-25 13:30:00",184341.744817795,765176.959958961,2320,"E",60,2
"2021-12-11 11:00:00",96042.0325403398,594063.406864707,2796,"W",100,4
"2007-04-01 11:00:00",196600.196288303,773406.895594381,2295,"N",80,3
"2021-12-01 09:00:00",104288.706684254,586843.589814338,2500,"W",20,1
"2010-02-18 08:30:00",177399.751445686,761699.935200362,2600,"NW",50,2
"2021-12-05 11:00:00",178564.033970377,639374.037621267,1947,"S",90,2
"2021-12-05 09:39:00",180664.471544491,785267.306579956,2449,"NW",50,1
"2015-12-19 11:00:00",176244.5921143,684940.957150072,2870,"SE",30,2
"2020-02-04 23:22:00",135862.213467963,606690.83103517,2858,"S",80,5
"2013-01-20 10:00:00",180399.58616612,675399.955076079,2800,"E",20,1
"2012-02-08 15:40:00",203599.907253748,661820.088798129,1940,"NW",20,3
"2013-12-31 12:45:00",175724.731335396,781947.876700504,2600,"W",30,2
"2007-03-04 12:00:00",157669.975014393,744924.918036235,2000,"S",40,1
"2021-12-10 16:30:00",148901.243182022,606077.662188819,1736,"SE",60,2
"2022-04-05 10:00:00",225256.449031914,744285.572067743,1977,"NE",30,2
"2021-03-15 11:00:00",190145.97918466,814081.169517986,2866,"NE",30,3
"2018-02-28 17:00:00",89352.4818325394,578283.03351386,2600,"SW",30,1
"2011-03-20 14:00:00",181955.635168005,784867.929118795,2620,"NW",50,3
"2021-04-16 11:15:00",93439.3380297689,620676.97329009,2546,"NE",20,1
"2021-03-14 08:00:00",116538.478223013,576769.780850964,2138,"SE",40,3
"2022-01-08 07:30:00",105994.343006182,587735.079719317,2730,"E",25,2
"2017-01-30 23:00:00",190886.346986136,780929.378635296,2604.1,"NE",50,3
"2019-12-01 14:00:00",141641.67385786,633274.2289949,2387,"SW",50,3
"2021-01-30 06:50:00",134739.438240125,639053.536639723,2564,"NE",100,5
"2018-03-16 15:00:00",163013.894754145,796671.952104856,2569.4,"W",70,2
"1999-01-02 12:15:00",162599.62390831,690049.91656125,2680,"NW",25,2
"2007-01-05 11:00:00",181955.635168005,784867.929118795,2260,"NE",40,3
"2006-01-06 11:00:00",164299.479108717,602085.972353455,2000,"NW",50,3
"2022-02-01 04:52:00",180663.073553837,663709.678728082,1915,"S",10,2
"2022-02-05 11:00:00",146447.87065871,772333.92206395,2721,"SE",40,3
"2019-03-16 09:00:00",177930.896027774,781347.493361281,2453,"SW",50,2
"2005-01-22 13:50:00",187400.048064696,789600.045853679,2580,"S",110,2
"1993-01-28 14:00:00",184649.179043472,768229.974206261,2500,"E",40,2
"2021-01-15 07:00:00",160523.359536698,729689.418140364,1741,"NW",70,2
"2008-01-11 14:00:00",181955.635168005,784867.929118795,2520,"NE",50,1
"2014-12-30 11:00:00",186670.39029649,778422.654007113,2636.9,"SE",40,3
"2022-02-12 11:45:00",109666.864651515,609011.014699166,2742,"E",80,2
"2021-12-29 07:30:00",105963.213424966,587736.562892563,2728,"E",25,2
"2002-11-29 11:00:00",103269.826475028,637059.866855593,3200,"E",180,3
"2017-02-11 09:15:00",144309.353416082,760369.968708529,2610,"E",40,2
"2006-03-04 08:50:00",206338.719699346,773914.879313466,2200,"E",25,2
"2006-04-14 09:20:00",186299.613630713,814399.925296155,2850,"E",40,2
"2009-12-26 03:45:00",180700.39656272,663349.987435599,1730,"NW",20,2
"2017-03-02 08:30:00",129708.084137398,601842.934988081,2300,"E",50,3
"2021-02-04 07:20:00",130716.572473948,581960.958658314,2856,"N",130,5
"2022-02-22 06:11:00",179339.770860907,664716.916766997,2097,"N",30,3
"2010-02-06 07:05:00",189830.274142592,736719.957127877,2115,"E",60,3
"2016-02-11 12:00:00",164589.982688948,793350.038912627,2400,"NE",60,4
"2016-03-10 09:00:00",192910.497544448,730958.997762128,3008.8,"NE",30,2
"2015-04-06 11:00:00",183619.238914817,602140.944009151,1965,"NE",50,2
"2018-02-13 09:00:00",185016.761369558,779877.750289101,2159.1,"E",20,2
"2022-02-03 07:00:00",191742.381546063,785920.926739152,1466,"E",60,1
"2021-01-23 13:00:00",167021.241794183,792447.358811458,2688,"S",50,3
"2021-03-12 07:00:00",190547.764086502,813807.217260957,3039,"NE",20,3
"2019-12-27 00:00:00",163563.038457087,732428.396972909,1488,"SE",20,2
"2019-02-08 11:00:00",140519.625598526,649314.819797528,NA,NA,20,2
"2021-01-10 12:30:00",135099.0414469,552775.359704802,1580,"N",30,2
"2019-01-07 11:30:00",205479.525279111,749345.372405133,2463,"E",50,2
"2019-02-15 11:59:00",193524.154027324,713550.013505396,2030,"N",40,2
"2008-11-28 14:00:00",170659.440203678,701769.916179099,1680,"S",60,3
"2004-02-11 23:00:00",181955.635168005,784867.929118795,2270,"SE",50,3
"2021-01-14 11:00:00",236058.353971205,742262.34377478,1390,"N",50,1
"2016-02-06 15:00:00",189361.520035067,779933.594245537,2704.3,"SE",100,2
"2011-03-03 11:00:00",144649.921335577,604349.957967752,2500,"NW",50,4
"2016-01-14 04:00:00",192693.445665808,731657.908199882,2882.3,"E",50,4
"2003-01-20 02:00:00",154486.25120144,780082.99977634,2250,"S",80,3
"2020-01-12 23:00:00",134469.871021673,603275.258147659,2672,"SE",200,2
"2012-02-17 11:00:00",181774.341764771,785873.936337757,2400,"SW",40,3
"2018-12-24 07:00:00",215145.746258697,792555.00133069,2366,"E",70,1
"2008-01-07 11:00:00",181955.635168005,784867.929118795,2540,"S",15,1
"2021-01-15 11:00:00",163409.08441467,734010.373227405,1662,"W",65,3
"2016-02-01 08:30:00",153150.384352356,780299.989826589,2930,"E",30,2
"2014-02-17 16:14:00",106776.607169668,590372.110160005,2210,"NE",50,3
"2005-04-21 11:00:00",143526.854396236,781445.00075966,2800,"N",50,3
"2003-01-09 11:15:00",152290.325699374,795773.052946369,2500,"N",25,3
"2017-01-15 12:30:00",127099.76204206,596629.959914615,2200,"NE",80,3
"2020-12-31 07:00:00",106132.672545056,586469.809397583,2650,"N",40,3
"2019-03-22 10:00:00",164473.000203432,578333.983505833,1975,"NE",10,1
"2004-01-05 09:00:00",183279.7447349,770729.91945501,2300,"NW",50,2
"2016-02-21 11:30:00",120639.226354726,624459.589356232,2640,"NE",15,2
"2010-01-14 10:15:00",229600.190335117,745149.962013332,2010,"NW",15,2
"2022-04-06 08:00:00",94882.2644907008,630688.67881724,2779,"N",20,2
"2020-03-06 06:30:00",133216.564928436,606763.013044812,2360,"NE",50,3
"2003-02-11 10:00:00",80680.8634058381,580368.579065991,2330,"W",120,2
"2013-03-06 11:00:00",154915.640141493,783436.017477136,2900,"N",20,2
"2016-01-14 07:30:00",190846.71720661,780869.375124511,2600.6,"NW",50,3
"2016-01-08 06:00:00",189710.793397989,780636.204923668,2660.3,"NE",30,3
"2014-02-05 15:00:00",165315.572173252,828336.393227227,2950,"NE",30,3
"2009-02-18 04:00:00",170659.440203678,701769.916179099,2100,"SE",60,3
"2021-12-12 11:00:00",153274.272673436,775613.99218599,3125,"SW",30,3
"2019-02-05 11:35:00",109479.626273392,588179.115779702,2230,"W",50,3
"2000-04-23 08:30:00",96119.22353252,635719.525576113,4000,"NE",20,2
"2005-02-24 11:00:00",165170.14041685,828870.256297429,2640,"NE",20,1
"2013-04-14 07:15:00",154509.134002106,644459.910965072,3730,"S",30,3
"2019-12-15 09:00:00",165527.69249867,790954.696754746,2569,"E",30,2
"2021-12-02 19:00:00",135493.345201275,604475.11378819,2873,"NW",30,2
"2019-12-27 15:00:00",138380.125741353,572116.01292716,1934,"SE",20,2
"1998-01-10 12:00:00",191599.200837553,774300.060278036,2380,"N",50,2
"2019-01-12 07:00:00",191290.173497912,735639.851624936,2106,"S",120,2
"2010-01-02 03:45:00",180700.39656272,663349.987435599,1730,"NW",30,2
"2009-03-11 09:00:00",186299.613630713,814399.925296155,2500,"E",80,2
"1999-04-19 14:00:00",111780.28202481,589019.180768963,2380,"NE",80,3
"2021-01-28 11:00:00",152319.126258459,682452.793064409,2035,"SE",100,3
"2007-03-04 09:20:00",105439.547698932,586721.053602638,2660,"W",100,3
"2019-04-05 06:00:00",161179.091246724,796140.024185837,2657,"NW",60,2
"2009-08-01 11:00:00",181955.635168005,784867.929118795,2580,"NE",70,3
"2021-02-08 11:00:00",152262.603622508,682384.492693656,2047,"SE",80,3
"1995-03-22 10:00:00",190230.153317971,781370.061821067,2460,"N",40,2
"2010-01-21 11:30:00",160249.813922914,592400.00677364,2000,"S",20,2
"2012-12-29 09:00:00",164589.982688948,793350.038912627,2600,"W",30,2
"2021-01-15 07:00:00",168831.551587476,800187.747972328,2305,"NW",80,2
"2020-03-03 11:00:00",143116.266027874,782690.106441091,2967,"NW",120,3
"2020-02-06 07:00:00",166802.518859717,798707.422317536,2234,"W",40,1
"2022-02-12 10:30:00",186551.83738755,698704.702998445,1971,"NE",15,1
"2003-10-31 23:00:00",81070.0178529786,581773.630698967,2700,"W",35,2
"2018-01-20 12:45:00",149219.342075121,592899.693251097,1750,"NE",50,2
"2010-02-05 14:45:00",164299.556709272,735439.929907524,2000,"NE",15,2
"2013-03-16 11:40:00",109590.307159211,554218.86095295,2340,"NW",30,3
"2016-01-11 15:00:00",188791.584758186,735493.382825959,2240.1,"E",60,3
"2005-04-16 12:00:00",79300.6225249823,579548.541719704,2680,"N",70,2
"1997-03-31 10:15:00",183819.857529063,784259.965894727,2430,"NE",50,2
"2009-12-26 10:12:00",129710.053091745,596399.455566441,2250,"SE",40,2
"2022-02-03 08:51:00",98705.534478654,622904.25893008,2893,"E",30,3
"2020-12-10 11:55:00",142887.065418489,783565.54020833,3143,"NE",200,3
"2019-11-29 11:00:00",192614.966252842,732283.801277455,2619,"SE",15,3
"2019-01-19 12:30:00",164473.000203432,578333.983505833,1790,"NW",30,1
"2021-12-28 21:00:00",198526.829432844,714552.737227031,2482,"N",100,2
"2015-03-06 06:30:00",193125.514871753,781782.911458657,2089.8,"NE",120,3
"2013-02-03 10:15:00",113642.282156839,600894.969049753,2900,"NW",150,4
"2019-02-02 11:00:00",150986.842498197,783488.590324611,1850,"SE",40,1
"2015-02-24 06:00:00",103089.629374195,636859.894674365,2340,"W",15,1
"2016-03-26 10:30:00",166229.487053762,786459.741600151,3380,"NE",25,2
"2021-01-30 08:54:00",99628.736841657,623040.119666226,3179,"SW",120,5
"2010-12-13 14:00:00",177399.751445686,761699.935200362,2700,"NW",30,2
"2022-02-02 19:00:00",165907.692540243,733364.840074682,1463,"SE",35,2
"2014-01-18 12:00:00",200580.713624235,782768.15409424,2400,"N",30,3
"2009-02-21 09:00:00",180700.39656272,663349.987435599,2250,"NE",150,4
"2021-03-28 12:30:00",155733.196890896,788688.991997743,2317,"W",20,1
"2021-12-13 13:30:00",165100.607914293,734072.241021093,1348,"NW",30,2
"2019-02-02 11:00:00",172048.964581166,745289.906261641,2000,"E",30,1
"2013-03-23 10:00:00",152510.20770968,791999.535051298,3070,"NE",40,2
"2021-12-30 14:30:00",159141.911377032,730593.40422202,2504,"W",15,2
"2006-03-08 12:55:00",144649.921335577,604349.957967752,1960,"E",60,3
"2017-02-06 02:00:00",96959.4603778072,564270.175158407,2359.1,"NE",80,3
"2021-12-16 11:00:00",107114.400851578,633487.598961078,3899,"E",100,4
"2006-03-10 12:00:00",181955.635168005,784867.929118795,2380,"S",15,1
"2003-01-10 14:00:00",170659.440203678,701769.916179099,2300,"SE",100,3
"2017-03-10 16:30:00",188318.686282508,780979.195511784,2546.8,"E",50,3
"2019-02-15 11:00:00",179770.198205275,743609.834505691,2193,"E",50,2
"2009-05-10 14:00:00",170659.440203678,701769.916179099,2400,"N",50,3
"2021-01-15 11:00:00",172060.274148526,802928.404893942,2387,"N",120,4
"2020-02-28 09:00:00",178019.498267634,780819.881366658,2260,"SW",30,2
"2022-02-05 13:00:00",165126.590153347,790231.631822707,2661,"E",80,3
"2005-02-25 11:30:00",88304.9054473924,582140.010859569,2100,"E",50,1
"2020-12-28 14:15:00",116715.896894135,576886.247673773,2094,"NE",15,1
"2021-01-18 07:30:00",228285.755464151,738630.716317356,950,"SE",80,2
"2011-03-02 08:40:00",192499.864682873,781800.029160555,2500,"NW",20,2
"2019-01-29 11:30:00",206497.03052799,749432.898741893,2212,"E",20,1
"2006-03-07 12:50:00",161949.544435461,689549.922734023,2770,"NW",25,2
"2008-12-30 13:00:00",170659.440203678,701769.916179099,2160,"N",100,2
"2010-01-31 07:00:00",231257.17000286,727818.054186098,1260,"NE",50,2
"2004-03-12 16:03:00",152290.325699374,795773.052946369,3000,"SW",40,3
"2016-01-14 07:00:00",191054.074706896,781985.243520156,2286,"NE",80,3
"2015-02-23 09:15:00",147554.268233172,680154.929605632,2060,"NW",25,2
"2000-02-22 09:12:00",182074.264402613,646160.048663755,2180,"N",150,3
"2022-02-03 08:00:00",156520.672831439,784858.26774552,2333,"SE",80,3
"2016-01-14 07:30:00",190161.614517255,781676.968433968,2515.4,"S",60,2
"2005-12-19 13:00:00",180700.39656272,663349.987435599,2080,"N",40,2
"2021-01-22 11:00:00",163129.018808606,733916.994686535,1590,"SW",45,2
"2021-12-30 15:30:00",159537.688819706,730385.445948882,2349,"NW",20,3
"2021-01-06 14:45:00",97391.4982013056,627710.222933723,2891,"N",50,2
"2015-01-05 11:00:00",129708.084137398,601842.934988081,2915,"S",60,3
"2014-04-20 13:00:00",92849.4627293587,603379.100740396,2750,"NE",25,2
"2010-02-14 15:00:00",170659.440203678,701769.916179099,2000,"N",20,2
"2018-01-05 06:50:00",136001.654565301,638607.179949511,2840.2,"E",70,2
"2017-02-12 09:02:00",184640.673307824,661344.991895162,2350,"NW",30,2
"2013-02-13 13:30:00",96500.2634408781,623849.893625789,3000,"S",30,2
"2017-11-22 07:00:00",180904.384247128,790749.37528065,2563.4,"NE",30,3
"2017-03-04 06:00:00",164473.000203432,578333.983505833,2035,"NE",40,1
"2014-12-30 07:00:00",189548.100712282,780515.32855155,2678.4,"E",50,1
"2020-12-19 11:00:00",121089.343807114,627300.614460472,2812,"E",50,2
"2017-03-02 07:15:00",154915.640141493,783436.017477136,2950,"E",50,3
"2013-02-10 10:00:00",186513.410436452,767129.961163348,2500,"E",40,3
"2021-01-16 13:20:00",104188.489532354,589162.113359757,2930,"NW",60,2
"2016-01-03 23:00:00",103477.256916252,561375.813373296,2578.1,"N",70,3
"2019-12-24 11:00:00",222159.318401836,745473.460924518,2012,"NW",50,1
"2022-02-03 07:00:00",226630.072133479,744202.046420151,1709,"NE",40,2
"2021-12-04 07:30:00",105051.829149701,587648.555239344,3005,"W",50,2
"2020-12-07 11:00:00",92899.6189408279,629915.98465741,3402,"N",30,3
"2003-01-09 15:00:00",183279.7447349,770729.91945501,2000,"SW",30,1
"2015-01-21 10:00:00",190364.580928637,780409.104581578,2560.1,"NE",60,1
"2006-04-15 08:45:00",173799.558815868,781139.904443116,2640,"N",80,3
"2018-01-04 15:00:00",194693.872927986,823629.261016553,2743.9,"SE",100,4
"2019-02-02 07:30:00",188769.36297158,735543.257454735,2214,"E",50,1
"2018-12-24 07:00:00",215225.045001818,793046.053509197,2421,"S",50,3
"2009-02-18 04:00:00",170659.440203678,701769.916179099,2260,"S",80,4
"2016-02-28 11:00:00",197369.249278778,726300.027640473,2540,"NE",25,2
"2022-02-05 12:20:00",116317.647323414,576382.959157863,2046,"E",50,1
"2015-01-01 13:00:00",153150.384352356,780299.989826589,2580,"E",25,2
"2005-12-22 08:30:00",156450.0556447,634624.963960638,1560,"S",25,3
"2022-02-08 11:20:00",184331.430911187,768320.406806391,2438,"E",40,2
"2019-01-11 08:30:00",205252.055058307,750383.683560855,2176,"E",10,1
"2021-03-15 07:00:00",178719.4160011,659566.235320976,1821,"SW",60,2
"2006-02-11 12:25:00",163819.678589092,689929.910117807,2275,"NE",50,2
"2017-01-06 07:00:00",193035.936532645,782529.646748433,2164.7,"E",20,1
"2015-01-04 14:20:00",153150.384352356,780299.989826589,2870,"SE",30,2
"2022-02-04 03:12:00",178950.871692423,664736.394310743,2168,"E",80,3
"2018-02-18 11:00:00",143359.166650646,625759.737106033,3030,"S",50,2
"2015-01-29 11:06:00",106360.352699823,586074.052475981,2380,"N",30,2
"2018-03-04 10:00:00",141276.017098137,642501.900080646,2803,"SE",50,2
"2021-12-29 10:00:00",225256.322883637,744234.52921688,2011,"NE",100,3
"2021-01-28 10:00:00",128133.179030736,679144.863882954,2137,"S",50,2
"2003-02-13 09:52:00",181955.635168005,784867.929118795,2400,"SW",120,4
"2022-01-08 07:30:00",105579.847139798,588214.844713046,2860,"N",20,3
"2017-02-12 13:30:00",179559.408761126,785569.933532478,2659,"NW",60,3
"2021-05-13 14:00:00",149930.894891653,786727.95728366,2759,"N",50,2
"2018-01-22 23:00:00",165414.503377016,790261.983773029,2618.1,"E",80,3
"2021-01-29 16:00:00",139614.331833545,625580.226584107,1750,"SE",120,3
"2018-01-23 07:00:00",165617.979836578,791624.283696025,2452.8,"S",50,3
"2021-01-16 10:00:00",156362.535009715,790939.087126401,2877,"SW",50,2
"2019-02-04 07:00:00",205199.690484523,750159.039378781,2180,"NE",25,1
"2021-01-16 08:27:00",133036.15302639,603814.878832399,2534,"NW",100,4
"2012-01-25 06:30:00",156450.0556447,634624.963960638,2150,"S",150,4
"2021-04-14 10:00:00",91307.1626180896,617870.486626934,3271,"NE",50,2
"2017-02-06 02:00:00",99383.0252931681,568245.37831132,2354.5,"NW",80,4
"2010-01-10 09:00:00",153150.384352356,780299.989826589,2800,"E",50,2
"2008-04-04 06:30:00",144649.921335577,604349.957967752,2080,"E",75,2
"2007-12-24 14:20:00",129817.93450022,599245.986170505,2100,"E",80,3
"2015-03-05 11:00:00",166034.225121807,760864.978577079,2135.1,"NE",50,2
"2022-03-19 07:40:00",159464.937537492,727511.592299776,2157,"SE",20,2
"2021-12-10 11:00:00",172064.592938195,778207.207952116,2644,"SE",50,2
"2020-03-07 07:30:00",192691.028638124,730736.867615752,2977,"SE",10,2
"2015-01-01 07:00:00",190931.470486482,780139.950219982,2419.3,"N",50,3
"2007-12-12 07:30:00",138259.847101018,623828.918806708,2700,"W",100,4
"2019-02-04 07:00:00",206629.768393731,749582.056223398,2129,"E",15,1
"2006-01-29 09:30:00",181955.635168005,784867.929118795,2890,"SW",25,2
"2016-01-14 07:00:00",192512.078340194,782711.425110596,2343.7,"N",70,3
"2022-01-10 09:15:00",225427.153162984,744125.035935694,1959,"NE",80,3
"2017-03-08 09:30:00",112111.511006316,635846.209942884,2471.1,"E",100,3
"2021-01-29 08:30:00",166522.554894598,792156.818195851,2678,"SE",80,4
"2009-01-22 14:45:00",147249.771059043,783299.550522891,2380,"W",40,3
"2016-03-09 08:00:00",192969.556589154,730913.93561758,2961.9,"N",25,2
"2017-02-02 08:00:00",193506.693475345,733680.504384977,2713,"N",40,2
"2012-12-22 12:15:00",88304.9054473924,582140.010859569,2164,"SW",100,2
"2020-03-04 12:00:00",167409.791266438,792909.720769364,2690,"SE",60,3
"2019-12-10 11:20:00",189751.164327365,780647.197925028,2634,"NE",20,2
"2021-12-03 12:31:00",205570.140190069,785648.709140827,2518,"N",40,2
"2018-01-23 07:00:00",166143.178440258,790828.219873328,2775.8,"SE",60,4
"2007-03-04 13:40:00",192369.722492092,781250.096531842,2440,"NE",70,2
"2021-03-16 11:00:00",133870.18351667,604260.783943842,2695,"S",120,4
"2022-02-12 15:00:00",156520.331734784,703265.016474495,2351,"E",100,3
"2010-02-20 08:30:00",153150.384352356,780299.989826589,2900,"E",25,3
"2007-08-11 08:00:00",139366.526630783,787381.492982224,3600,"W",30,2
"2012-01-09 13:00:00",181774.341764771,785873.936337757,1960,"E",150,3
"2018-03-20 07:00:00",147712.3322428,790500.348120306,2718.9,"NE",35,4
"2019-12-31 11:00:00",173204.173485098,798689.991118085,2428,"S",100,1
"2019-03-18 10:00:00",190309.660820015,733126.580872675,2243,"NE",50,1
"2005-02-05 10:00:00",189979.794625803,790070.01810982,2485,"N",120,3
"2007-01-04 13:00:00",181955.635168005,784867.929118795,2400,"NE",30,3
"2020-01-18 15:35:00",225327.584921888,744238.186092154,1965,"NE",20,1
"2017-03-01 05:30:00",188784.556834801,780680.283997164,2625.4,"E",30,3
"2018-03-21 11:00:00",142000.270178456,784099.483792273,2850,"SE",20,2
"2018-01-17 08:00:00",206533.371175364,794684.513977793,1861.9,"NE",50,2
"2018-03-19 23:00:00",166844.824355557,800014.916719236,2543.4,"NW",30,3
"2019-02-02 08:30:00",192900.786843161,730972.554708118,2998,"NE",50,2
"2009-02-18 15:00:00",183279.7447349,770729.91945501,2600,"SW",50,2
"2020-03-08 11:00:00",144589.340690978,629549.796966463,2670,"SE",100,3
"2005-03-11 11:00:00",154486.340746026,780085.991327467,2900,"S",30,2
"2017-01-15 10:30:00",113060.19017714,594359.21572756,2290,"NW",60,2
"2017-03-10 16:30:00",189592.761274922,780078.301483752,2686.5,"E",60,3
"2002-12-23 09:00:00",88304.9054473924,582140.010859569,2600,"NE",30,1
"2002-12-24 12:00:00",152290.325699374,795773.052946369,2540,"N",20,2
"1999-02-21 19:27:00",109599.419294083,606699.314528591,3200,"SW",200,4
"2004-01-16 06:50:00",174900.925923406,656017.967717097,2331,"SE",150,3
"2012-01-27 14:00:00",196577.480762163,772737.920928768,2140,"S",150,2
"2019-12-26 08:42:00",153179.762932001,780389.647416532,2964,"SE",80,3
"2021-01-16 12:28:00",93117.4833963091,626806.375877892,2940,"NE",90,2
"2022-02-28 16:15:00",178386.536580465,660738.603301418,1846,"S",10,2
"2004-12-30 09:50:00",143999.415363459,794699.475393694,2620,"NE",100,2
"2008-03-24 10:05:00",181955.635168005,784867.929118795,2540,"NE",40,3
"2008-01-13 09:00:00",181955.635168005,784867.929118795,2300,"NW",50,2
"2021-01-23 07:30:00",105897.6258931,587736.274810833,2720,"E",15,1
"2013-05-27 15:00:00",170638.127397817,775732.98003321,3050,"N",40,2
"2005-02-04 13:00:00",162673.821411288,688909.940875611,2420,"W",70,3
"2017-03-13 08:30:00",186513.410436452,767129.961163348,2600,"NE",100,3
"2022-02-03 07:15:00",225537.928816,744107.182378135,1944,"NE",120,3
"2020-12-06 06:00:00",165558.326602335,734153.949490736,1279,"W",40,1
"2021-11-11 13:00:00",161002.032422609,793767.827096434,2715,"N",41,3
"2016-03-28 08:35:00",206729.949945063,733710.013655671,2150,"N",15,3
"2008-02-06 11:00:00",162886.583288565,633027.984737328,2150,"N",30,1
"2021-01-31 07:15:00",136014.942494515,638599.015846786,2831,"E",100,4
"2012-01-27 11:15:00",164499.652087316,733349.903885131,2260,"S",70,2
"2014-12-30 11:00:00",186687.797929613,778558.825658876,2558.1,"SE",50,2
"2014-01-28 12:45:00",187991.031443296,791150.057545446,2850,"W",25,2
"2018-03-19 23:00:00",166978.039787191,798902.386412539,2378,"W",40,3
"2017-02-10 11:00:00",198954.631231472,696880.015164985,1920,"NW",20,1
"2005-01-28 15:20:00",178210.284425425,780839.896613953,2300,"W",80,3
"2019-01-19 13:30:00",171638.980740651,735169.940519751,2070,"SW",40,3
"2014-02-22 12:00:00",161456.592057665,764627.987918193,2660,"E",80,2
"2019-02-15 11:00:00",166799.345319052,710281.923149421,2345,"E",20,3
"2002-12-01 07:00:00",196600.196288303,773406.895594381,2320,"SE",50,2
"2017-12-11 23:00:00",161955.109392067,794590.51703089,2340.9,"NW",40,2
"2010-02-07 10:00:00",181955.635168005,784867.929118795,2500,"S",30,3
"2019-02-03 14:30:00",175542.020960497,706099.922696802,1900,"SE",50,2
"2007-12-11 09:00:00",150764.986788999,666749.925277723,2300,"W",50,3
"2006-01-04 14:50:00",99090.5669845547,563708.702756958,2000,"NW",50,2
"2017-03-01 13:55:00",149450.308609015,697597.925754944,2114.5,"NE",15,1
"2008-02-02 11:00:00",199724.746279228,717999.996965222,2400,"SW",20,3
"2008-11-29 09:00:00",199724.746279228,717999.996965222,1400,"NE",50,3
"2015-02-11 14:35:00",188260.307105945,780335.005580532,2475,"W",10,2
"2022-02-10 11:00:00",158330.155141794,731101.873038565,2768,"W",100,4
"2018-02-18 14:45:00",104830.823677068,561448.797072119,2550,"SE",60,2
"2005-12-05 09:10:00",181955.635168005,784867.929118795,2540,"N",30,3
"2013-02-08 23:00:00",181774.341764771,785873.936337757,2280,"S",50,3
"2022-02-03 07:00:00",226810.659675305,744311.409427139,1636,"NE",60,2
"2004-01-25 12:00:00",102760.000235788,589799.053472577,2950,"SW",250,3
"2021-01-15 16:00:00",149295.146288397,779276.554951341,2389,"SW",80,3
"2021-02-03 08:00:00",160419.399422877,783350.888025498,2574,"S",300,3
"2021-02-12 08:00:00",144515.745342807,791584.371567503,2164,"NE",40,2
"2021-01-15 11:00:00",159782.19681104,729866.423060441,2070,"N",60,4
"2018-01-20 09:30:00",112909.400117252,595177.241498177,2020,"SE",60,4
"2012-02-17 11:00:00",181774.341764771,785873.936337757,2220,"E",30,1
"2005-12-28 10:15:00",154486.340746026,780085.991327467,2750,"SE",15,1
"2017-03-08 13:00:00",146215.076742675,559932.009950406,2640,"NE",120,4
"2018-04-21 05:00:00",195011.176620913,716973.98769573,3100,"SE",100,3
"2021-03-22 11:00:00",154140.476575645,791991.986073336,2758,"NE",25,1
"2006-01-30 12:15:00",90590.3054684864,576648.725390615,2220,"NW",40,2
"2018-02-13 09:00:00",190404.423241654,731326.72729243,2196.8,"S",40,1
"2021-01-28 04:00:00",166185.359891672,734844.624857074,2060,"SW",55,3
"2009-02-07 08:30:00",170659.440203678,701769.916179099,2000,"S",40,3
"2019-01-14 08:00:00",195011.176620913,716973.98769573,2300,"SE",60,4
"2013-02-15 14:35:00",132818.729998027,604495.541170615,2350,"NE",25,2
"2014-01-26 11:15:00",147763.122798308,675847.922094116,2100,"S",50,2
"2007-01-03 08:00:00",229600.190335117,745149.962013332,1950,"E",50,3
"2022-01-07 14:30:00",166192.236752859,733159.375716845,1604,"SE",20,1
"2008-03-15 11:00:00",110179.255509169,607279.298679572,2870,"E",70,2
