profID,layer_top,layer_bottom,hardness,gt1,gt2,gs1,gs2,crust,layer_thickness,gt_primary,gt_secondary,density_primary,density_secondary,density_combined,datetime,slopeangle,RB_score,RB_releasetype,RB_height_obs,RB_class,localNowcast,stability_class,HS_obs,similarity_obs_sim,HS_sim,RB_height_sim,gs_wl,sph_wl,bs_wl,dendr_wl,gt1_wl,rho_wl,visc_wl,age_wl,rho_divby_gs_wl,rhobs_divby_gs_wl,D_sl,rho_sl,rho_divby_gs_sl,rhobs_divby_gs_sl,rho20_sl,rho10max_sl,penetrationdepth,delta_gs,delta_hh,frac_rhogs,rts,shear_strength_wl,normalstress,skier_stress,skier_stress_monti,sk38,sk38_monti,rc,neck_stress,neck_strain_rate,viscdefrate,defrateindex,approximate_critical_loads,region,wl_index,wl_thickness,layers_above_wl,density_above_wl,snow_profiles,S_skier,RB_score_grouped,RB_score_grouped_4,nbr_layers,one_density_above_wl,one_layers_above_wl,trunc_layers_above_wl,trunc_density_above_wl,proxy_mass_above_wl,trunc_layers_above_wl_padded,trunc_density_above_wl_padded,convergence_check,skier_weight,crack_length,nbr_iterations,elapsed_times,skier_weights,crack_lengths
10026,"[20.0, 35.0, 36.0, 59.0, 60.0, 63.0, 86.0, 92.0, 101.0, 102.0, 109.0, 117.0, 118.0, 124.0, 135.0, 136.0, 136.7, 137.2, 137.7, 138.0, 141.0, 155.0, 159.9, 160.0]","[0.0, 20.0, 35.0, 36.0, 59.0, 60.0, 63.0, 86.0, 92.0, 101.0, 102.0, 109.0, 117.0, 118.0, 124.0, 135.0, 136.0, 136.7, 137.2, 137.7, 138.0, 141.0, 155.0, 159.9]","[2.0, 1.5, 2.0, 1.5, 2.0, 1.5, 3.5, 2.0, 1.0, 2.0, 2.5, 1.5, 3.0, 1.0, 1.5, 1.0, 1.0, 1.0, 2.0, 1.0, 2.0, 1.5, 2.0, 2.0]","[9, 9, 7, 9, 7, 9, 3, 9, 9, 7, 3, 9, 7, 4, 3, 3, 3, 2, 3, 2, 3, 3, 3, 3]","[9, 5, 7, 9, 7, 9, 9, 9, 9, 4, 9, 9, 7, 9, 9, 9, 2, 3, 2, 1, 2, 2, 2, 3]","[1.0, 1.0, 1.0, 1.5, 1.0, 1.0, 0.5, 0.75, 1.0, 1.0, 0.5, 0.75, 1.0, 0.75, 0.5, 0.5, 0.5, 0.5, 0.5, 1.0, 0.5, 0.25, 0.25, 0.25]","[1.5, 2.0, 2.0, 2.5, 1.0, 1.5, 1.0, 1.25, 1.5, 2.0, 1.0, 1.0, 1.0, 1.0, 1.0, 1.0, 1.0, 1.0, 0.75, 2.0, 1.0, 0.75, 0.75, 0.25]","[0, 0, 1, 0, 1, 0, 0, 0, 0, 1, 0, 0, 1, 0, 0, 0, 0, 0, 0, 0, 0, 0, 0, 0]","[20.0, 15.0, 1.0, 23.0, 1.0, 3.0, 23.0, 6.0, 9.0, 1.0, 7.0, 8.0, 1.0, 6.0, 11.0, 1.0, 0.6999999999999886, 0.5, 0.5, 0.30000000000001137, 3.0, 14.0, 4.900000000000006, 0.09999999999999432]","[9, 9, 7, 9, 7, 9, 3, 9, 9, 7, 3, 9, 7, 4, 3, 3, 3, 2, 3, 2, 3, 3, 3, 3]","[9, 5, 7, 9, 7, 9, 9, 9, 9, 4, 9, 9, 7, 9, 9, 9, 2, 3, 2, 1, 2, 2, 2, 3]","[175.0, 154.0, 292.25, 154.0, 292.25, 154.0, 232.12522605741117, 175.0, 133.0, 292.25, 181.06998247500167, 154.0, 292.25, 158.0, 159.41582238929536, 155.51, 155.51, 101.0, 167.40359922257957, 101.0, 167.40359922257957, 159.41582238929536, 167.40359922257957, 167.40359922257957]","[175.0, 222.5, 292.25, 154.0, 292.25, 154.0, 238.0, 175.0, 133.0, 204.0, 196.0, 154.0, 292.25, 133.0, 154.0, 133.0, 101.0, 155.51, 137.0, 81.0, 137.0, 119.0, 137.0, 167.40359922257957]","[175.0, 171.125, 292.25, 154.0, 292.25, 154.0, 233.59391954305838, 175.0, 133.0, 270.1875, 184.80248685625125, 154.0, 292.25, 151.75, 158.0618667919715, 149.8825, 141.8825, 114.6275, 159.80269941693467, 96.0, 159.80269941693467, 149.3118667919715, 159.80269941693467, 167.40359922257957]",2007-02-16 10:00,30.0,5,1.0,117.0,2.0,2.0,-999.0,160.0,1,157.58,106.24,1.34,0.18,0.56,0.0,4,216.0,52.62,28,161.19402985074626,90.26865671641792,51.34000000000002,177.64178028827422,279.8862254265609,60.30764852707223,215.70578680203045,224.52532608695643,0.23,0.5100000000000001,0.0,1.8461624274877289,0.72,0.88,-0.6878,0.2966919193266842,0.3595040480438931,0.8957725609952035,0.7146948816564105,0.2912213621099843,27348.48178854875,0.1645429781854085,-0.1,3.73,197.7469839309005,1,11,8.0,"[1.0, 6.0, 11.0, 1.0, 0.6999999999999886, 0.5, 0.5, 0.30000000000001137, 3.0, 14.0, 4.900000000000006, 0.09999999999999432]","[292.25, 151.75, 158.0618667919715, 149.8825, 141.8825, 114.6275, 159.80269941693467, 96.0, 159.80269941693467, 149.3118667919715, 159.80269941693467, 167.40359922257957]","[(292.25, 10.0), (151.75, 60.0), (158.0618667919715, 110.0), (149.8825, 10.0), (141.8825, 6.999999999999886), (114.6275, 5.0), (159.80269941693467, 5.0), (96.0, 3.0000000000001137), (159.80269941693467, 30.0), (149.3118667919715, 140.0), (159.80269941693467, 49.00000000000006), (167.40359922257957, 0.9999999999999432)]",,2,3,12,156.42310941450688,43.0,"[1.0, 6.0, 11.0, 1.0, 24.0]","[292.25, 151.75, 158.0618667919715, 149.8825, 143.57919553316938]",6726.193704823796,[ 1.  6. 11.  1. 24.],[292.25       151.75       158.06186679 149.8825     143.57919553],True,100.01208766111728,358.44034133333116,10,"[0.5893733501434326, 0.7203922271728516, 0.8054361343383789, 0.9751081466674805, 1.2442350387573242, 1.4031982421875, 1.5136570930480957, 1.6215991973876953, 1.7538392543792725, 1.8657772541046143]","[80.0603271964289, 107.99225826526452, 131.5979945542145, 110.16561094810682, 94.05026763286519, 93.51816107923638, 97.45629869573598, 99.09123775715913, 99.74991451669264, 100.01208766111728]","[0, 172.99599999999919, 430.73999999999796, 602.0500159999974, 473.2710079999961, 358.44034133333116, 358.44034133333116, 358.44034133333116, 358.44034133333116, 358.44034133333116]"
10167,"[15.0, 43.0, 60.0, 70.0, 70.7, 71.0, 77.0, 90.0, 97.0, 98.0, 107.0, 113.3, 113.8, 114.0, 123.0, 136.7, 137.0, 138.5, 140.0, 145.0, 146.0, 146.1, 158.0, 161.5, 162.0]","[0.0, 15.0, 43.0, 60.0, 70.0, 70.7, 71.0, 77.0, 90.0, 97.0, 98.0, 107.0, 113.3, 113.8, 114.0, 123.0, 136.7, 137.0, 138.5, 140.0, 145.0, 146.0, 146.1, 158.0, 161.5]","[1.5, 1.0, 3.5, 1.5, 1.0, 2.0, 1.0, 1.5, 2.5, 1.5, 3.0, 2.5, 2.0, 1.0, 2.0, 1.0, 1.0, 1.0, 2.5, 2.0, 1.0, 1.0, 1.0, 2.0, 1.5]","[9, 9, 9, 9, 9, 7, 9, 9, 9, 4, 3, 3, 3, 3, 3, 2, 2, 3, 7, 3, 2, 2, 3, 3, 3]","[5, 5, 9, 9, 9, 7, 9, 9, 9, 9, 3, 3, 4, 1, 2, 2, 2, 2, 7, 3, 3, 1, 2, 3, 1]","[2.0, 1.5, 0.75, 1.0, 1.0, 1.0, 1.0, 0.75, 0.75, 0.75, 0.5, 0.5, 0.5, 0.5, 0.5, 0.5, 0.5, 0.5, 0.25, 0.25, 0.5, 1.0, 0.5, 0.25, 0.5]","[3.0, 2.5, 1.5, 1.5, 2.0, 2.0, 1.0, 1.25, 1.0, 1.5, 0.5, 0.5, 0.75, 2.0, 0.75, 1.25, 1.0, 1.0, 0.25, 0.5, 1.0, 1.5, 0.75, 0.5, 2.0]","[0, 0, 0, 0, 0, 1, 0, 0, 0, 0, 0, 0, 0, 0, 0, 0, 0, 0, 1, 0, 0, 0, 0, 0, 0]","[15.0, 28.0, 17.0, 10.0, 0.7000000000000028, 0.29999999999999716, 6.0, 13.0, 7.0, 1.0, 9.0, 6.299999999999997, 0.5, 0.20000000000000284, 9.0, 13.699999999999989, 0.30000000000001137, 1.5, 1.5, 5.0, 1.0, 0.09999999999999432, 11.900000000000006, 3.5, 0.5]","[9, 9, 9, 9, 9, 7, 9, 9, 9, 4, 3, 3, 3, 3, 3, 2, 2, 3, 7, 3, 2, 2, 3, 3, 3]","[5, 5, 9, 9, 9, 7, 9, 9, 9, 9, 3, 3, 4, 1, 2, 2, 2, 2, 7, 3, 3, 1, 2, 3, 1]","[154.0, 133.0, 238.0, 154.0, 133.0, 292.25, 133.0, 154.0, 196.0, 181.0, 202.0738495144293, 181.06998247500167, 167.40359922257957, 155.51, 167.40359922257957, 101.0, 101.0, 155.51, 292.25, 167.40359922257957, 101.0, 101.0, 155.51, 167.40359922257957, 159.41582238929536]","[222.5, 210.0, 238.0, 154.0, 133.0, 292.25, 133.0, 154.0, 196.0, 154.0, 202.0738495144293, 181.06998247500167, 204.0, 81.0, 137.0, 101.0, 101.0, 101.0, 292.25, 167.40359922257957, 155.51, 81.0, 101.0, 167.40359922257957, 99.0]","[171.125, 152.25, 238.0, 154.0, 133.0, 292.25, 133.0, 154.0, 196.0, 174.25, 202.0738495144293, 181.06998247500167, 176.55269941693467, 136.8825, 159.80269941693467, 101.0, 101.0, 141.8825, 292.25, 167.40359922257957, 114.6275, 96.0, 141.8825, 167.40359922257957, 144.3118667919715]",2007-03-06 10:00,18.0,6,2.0,98.0,3.0,2.3,-999.0,162.0,1,165.04,107.63,1.35,0.23,0.64,0.0,4,220.1,38.06,30,163.03703703703698,104.34370370370372,57.41,211.0571329036753,488.1805816788717,90.17239316188216,246.60296780684104,253.4578125,0.19,0.8600000000000001,-1.0,3.413522610316277,0.82,0.91,-1.079,0.265322472360773,0.2765626886653662,0.9330396749859668,0.9091316089025172,0.4117965762802877,32006.4697265625,0.2184685839109616,-0.3,2.55,439.4377420686678,1,9,1.0,"[9.0, 6.299999999999997, 0.5, 0.20000000000000284, 9.0, 13.699999999999989, 0.30000000000001137, 1.5, 1.5, 5.0, 1.0, 0.09999999999999432, 11.900000000000006, 3.5, 0.5]","[202.0738495144293, 181.06998247500167, 176.55269941693467, 136.8825, 159.80269941693467, 101.0, 101.0, 141.8825, 292.25, 167.40359922257957, 114.6275, 96.0, 141.8825, 167.40359922257957, 144.3118667919715]","[(202.0738495144293, 90.0), (181.06998247500167, 62.99999999999997), (176.55269941693467, 5.0), (136.8825, 2.0000000000000284), (159.80269941693467, 90.0), (101.0, 136.9999999999999), (101.0, 3.0000000000001137), (141.8825, 15.0), (292.25, 15.0), (167.40359922257957, 50.0), (114.6275, 10.0), (96.0, 0.9999999999999432), (141.8825, 119.00000000000006), (167.40359922257957, 35.0), (144.3118667919715, 5.0)]",,2,3,15,154.47183135111194,64.0,"[9.0, 6.299999999999997, 0.5, 0.20000000000000284, 48.0]","[202.0738495144293, 181.06998247500167, 176.55269941693467, 136.8825, 147.9603876958241]",9886.197206471164,[ 9.   6.3  0.5  0.2 48. ],[202.07384951 181.06998248 176.55269942 136.8825     147.9603877 ],True,114.52591382554381,256.4959999999992,10,"[0.5848760604858398, 0.7141859531402588, 0.8156411647796631, 0.9312310218811035, 1.028581142425537, 1.1344032287597656, 1.2614221572875977, 1.3364510536193848, 1.6084253787994385, 1.751960039138794]","[92.87376287566494, 113.99005816199816, 128.67665905045544, 115.83805599846873, 110.19579476977138, 107.53025702605628, 111.32512899233443, 113.19631879549058, 114.09717645984492, 114.52591382554381]","[0, 256.9959999999992, 384.7439999999988, 384.7439999999988, 384.7439999999988, 256.4959999999992, 256.4959999999992, 256.4959999999992, 256.4959999999992, 256.4959999999992]"
10177,"[23.0, 38.0, 45.0, 49.0, 66.0, 68.0, 72.0, 76.0, 82.0, 90.0, 92.0, 96.7, 97.0, 102.0, 104.0, 114.0, 116.0]","[0.0, 23.0, 38.0, 45.0, 49.0, 66.0, 68.0, 72.0, 76.0, 82.0, 90.0, 92.0, 96.7, 97.0, 102.0, 104.0, 114.0]","[1.0, 3.5, 1.0, 2.0, 1.5, 4.0, 1.0, 3.5, 2.0, 1.0, 2.5, 1.0, 1.0, 1.0, 3.5, 1.0, 2.0]","[9, 9, 9, 9, 9, 7, 9, 7, 3, 3, 7, 3, 2, 3, 7, 1, 2]","[5, 9, 5, 7, 9, 7, 7, 7, 2, 2, 7, 3, 3, 2, 7, 2, 0]","[2.0, 0.75, 1.5, 1.0, 1.0, 1.0, 1.0, 0.75, 0.25, 0.5, 0.75, 0.25, 0.5, 0.5, 0.5, 1.0, 0.5]","[3.0, 1.25, 2.5, 2.0, 2.0, 2.0, 2.0, 1.5, 0.75, 1.0, 1.0, 0.5, 1.5, 0.75, 1.0, 2.0, 2.0]","[0, 0, 0, 0, 0, 1, 0, 1, 0, 0, 1, 0, 0, 0, 1, 0, 0]","[23.0, 15.0, 7.0, 4.0, 17.0, 2.0, 4.0, 4.0, 6.0, 8.0, 2.0, 4.700000000000003, 0.29999999999999716, 5.0, 2.0, 10.0, 2.0]","[9, 9, 9, 9, 9, 7, 9, 7, 3, 3, 7, 3, 2, 3, 7, 1, 2]","[5, 9, 5, 8, 9, 7, 8, 7, 2, 2, 7, 3, 3, 2, 7, 2, 0]","[133.0, 238.0, 133.0, 175.0, 154.0, 292.25, 133.0, 292.25, 167.40359922257957, 155.51, 292.25, 155.51, 101.0, 155.51, 292.25, 81.0, 137.0]","[210.0, 238.0, 210.0, 184.0, 154.0, 292.25, 120.0, 292.25, 137.0, 101.0, 292.25, 155.51, 155.51, 101.0, 292.25, 101.0, 157.0]","[152.25, 238.0, 152.25, 177.25, 154.0, 292.25, 129.75, 292.25, 159.80269941693467, 141.8825, 292.25, 155.51, 114.6275, 141.8825, 292.25, 86.0, 142.0]",2007-03-08 10:00,23.0,5,2.0,68.0,3.0,2.0,-999.0,116.0,1,125.09,68.61,1.47,0.08,0.62,0.0,4,240.8,58.48,45,163.80952380952382,101.56190476190476,56.48,208.62751416430592,308.8098354177498,88.3589666062419,234.3036106750393,241.573595505618,0.19,0.0,0.0,0.9838039867109634,0.65,1.1,-0.9946,0.2696912736939088,0.310483715786888,1.1271910103516831,1.0221111771324791,0.3710689546334981,33083.62128946056,0.1919682158418688,-0.1,1.01,197.7469839309005,1,5,2.0,"[4.0, 4.0, 6.0, 8.0, 2.0, 4.700000000000003, 0.29999999999999716, 5.0, 2.0, 10.0, 2.0]","[129.75, 292.25, 159.80269941693467, 141.8825, 292.25, 155.51, 114.6275, 141.8825, 292.25, 86.0, 142.0]","[(129.75, 40.0), (292.25, 40.0), (159.80269941693467, 60.0), (141.8825, 80.0), (292.25, 20.0), (155.51, 47.00000000000003), (114.6275, 2.9999999999999716), (141.8825, 50.0), (292.25, 20.0), (86.0, 100.0), (142.0, 20.0)]",,2,3,11,157.6994572187835,48.0,"[4.0, 4.0, 6.0, 8.0, 26.0]","[129.75, 292.25, 159.80269941693467, 141.8825, 174.93142857142857]",7569.573946501608,[ 4.  4.  6.  8. 26.],[129.75       292.25       159.80269942 141.8825     174.93142857],True,132.13922529913881,352.5759999999973,8,"[0.33080005645751953, 0.43300509452819824, 0.6868181228637695, 0.8270070552825928, 0.920464038848877, 1.0462541580200195, 1.1573419570922852, 1.2673029899597168]","[121.64245894609911, 148.109087058332, 137.92449821921167, 129.83469453402873, 126.55340122734864, 130.0447112838137, 131.52429374744256, 132.13922529913881]","[0, 384.99199999999837, 480.73999999999796, 480.73999999999796, 352.5759999999973, 352.5759999999973, 352.5759999999973, 352.5759999999973]"
10198,"[42.5, 45.0, 57.0, 61.0, 83.0, 88.0, 101.0, 115.0, 116.0, 136.0, 148.0, 163.5, 165.0, 171.0, 184.0, 194.0, 201.0, 204.0, 218.0]","[0.0, 42.5, 45.0, 57.0, 61.0, 83.0, 88.0, 101.0, 115.0, 116.0, 136.0, 148.0, 163.5, 165.0, 171.0, 184.0, 194.0, 201.0, 204.0]","[1.5, 2.5, 1.0, 2.0, 1.5, 3.5, 2.0, 2.5, 1.5, 3.5, 3.0, 2.0, 1.5, 2.5, 1.5, 2.0, 1.0, 1.5, 1.0]","[9, 7, 9, 9, 9, 9, 9, 3, 3, 3, 3, 3, 3, 3, 3, 3, 2, 3, 2]","[5, 4, 5, 9, 9, 9, 9, 9, 9, 3, 3, 2, 0, 3, 2, 2, 4, 2, 3]","[2.0, 1.0, 1.5, 1.0, 1.0, 0.75, 0.75, 0.5, 0.5, 0.25, 0.25, 0.5, 0.5, 0.5, 0.5, 0.5, 0.5, 0.5, 0.5]","[3.0, 2.0, 2.5, 2.0, 1.5, 1.0, 1.5, 1.0, 1.0, 0.5, 0.5, 1.0, 2.0, 0.5, 0.75, 0.75, 1.0, 1.0, 1.0]","[0, 1, 0, 0, 0, 0, 0, 0, 0, 0, 0, 0, 0, 0, 0, 0, 0, 0, 0]","[42.5, 2.5, 12.0, 4.0, 22.0, 5.0, 13.0, 14.0, 1.0, 20.0, 12.0, 15.5, 1.5, 6.0, 13.0, 10.0, 7.0, 3.0, 14.0]","[9, 7, 9, 9, 9, 9, 9, 3, 3, 3, 3, 3, 3, 3, 3, 3, 2, 3, 2]","[5, 4, 5, 9, 9, 9, 9, 9, 9, 3, 3, 2, 0, 3, 2, 2, 4, 2, 3]","[154.0, 292.25, 133.0, 175.0, 154.0, 238.0, 175.0, 181.06998247500167, 159.41582238929536, 232.12522605741117, 202.0738495144293, 167.40359922257957, 159.41582238929536, 181.06998247500167, 159.41582238929536, 167.40359922257957, 101.0, 159.41582238929536, 101.0]","[222.5, 227.0, 210.0, 175.0, 154.0, 238.0, 175.0, 196.0, 154.0, 232.12522605741117, 202.0738495144293, 137.0, 138.5, 181.06998247500167, 119.0, 137.0, 158.0, 119.0, 155.51]","[171.125, 275.9375, 152.25, 175.0, 154.0, 238.0, 175.0, 184.80248685625125, 158.0618667919715, 232.12522605741117, 202.0738495144293, 159.80269941693467, 154.1868667919715, 181.06998247500167, 149.3118667919715, 159.80269941693467, 115.25, 149.3118667919715, 114.6275]",2007-03-14 10:00,34.0,5,2.0,171.0,3.0,2.0,-999.0,218.0,1,209.74,144.24,1.53,0.16,0.79,0.0,5,226.2,64.4,26,147.84313725490196,116.79607843137256,65.5,224.22496183206104,525.4037520575583,99.439591385845,290.7885728796344,297.68447802197807,0.22,1.2,-2.0,6.218712322160598,1.0,0.97,-0.9947,0.2325521089806408,0.2347525860845445,0.921794630654874,0.9174240732410394,0.4136128152902921,23878.15521871495,0.1012683800174508,-0.1,3.43,197.7469839309005,1,13,6.0,"[13.0, 10.0, 7.0, 3.0, 14.0]","[149.3118667919715, 159.80269941693467, 115.25, 149.3118667919715, 114.6275]","[(149.3118667919715, 130.0), (159.80269941693467, 100.0), (115.25, 70.0), (149.3118667919715, 30.0), (114.6275, 140.0)]",,2,3,5,136.13940133704023,47.0,"[13.0, 10.0, 7.0, 3.0, 14.0]","[149.3118667919715, 159.80269941693467, 115.25, 149.3118667919715, 114.6275]",6398.551862840892,[13. 10.  7.  3. 14.],[149.31186679 159.80269942 115.25       149.31186679 114.6275    ],True,79.13596875075591,376.4959999999992,6,"[0.41094017028808594, 0.49659013748168945, 0.6107652187347412, 0.7539372444152832, 0.8487370014190674, 0.9618141651153564]","[70.24151772359546, 72.84819351210592, 74.60693555154641, 76.23015966756313, 77.73781827391696, 79.13596875075591]","[0, 187.99599999999919, 188.49599999999919, 188.49599999999919, 188.49599999999919, 376.4959999999992]"
12590,"[45.0, 70.0, 90.0, 105.0, 120.0]","[0.0, 45.0, 70.0, 90.0, 105.0]","[3.0, 2.5, 2.0, 1.5, 1.0]","[2, 2, 2, 2, 1]","[3, 2, 2, 2, 1]","[0.25, 0.5, 0.5, 0.5, 1.0]","[0.5, 0.75, 1.0, 1.0, 1.0]","[0, 0, 0, 0, 0]","[45.0, 25.0, 20.0, 15.0, 15.0]","[2, 2, 2, 2, 1]","[3, 2, 2, 2, 1]","[173.0, 155.0, 137.0, 119.0, 81.0]","[202.0738495144293, 155.0, 137.0, 119.0, 81.0]","[180.26846237860732, 155.0, 137.0, 119.0, 81.0]",2007-11-12 09:00,37.0,2,1.0,105.0,1.0,3.0,1.0,120.0,1,119.11,99.34,0.3,0.5,0.1,0.78,1,123.1,1.213,1,410.33333333333326,41.03333333333335,19.77,115.64527061203844,379.17515405659714,33.574728028238724,115.64527061203844,134.6720657276995,0.29,0.0,0.0,1.0105605199025185,0.19,0.29,-0.1503,0.7704685451811824,0.8193481137231122,6.0,6.0,0.5400183686398747,21906.07287449392,0.1094421605488333,-2.0,5.35,80.0,1,3,15.0,[15.0],[81.0],"[(81.0, 150.0)]",,1,1,1,81.0,15.0,"[15.0, 0, 0, 0, 0]","[81.0, 0, 0, 0, 0]",1215.0,[15.  0.  0.  0.  0.],[81.  0.  0.  0.  0.],False,24.50509299581584,58.14086712320022,40,"[0.3938429355621338, 0.5011401176452637, 0.5943901538848877, 0.7198998928070068, 0.8348610401153564, 0.9719381332397461, 1.2739598751068115, 1.3643860816955566, 1.4915132522583008, 1.6192951202392578, 1.7613611221313477, 1.8646800518035889, 2.010761022567749, 2.405492067337036, 2.5193872451782227, 2.6365270614624023, 2.762885093688965, 2.9109649658203125, 3.020940065383911, 3.317512035369873, 3.4448771476745605, 3.572888135910034, 3.6745591163635254, 3.78711199760437, 3.869464159011841, 3.970405101776123, 4.221710205078125, 4.373255968093872, 4.468590021133423, 4.602602958679199, 4.680368900299072, 4.781738996505737, 4.90861701965332, 5.041513919830322, 5.365844011306763, 5.46995210647583, 5.581279039382935, 5.723315954208374, 5.854800224304199, 5.968069076538086]","[12.968846444843985, 13.328423705970032, 13.672759062118748, 14.440146328052208, 14.98720723932106, 15.51929830644636, 16.348105595600572, 17.199917143376513, 18.07383516613047, 18.968857817474987, 19.986032865556425, 20.53039552914237, 21.057032715821617, 21.566206334762324, 22.05821660730607, 22.533394884245357, 22.992097463425313, 23.434700271415135, 24.30022673540806, 25.177048912589704, 26.06446256377828, 26.961747317808822, 27.8681666640961, 28.782967696358167, 29.056853368725363, 29.32012030646856, 29.57314133196439, 29.816279955908843, 30.049890189445172, 30.27431642033387, 30.489893344590982, 30.696945946058097, 30.895789517274572, 31.08672971581738, 31.270062650971518, 31.446074996207436, 31.615044123481372, 31.77723825585065, 31.93291663531563, 32.08232970317105]","[0, 0.5, 60.496000000001004, 30.248000000000502, 30.248000000000502, 209.52204800000072, 209.52204800000072, 209.52204800000072, 209.52204800000072, 157.141536000001, 52.380512000000635, 52.380512000000635, 52.380512000000635, 52.380512000000635, 52.380512000000635, 52.380512000000635, 52.380512000000635, 290.7043356160002, 290.7043356160002, 290.7043356160002, 290.7043356160002, 290.7043356160002, 290.7043356160002, 58.14086712320022, 58.14086712320022, 58.14086712320022, 58.14086712320022, 58.14086712320022, 58.14086712320022, 58.14086712320022, 58.14086712320022, 58.14086712320022, 58.14086712320022, 58.14086712320022, 58.14086712320022, 58.14086712320022, 58.14086712320022, 58.14086712320022, 58.14086712320022, 58.14086712320022]"
13330,"[10.0, 40.0, 58.0, 106.0, 107.0]","[0.0, 10.0, 40.0, 58.0, 106.0]","[1.0, 2.5, 2.0, 3.0, 1.0]","[4, 3, 2, 2, 7]","[5, 4, 3, 3, 7]","[1.5, 0.5, 0.5, 0.5, 1.0]","[2.5, 1.0, 1.25, 1.0, 1.5]","[0, 0, 0, 0, 0]","[10.0, 30.0, 18.0, 48.0, 1.0]","[4, 3, 2, 2, 8]","[5, 4, 3, 3, 8]","[158.0, 181.06998247500167, 137.0, 173.0, 120.0]","[210.0, 227.0, 167.40359922257957, 202.0738495144293, 120.0]","[171.0, 192.55248685625125, 144.6008998056449, 180.26846237860732, 120.0]",2007-11-21 12:00,39.0,4,1.0,58.0,2.0,2.3,-999.0,107.0,0,101.93,74.44,0.49,0.44,0.23,0.0,4,191.6,7.082000000000002,9,391.0204081632653,89.93469387755104,27.49000000000001,142.3482720989451,328.25741807693487,57.3042036569649,157.2287066246057,173.94250000000005,0.24,0.07,0.5,1.1343945720250523,0.37,0.68,-0.2458,0.554098331692687,0.7416980341329367,0.1490586143166621,6.0,0.4995338698693394,9239.133174433571,0.0055671180437237,-0.4,4.21,131.83132262060033,1,2,18.0,"[48.0, 1.0]","[180.26846237860732, 120.0]","[(180.26846237860732, 480.0), (120.0, 10.0)]",,2,2,2,179.03849375863575,49.0,"[48.0, 1.0, 0, 0, 0]","[180.26846237860732, 120.0, 0, 0, 0]",8772.886194173152,[48.  1.  0.  0.  0.],[180.26846238 120.           0.           0.           0.        ],False,63.98405548544038,980.484000000004,40,"[0.2619640827178955, 0.49656105041503906, 0.6215400695800781, 0.7547850608825684, 0.9050240516662598, 1.0274791717529297, 1.1194231510162354, 1.2258360385894775, 1.6012461185455322, 1.756972074508667, 1.9407811164855957, 2.041501998901367, 2.178361177444458, 2.3174071311950684, 2.6767349243164062, 2.795769214630127, 2.9100100994110107, 2.9890859127044678, 3.0969960689544678, 3.217427968978882, 3.3297691345214844, 3.60878586769104, 3.789391279220581, 3.911407232284546, 4.0390541553497314, 4.156673192977905, 4.279107093811035, 4.386720180511475, 4.715043067932129, 4.84767484664917, 4.952664136886597, 5.066282033920288, 5.1890740394592285, 5.3047308921813965, 5.417466163635254, 5.521568059921265, 5.758794069290161, 5.8504321575164795, 5.983647108078003, 6.084398031234741]","[40.05425406674734, 42.341842055957244, 44.096961827440815, 45.90237856137518, 47.75690092968876, 49.65894783568727, 51.606519146351665, 53.33046317735783, 55.076525627636826, 56.84193166390151, 58.62189300800269, 60.41499179353395, 62.218020569543015, 64.0276913323873, 64.99324571531444, 65.93873478586607, 66.40144848023576, 66.85233937575617, 67.2915697276744, 67.71930949719135, 68.13573549030211, 68.54103053994615, 68.9353827312221, 69.3189846691919, 69.69203278860051, 70.05472670466874, 70.407268603974, 70.74986267431612, 71.08271457236907, 71.40603092784345, 71.72001888282593, 72.0248856649195, 72.32083819277986, 72.60808271262698, 72.88682446430575, 73.15726737547415, 73.41961378250919, 73.67406417674111, 73.92081697465095, 74.16006831069754]","[0, 391.99199999999837, 391.99199999999837, 391.99199999999837, 391.99199999999837, 391.99199999999837, 587.9879999999976, 587.9879999999976, 587.9879999999976, 588.4879999999976, 588.4879999999976, 588.4879999999976, 588.4879999999976, 784.4879999999976, 784.4879999999976, 980.484000000004, 980.484000000004, 980.484000000004, 980.484000000004, 980.484000000004, 980.484000000004, 980.484000000004, 980.484000000004, 980.484000000004, 980.484000000004, 980.484000000004, 980.484000000004, 980.484000000004, 980.484000000004, 980.484000000004, 980.484000000004, 980.484000000004, 980.484000000004, 980.484000000004, 980.484000000004, 980.484000000004, 980.484000000004, 980.484000000004, 980.484000000004, 980.484000000004]"
13731,"[5.0, 10.0, 72.0, 104.0, 108.0, 114.0, 124.0, 124.5, 125.0]","[0.0, 5.0, 10.0, 72.0, 104.0, 108.0, 114.0, 124.0, 124.5]","[2.0, 3.0, 4.0, 3.5, 1.0, 3.0, 1.5, 1.0, 1.0]","[9, 4, 3, 3, 4, 3, 2, 1, 2]","[5, 4, 3, 4, 4, 4, 3, 1, 2]","[1.0, 0.5, 0.25, 0.25, 0.5, 0.25, 0.5, 2.0, 0.5]","[2.0, 0.5, 0.5, 1.0, 1.0, 0.5, 1.0, 2.0, 1.5]","[0, 0, 0, 0, 0, 0, 0, 0, 0]","[5.0, 5.0, 62.0, 32.0, 4.0, 6.0, 10.0, 0.5, 0.5]","[9, 4, 3, 3, 4, 3, 2, 1, 2]","[5, 4, 3, 4, 4, 4, 3, 1, 2]","[175.0, 250.0, 272.9777961056527, 232.12522605741117, 158.0, 202.0738495144293, 119.0, 81.0, 101.0]","[235.0, 250.0, 272.9777961056527, 273.0, 158.0, 250.0, 159.41582238929536, 81.0, 101.0]","[190.0, 250.0, 272.9777961056527, 242.34391954305838, 158.0, 214.05538713582197, 129.10395559732385, 81.0, 101.0]",2007-11-30 10:00,36.0,5,2.0,108.0,3.0,2.0,-999.0,125.0,1,120.94,110.89,0.89,0.3,0.27,0.0,4,151.9,7.5779999999999985,14,170.67415730337078,46.082022471910115,10.049999999999995,105.22099502487563,126.26222013025304,17.89565628154386,105.22099502487563,92.60706033376124,0.22,0.14,0.0,1.1616677638797457,0.47,0.42,-0.07173,1.5156381232071607,2.1738955151586232,6.0,6.0,0.1460656533319208,8732.630632499913,0.0069886889084389,-0.1,6.0,197.7469839309005,1,4,4.0,"[6.0, 10.0, 0.5, 0.5]","[214.05538713582197, 129.10395559732385, 81.0, 101.0]","[(214.05538713582197, 60.0), (129.10395559732385, 100.0), (81.0, 5.0), (101.0, 5.0)]",,2,3,4,156.84540463459825,17.0,"[6.0, 10.0, 0.5, 0.5, 0]","[214.05538713582197, 129.10395559732385, 81.0, 101.0, 0]",2666.3718787881703,[ 6.  10.   0.5  0.5  0. ],[214.05538714 129.1039556   81.         101.           0.        ],True,68.53643053749393,136.4920000000002,8,"[0.46741509437561035, 0.572749137878418, 0.6809642314910889, 0.8052961826324463, 0.9226081371307373, 1.0426642894744873, 1.1481022834777832, 1.5370900630950928]","[67.4822318184803, 70.70248761386354, 70.48035822712319, 69.10808094992632, 67.96640472419223, 68.19081975180161, 68.37887757497771, 68.53643053749393]","[0, 136.4920000000002, 204.4920000000002, 204.4920000000002, 136.4920000000002, 136.4920000000002, 136.4920000000002, 136.4920000000002]"
14210,"[25.0, 38.0, 41.0, 45.0, 55.0, 70.0, 81.0]","[0.0, 25.0, 38.0, 41.0, 45.0, 55.0, 70.0]","[4.0, 2.5, 3.0, 1.0, 1.0, 1.0, 1.0]","[7, 7, 7, 4, 3, 0, 0]","[4, 4, 4, 4, 2, 2, 1]","[1.0, 1.0, 0.75, 0.75, 0.5, 1.0, 1.0]","[1.0, 2.0, 1.5, 1.25, 1.0, 2.0, 2.5]","[0, 0, 1, 0, 0, 0, 0]","[25.0, 13.0, 3.0, 4.0, 10.0, 15.0, 11.0]","[8, 8, 7, 4, 3, 0, 0]","[4, 4, 4, 4, 2, 2, 1]","[312.0, 216.0, 292.25, 158.0, 155.51, 120.0, 120.0]","[296.0, 227.0, 250.0, 158.0, 101.0, 101.0, 81.0]","[308.0, 218.75, 281.6875, 158.0, 141.8825, 115.25, 110.25]",2007-12-04 11:00,38.0,3,3.0,45.0,2.0,3.0,-999.0,81.0,1,81.21,56.95,1.41,0.2,0.41,0.0,4,104.9,1.852,7,74.39716312056738,30.502836879432625,24.25999999999999,126.98763396537508,355.6351968603485,29.91066091168004,128.42334630350194,139.0347778981582,0.26,0.97,0.0,4.918320478377676,1.0,0.19,-0.1903,0.6278715225981853,0.5207855821123041,6.0,0.05,0.1323973618599181,45467.81677572872,0.7229979274978502,-1.6,3.01,100.9123351677189,1,3,4.0,"[10.0, 15.0, 11.0]","[141.8825, 115.25, 110.25]","[(141.8825, 100.0), (115.25, 150.0), (110.25, 110.0)]",,1,2,3,121.12013888888887,36.0,"[10.0, 15.0, 11.0, 0, 0]","[141.8825, 115.25, 110.25, 0, 0]",4360.325,[10. 15. 11.  0.  0.],[141.8825 115.25   110.25     0.       0.    ],True,65.04602689787019,216.74399999999878,7,"[1.0223932266235352, 1.1400890350341797, 1.2388989925384521, 1.3526279926300049, 1.4828691482543945, 1.6111421585083008, 1.9998750686645508]","[61.29192813747293, 73.12651972839717, 76.68225692126019, 67.53821005259637, 65.74573464792705, 65.20952546290331, 65.04602689787019]","[0, 1.0, 288.99199999999837, 216.74399999999878, 216.74399999999878, 216.74399999999878, 216.74399999999878]"
14310,"[30.0, 55.0, 58.0, 59.0, 95.0, 99.0, 100.0]","[0.0, 30.0, 55.0, 58.0, 59.0, 95.0, 99.0]","[3.0, 2.0, 1.0, 2.5, 1.0, 1.0, 1.0]","[3, 9, 4, 7, 2, 2, 1]","[3, 3, 4, 7, 0, 0, 1]","[0.5, 0.5, 1.0, 1.0, 0.2, 0.2, 3.0]","[0.75, 1.0, 1.5, 1.0, 1.0, 1.0, 4.0]","[0, 0, 0, 1, 0, 0, 0]","[30.0, 25.0, 3.0, 1.0, 36.0, 4.0, 1.0]","[3, 9, 4, 7, 2, 2, 1]","[3, 3, 4, 7, 0, 0, 1]","[202.0738495144293, 175.0, 158.0, 292.25, 101.0, 101.0, 81.0]","[202.0738495144293, 167.40359922257957, 158.0, 292.25, 120.0, 120.0, 81.0]","[202.0738495144293, 173.1008998056449, 158.0, 292.25, 105.75, 105.75, 81.0]",2007-12-05 11:00,33.0,1,1.0,55.0,1.0,3.0,1.0,100.0,1,103.15,69.11,1.77,0.07,0.76,0.0,5,113.6,2.9560000000000004,8,64.18079096045197,48.777401129943506,34.040000000000006,125.3342831962397,363.80991531121833,42.94622916462339,140.2044889129259,140.40901639344264,0.29,1.38,0.0,6.623916576381366,0.73,0.23,-0.2993,0.4474783530620439,0.4065059017920856,0.0712361766715336,0.1147357493821746,0.1042932981101674,30062.999192059087,0.2052843834752706,-1.5,3.33,0.0,1,1,25.0,"[3.0, 1.0, 36.0, 4.0, 1.0]","[158.0, 292.25, 105.75, 105.75, 81.0]","[(158.0, 30.0), (292.25, 10.0), (105.75, 360.0), (105.75, 40.0), (81.0, 10.0)]",,1,1,5,112.82777777777778,45.0,"[3.0, 1.0, 36.0, 4.0, 1.0]","[158.0, 292.25, 105.75, 105.75, 81.0]",5077.25,[ 3.  1. 36.  4.  1.],[158.   292.25 105.75 105.75  81.  ],True,84.72343913661258,300.16400000000067,10,"[0.26465320587158203, 0.41228532791137695, 0.5530471801757812, 0.9272823333740234, 1.043156385421753, 1.18687105178833, 1.2910373210906982, 1.3924343585968018, 1.4877293109893799, 1.6168482303619385]","[73.51107106070612, 89.74457095235421, 120.27081765159603, 87.76944740004953, 73.01732221148285, 72.35467808549771, 78.82828958722845, 86.58988067879267, 85.1912184776705, 84.72343913661258]","[0, 180.99599999999919, 270.7439999999988, 450.73999999999796, 330.57600000000093, 210.41200000000026, 120.16400000000067, 300.16400000000067, 300.16400000000067, 300.16400000000067]"
14970,"[5.0, 26.0, 38.0, 64.0, 81.0, 89.0, 90.0, 100.0, 113.0, 116.0, 132.0, 136.0, 140.0]","[0.0, 5.0, 26.0, 38.0, 64.0, 81.0, 89.0, 90.0, 100.0, 113.0, 116.0, 132.0, 136.0]","[3.0, 4.5, 2.0, 3.5, 4.0, 1.5, 3.0, 3.0, 2.5, 1.5, 2.0, 1.0, 1.5]","[4, 4, 5, 4, 4, 4, 3, 3, 2, 2, 3, 1, 3]","[5, 5, 9, 3, 3, 4, 4, 2, 3, 3, 3, 2, 2]","[2.0, 1.0, 2.0, 1.0, 0.5, 1.0, 0.5, 0.25, 1.0, 0.5, 0.25, 1.0, 0.5]","[2.0, 2.0, 3.0, 1.0, 1.0, 2.5, 1.0, 0.5, 1.0, 0.5, 0.25, 1.5, 0.5]","[0, 1, 0, 0, 0, 0, 0, 0, 0, 0, 0, 0, 0]","[5.0, 21.0, 12.0, 26.0, 17.0, 8.0, 1.0, 10.0, 13.0, 3.0, 16.0, 4.0, 4.0]","[4, 4, 5, 4, 4, 4, 3, 3, 2, 2, 3, 1, 3]","[5, 5, 9, 3, 3, 4, 4, 2, 3, 3, 3, 2, 2]","[250.0, 319.0, 235.0, 273.0, 296.0, 181.0, 202.0738495144293, 202.0738495144293, 155.0, 119.0, 167.40359922257957, 81.0, 159.41582238929536]","[260.0, 297.5, 175.0, 232.12522605741117, 272.9777961056527, 181.0, 250.0, 173.0, 181.06998247500167, 159.41582238929536, 167.40359922257957, 101.0, 119.0]","[252.5, 313.625, 220.0, 262.78130651435276, 290.2444490264132, 181.0, 214.05538713582197, 194.80538713582197, 161.51749561875042, 129.10395559732385, 167.40359922257957, 86.0, 149.3118667919715]",2007-12-14 14:00,35.0,4,1.0,89.0,2.0,1.0,-999.0,140.0,1,144.72,74.35,1.2,0.32,0.72,0.0,4,221.2,32.01,17,184.3333333333333,132.72,70.37,171.86487139405995,478.80297638613416,82.8064584817953,237.28801213960543,246.37513283740705,0.3,0.85,-1.0,3.944717127357272,0.85,0.92,-0.8012,0.2164581943758984,0.2774747300195589,0.9617489678482146,0.7723846707338715,0.3032625051893316,14837.03703703704,0.0249268635321731,-0.3,4.16,131.83132262060033,1,5,8.0,"[1.0, 10.0, 13.0, 3.0, 16.0, 4.0, 4.0]","[214.05538713582197, 194.80538713582197, 161.51749561875042, 129.10395559732385, 167.40359922257957, 86.0, 149.3118667919715]","[(214.05538713582197, 10.0), (194.80538713582197, 100.0), (161.51749561875042, 130.0), (129.10395559732385, 30.0), (167.40359922257957, 160.0), (86.0, 40.0), (149.3118667919715, 40.0)]",,2,2,7,162.13438476586134,51.0,"[1.0, 10.0, 13.0, 3.0, 24.0]","[214.05538713582197, 194.80538713582197, 161.51749561875042, 129.10395559732385, 134.23848867151705]",8268.853623058929,[ 1. 10. 13.  3. 24.],[214.05538714 194.80538714 161.51749562 129.1039556  134.23848867],True,90.26770474485437,714.7359999999971,7,"[0.3022737503051758, 0.41509199142456055, 0.5716078281402588, 0.716425895690918, 0.8378298282623291, 0.9926378726959229, 1.2395238876342773]","[75.01217011854861, 111.15987240401752, 100.65266761727342, 88.91271101754135, 89.66107984817575, 90.05819579494737, 90.26770474485437]","[0, 612.9879999999976, 816.9839999999967, 714.7359999999971, 714.7359999999971, 714.7359999999971, 714.7359999999971]"
14990,"[14.0, 15.0, 44.0, 55.0, 68.0, 76.0, 91.0]","[0.0, 14.0, 15.0, 44.0, 55.0, 68.0, 76.0]","[1.0, 3.0, 1.0, 2.5, 3.0, 2.0, 1.0]","[5, 4, 4, 4, 3, 3, 2]","[5, 4, 4, 3, 3, 3, 1]","[2.0, 1.5, 1.0, 0.7, 0.5, 0.75, 1.5]","[3.0, 2.0, 2.0, 1.0, 0.5, 1.0, 2.0]","[0, 1, 0, 0, 0, 0, 0]","[14.0, 1.0, 29.0, 11.0, 13.0, 8.0, 15.0]","[5, 4, 4, 4, 3, 3, 2]","[5, 4, 4, 3, 3, 3, 1]","[210.0, 250.0, 158.0, 227.0, 202.0738495144293, 167.40359922257957, 101.0]","[210.0, 250.0, 158.0, 181.06998247500167, 202.0738495144293, 167.40359922257957, 81.0]","[210.0, 250.0, 158.0, 215.51749561875042, 202.0738495144293, 167.40359922257957, 96.0]",2007-12-14 13:00,35.0,6,3.0,14.0,3.0,2.0,-999.0,91.0,0,100.8,2.91,2.29,0.0,1.38,0.0,5,279.9,138.4,44,122.22707423580783,168.67336244541482,97.89,217.9773316988457,340.150309187349,92.54758477697254,318.5555919258046,321.51292372881363,0.28,1.28,-1.5,2.6018769079480295,1.0,1.51,-1.409,0.1556048946596381,0.1990711196246072,1.2210232042655418,1.1330523491405555,0.262844727176494,18542.074356134843,0.0320054973166044,-0.1,0.58,439.4377420686678,1,0,14.0,"[1.0, 29.0, 11.0, 13.0, 8.0, 15.0]","[250.0, 158.0, 215.51749561875042, 202.0738495144293, 167.40359922257957, 96.0]","[(250.0, 10.0), (158.0, 290.0), (215.51749561875042, 110.0), (202.0738495144293, 130.0), (167.40359922257957, 80.0), (96.0, 150.0)]",,2,3,6,163.75170505551262,77.0,"[1.0, 29.0, 11.0, 13.0, 23.0]","[250.0, 158.0, 215.51749561875042, 202.0738495144293, 131.7017996112898]",12608.881289274472,[ 1. 29. 11. 13. 23.],[250.         158.         215.51749562 202.07384951 131.70179961],False,1.0,77000.0,0,[],[],[]
15952,"[17.0, 21.0, 71.0, 77.5, 78.0, 101.0, 103.0, 106.0, 110.0, 125.0, 128.0, 130.6, 131.0]","[0.0, 17.0, 21.0, 71.0, 77.5, 78.0, 101.0, 103.0, 106.0, 110.0, 125.0, 128.0, 130.6]","[1.5, 2.0, 3.5, 1.5, 4.0, 2.5, 1.5, 1.0, 3.0, 2.0, 1.5, 3.0, 1.0]","[5, 5, 3, 4, 4, 3, 4, 4, 3, 4, 4, 4, 6]","[5, 4, 4, 5, 7, 4, 4, 4, 4, 3, 3, 3, 6]","[2.0, 1.0, 0.5, 1.0, 0.5, 0.5, 2.0, 2.0, 0.5, 0.5, 0.5, 1.0, 2.0]","[3.0, 3.0, 1.0, 2.0, 1.0, 1.0, 2.0, 2.0, 1.0, 2.0, 2.0, 3.0, 4.0]","[0, 0, 0, 0, 1, 0, 0, 0, 0, 0, 0, 0, 0]","[17.0, 4.0, 50.0, 6.5, 0.5, 23.0, 2.0, 3.0, 4.0, 15.0, 3.0, 2.5999999999999943, 0.4000000000000057]","[5, 5, 3, 4, 4, 3, 4, 4, 3, 4, 4, 4, 6]","[5, 4, 4, 5, 7, 4, 4, 4, 4, 3, 3, 3, 6]","[222.5, 235.0, 232.12522605741117, 181.0, 296.0, 181.06998247500167, 181.0, 158.0, 202.0738495144293, 204.0, 181.0, 250.0, 140.0]","[222.5, 204.0, 273.0, 222.5, 292.25, 227.0, 181.0, 158.0, 250.0, 167.40359922257957, 159.41582238929536, 202.0738495144293, 140.0]","[222.5, 227.25, 242.34391954305838, 191.375, 295.0625, 192.55248685625125, 181.0, 158.0, 214.05538713582197, 194.8508998056449, 175.60395559732385, 238.01846237860732, 140.0]",2007-12-24 09:00,35.0,5,3.0,77.5,3.0,1.0,0.0,131.0,1,131.58,70.06,1.15,0.29,0.55,0.0,4,256.6,129.5,27,223.13043478260877,122.7217391304348,61.52000000000001,205.14830949284783,362.3458972988002,77.97647903084328,268.2888605007665,278.42242295430395,0.22,0.1399999999999999,-0.5,1.1772184622982949,0.6,1.26,-0.8538,0.2475969300752921,0.3085775977810618,1.2565617006751857,1.0732655417103991,0.4601303259087734,20509.499591317763,0.086501828550388,-0.0,5.19,197.7469839309005,1,3,6.5,"[0.5, 23.0, 2.0, 3.0, 4.0, 15.0, 3.0, 2.5999999999999943, 0.4000000000000057]","[295.0625, 192.55248685625125, 181.0, 158.0, 214.05538713582197, 194.8508998056449, 175.60395559732385, 238.01846237860732, 140.0]","[(295.0625, 5.0), (192.55248685625125, 230.0), (181.0, 20.0), (158.0, 30.0), (214.05538713582197, 40.0), (194.8508998056449, 150.0), (175.60395559732385, 30.0), (238.01846237860732, 25.999999999999943), (140.0, 4.000000000000057)]",,2,3,9,194.2595020990297,53.5,"[0.5, 23.0, 2.0, 3.0, 25.0]","[295.0625, 192.55248685625125, 181.0, 158.0, 192.5057409834796]",10392.88336229809,[ 0.5 23.   2.   3.  25. ],[295.0625     192.55248686 181.         158.         192.50574098],True,62.39974013841405,1356.1413333333294,22,"[0.3628959655761719, 0.6922509670257568, 0.8211519718170166, 0.9453628063201904, 1.0564920902252197, 1.1743459701538086, 1.279775857925415, 1.3922638893127441, 1.725132942199707, 1.8487780094146729, 1.9768919944763184, 2.0697219371795654, 2.1735432147979736, 2.300014019012451, 2.4084420204162598, 2.7060201168060303, 2.8067917823791504, 2.9080018997192383, 3.006999969482422, 3.1173410415649414, 3.244020938873291, 3.3681540489196777]","[55.32276057797667, 57.97383732803722, 58.619640344637304, 59.257308496348635, 59.495147728957136, 59.72897598749718, 59.958830861144726, 60.18475091296129, 60.40677560920349, 60.624945250646476, 60.83930090593825, 61.049884346996194, 61.25673798645137, 61.45990481714116, 61.659428353646, 61.85535257586139, 62.047721874592526, 62.23658099915478, 62.421975006960096, 62.603949215066, 62.782549153661236, 62.39974013841405]","[0, 1070.9799999999996, 1070.9799999999996, 1284.975999999995, 1284.975999999995, 1284.975999999995, 1284.975999999995, 1284.975999999995, 1284.975999999995, 1284.975999999995, 1284.975999999995, 1284.975999999995, 1284.975999999995, 1284.975999999995, 1284.975999999995, 1284.975999999995, 1284.975999999995, 1284.975999999995, 1284.975999999995, 1284.975999999995, 1498.9719999999943, 1356.1413333333294]"
16090,"[2.0, 20.0, 41.0, 44.5, 46.0, 51.0, 52.0, 77.0, 91.7, 92.0]","[0.0, 2.0, 20.0, 41.0, 44.5, 46.0, 51.0, 52.0, 77.0, 91.7]","[1.0, 3.0, 2.5, 2.0, 4.0, 1.5, 3.0, 2.0, 1.0, 3.0]","[4, 4, 4, 4, 3, 4, 4, 4, 4, 6]","[9, 3, 4, 4, 4, 4, 4, 4, 3, 7]","[1.0, 0.5, 1.0, 1.0, 0.5, 1.0, 0.5, 0.5, 0.25, 1.0]","[2.0, 1.75, 2.0, 2.0, 1.0, 1.75, 1.0, 1.0, 0.75, 4.0]","[0, 0, 0, 0, 0, 0, 0, 0, 0, 1]","[2.0, 18.0, 21.0, 3.5, 1.5, 5.0, 1.0, 25.0, 14.700000000000003, 0.29999999999999716]","[4, 4, 4, 4, 3, 4, 4, 4, 4, 6]","[9, 3, 4, 4, 4, 4, 4, 4, 3, 7]","[158.0, 250.0, 227.0, 204.0, 272.9777961056527, 181.0, 250.0, 204.0, 158.0, 140.0]","[133.0, 202.0738495144293, 227.0, 204.0, 296.0, 181.0, 250.0, 204.0, 155.51, 292.25]","[151.75, 238.01846237860732, 227.0, 204.0, 278.73334707923954, 181.0, 250.0, 204.0, 157.3775, 178.0625]",2007-12-27 12:00,32.0,6,3.0,51.0,3.0,1.0,0.0,92.0,1,96.76,51.36,1.54,0.13,0.79,0.0,5,228.9,95.44,30,148.63636363636363,117.42272727272729,45.40000000000001,196.6542511013216,242.78151744537664,69.51212824967605,251.15032712632112,266.4659526493799,0.21,0.8,-1.0,2.535664104471444,0.79,0.99,-0.6424,0.3355102012826425,0.3897184564903095,0.9360649941777875,0.7761042675596059,0.3128803254878771,15623.299753244672,0.034760885329936,-0.0,5.14,439.4377420686678,1,5,5.0,"[1.0, 25.0, 14.700000000000003, 0.29999999999999716]","[250.0, 204.0, 157.3775, 178.0625]","[(250.0, 10.0), (204.0, 250.0), (157.3775, 147.00000000000003), (178.0625, 2.9999999999999716)]",,2,3,4,188.21629268292685,41.0,"[1.0, 25.0, 14.700000000000003, 0.29999999999999716, 0]","[250.0, 204.0, 157.3775, 178.0625, 0]",7716.868,[ 1.  25.  14.7  0.3  0. ],[250.     204.     157.3775 178.0625   0.    ],True,100.21394318712862,533.3659999999982,11,"[0.4536099433898926, 0.577678918838501, 0.6885299682617188, 0.8061060905456543, 0.9323670864105225, 1.1029400825500488, 1.3849968910217285, 1.512204885482788, 1.6512150764465332, 1.7682018280029297, 1.8807787895202637]","[81.75032737735411, 120.45930762945238, 125.9538069280179, 105.7996112814543, 97.90488500661773, 94.40633659550417, 92.76925575866137, 96.87412993170376, 98.85681441838588, 99.78534059856386, 100.21394318712862]","[0, 328.49199999999837, 656.4879999999976, 656.4879999999976, 656.4879999999976, 656.4879999999976, 533.3659999999982, 533.3659999999982, 533.3659999999982, 533.3659999999982, 533.3659999999982]"
16170,"[17.0, 23.0, 30.0, 48.9, 49.0]","[0.0, 17.0, 23.0, 30.0, 48.9]","[1.0, 1.0, 1.0, 4.0, 1.0]","[5, 4, 4, 3, 6]","[5, 5, 4, 4, 6]","[1.5, 1.0, 0.5, 0.25, 1.0]","[4.0, 2.0, 1.25, 0.5, 1.0]","[0, 0, 0, 0, 0]","[17.0, 6.0, 7.0, 18.9, 0.10000000000000142]","[5, 4, 4, 3, 6]","[5, 5, 4, 4, 6]","[210.0, 158.0, 158.0, 272.9777961056527, 140.0]","[210.0, 210.0, 158.0, 296.0, 140.0]","[210.0, 171.0, 158.0, 278.73334707923954, 140.0]",2007-12-28 09:00,37.0,4,1.0,23.0,2.0,1.0,-999.0,49.0,1,60.83,31.42,1.79,0.0,0.81,0.0,5,186.9,41.59,31,104.41340782122906,84.57486033519555,29.41,158.01870112206734,132.29607894390006,50.643709587070646,189.7092186621697,202.383001049318,0.22,0.7,0.0,1.9866336803765927,0.0,0.65,-0.2975,0.5179246221772179,0.6110584738107666,0.2848488744066887,0.1197183395337425,0.1700423697715563,12633.542739375624,0.0228735539918262,-0.0,6.0,131.83132262060033,1,1,6.0,"[7.0, 18.9, 0.10000000000000142]","[158.0, 278.73334707923954, 140.0]","[(158.0, 70.0), (278.73334707923954, 189.0), (140.0, 1.0000000000000142)]",,2,2,3,245.6946253768318,26.0,"[7.0, 18.9, 0.10000000000000142, 0, 0]","[158.0, 278.73334707923954, 140.0, 0, 0]",6388.060259797627,[ 7.  18.9  0.1  0.   0. ],[158.         278.73334708 140.           0.           0.        ],True,134.8205856854697,619.3032365210584,9,"[0.4106297492980957, 0.5654709339141846, 0.7143468856811523, 0.8637709617614746, 0.9349238872528076, 1.0364799499511719, 1.1456108093261719, 1.481597900390625, 1.5773959159851074]","[127.60880623821232, 170.91766265814434, 143.13019916928505, 118.92471582349367, 119.83011183426437, 131.51645813468883, 136.61023356543583, 135.33612226808975, 134.8205856854697]","[0, 624.9760000000024, 832.9680000000026, 674.2598095238136, 515.5516190476228, 515.5516190476228, 619.3032365210584, 619.3032365210584, 619.3032365210584]"
17410,"[6.0, 30.0, 54.0, 73.0, 85.0, 90.0, 107.0, 120.0, 137.3, 137.8, 138.0, 140.5, 141.0, 147.0, 160.0, 164.0]","[0.0, 6.0, 30.0, 54.0, 73.0, 85.0, 90.0, 107.0, 120.0, 137.3, 137.8, 138.0, 140.5, 141.0, 147.0, 160.0]","[2.0, 4.0, 3.5, 3.0, 1.5, 3.0, 2.0, 1.5, 1.0, 1.0, 2.0, 1.0, 2.5, 1.5, 1.0, 2.0]","[7, 9, 9, 9, 4, 3, 4, 4, 4, 4, 7, 3, 7, 3, 2, 3]","[5, 9, 3, 9, 9, 4, 9, 4, 4, 4, 4, 2, 7, 2, 3, 0]","[1.5, 0.5, 0.75, 0.75, 0.75, 0.5, 0.75, 0.75, 0.75, 0.75, 0.5, 0.5, 0.5, 0.25, 0.5, 0.5]","[3.0, 1.0, 0.75, 1.0, 1.5, 0.75, 1.0, 1.0, 1.0, 1.5, 1.0, 1.0, 0.5, 0.75, 1.0, 1.0]","[0, 0, 0, 0, 0, 0, 0, 0, 0, 0, 1, 0, 1, 0, 0, 0]","[6.0, 24.0, 24.0, 19.0, 12.0, 5.0, 17.0, 13.0, 17.30000000000001, 0.5, 0.19999999999998863, 2.5, 0.5, 6.0, 13.0, 4.0]","[8, 9, 9, 9, 4, 3, 4, 4, 4, 4, 7, 3, 7, 3, 2, 3]","[5, 9, 3, 9, 9, 4, 9, 4, 4, 4, 4, 2, 7, 2, 3, 0]","[184.0, 259.0, 238.0, 217.0, 181.0, 202.0738495144293, 204.0, 181.0, 158.0, 158.0, 292.25, 155.51, 292.25, 159.41582238929536, 101.0, 167.40359922257957]","[235.0, 259.0, 232.12522605741117, 217.0, 154.0, 250.0, 175.0, 181.0, 158.0, 158.0, 204.0, 101.0, 292.25, 119.0, 155.51, 157.0]","[196.75, 259.0, 236.5313065143528, 217.0, 174.25, 214.05538713582197, 196.75, 181.0, 158.0, 158.0, 270.1875, 141.8825, 292.25, 149.3118667919715, 114.6275, 164.80269941693467]",2008-01-08 14:00,33.0,2,1.0,137.8,1.0,3.0,1.0,164.0,1,154.73,132.97,2.92,0.0,1.69,0.0,6,169.1,25.94,9,57.91095890410959,97.8695205479452,21.75999999999999,144.12945772058828,332.2571687349673,37.265844531583255,145.4225612806403,152.6184389140271,0.24,2.26,0.3999999999999999,3.9062057595469777,0.99,0.91,-0.2183,0.7000074971613957,0.8187168892776328,6.0,6.0,0.112732320609043,6582.8026421563045,0.0033262949480174,-0.4,6.0,80.0,1,9,0.5,"[0.19999999999998863, 2.5, 0.5, 6.0, 13.0, 4.0]","[270.1875, 141.8825, 292.25, 149.3118667919715, 114.6275, 164.80269941693467]","[(270.1875, 1.9999999999998863), (141.8825, 25.0), (292.25, 5.0), (149.3118667919715, 60.0), (114.6275, 130.0), (164.80269941693467, 40.0)]",,1,1,6,137.40871177173918,26.19999999999999,"[0.19999999999998863, 2.5, 0.5, 6.0, 17.0]","[270.1875, 141.8825, 292.25, 149.3118667919715, 139.71509970846733]",3600.108248419565,[ 0.2  2.5  0.5  6.  17. ],[270.1875     141.8825     292.25       149.31186679 139.71509971],True,83.48182303048264,192.70933333333232,6,"[0.3119349479675293, 0.410952091217041, 0.5008270740509033, 0.6488049030303955, 0.9171900749206543, 1.0069749355316162]","[76.11532904093968, 91.11568640358938, 85.97700836716619, 82.28052392641798, 83.2192166564446, 83.48182303048264]","[0, 210.59200000000055, 262.7399999999998, 192.70933333333232, 192.70933333333232, 192.70933333333232]"
18171,"[14.0, 20.0, 28.3, 29.0, 44.0, 45.0, 51.0, 54.0, 59.0, 64.0, 70.0, 83.6, 84.0]","[0.0, 14.0, 20.0, 28.3, 29.0, 44.0, 45.0, 51.0, 54.0, 59.0, 64.0, 70.0, 83.6]","[1.0, 1.5, 1.0, 2.0, 1.0, 1.0, 1.0, 2.0, 1.0, 1.5, 1.0, 1.0, 1.5]","[4, 9, 4, 7, 4, 4, 4, 3, 3, 3, 3, 3, 3]","[9, 5, 5, 4, 9, 4, 4, 3, 2, 2, 2, 2, 3]","[2.5, 2.0, 2.0, 1.0, 1.25, 1.0, 1.0, 0.5, 0.5, 0.5, 0.5, 0.5, 0.5]","[4.0, 4.0, 4.0, 2.0, 2.0, 2.5, 2.0, 0.5, 1.0, 0.75, 0.75, 1.0, 0.5]","[0, 0, 0, 1, 0, 0, 0, 0, 0, 0, 0, 0, 0]","[14.0, 6.0, 8.3, 0.6999999999999993, 15.0, 1.0, 6.0, 3.0, 5.0, 5.0, 6.0, 13.599999999999994, 0.4000000000000057]","[4, 9, 4, 7, 4, 4, 4, 3, 3, 3, 3, 3, 3]","[9, 5, 5, 4, 9, 4, 4, 3, 2, 2, 2, 2, 3]","[158.0, 154.0, 158.0, 292.25, 158.0, 158.0, 158.0, 167.40359922257957, 155.51, 159.41582238929536, 155.51, 155.51, 159.41582238929536]","[133.0, 222.5, 210.0, 204.0, 133.0, 158.0, 158.0, 167.40359922257957, 101.0, 119.0, 101.0, 101.0, 159.41582238929536]","[151.75, 171.125, 171.0, 270.1875, 151.75, 158.0, 158.0, 167.40359922257957, 141.8825, 149.3118667919715, 141.8825, 141.8825, 159.41582238929536]",2008-01-14 09:00,32.0,3,1.0,51.0,1.0,3.0,1.0,84.0,1,91.63,73.92,2.18,0.0,0.98,0.0,5,133.7,7.223,14,61.33027522935779,60.10366972477063,17.709999999999994,135.25352907961604,186.10632874532644,30.831549077387656,135.25352907961604,155.62321608040202,0.24,0.91,0.0,1.8564773644132184,0.77,0.32,-0.1784,0.8600882630283441,0.8507481656018603,6.0,6.0,0.0993204628652375,11770.486741635432,0.0151362764684637,-0.3,5.6,100.9123351677189,1,6,6.0,"[3.0, 5.0, 5.0, 6.0, 13.599999999999994, 0.4000000000000057]","[167.40359922257957, 141.8825, 149.3118667919715, 141.8825, 141.8825, 159.41582238929536]","[(167.40359922257957, 30.0), (141.8825, 50.0), (149.3118667919715, 50.0), (141.8825, 60.0), (141.8825, 135.99999999999994), (159.41582238929536, 4.000000000000057)]",,1,2,6,145.5407866843429,33.0,"[3.0, 5.0, 5.0, 6.0, 14.0]","[167.40359922257957, 141.8825, 149.3118667919715, 141.8825, 150.64916119464766]",4802.845960583315,[ 3.  5.  5.  6. 14.],[167.40359922 141.8825     149.31186679 141.8825     150.64916119],True,79.49478100354277,242.5759999999973,6,"[0.2637922763824463, 0.3689911365509033, 0.5043971538543701, 0.8153951168060303, 0.9330103397369385, 1.0433709621429443]","[71.79139320173171, 87.21885232475483, 105.25259857086782, 87.90301716603503, 79.94877223929126, 79.49478100354277]","[0, 132.99599999999919, 198.74399999999878, 330.73999999999796, 242.5759999999973, 242.5759999999973]"
19210,"[18.0, 55.0, 80.0, 95.5, 96.0, 100.0, 129.0, 135.0, 139.0, 149.0, 149.5, 151.0, 158.0, 162.0, 163.0, 175.0, 187.2, 188.0, 193.0, 197.0]","[0.0, 18.0, 55.0, 80.0, 95.5, 96.0, 100.0, 129.0, 135.0, 139.0, 149.0, 149.5, 151.0, 158.0, 162.0, 163.0, 175.0, 187.2, 188.0, 193.0]","[2.0, 3.5, 3.0, 2.0, 1.5, 3.5, 3.0, 1.5, 2.0, 1.0, 1.0, 1.5, 2.5, 1.0, 1.5, 3.5, 1.0, 1.0, 3.0, 1.0]","[9, 3, 9, 9, 9, 9, 4, 4, 4, 4, 4, 4, 3, 3, 3, 3, 3, 6, 3, 2]","[9, 9, 9, 9, 9, 9, 9, 9, 3, 4, 4, 3, 3, 2, 0, 2, 2, 6, 2, 0]","[1.0, 0.5, 0.75, 0.75, 0.5, 0.5, 0.75, 0.75, 0.5, 0.75, 1.0, 0.5, 0.5, 0.5, 0.5, 0.5, 0.5, 2.0, 0.5, 0.5]","[1.5, 1.0, 1.0, 1.0, 1.5, 1.0, 1.0, 1.25, 1.0, 1.25, 1.5, 0.75, 0.5, 1.0, 2.0, 0.75, 1.0, 5.0, 0.75, 1.5]","[0, 0, 0, 0, 0, 0, 0, 0, 0, 0, 0, 0, 0, 0, 0, 0, 0, 0, 0, 0]","[18.0, 37.0, 25.0, 15.5, 0.5, 4.0, 29.0, 6.0, 4.0, 10.0, 0.5, 1.5, 7.0, 4.0, 1.0, 12.0, 12.199999999999989, 0.8000000000000114, 5.0, 4.0]","[9, 3, 9, 9, 9, 9, 4, 4, 4, 4, 4, 4, 3, 3, 3, 3, 3, 6, 3, 2]","[9, 9, 9, 9, 9, 9, 9, 9, 3, 4, 4, 3, 3, 2, 0, 2, 2, 6, 2, 0]","[175.0, 232.12522605741117, 217.0, 175.0, 154.0, 238.0, 250.0, 181.0, 204.0, 158.0, 158.0, 181.0, 181.06998247500167, 155.51, 159.41582238929536, 232.12522605741117, 155.51, 140.0, 202.0738495144293, 101.0]","[175.0, 238.0, 217.0, 175.0, 154.0, 238.0, 217.0, 154.0, 167.40359922257957, 158.0, 158.0, 159.41582238929536, 181.06998247500167, 101.0, 138.5, 191.0, 101.0, 140.0, 173.0, 120.0]","[175.0, 233.59391954305838, 217.0, 175.0, 154.0, 238.0, 241.75, 174.25, 194.8508998056449, 158.0, 158.0, 175.60395559732385, 181.06998247500167, 141.8825, 154.1868667919715, 221.84391954305838, 141.8825, 140.0, 194.80538713582197, 105.75]",2008-01-17 10:00,32.0,5,1.0,163.0,2.0,3.0,-999.0,197.0,0,183.09,160.5,0.75,0.38,0.28,0.0,4,169.5,7.242000000000001,9,226.0,63.28000000000001,22.590000000000003,147.25506861443114,419.5731206970352,51.0610751755556,151.6501251877817,172.33394495412847,0.22,0.45,0.0,3.0235988200589974,0.6,0.52,-0.2399,0.6742878768584318,0.7743175508753203,0.05,6.0,0.3459915982739179,17386.07374768089,0.0495035308996356,-0.4,5.09,197.7469839309005,1,14,1.0,"[12.0, 12.199999999999989, 0.8000000000000114, 5.0, 4.0]","[221.84391954305838, 141.8825, 140.0, 194.80538713582197, 105.75]","[(221.84391954305838, 120.0), (141.8825, 121.99999999999989), (140.0, 8.000000000000114), (194.80538713582197, 50.0), (105.75, 40.0)]",,2,3,5,173.5917785351709,34.0,"[12.0, 12.199999999999989, 0.8000000000000114, 5.0, 4.0]","[221.84391954305838, 141.8825, 140.0, 194.80538713582197, 105.75]",5902.12047019581,[12.  12.2  0.8  5.   4. ],[221.84391954 141.8825     140.         194.80538714 105.75      ],True,105.56122682878149,374.61399999999776,6,"[0.32276010513305664, 0.45673704147338867, 0.7295620441436768, 0.8442270755767822, 0.9813292026519775, 1.100342035293579]","[96.75924782366492, 125.41204964107183, 109.16325538860809, 103.71575602516656, 105.05972372604285, 105.56122682878149]","[0, 408.98799999999756, 476.73599999999715, 374.61399999999776, 374.61399999999776, 374.61399999999776]"
19450,"[12.0, 20.0, 35.0, 43.0, 52.0, 53.0, 55.0, 59.0, 65.0, 69.5, 70.0]","[0.0, 12.0, 20.0, 35.0, 43.0, 52.0, 53.0, 55.0, 59.0, 65.0, 69.5]","[1.5, 3.0, 2.5, 1.5, 1.0, 1.5, 3.0, 1.0, 2.5, 1.5, 1.5]","[5, 5, 5, 5, 4, 4, 3, 4, 3, 2, 1]","[5, 9, 7, 5, 5, 4, 4, 4, 4, 1, 6]","[1.0, 2.0, 2.0, 2.0, 1.0, 1.0, 0.5, 1.0, 0.5, 1.0, 1.0]","[3.0, 3.0, 4.0, 4.0, 3.0, 2.0, 1.0, 1.5, 0.5, 2.0, 3.0]","[0, 0, 1, 0, 0, 0, 0, 0, 0, 0, 0]","[12.0, 8.0, 15.0, 8.0, 9.0, 1.0, 2.0, 4.0, 6.0, 4.5, 0.5]","[5, 5, 5, 5, 4, 4, 3, 4, 3, 2, 1]","[5, 9, 7, 5, 5, 4, 4, 4, 4, 1, 6]","[222.5, 260.0, 247.5, 222.5, 158.0, 181.0, 202.0738495144293, 158.0, 181.06998247500167, 119.0, 99.0]","[222.5, 217.0, 292.25, 222.5, 210.0, 181.0, 250.0, 158.0, 227.0, 99.0, 140.0]","[222.5, 249.25, 258.6875, 222.5, 171.0, 181.0, 214.05538713582197, 158.0, 192.55248685625125, 114.0, 109.25]",2008-01-20 12:00,27.0,2,3.0,53.0,1.0,2.0,-999.0,70.0,1,77.29,64.77,3.69,0.0,2.34,0.0,6,178.7,33.41,14,48.428184281842825,113.3219512195122,12.52000000000001,155.89113418530349,167.30390673521748,40.833092629967105,155.89113418530349,154.8908995815899,0.2,2.8,0.3999999999999999,4.29919581496828,1.0,0.82,-0.1548,1.216626448740572,1.3912210479464442,6.0,6.0,0.0942241024025613,3683.6273038702175,0.0005624682995603,-0.3,6.0,80.0,1,5,1.0,"[2.0, 4.0, 6.0, 4.5, 0.5]","[214.05538713582197, 158.0, 192.55248685625125, 114.0, 109.25]","[(214.05538713582197, 20.0), (158.0, 40.0), (192.55248685625125, 60.0), (114.0, 45.0), (109.25, 5.0)]",,1,1,5,163.70886443583245,17.0,"[2.0, 4.0, 6.0, 4.5, 0.5]","[214.05538713582197, 158.0, 192.55248685625125, 114.0, 109.25]",2783.0506954091516,[2.  4.  6.  4.5 0.5],[214.05538714 158.         192.55248686 114.         109.25      ],True,77.79736439512868,67.996000000001,2,"[0.3989691734313965, 0.5735080242156982]","[63.04229953608177, 77.79736439512868]","[0, 67.996000000001]"
19670,"[28.0, 40.0, 58.0, 64.0, 68.5, 69.0, 88.0, 105.0, 111.0, 111.5, 112.5, 114.0, 120.0, 124.5, 125.0, 130.0, 137.0, 141.0]","[0.0, 28.0, 40.0, 58.0, 64.0, 68.5, 69.0, 88.0, 105.0, 111.0, 111.5, 112.5, 114.0, 120.0, 124.5, 125.0, 130.0, 137.0]","[4.0, 3.5, 3.0, 2.0, 1.5, 1.0, 2.5, 1.5, 1.0, 1.0, 2.5, 1.0, 1.5, 1.0, 2.5, 1.0, 2.0, 1.0]","[9, 9, 9, 4, 4, 9, 4, 4, 4, 5, 4, 4, 3, 3, 7, 3, 3, 1]","[9, 9, 9, 9, 9, 5, 9, 4, 4, 4, 3, 3, 2, 2, 3, 2, 3, 2]","[0.5, 0.75, 0.75, 1.0, 1.0, 1.5, 0.75, 1.0, 1.0, 1.5, 0.5, 0.5, 0.5, 0.5, 0.5, 0.5, 0.25, 1.0]","[1.0, 1.0, 1.5, 1.5, 1.5, 2.5, 1.0, 1.5, 2.0, 3.0, 0.75, 1.0, 0.75, 1.0, 0.75, 1.0, 0.5, 2.0]","[0, 0, 0, 0, 0, 0, 0, 0, 0, 0, 0, 0, 0, 0, 1, 0, 0, 0]","[28.0, 12.0, 18.0, 6.0, 4.5, 0.5, 19.0, 17.0, 6.0, 0.5, 1.0, 1.5, 6.0, 4.5, 0.5, 5.0, 7.0, 4.0]","[9, 9, 9, 4, 4, 9, 4, 4, 4, 5, 4, 4, 3, 3, 7, 3, 3, 1]","[9, 9, 9, 9, 9, 5, 9, 4, 4, 4, 3, 3, 2, 2, 3, 2, 3, 2]","[259.0, 238.0, 217.0, 204.0, 181.0, 133.0, 227.0, 181.0, 158.0, 210.0, 227.0, 158.0, 159.41582238929536, 155.51, 292.25, 155.51, 167.40359922257957, 81.0]","[259.0, 238.0, 217.0, 175.0, 154.0, 210.0, 196.0, 181.0, 158.0, 158.0, 181.06998247500167, 155.51, 119.0, 101.0, 181.06998247500167, 101.0, 167.40359922257957, 101.0]","[259.0, 238.0, 217.0, 196.75, 174.25, 152.25, 219.25, 181.0, 158.0, 197.0, 215.51749561875042, 157.3775, 149.3118667919715, 141.8825, 264.45499561875044, 141.8825, 167.40359922257957, 86.0]",2008-01-23 11:00,22.0,2,1.0,111.5,1.0,3.0,1.0,141.0,1,141.48,97.68,2.18,0.0,1.19,0.0,5,189.7,27.81,24,87.0183486238532,103.55183486238528,43.79999999999998,168.35522831050233,283.2811890250843,55.56536097414436,208.69773071104385,221.88821096173731,0.25,1.16,0.0,2.549608773398659,0.78,0.67,-0.6312,0.3477662816947941,0.3911770439196461,0.5744001983179546,0.4624001010863145,0.1591846908354569,17542.80012333761,0.0400681450424292,-0.2,3.77,80.0,1,9,0.5,"[1.0, 1.5, 6.0, 4.5, 0.5, 5.0, 7.0, 4.0]","[215.51749561875042, 157.3775, 149.3118667919715, 141.8825, 264.45499561875044, 141.8825, 167.40359922257957, 86.0]","[(215.51749561875042, 10.0), (157.3775, 15.0), (149.3118667919715, 60.0), (141.8825, 45.0), (264.45499561875044, 5.0), (141.8825, 50.0), (167.40359922257957, 70.0), (86.0, 40.0)]",,1,1,8,147.23360639789868,29.5,"[1.0, 1.5, 6.0, 4.5, 16.5]","[215.51749561875042, 157.3775, 149.3118667919715, 141.8825, 164.9352737103325]",4343.391388738011,[ 1.   1.5  6.   4.5 16.5],[215.51749562 157.3775     149.31186679 141.8825     164.93527371],True,84.74309775552537,118.49599999999919,8,"[1.0097298622131348, 1.1320109367370605, 1.2121450901031494, 1.3309719562530518, 1.4512028694152832, 1.7935631275177002, 1.9192349910736084, 2.006732940673828]","[72.25751722843268, 86.20393468858857, 90.67662235829391, 81.11620619646754, 80.54399597816693, 83.55634576950895, 84.47186493557847, 84.74309775552537]","[0, 1.0, 236.99199999999837, 177.74399999999878, 118.49599999999919, 118.49599999999919, 118.49599999999919, 118.49599999999919]"
19810,"[5.0, 7.0, 10.0, 11.0, 35.0, 38.0, 43.5, 44.0]","[0.0, 5.0, 7.0, 10.0, 11.0, 35.0, 38.0, 43.5]","[4.0, 1.0, 1.0, 1.0, 3.0, 1.0, 1.0, 3.0]","[5, 5, 4, 4, 9, 3, 3, 3]","[7, 5, 9, 4, 9, 4, 4, 7]","[2.0, 3.0, 1.5, 1.0, 0.75, 0.5, 0.75, 0.25]","[4.0, 5.0, 3.0, 3.0, 1.25, 0.75, 1.0, 0.5]","[0, 0, 0, 0, 0, 0, 0, 1]","[5.0, 2.0, 3.0, 1.0, 24.0, 3.0, 5.5, 0.5]","[5, 5, 4, 4, 9, 3, 3, 3]","[8, 5, 9, 4, 9, 4, 4, 7]","[285.0, 210.0, 158.0, 158.0, 217.0, 155.51, 155.51, 202.0738495144293]","[312.0, 210.0, 133.0, 158.0, 217.0, 158.0, 158.0, 292.25]","[291.75, 210.0, 151.75, 158.0, 217.0, 156.1325, 156.1325, 224.61788713582197]",2008-01-24 09:00,33.0,3,1.0,5.0,1.0,3.0,1.0,44.0,1,55.46,13.99,1.81,0.0,0.75,0.0,5,247.3,107.3,74,136.62983425414365,102.47237569060776,41.47,183.2120569086087,127.38837641890107,71.06362311174506,222.1683962264151,240.32159672466736,0.22,-0.1399999999999999,0.0,0.8891702178398498,0.79,1.16,-0.544,0.367305597738895,0.4931165048834164,1.0021045632064596,0.5553671775062421,0.2304391122945941,18053.291801202915,0.0382623090123611,-0.0,2.91,100.9123351677189,1,0,5.0,"[2.0, 3.0, 1.0, 24.0, 3.0, 5.5, 0.5]","[210.0, 151.75, 158.0, 217.0, 156.1325, 156.1325, 224.61788713582197]","[(210.0, 20.0), (151.75, 30.0), (158.0, 10.0), (217.0, 240.0), (156.1325, 30.0), (156.1325, 55.0), (224.61788713582197, 5.0)]",,1,2,7,196.9406459889208,39.0,"[2.0, 3.0, 1.0, 24.0, 9.0]","[210.0, 151.75, 158.0, 217.0, 178.96096237860732]",7680.685193567912,[ 2.  3.  1. 24.  9.],[210.         151.75       158.         217.         178.96096238],True,98.09779449515734,655.5872000000018,6,"[0.28726816177368164, 0.41438794136047363, 0.5305290222167969, 0.6209070682525635, 0.8580002784729004, 0.9992372989654541]","[86.90116425832088, 128.06002129015147, 134.27214308037375, 108.57282851227502, 98.49140377355293, 98.09779449515734]","[0, 311.99199999999837, 780.4840000000004, 780.4840000000004, 655.5872000000018, 655.5872000000018]"
19850,"[8.0, 12.0, 13.0, 20.0, 25.0, 39.5, 40.0, 48.0, 56.0]","[0.0, 8.0, 12.0, 13.0, 20.0, 25.0, 39.5, 40.0, 48.0]","[1.0, 1.0, 1.5, 1.0, 1.0, 1.5, 1.0, 3.0, 1.0]","[5, 5, 5, 5, 4, 9, 4, 3, 3]","[5, 5, 7, 5, 9, 3, 4, 4, 4]","[3.0, 3.0, 1.0, 3.0, 1.0, 0.5, 1.0, 0.25, 0.25]","[6.0, 6.0, 3.0, 5.0, 2.0, 1.5, 2.0, 0.75, 0.75]","[0, 0, 1, 0, 0, 0, 0, 0, 0]","[8.0, 4.0, 1.0, 7.0, 5.0, 14.5, 0.5, 8.0, 8.0]","[5, 5, 5, 5, 4, 9, 4, 3, 3]","[5, 5, 7, 5, 9, 3, 4, 4, 4]","[210.0, 210.0, 222.5, 210.0, 158.0, 154.0, 158.0, 202.0738495144293, 155.51]","[210.0, 210.0, 292.25, 210.0, 133.0, 159.41582238929536, 158.0, 250.0, 158.0]","[210.0, 210.0, 239.9375, 210.0, 151.75, 155.35395559732385, 158.0, 214.05538713582197, 156.1325]",2008-01-24 11:00,35.0,3,1.0,20.0,1.0,3.0,1.0,56.0,1,69.56,27.66,1.99,0.0,0.91,0.0,5,209.8,51.39,58,105.42713567839196,95.93869346733668,41.90000000000001,169.02431980906917,146.5595521724271,57.59262743898682,196.88115154807167,202.48785340314137,0.23,0.56,0.0,1.5202890531775182,0.89,0.82,-0.4803,0.3635361130842954,0.4494555899506642,0.7110667842085301,0.4696558298119185,0.1758705951976054,16643.967857274118,0.035984199556952,-0.0,4.14,100.9123351677189,1,3,7.0,"[5.0, 14.5, 0.5, 8.0, 8.0]","[151.75, 155.35395559732385, 158.0, 214.05538713582197, 156.1325]","[(151.75, 50.0), (155.35395559732385, 145.0), (158.0, 5.0), (214.05538713582197, 80.0), (156.1325, 80.0)]",,1,2,5,168.10792925688253,36.0,"[5.0, 14.5, 0.5, 8.0, 8.0]","[151.75, 155.35395559732385, 158.0, 214.05538713582197, 156.1325]",6051.885453247771,[ 5.  14.5  0.5  8.   8. ],[151.75       155.3539556  158.         214.05538714 156.1325    ],True,88.38188563398772,514.9050990481846,15,"[0.2987089157104492, 0.42536211013793945, 0.7567110061645508, 0.8762509822845459, 0.9846141338348389, 1.1074280738830566, 1.2482049465179443, 1.3595519065856934, 1.7066421508789062, 1.8456799983978271, 2.0134639739990234, 2.117417097091675, 2.254672050476074, 2.3812410831451416, 2.626391887664795]","[92.02232723157442, 118.5281002175658, 119.64252983622838, 97.3742300259855, 89.94346966988248, 87.06043766141035, 105.14496257102638, 113.70192093444518, 94.43079180086326, 87.7058219749794, 89.02966988309115, 105.57175444900253, 113.34234735192604, 98.3262704592593, 88.38188563398772]","[0, 288.49199999999837, 576.4879999999976, 576.4879999999976, 576.4879999999976, 324.36599999999817, 324.36599999999817, 612.0703414634154, 612.0703414634154, 495.05275609756063, 351.05275609756063, 351.05275609756063, 495.05275609756063, 638.5401320642486, 514.9050990481846]"
19851,"[11.0, 24.0, 25.0, 31.0, 44.0, 45.0, 59.0, 60.0, 71.0, 74.0]","[0.0, 11.0, 24.0, 25.0, 31.0, 44.0, 45.0, 59.0, 60.0, 71.0]","[1.0, 1.0, 1.5, 1.0, 1.0, 1.0, 1.0, 1.5, 1.0, 1.5]","[5, 4, 5, 5, 4, 5, 3, 3, 3, 3]","[5, 5, 9, 5, 5, 4, 4, 4, 4, 3]","[4.0, 2.0, 2.0, 2.0, 1.5, 2.0, 0.25, 0.25, 0.5, 0.25]","[6.0, 4.0, 4.0, 4.0, 2.5, 3.0, 0.75, 0.75, 1.0, 0.5]","[0, 0, 0, 0, 0, 0, 0, 0, 0, 0]","[11.0, 13.0, 1.0, 6.0, 13.0, 1.0, 14.0, 1.0, 11.0, 3.0]","[5, 4, 5, 5, 4, 5, 3, 3, 3, 3]","[5, 5, 9, 5, 5, 4, 4, 4, 4, 3]","[210.0, 158.0, 222.5, 210.0, 158.0, 210.0, 155.51, 159.41582238929536, 155.51, 159.41582238929536]","[210.0, 210.0, 154.0, 210.0, 210.0, 158.0, 158.0, 181.0, 158.0, 159.41582238929536]","[210.0, 171.0, 205.375, 210.0, 171.0, 197.0, 156.1325, 164.8118667919715, 156.1325, 159.41582238929536]",2008-01-24 13:00,32.0,2,1.0,45.0,1.0,3.0,1.0,74.0,1,85.22,59.94,1.87,0.0,0.95,0.0,5,165.3,21.82,25,88.39572192513369,83.975935828877,25.28,155.54351265822783,208.9326311909304,43.857588509132654,164.91728266527852,184.4227180527384,0.22,0.6800000000000002,0.0,1.7035692679975802,0.89,0.5,-0.286,0.6025380988224673,0.6397654548458189,0.1033723808431826,0.0580502115432328,0.1562336202785217,11193.524161280397,0.0154071037230616,-0.1,6.0,80.0,1,5,1.0,"[14.0, 1.0, 11.0, 3.0]","[156.1325, 164.8118667919715, 156.1325, 159.41582238929536]","[(156.1325, 140.0), (164.8118667919715, 10.0), (156.1325, 110.0), (159.41582238929536, 30.0)]",,1,1,4,156.77144255033994,29.0,"[14.0, 1.0, 11.0, 3.0, 0]","[156.1325, 164.8118667919715, 156.1325, 159.41582238929536, 0]",4546.371833959858,[14.  1. 11.  3.  0.],[156.1325     164.81186679 156.1325     159.41582239   0.        ],True,84.64772154970879,213.24266666666517,7,"[0.27371788024902344, 0.38843679428100586, 0.5186128616333008, 0.6648087501525879, 0.7572190761566162, 1.0064969062805176, 1.092667818069458]","[76.62744235710517, 92.78751072363237, 87.02172734609691, 83.48293497434048, 82.37642437879761, 84.10300288116395, 84.64772154970879]","[0, 232.992000000002, 290.7400000000016, 290.7400000000016, 213.24266666666517, 213.24266666666517, 213.24266666666517]"
19870,"[58.0, 103.0, 104.0, 135.0, 140.0]","[0.0, 58.0, 103.0, 104.0, 135.0]","[2.5, 2.0, 1.0, 1.0, 1.0]","[9, 3, 4, 3, 3]","[7, 9, 9, 3, 7]","[1.0, 0.5, 1.25, 0.25, 0.25]","[1.5, 1.0, 2.0, 0.5, 0.75]","[1, 0, 0, 0, 0]","[58.0, 45.0, 1.0, 31.0, 5.0]","[9, 3, 4, 3, 3]","[7, 9, 9, 3, 8]","[196.0, 167.40359922257957, 158.0, 155.51, 155.51]","[292.25, 175.0, 133.0, 155.51, 120.0]","[220.0625, 169.30269941693467, 151.75, 155.51, 146.6325]",2008-01-24 15:00,27.0,3,1.0,104.0,1.0,3.0,1.0,140.0,1,140.65,97.73,2.1,0.0,1.09,0.0,5,184.1,26.14,43,87.66666666666666,95.55666666666669,42.92,176.4237185461323,270.87933481758404,59.27697891578328,215.35244094488183,228.8888150609081,0.23,0.28,0.0,1.2415911085112608,0.58,0.63,-0.5977,0.3548966248423107,0.3702209553274088,0.5575609291914323,0.5229102453717921,0.1818725322840603,19291.72262618796,0.0573038643254389,-0.2,4.08,100.9123351677189,1,2,1.0,"[31.0, 5.0]","[155.51, 146.6325]","[(155.51, 310.0), (146.6325, 50.0)]",,1,2,2,154.2770138888889,36.0,"[31.0, 5.0, 0, 0, 0]","[155.51, 146.6325, 0, 0, 0]",5553.9725,[31.  5.  0.  0.  0.],[155.51   146.6325   0.       0.       0.    ],True,88.81523086802396,168.41199999999662,9,"[0.36399412155151367, 0.45475316047668457, 0.5636601448059082, 0.7971992492675781, 0.9323630332946777, 1.0425071716308594, 1.2007932662963867, 1.3878471851348877, 1.5141141414642334]","[76.8081041798216, 92.3567729860565, 108.05249099133681, 92.4854703493919, 84.30980271039256, 83.7290413778979, 87.20685240083988, 88.41056159517002, 88.81523086802396]","[0, 144.99599999999919, 216.74399999999878, 360.73999999999796, 264.5759999999973, 168.41199999999662, 168.41199999999662, 168.41199999999662, 168.41199999999662]"
19990,"[100.0, 133.0, 135.0, 136.0, 150.0, 162.0, 163.0, 163.5, 164.0, 168.0, 171.0, 178.0, 191.0, 195.5, 196.0, 199.8, 200.5, 201.0]","[99.0, 100.0, 133.0, 135.0, 136.0, 150.0, 162.0, 163.0, 163.5, 164.0, 168.0, 171.0, 178.0, 191.0, 195.5, 196.0, 199.8, 200.5]","[3.5, 3.0, 1.0, 3.0, 1.5, 1.0, 2.5, 1.0, 4.5, 1.0, 4.0, 1.0, 2.5, 1.0, 2.0, 1.0, 3.0, 1.0]","[7, 3, 9, 7, 9, 9, 7, 5, 7, 4, 7, 3, 3, 3, 3, 3, 7, 3]","[7, 9, 9, 7, 4, 9, 4, 4, 4, 4, 4, 2, 2, 2, 3, 2, 7, 2]","[1.0, 0.5, 1.0, 1.0, 0.75, 1.0, 1.0, 2.0, 1.5, 0.5, 1.0, 0.5, 0.5, 0.5, 0.5, 0.5, 0.5, 0.5]","[2.0, 0.75, 1.0, 2.0, 1.5, 1.5, 1.5, 3.0, 2.5, 1.0, 2.0, 0.75, 0.75, 0.75, 0.5, 1.0, 1.0, 1.0]","[1, 0, 0, 1, 0, 0, 1, 0, 1, 0, 1, 0, 0, 0, 0, 0, 1, 0]","[1.0, 33.0, 2.0, 1.0, 14.0, 12.0, 1.0, 0.5, 0.5, 4.0, 3.0, 7.0, 13.0, 4.5, 0.5, 3.8000000000000114, 0.6999999999999886, 0.5]","[7, 3, 9, 7, 9, 9, 7, 5, 7, 4, 7, 3, 3, 3, 3, 3, 7, 3]","[7, 9, 9, 7, 4, 9, 4, 4, 4, 4, 4, 2, 2, 2, 3, 2, 7, 2]","[292.25, 202.0738495144293, 133.0, 292.25, 154.0, 133.0, 292.25, 210.0, 292.25, 158.0, 292.25, 155.51, 181.06998247500167, 155.51, 167.40359922257957, 155.51, 292.25, 155.51]","[292.25, 217.0, 133.0, 292.25, 181.0, 133.0, 227.0, 158.0, 319.0, 158.0, 296.0, 101.0, 155.0, 101.0, 167.40359922257957, 101.0, 292.25, 101.0]","[292.25, 205.80538713582197, 133.0, 292.25, 160.75, 133.0, 275.9375, 197.0, 298.9375, 158.0, 293.1875, 141.8825, 174.55248685625125, 141.8825, 167.40359922257957, 141.8825, 292.25, 141.8825]",2008-01-24 10:00,36.0,4,2.0,168.0,3.0,3.0,-999.0,201.0,1,190.88,164.68,0.87,0.36,0.32,0.0,4,154.5,5.176,6,177.58620689655172,56.82758620689654,26.199999999999992,138.46183206106872,264.34538808647505,34.35406624672339,147.18472012102876,154.53199195171024,0.25,0.15,0.0,1.2497842502696872,0.5,0.43,-0.245,0.5813802724516021,0.647498855869084,0.05,6.0,0.2620371512896547,20290.67095588236,0.0776277100678373,-0.7,4.78,131.83132262060033,1,9,4.0,"[3.0, 7.0, 13.0, 4.5, 0.5, 3.8000000000000114, 0.6999999999999886, 0.5]","[293.1875, 141.8825, 174.55248685625125, 141.8825, 167.40359922257957, 141.8825, 292.25, 141.8825]","[(293.1875, 30.0), (141.8825, 70.0), (174.55248685625125, 130.0), (141.8825, 45.0), (167.40359922257957, 5.0), (141.8825, 38.000000000000114), (292.25, 6.999999999999886), (141.8825, 5.0)]",,2,2,8,172.0837917800774,33.0,"[3.0, 7.0, 13.0, 4.5, 5.5]","[293.1875, 141.8825, 174.55248685625125, 141.8825, 185.8546498056449]",5678.765128742554,[ 3.   7.  13.   4.5  5.5],[293.1875     141.8825     174.55248686 141.8825     185.85464981],True,125.3501995421893,446.22342204877896,14,"[0.2505147457122803, 0.3652768135070801, 0.5017850399017334, 0.6069097518920898, 1.0240538120269775, 1.1171879768371582, 1.1958599090576172, 1.3130528926849365, 1.438525915145874, 1.546360969543457, 1.6587088108062744, 1.7704579830169678, 2.1230897903442383, 2.2584288120269775]","[117.22492828139065, 149.96095471067568, 129.18937619841168, 109.4661495665501, 111.44162855047855, 122.62169977263707, 126.99494469811852, 124.11033122719176, 113.39173188526541, 116.86698907845567, 122.29645091111725, 124.3397731719687, 125.08310117025336, 125.3501995421893]","[0, 528.9839999999986, 792.9759999999969, 599.1151999999965, 405.25439999999617, 405.25439999999617, 536.8227707317037, 668.1174587317055, 558.3881147317061, 446.22342204877896, 446.22342204877896, 446.22342204877896, 446.22342204877896, 446.22342204877896]"
20030,"[20.0, 46.0, 60.0, 61.0, 62.5, 63.0, 71.0, 85.0, 88.6, 89.0, 90.8, 91.0]","[0.0, 20.0, 46.0, 60.0, 61.0, 62.5, 63.0, 71.0, 85.0, 88.6, 89.0, 90.8]","[3.5, 3.0, 2.0, 2.5, 1.0, 3.0, 1.0, 2.0, 1.0, 2.0, 1.0, 1.0]","[9, 9, 9, 7, 4, 7, 3, 3, 3, 3, 2, 6]","[4, 4, 4, 4, 4, 7, 2, 3, 2, 3, 3, 6]","[0.75, 0.75, 1.0, 1.0, 0.5, 0.5, 0.5, 0.25, 0.5, 0.25, 0.5, 1.0]","[1.5, 1.5, 2.0, 2.0, 1.0, 1.0, 0.75, 0.5, 1.0, 0.5, 1.0, 2.0]","[0, 0, 0, 1, 0, 1, 0, 0, 0, 0, 0, 0]","[20.0, 26.0, 14.0, 1.0, 1.5, 0.5, 8.0, 14.0, 3.5999999999999943, 0.4000000000000057, 1.7999999999999972, 0.20000000000000284]","[9, 9, 9, 7, 4, 7, 3, 3, 3, 3, 2, 6]","[4, 4, 4, 4, 4, 7, 2, 3, 2, 3, 3, 6]","[238.0, 217.0, 175.0, 292.25, 158.0, 292.25, 155.51, 167.40359922257957, 155.51, 167.40359922257957, 101.0, 140.0]","[273.0, 250.0, 204.0, 227.0, 158.0, 292.25, 101.0, 167.40359922257957, 101.0, 167.40359922257957, 155.51, 140.0]","[246.75, 225.25, 182.25, 275.9375, 158.0, 292.25, 141.8825, 167.40359922257957, 141.8825, 167.40359922257957, 114.6275, 140.0]",2008-01-24 11:00,30.0,3,2.0,61.0,2.0,3.0,-999.0,91.0,1,103.28,71.08,2.74,0.0,1.47,0.0,5,166.3,15.92,42,60.6934306569343,89.21934306569342,32.2,157.16909937888198,187.8983852015357,48.27976639553602,176.3789115646259,197.9573886639677,0.23,1.2900000000000005,0.0,2.08964273125013,0.62,0.5,-0.3754,0.4730485446655893,0.5002174476208284,0.2633654567368685,0.2186154472942758,0.1082854637326378,13174.238754802407,0.0183725397529423,-0.2,4.62,100.9123351677189,1,3,1.0,"[1.5, 0.5, 8.0, 14.0, 3.5999999999999943, 0.4000000000000057, 1.7999999999999972, 0.20000000000000284]","[158.0, 292.25, 141.8825, 167.40359922257957, 141.8825, 167.40359922257957, 114.6275, 140.0]","[(158.0, 15.0), (292.25, 5.0), (141.8825, 80.0), (167.40359922257957, 140.0), (141.8825, 35.99999999999994), (167.40359922257957, 4.000000000000057), (114.6275, 17.99999999999997), (140.0, 2.0000000000000284)]",,1,2,8,155.7967776268382,30.0,"[1.5, 0.5, 8.0, 14.0, 6.0]","[158.0, 292.25, 141.8825, 167.40359922257957, 140.97839980564487]",4673.903328805146,[ 1.5  0.5  8.  14.   6. ],[158.         292.25       141.8825     167.40359922 140.97839981],True,89.29470132546435,220.5759999999991,6,"[0.2709529399871826, 0.3782060146331787, 0.472959041595459, 0.8213188648223877, 0.933974027633667, 1.0595557689666748]","[80.96736266691397, 98.5468134229989, 92.29910579354647, 87.82676942529454, 88.9409899515688, 89.29470132546435]","[0, 240.9920000000002, 300.73999999999796, 220.5759999999991, 220.5759999999991, 220.5759999999991]"
20070,"[10.0, 17.5, 19.0, 26.0, 32.5, 33.0, 34.5, 35.0, 41.0, 47.0, 55.9, 57.9, 58.0]","[0.0, 10.0, 17.5, 19.0, 26.0, 32.5, 33.0, 34.5, 35.0, 41.0, 47.0, 55.9, 57.9]","[1.5, 2.0, 3.0, 1.0, 2.0, 2.0, 1.0, 2.5, 1.0, 2.0, 1.5, 1.0, 1.0]","[5, 9, 7, 5, 9, 7, 4, 7, 3, 3, 3, 2, 6]","[9, 5, 4, 5, 5, 4, 4, 7, 3, 3, 2, 3, 6]","[2.5, 2.0, 1.5, 3.0, 2.0, 1.0, 0.75, 1.0, 0.25, 0.5, 0.5, 0.5, 1.0]","[4.0, 3.0, 2.5, 5.0, 3.0, 2.0, 1.5, 1.0, 0.5, 0.5, 0.75, 1.0, 1.0]","[0, 0, 1, 0, 0, 1, 0, 1, 0, 0, 0, 0, 0]","[10.0, 7.5, 1.5, 7.0, 6.5, 0.5, 1.5, 0.5, 6.0, 6.0, 8.899999999999999, 2.0, 0.10000000000000142]","[5, 9, 7, 5, 9, 7, 4, 7, 3, 3, 3, 2, 6]","[9, 5, 4, 5, 5, 4, 4, 7, 3, 3, 2, 3, 6]","[222.5, 175.0, 292.25, 210.0, 175.0, 292.25, 158.0, 292.25, 155.51, 167.40359922257957, 159.41582238929536, 101.0, 140.0]","[154.0, 235.0, 250.0, 210.0, 235.0, 204.0, 158.0, 292.25, 155.51, 167.40359922257957, 119.0, 155.51, 140.0]","[205.375, 190.0, 281.6875, 210.0, 190.0, 270.1875, 158.0, 292.25, 155.51, 167.40359922257957, 149.3118667919715, 114.6275, 140.0]",2008-01-24 12:00,32.0,5,2.0,26.0,3.0,3.0,-999.0,58.0,1,72.22,27.88,2.33,0.0,1.34,0.0,5,218.4,47.96,58,93.73390557939912,125.60343347639488,44.34,173.11790708164187,136.12960147527164,62.6128777755377,209.15104752171692,227.16168009205987,0.23,0.96,-0.5,1.9296743402582817,1.0,0.9,-0.5478,0.3435309683859264,0.4316361726054375,0.8307800280637015,0.5593555958600168,0.1588249367609419,11041.625529071063,0.0085342448660092,-0.1,3.14,197.7469839309005,1,3,7.0,"[6.5, 0.5, 1.5, 0.5, 6.0, 6.0, 8.899999999999999, 2.0, 0.10000000000000142]","[190.0, 270.1875, 158.0, 292.25, 155.51, 167.40359922257957, 149.3118667919715, 114.6275, 140.0]","[(190.0, 65.0), (270.1875, 5.0), (158.0, 15.0), (292.25, 5.0), (155.51, 60.0), (167.40359922257957, 60.0), (149.3118667919715, 88.99999999999999), (114.6275, 20.0), (140.0, 1.0000000000000142)]",,2,3,9,164.46346749325073,32.0,"[6.5, 0.5, 1.5, 0.5, 23.0]","[190.0, 270.1875, 158.0, 292.25, 145.37059320291024]",5262.830959784023,[ 6.5  0.5  1.5  0.5 23. ],[190.        270.1875    158.        292.25      145.3705932],True,91.03700113204609,320.7399999999998,5,"[0.268646240234375, 0.3839132785797119, 0.7354691028594971, 0.824908971786499, 0.9906549453735352]","[87.38869959213092, 109.45229071954245, 92.47548319052753, 91.40397582572304, 91.03700113204609]","[0, 384.9879999999994, 320.7399999999998, 320.7399999999998, 320.7399999999998]"
20090,"[18.0, 30.0, 43.5, 45.0, 55.0, 57.0, 75.0, 89.5, 91.5, 92.5, 93.0, 98.0, 100.0, 103.0, 107.0, 119.0, 120.0, 121.0]","[0.0, 18.0, 30.0, 43.5, 45.0, 55.0, 57.0, 75.0, 89.5, 91.5, 92.5, 93.0, 98.0, 100.0, 103.0, 107.0, 119.0, 120.0]","[2.0, 2.5, 1.0, 2.5, 1.0, 2.5, 2.0, 1.0, 2.0, 1.5, 4.5, 1.0, 4.0, 2.0, 1.0, 2.0, 1.0, 1.0]","[9, 9, 9, 7, 4, 7, 9, 9, 7, 4, 7, 4, 7, 3, 3, 3, 3, 7]","[9, 9, 5, 4, 5, 4, 9, 4, 4, 7, 7, 4, 7, 3, 2, 2, 2, 2]","[1.0, 1.0, 1.5, 1.0, 1.5, 1.0, 1.0, 1.0, 1.0, 1.0, 1.0, 0.5, 0.5, 0.25, 0.25, 0.5, 0.5, 1.0]","[1.5, 2.0, 2.5, 2.0, 2.5, 2.0, 1.5, 2.0, 2.0, 2.0, 2.0, 1.0, 1.0, 0.5, 0.75, 0.75, 1.0, 1.0]","[0, 0, 0, 1, 0, 1, 0, 0, 1, 0, 1, 0, 1, 0, 0, 0, 0, 0]","[18.0, 12.0, 13.5, 1.5, 10.0, 2.0, 18.0, 14.5, 2.0, 1.0, 0.5, 5.0, 2.0, 3.0, 4.0, 12.0, 1.0, 1.0]","[9, 9, 9, 7, 4, 7, 9, 9, 7, 4, 7, 4, 7, 3, 3, 3, 3, 8]","[9, 9, 5, 4, 5, 4, 9, 4, 4, 8, 7, 4, 7, 3, 2, 2, 2, 2]","[175.0, 196.0, 133.0, 292.25, 158.0, 292.25, 175.0, 133.0, 292.25, 181.0, 292.25, 158.0, 292.25, 167.40359922257957, 155.51, 167.40359922257957, 155.51, 120.0]","[175.0, 196.0, 210.0, 227.0, 210.0, 227.0, 175.0, 158.0, 204.0, 152.0, 292.25, 158.0, 292.25, 167.40359922257957, 101.0, 137.0, 101.0, 101.0]","[175.0, 196.0, 152.25, 275.9375, 171.0, 275.9375, 175.0, 139.25, 270.1875, 173.75, 292.25, 158.0, 292.25, 167.40359922257957, 141.8825, 159.80269941693467, 141.8825, 115.25]",2008-01-24 13:00,29.0,3,2.0,89.5,2.0,3.0,-999.0,121.0,1,127.71,87.34,2.55,0.0,1.4,0.0,5,179.1,21.67,42,70.23529411764707,98.32941176470588,40.36999999999999,169.7286846668318,230.48136873475536,55.50634776892855,202.39394550958625,216.02007001166857,0.23,1.3199999999999998,0.0,2.429695904999252,0.65,0.59,-0.518,0.3773139246527615,0.3979394072604968,0.4894452793038586,0.4450986028050329,0.1375512677826394,15622.88961038961,0.029297003998109,-0.2,4.12,100.9123351677189,1,7,14.5,"[2.0, 1.0, 0.5, 5.0, 2.0, 3.0, 4.0, 12.0, 1.0, 1.0]","[270.1875, 173.75, 292.25, 158.0, 292.25, 167.40359922257957, 141.8825, 159.80269941693467, 141.8825, 115.25]","[(270.1875, 20.0), (173.75, 10.0), (292.25, 5.0), (158.0, 50.0), (292.25, 20.0), (167.40359922257957, 30.0), (141.8825, 40.0), (159.80269941693467, 120.0), (141.8825, 10.0), (115.25, 10.0)]",,1,2,10,173.9446251006652,31.5,"[2.0, 1.0, 0.5, 5.0, 23.0]","[270.1875, 173.75, 292.25, 158.0, 169.74521643991906]",5479.255690670954,[ 2.   1.   0.5  5.  23. ],[270.1875     173.75       292.25       158.         169.74521644],True,105.46196518845643,315.7400000000016,7,"[0.2777388095855713, 0.4340808391571045, 0.7228658199310303, 0.8075737953186035, 0.9264538288116455, 1.078138828277588, 1.2712256908416748]","[96.88388842668603, 124.05490098398138, 117.41624869274176, 109.26884048108062, 106.6519140358633, 105.76669094885328, 105.46196518845643]","[0, 252.992000000002, 315.7400000000016, 315.7400000000016, 315.7400000000016, 315.7400000000016, 315.7400000000016]"
20092,"[116.0, 118.0, 130.0, 143.0, 149.5, 150.0, 153.5, 156.0, 180.0, 184.0, 188.0, 191.0]","[90.0, 116.0, 118.0, 130.0, 143.0, 149.5, 150.0, 153.5, 156.0, 180.0, 184.0, 188.0]","[3.5, 2.0, 3.0, 1.5, 1.0, 5.0, 1.5, 4.5, 2.0, 1.0, 1.5, 1.0]","[4, 4, 4, 4, 4, 7, 4, 7, 3, 3, 3, 2]","[3, 9, 9, 9, 9, 7, 9, 7, 3, 2, 3, 2]","[0.5, 0.75, 0.75, 0.75, 1.0, 1.0, 1.0, 1.0, 0.25, 0.25, 0.5, 1.0]","[0.5, 1.0, 0.75, 1.0, 1.5, 1.0, 1.5, 1.0, 0.25, 0.5, 0.5, 1.0]","[0, 0, 0, 0, 0, 1, 0, 1, 0, 0, 0, 0]","[26.0, 2.0, 12.0, 13.0, 6.5, 0.5, 3.5, 2.5, 24.0, 4.0, 4.0, 3.0]","[4, 4, 4, 4, 4, 7, 4, 7, 3, 3, 3, 2]","[3, 9, 9, 9, 9, 7, 9, 7, 3, 2, 3, 2]","[273.0, 204.0, 250.0, 181.0, 158.0, 292.25, 181.0, 292.25, 167.40359922257957, 155.51, 159.41582238929536, 101.0]","[232.12522605741117, 175.0, 217.0, 154.0, 133.0, 292.25, 154.0, 292.25, 167.40359922257957, 101.0, 159.41582238929536, 101.0]","[262.78130651435276, 196.75, 241.75, 174.25, 151.75, 292.25, 174.25, 292.25, 167.40359922257957, 141.8825, 159.41582238929536, 101.0]",2008-01-24 10:00,36.0,5,2.0,156.0,3.0,2.3,-999.0,191.0,1,181.59,137.06,1.1,0.22,0.52,0.0,4,183.3,20.32,16,166.63636363636363,86.65090909090908,44.53,167.1886817875589,327.09450436792577,53.93930904749134,204.0000556173526,218.37487562189048,0.24,0.6500000000000001,-0.5,3.2552585318542766,0.55,0.62,-0.48,0.3420651951096333,0.3745234477943145,0.5647958579550791,0.4883815889408478,0.3095940919417775,18677.643426807303,0.0565786939550824,-0.3,4.56,197.7469839309005,1,7,2.5,"[24.0, 4.0, 4.0, 3.0]","[167.40359922257957, 141.8825, 159.41582238929536, 101.0]","[(167.40359922257957, 240.0), (141.8825, 40.0), (159.41582238929536, 40.0), (101.0, 30.0)]",,2,3,4,157.8822763114026,35.0,"[24.0, 4.0, 4.0, 3.0, 0]","[167.40359922257957, 141.8825, 159.41582238929536, 101.0, 0]",5525.87967089909,[24.  4.  4.  3.  0.],[167.40359922 141.8825     159.41582239 101.           0.        ],True,89.26375708367065,350.73999999999796,4,"[0.294252872467041, 0.40650200843811035, 0.538550853729248, 0.8145060539245605]","[85.2140596069576, 88.63400133834018, 90.14001645559439, 89.26375708367065]","[0, 280.99199999999837, 420.98799999999756, 350.73999999999796]"
20110,"[10.0, 35.0, 45.0, 60.0, 69.0, 80.0, 93.0, 115.0, 121.0, 128.0, 132.5, 133.8, 134.0, 136.0, 137.0, 146.0, 154.5, 155.0, 165.8, 166.0]","[0.0, 10.0, 35.0, 45.0, 60.0, 69.0, 80.0, 93.0, 115.0, 121.0, 128.0, 132.5, 133.8, 134.0, 136.0, 137.0, 146.0, 154.5, 155.0, 165.8]","[1.5, 2.5, 2.0, 1.5, 3.0, 1.0, 3.0, 1.0, 3.0, 2.0, 3.0, 1.0, 1.0, 3.0, 2.0, 3.0, 1.0, 2.0, 1.0, 1.0]","[9, 9, 9, 9, 9, 9, 9, 4, 3, 3, 3, 3, 6, 3, 3, 3, 3, 3, 3, 6]","[5, 9, 9, 9, 9, 5, 9, 9, 3, 3, 3, 2, 6, 3, 2, 3, 2, 3, 2, 6]","[1.5, 0.75, 1.0, 1.0, 1.0, 1.5, 1.0, 1.0, 0.5, 0.5, 0.5, 0.5, 3.0, 0.5, 0.5, 0.5, 0.5, 0.5, 0.5, 1.0]","[2.5, 1.5, 1.5, 2.0, 1.5, 2.5, 1.0, 2.0, 0.5, 0.5, 0.5, 1.0, 5.0, 0.5, 0.75, 0.5, 1.0, 0.5, 0.75, 1.0]","[0, 0, 0, 0, 0, 0, 0, 0, 0, 0, 0, 0, 0, 0, 0, 0, 0, 0, 0, 0]","[10.0, 25.0, 10.0, 15.0, 9.0, 11.0, 13.0, 22.0, 6.0, 7.0, 4.5, 1.3000000000000114, 0.19999999999998863, 2.0, 1.0, 9.0, 8.5, 0.5, 10.800000000000011, 0.19999999999998863]","[9, 9, 9, 9, 9, 9, 9, 4, 3, 3, 3, 3, 6, 3, 3, 3, 3, 3, 3, 6]","[5, 9, 9, 9, 9, 5, 9, 9, 3, 3, 3, 2, 6, 3, 2, 3, 2, 3, 2, 6]","[154.0, 196.0, 175.0, 154.0, 217.0, 133.0, 217.0, 158.0, 202.0738495144293, 167.40359922257957, 202.0738495144293, 155.51, 140.0, 202.0738495144293, 167.40359922257957, 202.0738495144293, 155.51, 167.40359922257957, 155.51, 140.0]","[222.5, 196.0, 175.0, 154.0, 217.0, 210.0, 217.0, 133.0, 202.0738495144293, 167.40359922257957, 202.0738495144293, 101.0, 140.0, 202.0738495144293, 137.0, 202.0738495144293, 101.0, 167.40359922257957, 101.0, 140.0]","[171.125, 196.0, 175.0, 154.0, 217.0, 152.25, 217.0, 151.75, 202.0738495144293, 167.40359922257957, 202.0738495144293, 141.8825, 140.0, 202.0738495144293, 159.80269941693467, 202.0738495144293, 141.8825, 167.40359922257957, 141.8825, 140.0]",2008-01-24 15:00,34.0,4,1.0,133.8,2.0,3.0,-999.0,166.0,1,163.75,124.43,0.82,0.34,0.33,0.0,4,201.3,24.51,16,245.4878048780488,81.0109756097561,39.31999999999999,161.64366734486262,344.583526986023,52.74156940370069,187.95148305084743,201.3465536723164,0.24,0.3199999999999999,-0.5,1.8591554893194235,0.61,0.75,-0.4425,0.3873897034138345,0.4805414761172532,0.5740024214708814,0.3273555541992131,0.3879506515485698,20698.51406628265,0.0939172065695689,-0.2,5.34,131.83132262060033,1,11,1.3000000000000114,"[0.19999999999998863, 2.0, 1.0, 9.0, 8.5, 0.5, 10.800000000000011, 0.19999999999998863]","[140.0, 202.0738495144293, 159.80269941693467, 202.0738495144293, 141.8825, 167.40359922257957, 141.8825, 140.0]","[(140.0, 1.9999999999998863), (202.0738495144293, 20.0), (159.80269941693467, 10.0), (202.0738495144293, 90.0), (141.8825, 85.0), (167.40359922257957, 5.0), (141.8825, 108.00000000000011), (140.0, 1.9999999999998863)]",,2,2,8,163.37419545611635,32.19999999999999,"[0.19999999999998863, 2.0, 1.0, 9.0, 20.0]","[140.0, 202.0738495144293, 159.80269941693467, 202.0738495144293, 147.7921498056449]",5260.649093686945,[ 0.2  2.   1.   9.  20. ],[140.         202.07384951 159.80269942 202.07384951 147.79214981],True,88.00851678748819,354.8140000000003,6,"[0.2613821029663086, 0.3974912166595459, 0.5081751346588135, 0.6286592483520508, 0.989717960357666, 1.1198132038116455]","[88.17264791234437, 110.07001336550245, 92.25599874763749, 86.64824693718542, 87.65024618479808, 88.00851678748819]","[0, 387.387999999999, 451.53599999999824, 354.8140000000003, 354.8140000000003, 354.8140000000003]"
20150,"[11.0, 37.0, 60.0, 66.0, 68.0, 83.0, 92.0, 104.0, 109.0, 116.5, 118.0, 121.0, 132.8, 133.0, 133.9, 134.0]","[0.0, 11.0, 37.0, 60.0, 66.0, 68.0, 83.0, 92.0, 104.0, 109.0, 116.5, 118.0, 121.0, 132.8, 133.0, 133.9]","[1.0, 3.0, 2.5, 2.0, 2.5, 1.5, 3.5, 1.0, 1.5, 1.0, 2.0, 1.0, 1.0, 1.5, 1.0, 1.0]","[9, 9, 9, 9, 9, 9, 4, 4, 4, 4, 4, 4, 3, 3, 2, 6]","[5, 9, 9, 4, 9, 4, 9, 9, 4, 4, 4, 4, 4, 3, 1, 6]","[1.5, 0.75, 1.0, 1.0, 1.0, 1.0, 0.75, 1.0, 0.15, 1.0, 1.0, 1.0, 0.5, 0.5, 1.0, 1.0]","[3.0, 1.5, 1.5, 2.0, 1.5, 2.0, 1.0, 2.0, 1.5, 1.5, 2.0, 2.0, 1.0, 0.5, 2.0, 1.0]","[0, 0, 0, 0, 0, 0, 0, 0, 0, 0, 0, 0, 0, 0, 0, 0]","[11.0, 26.0, 23.0, 6.0, 2.0, 15.0, 9.0, 12.0, 5.0, 7.5, 1.5, 3.0, 11.800000000000011, 0.19999999999998863, 0.9000000000000057, 0.09999999999999432]","[9, 9, 9, 9, 9, 9, 4, 4, 4, 4, 4, 4, 3, 3, 2, 6]","[5, 9, 9, 4, 9, 4, 9, 9, 4, 4, 4, 4, 4, 3, 1, 6]","[133.0, 217.0, 196.0, 175.0, 196.0, 154.0, 273.0, 158.0, 181.0, 158.0, 204.0, 158.0, 155.51, 159.41582238929536, 101.0, 140.0]","[210.0, 217.0, 196.0, 204.0, 196.0, 181.0, 238.0, 133.0, 181.0, 158.0, 204.0, 158.0, 158.0, 159.41582238929536, 81.0, 140.0]","[152.25, 217.0, 196.0, 182.25, 196.0, 160.75, 264.25, 151.75, 181.0, 158.0, 204.0, 158.0, 156.1325, 159.41582238929536, 96.0, 140.0]",2008-01-24 16:00,34.0,6,3.0,83.0,3.0,3.0,-999.0,134.0,1,138.43,95.19,1.61,0.09,0.86,0.0,5,185.8,33.2,25,115.40372670807452,99.24720496894408,43.24000000000001,171.57835337650326,291.8179843489453,56.12772137509919,206.30234864300635,209.604124748491,0.23,0.7200000000000001,0.0,2.114705917925521,0.73,0.64,-0.5097,0.3522701928360769,0.3810339268843481,0.575353316415055,0.5091220765452225,0.2236728289292281,15533.58301784749,0.0361979937422372,-0.1,5.47,439.4377420686678,1,5,15.0,"[9.0, 12.0, 5.0, 7.5, 1.5, 3.0, 11.800000000000011, 0.19999999999998863, 0.9000000000000057, 0.09999999999999432]","[264.25, 151.75, 181.0, 158.0, 204.0, 158.0, 156.1325, 159.41582238929536, 96.0, 140.0]","[(264.25, 90.0), (151.75, 120.0), (181.0, 50.0), (158.0, 75.0), (204.0, 15.0), (158.0, 30.0), (156.1325, 118.00000000000011), (159.41582238929536, 1.9999999999998863), (96.0, 9.000000000000057), (140.0, 0.9999999999999432)]",,2,3,10,177.33130714662468,51.0,"[9.0, 12.0, 5.0, 7.5, 17.5]","[264.25, 151.75, 181.0, 158.0, 152.2580537315492]",9043.89666447786,[ 9.  12.   5.   7.5 17.5],[264.25       151.75       181.         158.         152.25805373],True,97.11809357513384,805.9022079999995,14,"[0.2990109920501709, 0.4246358871459961, 0.5411031246185303, 0.7791140079498291, 0.9020979404449463, 1.0211999416351318, 1.1251530647277832, 1.2440388202667236, 1.371614933013916, 1.4717650413513184, 1.8086779117584229, 1.911370038986206, 2.0406880378723145, 2.1656970977783203]","[71.9191010122555, 114.0318915049958, 113.12550719854497, 97.23331163695575, 89.42198952520918, 90.21818786080561, 96.43792387385028, 100.09966341271203, 91.62748341735676, 94.1642778459794, 95.61092503709068, 96.42116085872381, 96.87040010950071, 97.11809357513384]","[0, 612.9879999999976, 1020.9799999999996, 1020.9799999999996, 857.6831999999995, 755.4351999999999, 755.4351999999999, 958.6172159999987, 805.9022079999995, 805.9022079999995, 805.9022079999995, 805.9022079999995, 805.9022079999995, 805.9022079999995]"
21072,"[20.0, 25.0, 40.0, 55.0, 68.0, 70.0, 86.0, 98.0, 110.0, 111.8, 112.0, 114.0, 116.0, 123.0, 126.0, 131.0, 131.4, 133.0, 136.5, 137.0, 138.0, 143.0, 149.0, 153.7, 154.0, 158.5, 159.0]","[0.0, 20.0, 25.0, 40.0, 55.0, 68.0, 70.0, 86.0, 98.0, 110.0, 111.8, 112.0, 114.0, 116.0, 123.0, 126.0, 131.0, 131.4, 133.0, 136.5, 137.0, 138.0, 143.0, 149.0, 153.7, 154.0, 158.5]","[4.0, 3.0, 4.0, 3.5, 3.0, 2.0, 2.5, 2.0, 1.5, 1.0, 2.0, 2.0, 2.5, 1.5, 2.5, 1.5, 1.0, 2.5, 1.5, 1.0, 2.0, 1.0, 2.0, 1.0, 3.0, 1.0, 1.0]","[9, 9, 9, 9, 9, 9, 9, 9, 9, 9, 7, 9, 9, 4, 4, 4, 9, 3, 4, 4, 3, 3, 3, 3, 3, 1, 1]","[9, 9, 9, 9, 9, 4, 9, 9, 9, 5, 4, 4, 4, 9, 9, 4, 6, 4, 2, 2, 2, 2, 3, 3, 7, 2, 1]","[0.75, 1.0, 0.75, 1.0, 1.0, 1.0, 1.0, 1.0, 1.0, 1.5, 0.5, 0.75, 0.5, 0.75, 0.75, 1.0, 3.0, 0.5, 0.5, 1.0, 0.5, 0.5, 0.25, 0.5, 0.5, 1.0, 3.0]","[1.0, 1.5, 1.0, 1.0, 2.0, 2.0, 1.0, 1.5, 1.5, 2.5, 0.75, 1.5, 1.0, 1.0, 1.0, 1.0, 6.0, 0.75, 1.0, 2.0, 1.0, 1.0, 0.5, 0.5, 0.5, 2.0, 4.0]","[0, 0, 0, 0, 0, 0, 0, 0, 0, 0, 1, 0, 0, 0, 0, 0, 0, 0, 0, 0, 0, 0, 0, 0, 0, 0, 0]","[20.0, 5.0, 15.0, 15.0, 13.0, 2.0, 16.0, 12.0, 12.0, 1.7999999999999972, 0.20000000000000284, 2.0, 2.0, 7.0, 3.0, 5.0, 0.4000000000000057, 1.5999999999999943, 3.5, 0.5, 1.0, 5.0, 6.0, 4.699999999999989, 0.30000000000001137, 4.5, 0.5]","[9, 9, 9, 9, 9, 9, 9, 9, 9, 9, 7, 9, 9, 4, 4, 4, 9, 3, 4, 4, 3, 3, 3, 3, 3, 1, 1]","[9, 9, 9, 9, 9, 4, 9, 9, 9, 5, 4, 4, 4, 9, 9, 4, 6, 4, 2, 2, 2, 2, 3, 3, 8, 2, 1]","[259.0, 217.0, 259.0, 238.0, 217.0, 175.0, 196.0, 175.0, 154.0, 133.0, 292.25, 175.0, 196.0, 181.0, 227.0, 181.0, 133.0, 181.06998247500167, 181.0, 158.0, 167.40359922257957, 155.51, 167.40359922257957, 155.51, 202.0738495144293, 81.0, 81.0]","[259.0, 217.0, 259.0, 238.0, 217.0, 204.0, 196.0, 175.0, 154.0, 210.0, 204.0, 204.0, 227.0, 154.0, 196.0, 181.0, 140.0, 227.0, 119.0, 101.0, 137.0, 101.0, 167.40359922257957, 155.51, 248.0, 101.0, 81.0]","[259.0, 217.0, 259.0, 238.0, 217.0, 182.25, 196.0, 175.0, 154.0, 152.25, 270.1875, 182.25, 203.75, 174.25, 219.25, 181.0, 134.75, 192.55248685625125, 165.5, 143.75, 159.80269941693467, 141.8825, 167.40359922257957, 155.51, 213.55538713582197, 86.0, 81.0]",2008-01-31 10:00,20.0,4,2.0,111.8,3.0,2.0,-999.0,159.0,1,153.74,112.42,1.56,0.13,0.91,0.0,5,214.2,65.52,32,137.3076923076923,124.95,41.32000000000001,207.3853581800581,375.563307420221,82.61995889408126,243.22602739726025,251.11123110151192,0.18,0.77,0.0,2.352657518703684,0.69,0.86,-0.7535,0.3686389917287505,0.3806469132476421,0.8058725052356139,0.7776909333075595,0.3433062379019941,16046.140195208518,0.0376177780480993,-0.1,5.14,131.83132262060033,1,9,1.7999999999999972,"[0.20000000000000284, 2.0, 2.0, 7.0, 3.0, 5.0, 0.4000000000000057, 1.5999999999999943, 3.5, 0.5, 1.0, 5.0, 6.0, 4.699999999999989, 0.30000000000001137, 4.5, 0.5]","[270.1875, 182.25, 203.75, 174.25, 219.25, 181.0, 134.75, 192.55248685625125, 165.5, 143.75, 159.80269941693467, 141.8825, 167.40359922257957, 155.51, 213.55538713582197, 86.0, 81.0]","[(270.1875, 2.0000000000000284), (182.25, 20.0), (203.75, 20.0), (174.25, 70.0), (219.25, 30.0), (181.0, 50.0), (134.75, 4.000000000000057), (192.55248685625125, 15.999999999999943), (165.5, 35.0), (143.75, 5.0), (159.80269941693467, 10.0), (141.8825, 50.0), (167.40359922257957, 60.0), (155.51, 46.999999999999886), (213.55538713582197, 3.0000000000001137), (86.0, 45.0), (81.0, 5.0)]",,2,2,17,163.51158664964325,47.2,"[0.20000000000000284, 2.0, 2.0, 7.0, 36.0]","[270.1875, 182.25, 203.75, 174.25, 157.07359020242978]",7717.746889863161,[ 0.2  2.   2.   7.  36. ],[270.1875    182.25      203.75      174.25      157.0735902],True,99.40160336403832,283.94400000000314,8,"[0.5978848934173584, 0.7203009128570557, 0.8456199169158936, 0.974078893661499, 1.0785620212554932, 1.1837718486785889, 1.265760898590088, 1.6177217960357666]","[89.39988361501871, 108.76236499598242, 123.77159625670787, 108.3933090879767, 102.86223966918581, 100.67447975215616, 99.77616002480349, 99.40160336403832]","[0, 189.79599999999846, 283.94400000000314, 283.94400000000314, 283.94400000000314, 283.94400000000314, 283.94400000000314, 283.94400000000314]"
22370,"[40.0, 43.0, 52.0, 54.0, 58.0, 60.0, 67.0, 73.0, 76.0, 80.0, 81.0, 81.1]","[0.0, 40.0, 43.0, 52.0, 54.0, 58.0, 60.0, 67.0, 73.0, 76.0, 80.0, 81.0]","[1.0, 1.0, 2.0, 5.0, 2.5, 5.0, 2.5, 1.0, 2.5, 1.0, 3.0, 1.0]","[4, 4, 4, 7, 4, 7, 3, 3, 3, 3, 7, 6]","[4, 5, 9, 8, 9, 7, 2, 2, 3, 3, 3, 6]","[0.5, 1.0, 0.5, 0.25, 0.5, 1.0, 0.25, 0.25, 0.25, 0.25, 0.25, 0.5]","[2.0, 3.0, 1.25, 1.5, 1.0, 1.5, 0.75, 0.75, 0.25, 0.25, 1.0, 1.0]","[0, 0, 0, 1, 0, 1, 0, 0, 0, 0, 0, 0]","[40.0, 3.0, 9.0, 2.0, 4.0, 2.0, 7.0, 6.0, 3.0, 4.0, 1.0, 0.09999999999999432]","[4, 4, 4, 7, 4, 7, 3, 3, 3, 3, 8, 6]","[4, 5, 9, 8, 9, 7, 2, 2, 3, 3, 3, 6]","[158.0, 158.0, 204.0, 292.25, 227.0, 292.25, 181.06998247500167, 155.51, 181.06998247500167, 155.51, 248.0, 140.0]","[158.0, 210.0, 175.0, 376.0, 196.0, 292.25, 155.0, 101.0, 181.06998247500167, 155.51, 202.0738495144293, 140.0]","[158.0, 171.0, 196.75, 313.1875, 219.25, 292.25, 174.55248685625125, 141.8825, 181.06998247500167, 155.51, 236.51846237860732, 140.0]",2008-02-12 11:00,33.0,5,2.0,60.0,3.0,1.7,-999.0,81.1,0,92.99,66.43,1.28,0.21,0.5,0.0,4,202.8,51.45,36,158.4375,79.21875,26.55999999999999,156.46863704819282,137.48095890301832,47.66700805401365,170.12372881355938,181.6550351288056,0.22,-0.09,0.0,0.8808649707021406,0.0,0.77,-0.3025,0.5735001181563245,0.7397110005042291,0.2169603336346793,6.0,0.2337166171845323,15018.666666666664,0.0406082403946404,-0.0,6.0,197.7469839309005,1,5,2.0,"[7.0, 6.0, 3.0, 4.0, 1.0, 0.09999999999999432]","[174.55248685625125, 141.8825, 181.06998247500167, 155.51, 236.51846237860732, 140.0]","[(174.55248685625125, 70.0), (141.8825, 60.0), (181.06998247500167, 30.0), (155.51, 40.0), (236.51846237860732, 10.0), (140.0, 0.9999999999999432)]",,2,3,6,165.35217145959103,21.09999999999999,"[7.0, 6.0, 3.0, 4.0, 1.0999999999999943]","[174.55248685625125, 141.8825, 181.06998247500167, 155.51, 188.25923118930365]",3488.93081779737,[7.  6.  3.  4.  1.1],[174.55248686 141.8825     181.06998248 155.51       188.25923119],True,86.53830365261942,211.24399999999878,9,"[0.20882391929626465, 0.348675012588501, 0.42604899406433105, 0.5133440494537354, 0.7630581855773926, 0.8953180313110352, 1.0114338397979736, 1.1502680778503418, 1.280358076095581]","[74.5413597470649, 94.75635902894554, 99.39478502417414, 87.8077706987953, 82.20776204029427, 82.52536749461075, 85.46676312324459, 86.30510417265822, 86.53830365261942]","[0, 84.89600000000064, 253.6919999999991, 338.08799999999974, 274.66599999999926, 211.24399999999878, 211.24399999999878, 211.24399999999878, 211.24399999999878]"
22390,"[28.0, 42.0, 66.0, 82.0, 90.0, 95.0, 100.0, 103.0, 109.0, 115.0, 134.8, 135.0]","[0.0, 28.0, 42.0, 66.0, 82.0, 90.0, 95.0, 100.0, 103.0, 109.0, 115.0, 134.8]","[4.0, 3.0, 3.5, 2.0, 1.0, 3.5, 1.5, 3.0, 1.0, 1.5, 1.0, 1.0]","[9, 9, 9, 4, 4, 9, 4, 3, 4, 3, 3, 3]","[9, 4, 9, 4, 4, 3, 9, 9, 3, 3, 2, 6]","[0.5, 1.0, 0.5, 1.0, 1.0, 0.25, 0.5, 0.25, 0.25, 0.25, 0.25, 0.25]","[2.0, 2.5, 1.5, 2.5, 2.5, 1.0, 1.25, 1.0, 1.5, 0.5, 0.75, 1.0]","[0, 0, 0, 0, 0, 0, 0, 0, 0, 0, 0, 0]","[28.0, 14.0, 24.0, 16.0, 8.0, 5.0, 5.0, 3.0, 6.0, 6.0, 19.80000000000001, 0.19999999999998863]","[9, 9, 9, 4, 4, 9, 4, 3, 4, 3, 3, 3]","[9, 4, 9, 4, 4, 3, 9, 9, 3, 3, 2, 6]","[259.0, 217.0, 238.0, 204.0, 158.0, 238.0, 181.0, 202.0738495144293, 158.0, 159.41582238929536, 155.51, 155.51]","[259.0, 250.0, 238.0, 204.0, 158.0, 232.12522605741117, 154.0, 217.0, 155.51, 159.41582238929536, 101.0, 140.0]","[259.0, 225.25, 238.0, 204.0, 158.0, 236.5313065143528, 174.25, 205.80538713582197, 157.3775, 159.41582238929536, 141.8825, 151.6325]",2008-02-12 09:00,31.0,3,2.0,90.0,2.0,2.0,-999.0,135.0,1,137.65,91.15,1.85,0.0,1.09,0.0,5,213.3,65.42,44,115.29729729729728,125.67405405405408,46.5,189.1018279569892,216.1474363901271,65.9290230725814,231.6051829268293,244.71108404384896,0.21,0.77,0.0,1.9699475612508897,0.73,0.85,-0.64,0.327573400822193,0.3688062391267241,0.8333878123315496,0.724699581769412,0.2388654467058,13359.535197471543,0.0208213594516033,-0.1,5.17,100.9123351677189,1,4,8.0,"[5.0, 5.0, 3.0, 6.0, 6.0, 19.80000000000001, 0.19999999999998863]","[236.5313065143528, 174.25, 205.80538713582197, 157.3775, 159.41582238929536, 141.8825, 151.6325]","[(236.5313065143528, 50.0), (174.25, 50.0), (205.80538713582197, 30.0), (157.3775, 60.0), (159.41582238929536, 60.0), (141.8825, 198.0000000000001), (151.6325, 1.9999999999998863)]",,1,2,7,164.70405840700002,45.0,"[5.0, 5.0, 3.0, 6.0, 26.0]","[236.5313065143528, 174.25, 205.80538713582197, 157.3775, 150.97694079643176]",7411.682628315001,[ 5.  5.  3.  6. 26.],[236.53130651 174.25       205.80538714 157.3775     150.9769408 ],True,97.75850623114064,450.2439999999988,11,"[0.4701838493347168, 0.5833680629730225, 0.7513937950134277, 0.8554458618164062, 1.0126328468322754, 1.3448047637939453, 1.4408488273620605, 1.611588954925537, 1.7137408256530762, 1.8221869468688965, 1.9494190216064453]","[79.59203776356273, 112.65594976994043, 120.57861429742198, 101.94057073032808, 88.26122622882004, 87.1966136741431, 93.0099779006945, 95.74822007119575, 96.97956696097678, 97.52186014239972, 97.75850623114064]","[0, 180.49599999999919, 540.4919999999984, 720.4879999999976, 585.3659999999982, 450.2439999999988, 450.2439999999988, 450.2439999999988, 450.2439999999988, 450.2439999999988, 450.2439999999988]"
22391,"[28.0, 38.0, 57.0, 81.8, 82.0]","[0.0, 28.0, 38.0, 57.0, 81.8]","[1.0, 2.5, 1.0, 1.0, 1.0]","[5, 4, 5, 3, 6]","[5, 5, 4, 4, 6]","[3.0, 1.0, 1.0, 0.25, 0.5]","[6.0, 4.0, 4.0, 1.0, 1.0]","[0, 0, 0, 0, 0]","[28.0, 10.0, 19.0, 24.799999999999997, 0.20000000000000284]","[5, 4, 5, 3, 6]","[5, 5, 4, 4, 6]","[210.0, 227.0, 210.0, 155.51, 140.0]","[210.0, 247.5, 158.0, 158.0, 140.0]","[210.0, 232.125, 197.0, 156.1325, 140.0]",2008-02-12 15:00,42.0,4,1.0,57.0,2.0,1.7,-999.0,82.0,1,92.06,61.0,1.98,0.0,1.16,0.0,5,192.4,58.12,44,97.1717171717172,112.71919191919191,31.06,161.97289117836442,144.0661606801219,47.94247355908695,179.07044513457558,195.9475455820476,0.22,0.54,0.0,1.3635654885654884,0.87,0.69,-0.2769,0.4904109188097867,0.5806881089722502,0.3585341804431368,0.179538529734526,0.1619132847998085,6681.134555874773,0.004097775857397,-0.0,6.0,131.83132262060033,1,2,19.0,"[24.799999999999997, 0.20000000000000284]","[156.1325, 140.0]","[(156.1325, 247.99999999999997), (140.0, 2.0000000000000284)]",,2,2,2,156.00343999999998,25.0,"[24.799999999999997, 0.20000000000000284, 0, 0, 0]","[156.1325, 140.0, 0, 0, 0]",3900.086,[24.8  0.2  0.   0.   0. ],[156.1325 140.       0.       0.       0.    ],True,82.51824215646724,300.49199999999837,3,"[0.21743202209472656, 0.33072423934936523, 0.44275617599487305]","[77.44831862580584, 80.68187305554996, 82.51824215646724]","[0, 200.49199999999837, 300.49199999999837]"
22410,"[18.0, 20.0, 31.0, 56.0, 61.0, 71.0, 75.0, 83.0, 98.7, 99.0]","[0.0, 18.0, 20.0, 31.0, 56.0, 61.0, 71.0, 75.0, 83.0, 98.7]","[1.5, 2.0, 1.5, 1.0, 3.0, 1.0, 1.5, 2.0, 1.0, 3.0]","[5, 5, 5, 5, 5, 5, 4, 4, 2, 4]","[5, 5, 5, 5, 4, 5, 4, 4, 3, 9]","[2.0, 2.0, 2.0, 1.0, 0.5, 2.0, 0.5, 0.5, 0.25, 0.5]","[3.0, 2.0, 2.0, 2.0, 1.5, 2.0, 0.75, 0.75, 0.5, 0.5]","[0, 0, 0, 0, 0, 0, 0, 0, 0, 0]","[18.0, 2.0, 11.0, 25.0, 5.0, 10.0, 4.0, 8.0, 15.700000000000003, 0.29999999999999716]","[5, 5, 5, 5, 5, 5, 4, 4, 2, 4]","[5, 5, 5, 5, 4, 5, 4, 4, 3, 9]","[222.5, 235.0, 222.5, 210.0, 260.0, 210.0, 181.0, 204.0, 101.0, 250.0]","[222.5, 235.0, 222.5, 210.0, 250.0, 210.0, 181.0, 204.0, 155.51, 217.0]","[222.5, 235.0, 222.5, 210.0, 257.5, 210.0, 181.0, 204.0, 114.6275, 241.75]",2008-02-12 09:00,30.0,5,1.0,56.0,2.0,2.0,-999.0,99.0,0,110.94,42.32,1.71,0.05,0.88,0.0,5,257.2,153.5,77,150.40935672514618,132.36023391812864,68.62,205.85568347420585,186.7610565731964,76.05872562065025,260.56535018430753,269.29819354838713,0.22,0.48,-0.5,1.5242954140272351,0.78,1.27,-1.051,0.221978477677528,0.276264980596505,1.261692890043039,1.1144855287666036,0.3121561326654316,21805.10611547543,0.0726159658046237,-0.0,3.22,197.7469839309005,1,3,25.0,"[5.0, 10.0, 4.0, 8.0, 15.700000000000003, 0.29999999999999716]","[257.5, 210.0, 181.0, 204.0, 114.6275, 241.75]","[(257.5, 50.0), (210.0, 100.0), (181.0, 40.0), (204.0, 80.0), (114.6275, 157.00000000000003), (241.75, 2.9999999999999716)]",,2,3,6,177.10876162790697,43.0,"[5.0, 10.0, 4.0, 8.0, 16.0]","[257.5, 210.0, 181.0, 204.0, 178.18875]",7615.67675,[ 5. 10.  4.  8. 16.],[257.5     210.      181.      204.      178.18875],True,96.79643084292042,559.3659999999982,8,"[0.5038197040557861, 0.6301567554473877, 0.7379457950592041, 0.9034428596496582, 1.0124506950378418, 1.1317088603973389, 1.4420900344848633, 1.5840518474578857]","[81.65791312999463, 121.28817874870029, 130.861923453855, 104.87221812177249, 95.10884692760395, 96.10947782695203, 96.57834628947379, 96.79643084292042]","[0, 171.99599999999919, 688.4879999999976, 688.4879999999976, 559.3659999999982, 559.3659999999982, 559.3659999999982, 559.3659999999982]"
22430,"[30.0, 53.0, 67.0, 68.0, 83.0, 92.5, 93.0, 113.0, 115.0, 117.0, 125.0, 129.0, 138.5, 139.0, 146.0, 148.5, 150.0]","[0.0, 30.0, 53.0, 67.0, 68.0, 83.0, 92.5, 93.0, 113.0, 115.0, 117.0, 125.0, 129.0, 138.5, 139.0, 146.0, 148.5]","[4.0, 3.0, 1.5, 2.5, 2.5, 1.5, 2.5, 1.0, 1.0, 3.0, 1.0, 4.0, 1.0, 2.0, 1.0, 3.0, 4.0]","[3, 9, 9, 7, 9, 9, 7, 9, 5, 7, 9, 7, 4, 3, 3, 7, 7]","[9, 9, 9, 4, 9, 9, 4, 4, 9, 4, 9, 4, 3, 4, 4, 4, 4]","[0.5, 1.0, 1.25, 1.0, 0.75, 0.75, 1.0, 1.0, 2.0, 1.5, 0.75, 1.0, 0.5, 0.5, 0.5, 0.75, 0.75]","[1.0, 1.5, 2.0, 2.0, 1.25, 1.5, 2.0, 2.0, 3.0, 2.5, 1.5, 2.0, 1.0, 0.5, 0.75, 1.5, 1.5]","[0, 0, 0, 1, 0, 0, 1, 0, 0, 1, 0, 1, 0, 0, 0, 1, 1]","[30.0, 23.0, 14.0, 1.0, 15.0, 9.5, 0.5, 20.0, 2.0, 2.0, 8.0, 4.0, 9.5, 0.5, 7.0, 2.5, 1.5]","[3, 9, 9, 7, 9, 9, 7, 9, 5, 7, 9, 7, 4, 3, 3, 7, 7]","[9, 9, 9, 4, 9, 9, 4, 4, 9, 4, 9, 4, 3, 4, 4, 4, 4]","[272.9777961056527, 217.0, 154.0, 292.25, 196.0, 154.0, 292.25, 133.0, 210.0, 292.25, 133.0, 292.25, 158.0, 167.40359922257957, 155.51, 292.25, 292.25]","[259.0, 217.0, 154.0, 227.0, 196.0, 154.0, 227.0, 158.0, 133.0, 250.0, 133.0, 296.0, 155.51, 204.0, 158.0, 250.0, 296.0]","[269.48334707923954, 217.0, 154.0, 275.9375, 196.0, 154.0, 275.9375, 139.25, 190.75, 281.6875, 133.0, 293.1875, 157.3775, 176.55269941693467, 156.1325, 281.6875, 293.1875]",2008-02-12 09:00,36.0,6,3.0,115.0,3.0,1.0,0.0,150.0,1,152.45,108.61,1.47,0.06,0.73,0.0,4,207.3,43.54,35,141.0204081632653,102.94489795918368,43.83999999999999,187.0261405109489,189.0014213155084,69.78094534351496,222.11782905086517,223.72588495575224,0.21,0.75,-1.0,2.6069906737417594,0.0,0.8,-0.5295,0.3474489766932476,0.3845148256491968,0.7551487799103758,0.6607174833567118,0.2933164407163196,15558.790294288025,0.0275201377082027,-0.1,3.8,439.4377420686678,1,8,2.0,"[2.0, 8.0, 4.0, 9.5, 0.5, 7.0, 2.5, 1.5]","[281.6875, 133.0, 293.1875, 157.3775, 176.55269941693467, 156.1325, 281.6875, 293.1875]","[(281.6875, 20.0), (133.0, 80.0), (293.1875, 40.0), (157.3775, 95.0), (176.55269941693467, 5.0), (156.1325, 70.0), (281.6875, 25.0), (293.1875, 15.0)]",,2,3,8,189.15471713452763,35.0,"[2.0, 8.0, 4.0, 9.5, 11.5]","[281.6875, 133.0, 293.1875, 157.3775, 226.89004985423367]",6620.415099708467,[ 2.   8.   4.   9.5 11.5],[281.6875     133.         293.1875     157.3775     226.89004985],True,146.91701501853586,711.4551732906657,18,"[0.29173707962036133, 0.4008769989013672, 0.7581632137298584, 0.8886001110076904, 1.0322380065917969, 1.1263339519500732, 1.2517712116241455, 1.346574068069458, 1.4521610736846924, 1.6150791645050049, 1.8478078842163086, 1.977741003036499, 2.1354479789733887, 2.249091148376465, 2.3529469966888428, 2.4625771045684814, 2.56327486038208, 2.888209104537964]","[126.9678986562713, 176.12387037730406, 157.5677075849061, 134.32655548515606, 133.06188141676557, 144.85237816302677, 150.26286638191328, 139.28671419117924, 134.92642572050642, 143.15561205509798, 146.84069781973656, 148.4188188732318, 136.99145997233674, 132.4297060160506, 140.8117471993974, 144.59607541788313, 146.22751952597912, 146.91701501853586]","[0, 700.9799999999996, 980.9719999999979, 887.4746666666651, 677.2306666666664, 677.2306666666664, 816.482688, 816.482688, 700.1080106666668, 700.1080106666668, 700.1080106666668, 839.1770132480015, 839.1770132480015, 711.4551732906657, 711.4551732906657, 711.4551732906657, 711.4551732906657, 711.4551732906657]"
22610,"[24.0, 33.0, 46.0, 52.0, 72.0, 92.0, 97.0, 99.5, 100.0, 102.0, 122.9, 123.0]","[0.0, 24.0, 33.0, 46.0, 52.0, 72.0, 92.0, 97.0, 99.5, 100.0, 102.0, 122.9]","[3.5, 3.0, 2.0, 3.0, 2.5, 1.0, 2.0, 1.0, 3.5, 2.0, 1.0, 2.5]","[5, 9, 5, 9, 9, 5, 5, 5, 7, 3, 2, 3]","[4, 9, 9, 9, 9, 5, 9, 4, 7, 3, 3, 3]","[1.0, 1.0, 2.0, 0.5, 0.5, 2.0, 1.0, 1.0, 2.0, 0.25, 0.5, 0.25]","[2.0, 2.0, 2.0, 1.0, 1.5, 3.0, 2.0, 2.0, 2.0, 0.5, 1.5, 0.25]","[0, 0, 0, 0, 0, 0, 0, 0, 1, 0, 0, 0]","[24.0, 9.0, 13.0, 6.0, 20.0, 20.0, 5.0, 2.5, 0.5, 2.0, 20.900000000000006, 0.09999999999999432]","[5, 9, 5, 9, 9, 5, 5, 5, 7, 3, 2, 3]","[4, 9, 9, 9, 9, 5, 9, 4, 7, 3, 3, 3]","[272.5, 217.0, 235.0, 217.0, 196.0, 210.0, 235.0, 210.0, 292.25, 167.40359922257957, 101.0, 181.06998247500167]","[273.0, 217.0, 175.0, 217.0, 196.0, 210.0, 175.0, 158.0, 292.25, 167.40359922257957, 155.51, 181.06998247500167]","[272.625, 217.0, 220.0, 217.0, 196.0, 210.0, 220.0, 197.0, 292.25, 167.40359922257957, 114.6275, 181.06998247500167]",2008-02-12 11:00,38.0,6,3.0,92.0,3.0,2.0,-999.0,123.0,1,130.05,92.5,1.12,0.25,0.45,0.0,4,215.9,58.27,35,192.76785714285717,86.7455357142857,37.55000000000001,172.1443675099867,197.8676351140365,53.07725234508601,202.12570239334028,203.37638554216855,0.22,0.3000000000000001,0.0,1.5297054869576026,0.59,0.87,-0.4153,0.4056501501526489,0.5066712669727853,0.667163460033938,0.3930315364612104,0.3248159933245344,17865.305898491086,0.0625683385233213,-0.0,5.82,439.4377420686678,1,5,20.0,"[5.0, 2.5, 0.5, 2.0, 20.900000000000006, 0.09999999999999432]","[220.0, 197.0, 292.25, 167.40359922257957, 114.6275, 181.06998247500167]","[(220.0, 50.0), (197.0, 25.0), (292.25, 5.0), (167.40359922257957, 20.0), (114.6275, 209.00000000000006), (181.06998247500167, 0.9999999999999432)]",,2,3,6,144.7501273126664,31.0,"[5.0, 2.5, 0.5, 2.0, 21.0]","[220.0, 197.0, 292.25, 167.40359922257957, 147.84874123750083]",4487.253946692658,[ 5.   2.5  0.5  2.  21. ],[220.         197.         292.25       167.40359922 147.84874124],True,88.37519058607428,219.88627228581754,19,"[0.22011899948120117, 0.3203999996185303, 0.44860005378723145, 0.5518960952758789, 0.6609458923339844, 0.8593490123748779, 1.0193541049957275, 1.1207311153411865, 1.2354800701141357, 1.345851182937622, 1.4405269622802734, 1.5333969593048096, 1.652860164642334, 1.939154863357544, 2.0756399631500244, 2.2060790061950684, 2.337718963623047, 2.480271100997925, 2.5710840225219727]","[77.1074687704436, 105.44090318995869, 92.0123428055315, 73.45084650163531, 72.63274423120072, 84.81494155303108, 88.9868741366639, 85.47093492101367, 74.6177045017753, 80.76224969502815, 86.68500177297223, 88.56623062357839, 89.13391770335784, 84.95377892906463, 73.46740621151241, 83.54310704129448, 86.98373195492559, 88.05264840976434, 88.37519058607428]","[0, 247.992000000002, 496.488000000003, 403.3660000000018, 186.24400000000242, 186.24400000000242, 309.74203225806923, 433.74203225806923, 309.74203225806923, 206.49468817204615, 206.49468817204615, 206.49468817204615, 329.8294084287227, 453.8294084287227, 219.88627228581754, 219.88627228581754, 219.88627228581754, 219.88627228581754, 219.88627228581754]"
22630,"[102.0, 107.0, 108.0, 129.0, 131.0, 148.0, 151.0, 160.0, 187.0, 189.2, 190.0]","[90.0, 102.0, 107.0, 108.0, 129.0, 131.0, 148.0, 151.0, 160.0, 187.0, 189.2]","[3.0, 2.0, 6.0, 2.5, 3.5, 3.0, 4.0, 3.0, 2.0, 3.0, 1.0]","[9, 9, 8, 4, 7, 3, 7, 3, 3, 7, 6]","[9, 9, 8, 3, 7, 3, 7, 2, 3, 7, 6]","[1.0, 1.0, nan, 0.25, 1.0, 0.5, 1.0, 0.25, 0.25, 0.5, 1.0]","[1.0, 1.5, nan, 1.0, 1.0, 0.5, 1.0, 1.0, 0.5, 1.0, 1.0]","[0, 0, 0, 0, 1, 0, 1, 0, 0, 1, 0]","[12.0, 5.0, 1.0, 21.0, 2.0, 17.0, 3.0, 9.0, 27.0, 2.1999999999999886, 0.8000000000000114]","[9, 9, 8, 4, 7, 3, 7, 3, 3, 7, 6]","[9, 9, 8, 3, 7, 3, 7, 2, 3, 7, 6]","[217.0, 175.0, 440.0, 227.0, 292.25, 202.0738495144293, 292.25, 202.0738495144293, 167.40359922257957, 292.25, 140.0]","[217.0, 175.0, 440.0, 181.06998247500167, 292.25, 202.0738495144293, 292.25, 173.0, 167.40359922257957, 292.25, 140.0]","[217.0, 175.0, 440.0, 215.51749561875042, 292.25, 202.0738495144293, 292.25, 194.80538713582197, 167.40359922257957, 292.25, 140.0]",2008-02-12 11:00,35.0,6,3.0,148.0,3.0,2.0,-999.0,190.0,0,178.46,128.96,1.09,0.31,0.47,0.0,4,241.5,58.76,35,221.5596330275229,104.13302752293578,49.5,191.22054545454543,231.05737179871937,69.24281865450385,240.10853453116215,242.95362946912243,0.22,0.53,-1.5,2.326042590949424,0.75,1.11,-0.6329,0.3077204674390297,0.3870389944655117,1.0973902267535067,0.8313089996121097,0.4187130372108144,20142.14282078962,0.0634202734267326,-0.1,3.9,439.4377420686678,1,5,17.0,"[3.0, 9.0, 27.0, 2.1999999999999886, 0.8000000000000114]","[292.25, 194.80538713582197, 167.40359922257957, 292.25, 140.0]","[(292.25, 30.0), (194.80538713582197, 90.0), (167.40359922257957, 270.0), (292.25, 21.999999999999886), (140.0, 8.000000000000114)]",,2,3,5,188.2106110293344,42.0,"[3.0, 9.0, 27.0, 2.1999999999999886, 0.8000000000000114]","[292.25, 194.80538713582197, 167.40359922257957, 292.25, 140.0]",7904.845663232046,[ 3.   9.  27.   2.2  0.8],[292.25       194.80538714 167.40359922 292.25       140.        ],True,125.13502367130803,806.6146885245835,15,"[0.24233412742614746, 0.34130311012268066, 0.4452188014984131, 0.5663609504699707, 0.6970791816711426, 0.8211750984191895, 1.1721060276031494, 1.2937629222869873, 1.4206180572509766, 1.5610790252685547, 1.7205440998077393, 1.8438851833343506, 1.9424331188201904, 2.359143018722534, 2.4423859119415283]","[98.14697424544279, 146.87617039122588, 141.755575803376, 117.68986989376401, 107.05447992511088, 116.6771279805167, 121.88274047331647, 124.5302011453949, 125.83515873648649, 120.91152188780228, 118.50545999972793, 122.04453523898589, 123.82694373206054, 124.70597484909669, 125.13502367130803]","[0, 672.9839999999967, 1176.971999999998, 1176.971999999998, 784.6479999999938, 784.6479999999938, 784.6479999999938, 784.6479999999938, 952.1863606557308, 952.1863606557308, 806.6146885245835, 806.6146885245835, 806.6146885245835, 806.6146885245835, 806.6146885245835]"
22650,"[32.0, 49.0, 51.0, 65.0, 76.0, 90.0, 91.0, 96.5, 97.0, 106.0, 112.0, 120.0, 126.8, 127.0]","[0.0, 32.0, 49.0, 51.0, 65.0, 76.0, 90.0, 91.0, 96.5, 97.0, 106.0, 112.0, 120.0, 126.8]","[1.5, 3.5, 2.5, 3.5, 2.5, 2.0, 1.0, 2.0, 6.0, 2.0, 4.0, 1.0, 3.0, 1.0]","[7, 9, 9, 9, 9, 4, 4, 9, 8, 9, 7, 3, 7, 6]","[7, 4, 9, 4, 4, 4, 5, 4, 8, 4, 7, 2, 7, 6]","[0.5, 0.75, 1.0, 0.75, 0.75, 0.75, 1.0, 1.0, nan, 1.0, 0.5, 0.25, 1.0, 1.0]","[0.75, 1.25, 2.0, 1.0, 1.0, 1.0, 3.0, 1.5, nan, 1.0, 1.5, 1.0, 1.5, 1.0]","[0, 0, 0, 0, 0, 0, 0, 0, 0, 0, 1, 0, 1, 0]","[32.0, 17.0, 2.0, 14.0, 11.0, 14.0, 1.0, 5.5, 0.5, 9.0, 6.0, 8.0, 6.799999999999997, 0.20000000000000284]","[8, 9, 9, 9, 9, 4, 4, 9, 8, 9, 7, 3, 7, 6]","[8, 4, 9, 4, 4, 4, 5, 4, 8, 4, 7, 2, 7, 6]","[152.0, 238.0, 196.0, 238.0, 196.0, 204.0, 158.0, 175.0, 440.0, 175.0, 292.25, 155.51, 292.25, 140.0]","[152.0, 273.0, 196.0, 273.0, 227.0, 204.0, 210.0, 204.0, 440.0, 204.0, 292.25, 101.0, 292.25, 140.0]","[152.0, 246.75, 196.0, 246.75, 203.75, 204.0, 171.0, 182.25, 440.0, 182.25, 292.25, 141.8825, 292.25, 140.0]",2008-02-12 14:00,35.0,6,3.0,96.5,3.0,2.0,-999.0,127.0,1,127.84,85.31,1.49,0.21,0.75,0.0,4,228.8,59.69,44,153.55704697986582,115.16778523489936,42.53,194.32494709616745,171.27016026811185,73.26075037368858,225.20296371997964,235.97493857493853,0.2,0.55,-1.0,1.8282761121856863,0.0,0.99,-0.5479999999999999,0.3581510260576527,0.4205125479667078,0.9232544504032422,0.7414937241421112,0.3156578231142056,13842.372835555554,0.0194016539874944,-0.1,3.99,439.4377420686678,1,7,5.5,"[0.5, 9.0, 6.0, 8.0, 6.799999999999997, 0.20000000000000284]","[440.0, 182.25, 292.25, 141.8825, 292.25, 140.0]","[(440.0, 5.0), (182.25, 90.0), (292.25, 60.0), (141.8825, 80.0), (292.25, 67.99999999999997), (140.0, 2.0000000000000284)]",,2,3,6,221.7740983606557,30.5,"[0.5, 9.0, 6.0, 8.0, 7.0]","[440.0, 182.25, 292.25, 141.8825, 216.125]",6764.109999999999,[0.5 9.  6.  8.  7. ],[440.     182.25   292.25   141.8825 216.125 ],True,157.1163467444321,700.4165478158211,13,"[0.26761293411254883, 0.36156582832336426, 0.4997527599334717, 0.616689920425415, 0.9266469478607178, 1.055264949798584, 1.1495437622070312, 1.2833588123321533, 1.4050910472869873, 1.5241189002990723, 1.6711809635162354, 1.8002679347991943, 2.1018097400665283]","[132.8649118183527, 189.76510386079218, 175.81607656571754, 149.9031042313943, 140.0372983424355, 150.4231601577513, 155.08581368230506, 157.07082469927798, 153.4326502107047, 151.90718665197545, 155.16326920174805, 156.54178792360054, 157.1163467444321]","[0, 610.9799999999996, 976.9680000000008, 976.9680000000008, 686.1918095238107, 686.1918095238107, 686.1918095238107, 807.9009240456526, 807.9009240456526, 700.4165478158211, 700.4165478158211, 700.4165478158211, 700.4165478158211]"
22691,"[20.0, 35.0, 47.0, 48.0, 53.0, 64.0, 65.0, 73.0, 75.0, 79.5, 80.0, 85.5, 87.0, 106.0, 108.0]","[0.0, 20.0, 35.0, 47.0, 48.0, 53.0, 64.0, 65.0, 73.0, 75.0, 79.5, 80.0, 85.5, 87.0, 106.0]","[3.5, 2.5, 1.5, 2.0, 1.0, 1.5, 1.5, 1.0, 3.0, 1.0, 2.5, 1.0, 3.0, 1.0, 3.5]","[9, 9, 9, 7, 9, 9, 9, 9, 7, 9, 7, 4, 7, 3, 7]","[9, 9, 9, 4, 5, 9, 9, 5, 4, 9, 4, 9, 4, 4, 4]","[0.75, 1.0, 1.5, 1.0, 1.5, 1.5, 1.0, 1.0, 1.0, 1.0, 0.75, 0.75, 1.0, 0.5, 0.5]","[1.5, 2.0, 2.5, 2.0, 3.0, 2.5, 2.0, 2.0, 2.0, 1.5, 1.0, 1.25, 1.5, 0.75, 1.0]","[0, 0, 0, 1, 0, 0, 0, 0, 1, 0, 1, 0, 1, 0, 1]","[20.0, 15.0, 12.0, 1.0, 5.0, 11.0, 1.0, 8.0, 2.0, 4.5, 0.5, 5.5, 1.5, 19.0, 2.0]","[9, 9, 9, 7, 9, 9, 9, 9, 7, 9, 7, 4, 7, 3, 7]","[9, 9, 9, 4, 5, 9, 9, 5, 4, 9, 4, 9, 4, 4, 4]","[238.0, 196.0, 154.0, 292.25, 133.0, 154.0, 154.0, 133.0, 292.25, 133.0, 292.25, 158.0, 292.25, 155.51, 292.25]","[238.0, 196.0, 154.0, 204.0, 210.0, 154.0, 154.0, 210.0, 250.0, 133.0, 227.0, 133.0, 250.0, 158.0, 273.0]","[238.0, 196.0, 154.0, 270.1875, 152.25, 154.0, 154.0, 152.25, 281.6875, 133.0, 275.9375, 151.75, 281.6875, 156.1325, 287.4375]",2008-02-12 11:00,35.0,3,2.0,106.0,2.0,1.0,-999.0,108.0,0,118.79,116.14,1.03,0.33,0.25,0.0,4,129.4,6.934,5,125.63106796116504,31.40776699029126,2.6500000000000057,107.78603773584904,76.36981357003556,29.97123071706543,107.78603773584904,100.37936507936506,0.21,-0.23,0.0,0.7233323520031403,0.46,0.3,-0.02585,5.747986089898863,6.875751929406017,6.0,6.0,0.1316013910346736,6598.319398496242,0.0072318862809913,-0.1,6.0,100.9123351677189,1,13,19.0,[2.0],[287.4375],"[(287.4375, 20.0)]",,1,2,1,287.4375,2.0,"[2.0, 0, 0, 0, 0]","[287.4375, 0, 0, 0, 0]",574.875,[2. 0. 0. 0. 0.],[287.4375   0.       0.       0.       0.    ],True,43.76266404924316,0.0,6,"[0.11817097663879395, 0.23308706283569336, 0.33672618865966797, 0.4615161418914795, 0.580376148223877, 0.6750340461730957]","[22.62151573365554, 39.871303392809224, 100.63832789864774, 19.454316645946967, 12.735733510682298, 43.76266404924316]","[0, 47.97600000000011, 504.37200000000007, 576.3519999999999, 23.396210526315826, 0]"
22692,"[35.0, 55.0, 61.0, 74.0, 88.0, 97.0, 98.0, 106.0, 108.0, 113.0, 115.0, 130.0, 131.5, 132.0]","[0.0, 35.0, 55.0, 61.0, 74.0, 88.0, 97.0, 98.0, 106.0, 108.0, 113.0, 115.0, 130.0, 131.5]","[3.5, 2.5, 1.0, 2.5, 1.5, 1.0, 3.5, 1.0, 4.0, 1.0, 2.0, 1.0, 4.0, 1.0]","[9, 9, 9, 9, 9, 5, 7, 4, 7, 3, 3, 4, 7, 5]","[9, 9, 5, 9, 9, 9, 4, 9, 4, 4, 4, 2, 4, 4]","[1.0, 1.0, 1.5, 0.75, 1.0, 2.0, 1.0, 0.75, 0.75, 0.5, 0.5, 0.5, 0.75, 1.0]","[2.0, 2.0, 3.0, 1.5, 2.0, 3.0, 2.0, 1.5, 1.5, 1.0, 0.75, 1.0, 1.25, 1.0]","[0, 0, 0, 0, 0, 0, 1, 0, 1, 0, 0, 0, 1, 0]","[35.0, 20.0, 6.0, 13.0, 14.0, 9.0, 1.0, 8.0, 2.0, 5.0, 2.0, 15.0, 1.5, 0.5]","[9, 9, 9, 9, 9, 5, 7, 4, 7, 3, 3, 4, 7, 5]","[9, 9, 5, 9, 9, 9, 4, 9, 4, 4, 4, 2, 4, 4]","[238.0, 196.0, 133.0, 196.0, 154.0, 210.0, 292.25, 158.0, 292.25, 155.51, 167.40359922257957, 158.0, 292.25, 210.0]","[238.0, 196.0, 210.0, 196.0, 154.0, 133.0, 273.0, 133.0, 296.0, 158.0, 204.0, 101.0, 296.0, 158.0]","[238.0, 196.0, 152.25, 196.0, 154.0, 190.75, 287.4375, 151.75, 293.1875, 156.1325, 176.55269941693467, 143.75, 293.1875, 197.0]",2008-02-12 12:00,35.0,4,2.0,108.0,3.0,1.0,0.0,132.0,1,138.03,97.14,1.1,0.32,0.49,0.0,4,241.6,52.81,36,219.63636363636363,107.62181818181816,40.89,184.0303252629004,174.66981442293073,68.32856714309057,214.21844559585492,229.7501570680629,0.21,-0.0799999999999998,0.0,0.8604360758783254,0.0,1.11,-0.5076,0.3725156062174608,0.4866284251034951,0.979854973665854,0.6014151920297337,0.3831759546780358,15136.592494744553,0.0262318211597388,-0.1,4.1,131.83132262060033,1,8,2.0,"[5.0, 2.0, 15.0, 1.5, 0.5]","[156.1325, 176.55269941693467, 143.75, 293.1875, 197.0]","[(156.1325, 50.0), (176.55269941693467, 20.0), (143.75, 150.0), (293.1875, 15.0), (197.0, 5.0)]",,2,2,5,159.51246453474457,24.0,"[5.0, 2.0, 15.0, 1.5, 0.5]","[156.1325, 176.55269941693467, 143.75, 293.1875, 197.0]",3828.29914883387,[ 5.   2.  15.   1.5  0.5],[156.1325     176.55269942 143.75       293.1875     197.        ],True,108.35307389356709,264.6140000000014,9,"[0.2619948387145996, 0.4146759510040283, 0.5247149467468262, 0.6189899444580078, 0.7183239459991455, 1.083570957183838, 1.2060949802398682, 1.309765100479126, 1.4367690086364746]","[84.44791166645821, 111.75069567532712, 119.80101952044824, 103.91697589772787, 99.67512461312869, 104.83698116430305, 107.38158132202365, 108.13431176140472, 108.35307389356709]","[0, 96.99600000000282, 384.9840000000004, 384.9840000000004, 336.7360000000008, 264.6140000000014, 264.6140000000014, 264.6140000000014, 264.6140000000014]"
22693,"[30.0, 52.0, 85.0, 109.0, 112.0, 113.0, 125.0, 129.0, 139.7, 140.0, 149.0, 152.0]","[0.0, 30.0, 52.0, 85.0, 109.0, 112.0, 113.0, 125.0, 129.0, 139.7, 140.0, 149.0]","[2.5, 1.0, 2.0, 1.0, 2.0, 2.5, 1.0, 4.0, 1.5, 2.5, 1.0, 2.5]","[9, 9, 9, 9, 7, 7, 9, 7, 3, 7, 3, 7]","[9, 9, 9, 9, 4, 4, 9, 7, 3, 7, 2, 7]","[0.75, 1.0, 0.75, 1.0, 1.0, 1.0, 0.75, 1.0, 0.5, 0.5, 0.5, 1.0]","[1.25, 2.0, 1.5, 1.5, 2.0, 2.0, 1.5, 1.5, 0.5, 1.0, 0.75, 2.0]","[0, 0, 0, 0, 0, 1, 0, 1, 0, 1, 0, 1]","[30.0, 22.0, 33.0, 24.0, 3.0, 1.0, 12.0, 4.0, 10.699999999999989, 0.30000000000001137, 9.0, 3.0]","[9, 9, 9, 9, 8, 7, 9, 7, 3, 7, 3, 7]","[9, 9, 9, 9, 4, 4, 9, 7, 3, 7, 2, 7]","[196.0, 133.0, 175.0, 133.0, 184.0, 292.25, 133.0, 292.25, 159.41582238929536, 292.25, 155.51, 292.25]","[196.0, 133.0, 175.0, 133.0, 204.0, 227.0, 133.0, 292.25, 159.41582238929536, 292.25, 101.0, 292.25]","[196.0, 133.0, 175.0, 133.0, 189.0, 275.9375, 133.0, 292.25, 159.41582238929536, 292.25, 141.8825, 292.25]",2008-02-12 13:00,33.0,5,2.0,109.0,3.0,1.0,0.0,152.0,1,152.81,108.36,1.24,0.18,0.57,0.0,4,222.5,56.0,35,179.43548387096774,102.2782258064516,44.45,192.3007874015748,205.4087766100056,71.7294139979797,231.9029304029304,241.52543153049484,0.21,0.59,-1.5,2.4727121866897144,0.6,0.93,-0.5962,0.3426808355057811,0.395553149132237,0.8767069355800949,0.7258736304405036,0.3699477954898742,18810.24151020827,0.04983824084791,-0.1,3.76,197.7469839309005,1,3,24.0,"[3.0, 1.0, 12.0, 4.0, 10.699999999999989, 0.30000000000001137, 9.0, 3.0]","[189.0, 275.9375, 133.0, 292.25, 159.41582238929536, 292.25, 141.8825, 292.25]","[(189.0, 30.0), (275.9375, 10.0), (133.0, 120.0), (292.25, 40.0), (159.41582238929536, 106.99999999999989), (292.25, 3.0000000000001137), (141.8825, 90.0), (292.25, 30.0)]",,2,3,8,175.6989371991968,43.0,"[3.0, 1.0, 12.0, 4.0, 23.0]","[189.0, 275.9375, 133.0, 292.25, 221.44958059732386]",7555.054299565462,[ 3.  1. 12.  4. 23.],[189.        275.9375    133.        292.25      221.4495806],True,137.08251163970743,706.7806552131115,14,"[0.29610586166381836, 0.6179471015930176, 0.6899471282958984, 0.8323969841003418, 0.9447159767150879, 1.067645788192749, 1.1771650314331055, 1.288619041442871, 1.3951761722564697, 1.7420620918273926, 1.9089369773864746, 2.051448106765747, 2.1660001277923584, 2.2886481285095215]","[100.63524662248939, 150.43852868956122, 148.0044836510318, 134.6388807662086, 128.86264584033864, 126.19258137155288, 137.17314969534482, 142.61142522094246, 130.6795144649455, 130.12525430523652, 133.9969306211446, 135.83513501869112, 136.68941773108764, 137.08251163970743]","[0, 516.9879999999976, 860.9799999999959, 860.9799999999959, 860.9799999999959, 637.0351999999984, 637.0351999999984, 808.3452159999979, 851.281067016389, 706.7806552131115, 706.7806552131115, 706.7806552131115, 706.7806552131115, 706.7806552131115]"
22710,"[10.0, 20.0, 50.0, 63.0, 77.0, 79.0, 80.0, 85.0, 89.5, 91.0, 98.5, 100.0, 110.0, 122.0, 123.0]","[0.0, 10.0, 20.0, 50.0, 63.0, 77.0, 79.0, 80.0, 85.0, 89.5, 91.0, 98.5, 100.0, 110.0, 122.0]","[1.0, 3.5, 2.5, 2.0, 1.0, 1.0, 2.5, 2.0, 1.0, 3.0, 1.0, 2.5, 1.5, 1.0, 2.5]","[5, 9, 9, 9, 9, 5, 7, 9, 9, 7, 4, 7, 3, 3, 7]","[9, 9, 9, 9, 5, 9, 4, 9, 9, 4, 3, 7, 2, 3, 4]","[2.0, 0.75, 1.5, 1.5, 1.5, 2.0, 1.0, 0.75, 0.75, 0.5, 0.5, 0.5, 0.5, 0.5, 0.5]","[4.0, 1.5, 2.5, 2.5, 2.5, 3.0, 1.5, 1.25, 1.5, 1.0, 1.0, 1.0, 1.0, 0.5, 1.0]","[0, 0, 0, 0, 0, 0, 1, 0, 0, 1, 0, 1, 0, 0, 1]","[10.0, 10.0, 30.0, 13.0, 14.0, 2.0, 1.0, 5.0, 4.5, 1.5, 7.5, 1.5, 10.0, 12.0, 1.0]","[5, 9, 9, 9, 9, 5, 7, 9, 9, 7, 4, 7, 3, 3, 7]","[9, 9, 9, 9, 5, 9, 4, 9, 9, 4, 3, 7, 2, 3, 4]","[210.0, 238.0, 196.0, 175.0, 133.0, 210.0, 292.25, 175.0, 133.0, 292.25, 158.0, 292.25, 159.41582238929536, 155.51, 292.25]","[133.0, 238.0, 196.0, 175.0, 210.0, 133.0, 227.0, 175.0, 133.0, 250.0, 155.51, 292.25, 119.0, 155.51, 227.0]","[190.75, 238.0, 196.0, 175.0, 152.25, 190.75, 275.9375, 175.0, 133.0, 281.6875, 157.3775, 292.25, 149.3118667919715, 155.51, 275.9375]",2008-02-12 14:00,28.0,4,2.0,79.0,3.0,1.0,0.0,123.0,1,130.64,84.12,2.02,0.0,1.13,0.0,5,217.7,63.68,44,107.77227722772275,121.78267326732671,46.51999999999998,194.2401332760103,211.99286979703288,72.66705166096192,246.27993216506505,254.15863013698623,0.21,0.8999999999999999,-0.5,2.087735415709692,0.68,0.89,-0.7044,0.3274325696094579,0.3663777581445315,0.8597171294358269,0.7550847070133099,0.2318114845729663,15006.310909233303,0.0263437114311609,-0.1,4.25,131.83132262060033,1,5,2.0,"[1.0, 5.0, 4.5, 1.5, 7.5, 1.5, 10.0, 12.0, 1.0]","[275.9375, 175.0, 133.0, 281.6875, 157.3775, 292.25, 149.3118667919715, 155.51, 275.9375]","[(275.9375, 10.0), (175.0, 50.0), (133.0, 45.0), (281.6875, 15.0), (157.3775, 75.0), (292.25, 15.0), (149.3118667919715, 100.0), (155.51, 120.0), (275.9375, 10.0)]",,2,2,9,168.76934472544806,44.0,"[1.0, 5.0, 4.5, 1.5, 32.0]","[275.9375, 175.0, 133.0, 281.6875, 206.07737335839428]",7425.851167919715,[ 1.   5.   4.5  1.5 32. ],[275.9375     175.         133.         281.6875     206.07737336],True,125.44430912934848,400.2998983697544,20,"[0.5550117492675781, 0.6836717128753662, 0.8082640171051025, 0.9271647930145264, 1.0501649379730225, 1.1595458984375, 1.295644998550415, 1.6422808170318604, 1.770425796508789, 1.9011037349700928, 2.050856828689575, 2.172247886657715, 2.294614791870117, 2.4011499881744385, 2.730851888656616, 2.8846547603607178, 3.0061230659484863, 3.123806953430176, 3.231874704360962, 3.3546619415283203]","[109.97548431338627, 138.57306767562554, 122.93962604760881, 110.83367581085358, 116.5261798796933, 123.39283810514051, 126.35698023920504, 122.18707512481153, 120.42460909711366, 119.6614788449646, 119.32758122482466, 123.6032842412504, 125.42706642525812, 126.1853613366179, 121.36004735147966, 119.3045833755807, 122.95461893698705, 124.51762736919397, 125.17246237357311, 125.44430912934848]","[0, 528.9879999999976, 704.9839999999967, 484.61399999999776, 352.49199999999837, 352.49199999999837, 527.7803548387055, 527.7803548387055, 527.7803548387055, 527.7803548387055, 381.26956989247265, 381.26956989247265, 381.26956989247265, 556.3258475546318, 556.3258475546318, 400.2998983697544, 400.2998983697544, 400.2998983697544, 400.2998983697544, 400.2998983697544]"
22730,"[10.0, 20.0, 45.0, 70.0, 77.0, 85.0, 95.0, 116.0, 118.0, 120.0, 127.0, 136.0, 140.0, 145.0, 147.0, 162.0, 175.0]","[0.0, 10.0, 20.0, 45.0, 70.0, 77.0, 85.0, 95.0, 116.0, 118.0, 120.0, 127.0, 136.0, 140.0, 145.0, 147.0, 162.0]","[1.0, 3.5, 2.5, 2.0, 3.5, 1.0, 3.0, 1.5, 1.0, 2.5, 1.5, 3.0, 1.0, 3.0, 1.0, 3.0, 1.0]","[5, 9, 9, 9, 9, 9, 9, 4, 4, 3, 4, 3, 4, 3, 4, 3, 3]","[9, 9, 9, 9, 9, 9, 4, 9, 9, 4, 4, 4, 4, 4, 4, 4, 4]","[2.5, 1.0, 1.0, 1.0, 1.0, 2.0, 0.75, 0.75, 1.0, 0.5, 0.75, 0.5, 0.5, 0.5, 0.75, 0.25, 0.75]","[4.0, 1.5, 1.5, 2.0, 1.5, 3.0, 1.5, 1.5, 2.0, 0.75, 1.0, 0.75, 1.0, 1.0, 1.5, 0.75, 0.75]","[0, 0, 0, 0, 0, 0, 0, 0, 0, 0, 0, 0, 0, 0, 0, 0, 0]","[10.0, 10.0, 25.0, 25.0, 7.0, 8.0, 10.0, 21.0, 2.0, 2.0, 7.0, 9.0, 4.0, 5.0, 2.0, 15.0, 13.0]","[5, 9, 9, 9, 9, 9, 9, 4, 4, 3, 4, 3, 4, 3, 4, 3, 3]","[9, 9, 9, 9, 9, 9, 4, 9, 9, 4, 4, 4, 4, 4, 4, 4, 4]","[210.0, 238.0, 196.0, 175.0, 238.0, 133.0, 217.0, 181.0, 158.0, 181.06998247500167, 181.0, 202.0738495144293, 158.0, 202.0738495144293, 158.0, 202.0738495144293, 155.51]","[133.0, 238.0, 196.0, 175.0, 238.0, 133.0, 250.0, 154.0, 133.0, 227.0, 181.0, 250.0, 158.0, 250.0, 158.0, 250.0, 158.0]","[190.75, 238.0, 196.0, 175.0, 238.0, 133.0, 225.25, 174.25, 151.75, 192.55248685625125, 181.0, 214.05538713582197, 158.0, 214.05538713582197, 158.0, 214.05538713582197, 156.1325]",2008-02-12 15:00,33.0,3,2.0,147.0,2.0,1.0,-999.0,175.0,1,171.15,149.44,1.24,0.21,0.46,0.0,4,158.8,19.67,20,128.06451612903226,58.90967741935484,21.710000000000008,144.20700138185163,292.3292676013566,44.84645737845579,148.59496919917862,159.31504065040647,0.22,0.54,0.0,1.9130982367758191,0.57,0.46,-0.2185,0.7016196747227991,0.7713009032920676,6.0,6.0,0.2012071055017873,17789.794178540982,0.0922878853635378,-0.1,6.0,100.9123351677189,1,14,2.0,"[15.0, 13.0]","[214.05538713582197, 156.1325]","[(214.05538713582197, 150.0), (156.1325, 130.0)]",,1,2,2,187.16261810847604,28.0,"[15.0, 13.0, 0, 0, 0]","[214.05538713582197, 156.1325, 0, 0, 0]",5240.553307037329,[15. 13.  0.  0.  0.],[214.05538714 156.1325       0.           0.           0.        ],True,98.98029485739575,308.6140000000014,8,"[0.5960211753845215, 0.7311182022094727, 0.8841321468353271, 1.0204710960388184, 1.115598201751709, 1.2367041110992432, 1.5767884254455566, 1.7160062789916992]","[96.03125534512164, 120.39543307771602, 103.01373407379299, 97.34336388572925, 95.4392494054175, 97.85369227053334, 98.69347515694578, 98.98029485739575]","[0, 336.9879999999994, 392.7360000000008, 392.7360000000008, 308.6140000000014, 308.6140000000014, 308.6140000000014, 308.6140000000014]"
22731,"[12.0, 25.0, 48.0, 60.0, 67.0, 97.0, 100.0, 104.0, 115.0, 119.0, 120.0, 140.0]","[0.0, 12.0, 25.0, 48.0, 60.0, 67.0, 97.0, 100.0, 104.0, 115.0, 119.0, 120.0]","[1.0, 3.5, 3.0, 2.0, 1.0, 2.5, 1.0, 2.0, 1.0, 1.0, 2.0, 1.0]","[5, 9, 9, 9, 9, 9, 9, 9, 5, 4, 3, 3]","[9, 9, 9, 9, 5, 9, 4, 4, 4, 5, 3, 4]","[2.0, 0.75, 1.0, 1.0, 1.25, 0.75, 1.0, 1.0, 1.5, 1.0, 0.5, 0.5]","[4.0, 1.5, 1.5, 2.0, 3.0, 1.5, 2.0, 1.0, 3.0, 2.0, 0.5, 0.75]","[0, 0, 0, 0, 0, 0, 0, 0, 0, 0, 0, 0]","[12.0, 13.0, 23.0, 12.0, 7.0, 30.0, 3.0, 4.0, 11.0, 4.0, 1.0, 20.0]","[5, 9, 9, 9, 9, 9, 9, 9, 5, 4, 3, 3]","[9, 9, 9, 9, 5, 9, 4, 4, 4, 5, 3, 4]","[210.0, 238.0, 217.0, 175.0, 133.0, 196.0, 133.0, 175.0, 210.0, 158.0, 167.40359922257957, 155.51]","[133.0, 238.0, 217.0, 175.0, 210.0, 196.0, 158.0, 204.0, 158.0, 210.0, 167.40359922257957, 158.0]","[190.75, 238.0, 217.0, 175.0, 152.25, 196.0, 139.25, 182.25, 197.0, 171.0, 167.40359922257957, 156.1325]",2008-02-12 16:00,33.0,4,2.0,115.0,3.0,1.3,0.0,140.0,1,143.94,110.83,1.08,0.2,0.65,0.0,4,198.7,49.48,28,183.98148148148147,119.58796296296296,33.11,164.77780126849896,218.58984421298865,51.47436096117608,186.1278747433265,196.955,0.22,0.19,0.0,1.3057005366341898,0.55,0.73,-0.3789,0.4600472104570214,0.5528857344568041,0.4472003899096554,0.2428689834419968,0.3063129839511581,7924.492738031201,0.0061539114648679,-0.1,6.0,131.83132262060033,1,8,11.0,"[4.0, 1.0, 20.0]","[171.0, 167.40359922257957, 156.1325]","[(171.0, 40.0), (167.40359922257957, 10.0), (156.1325, 200.0)]",,2,2,3,158.96214396890318,25.0,"[4.0, 1.0, 20.0, 0, 0]","[171.0, 167.40359922257957, 156.1325, 0, 0]",3974.053599222579,[ 4.  1. 20.  0.  0.],[171.         167.40359922 156.1325       0.           0.        ],True,80.40417855219984,250.73999999999796,6,"[0.27496814727783203, 0.3833498954772949, 0.49854588508605957, 0.7798080444335938, 0.9062798023223877, 1.0361731052398682]","[75.73888522294041, 90.99593865372833, 85.51678222323002, 81.79267947838422, 80.72194552985303, 80.40417855219984]","[0, 200.9920000000002, 250.73999999999796, 250.73999999999796, 250.73999999999796, 250.73999999999796]"
22870,"[35.0, 45.0, 64.0, 66.0, 67.0, 81.0, 86.0, 92.0, 99.0, 107.0, 123.9, 124.0]","[0.0, 35.0, 45.0, 64.0, 66.0, 67.0, 81.0, 86.0, 92.0, 99.0, 107.0, 123.9]","[1.0, 3.5, 1.0, 2.0, 2.5, 2.0, 3.0, 1.5, 4.0, 2.5, 1.0, 1.5]","[5, 4, 5, 4, 4, 4, 3, 3, 3, 3, 3, 3]","[5, 5, 5, 5, 4, 4, 3, 3, 3, 3, 2, 3]","[2.0, 1.0, 2.0, 1.0, 0.5, 0.5, 0.5, 0.5, 0.25, 0.25, 0.25, 0.25]","[3.0, 2.0, 2.0, 1.5, 1.0, 1.5, 0.5, 0.5, 0.25, 0.5, 1.0, 0.25]","[0, 0, 0, 0, 0, 0, 0, 0, 0, 0, 0, 0]","[35.0, 10.0, 19.0, 2.0, 1.0, 14.0, 5.0, 6.0, 7.0, 8.0, 16.900000000000006, 0.09999999999999432]","[5, 4, 5, 4, 4, 4, 3, 3, 3, 3, 3, 3]","[5, 5, 5, 5, 4, 4, 3, 3, 3, 3, 2, 3]","[210.0, 273.0, 210.0, 204.0, 227.0, 204.0, 202.0738495144293, 159.41582238929536, 272.9777961056527, 181.06998247500167, 155.51, 159.41582238929536]","[210.0, 272.5, 210.0, 235.0, 227.0, 204.0, 202.0738495144293, 159.41582238929536, 272.9777961056527, 181.06998247500167, 101.0, 159.41582238929536]","[210.0, 272.875, 210.0, 211.75, 227.0, 204.0, 202.0738495144293, 159.41582238929536, 272.9777961056527, 181.06998247500167, 141.8825, 159.41582238929536]",2008-02-12 15:00,34.0,4,2.0,99.0,3.0,2.0,-999.0,124.0,0,132.1,85.09,1.73,0.04,0.95,0.0,5,207.3,64.06,44,119.82658959537572,113.83526011560694,47.00999999999999,184.00412678153583,215.2777124763876,63.27325971021264,228.36563011456627,234.63234042553185,0.22,0.6599999999999999,0.0,1.859384791556776,0.74,0.8,-0.5916,0.3240196370608801,0.364369816358152,0.7792436497459105,0.6741188447663037,0.2409895897483461,14216.545345056007,0.0287444408335117,-0.1,5.77,131.83132262060033,1,8,7.0,"[8.0, 16.900000000000006, 0.09999999999999432]","[181.06998247500167, 141.8825, 159.41582238929536]","[(181.06998247500167, 80.0), (141.8825, 169.00000000000006), (159.41582238929536, 0.9999999999999432)]",,2,2,3,154.4926276815577,25.0,"[8.0, 16.900000000000006, 0.09999999999999432, 0, 0]","[181.06998247500167, 141.8825, 159.41582238929536, 0, 0]",3862.315692038943,[ 8.  16.9  0.1  0.   0. ],[181.06998248 141.8825     159.41582239   0.           0.        ],True,77.77916929383349,233.66133333333164,8,"[0.24143385887145996, 0.3753378391265869, 0.5094997882843018, 0.7627437114715576, 0.8871560096740723, 1.031702995300293, 1.154371738433838, 1.2917990684509277]","[67.05027301344627, 87.52131508440944, 89.95936242839952, 77.07123246274405, 73.66928251351223, 76.6168443188697, 77.51370890260567, 77.77916929383349]","[0, 100.496000000001, 300.49199999999837, 300.49199999999837, 233.66133333333164, 233.66133333333164, 233.66133333333164, 233.66133333333164]"
22890,"[46.8, 47.0, 64.0, 87.0, 91.0, 97.0, 105.0]","[0.0, 46.8, 47.0, 64.0, 87.0, 91.0, 97.0]","[2.5, 3.5, 2.0, 1.0, 2.0, 2.0, 1.0]","[4, 7, 4, 5, 4, 3, 3]","[5, 7, 4, 4, 4, 3, 2]","[1.0, 2.0, 1.0, 1.5, 0.5, 0.25, 0.25]","[2.0, 2.0, 2.0, 2.5, 1.0, 0.5, 0.5]","[0, 1, 0, 0, 0, 0, 0]","[46.8, 0.20000000000000284, 17.0, 23.0, 4.0, 6.0, 8.0]","[4, 7, 4, 5, 4, 3, 3]","[5, 7, 4, 4, 4, 3, 2]","[227.0, 292.25, 204.0, 210.0, 204.0, 167.40359922257957, 155.51]","[247.5, 292.25, 204.0, 158.0, 204.0, 167.40359922257957, 101.0]","[232.125, 292.25, 204.0, 197.0, 204.0, 167.40359922257957, 141.8825]",2008-02-12 17:00,40.0,4,3.0,91.0,3.0,2.0,-999.0,105.0,1,109.6,77.95,1.22,0.19,0.45,0.0,4,206.6,63.07,35,169.344262295082,76.20491803278689,31.64999999999999,169.87532385466034,174.76503489476818,49.57334063606819,187.9150981378964,191.82376811594204,0.21,0.3199999999999999,0.0,1.5740453909863397,0.71,0.8,-0.3272,0.4812689775112791,0.5832171231233456,0.4703785935529594,0.2463810564295815,0.2907392636572222,17427.24923957774,0.0651507058777831,-0.0,6.0,131.83132262060033,1,4,4.0,"[6.0, 8.0]","[167.40359922257957, 141.8825]","[(167.40359922257957, 60.0), (141.8825, 80.0)]",,2,2,2,152.8201139525341,14.0,"[6.0, 8.0, 0, 0, 0]","[167.40359922257957, 141.8825, 0, 0, 0]",2139.4815953354773,[6. 8. 0. 0. 0.],[167.40359922 141.8825       0.           0.           0.        ],False,58.72491492546817,168.4920000000002,40,"[0.2035839557647705, 0.34916186332702637, 0.4212327003479004, 0.7348678112030029, 0.8466989994049072, 0.9629049301147461, 1.0914568901062012, 1.206204891204834, 1.3346478939056396, 1.4692659378051758, 1.7580127716064453, 1.882957935333252, 1.9954800605773926, 2.115567684173584, 2.211589813232422, 2.348667860031128, 2.454425811767578, 2.84106183052063, 3.0007429122924805, 3.2255208492279053, 3.3195579051971436, 3.4312679767608643, 3.574533700942993, 3.850437879562378, 3.9543569087982178, 4.062093019485474, 4.17777681350708, 4.269290924072266, 4.365047931671143, 4.555077791213989, 4.848697662353516, 4.962342739105225, 5.1195268630981445, 5.223871946334839, 5.338094711303711, 5.630609750747681, 5.717191934585571, 5.995665788650513, 6.199377775192261, 6.309803009033203]","[49.1157691466399, 51.668592958175964, 53.434558513415254, 55.031689854012136, 56.214258881805016, 57.26328457968991, 58.20799607941893, 59.05794574981291, 59.82200248677568, 60.508350773850566, 60.23406464166337, 59.98915112366793, 59.77042401246153, 59.57505063893506, 59.40051113676719, 59.24456267873116, 59.10520802925313, 58.98066785197343, 59.7525583087501, 60.4459883786642, 60.178384693890415, 59.93942792445765, 59.7260125412583, 59.53537722889399, 59.36506529324968, 59.212889889354805, 59.07690343588351, 58.95537067353104, 59.729824480739104, 60.42557208668236, 60.16015557349929, 59.92314855790371, 59.71147188550158, 59.522387570923414, 59.35345957800713, 59.202519370976304, 59.06763561007982, 58.94708745493364, 59.72238048445052, 60.41888686004695]","[0, 55.995999999999185, 55.995999999999185, 111.99200000000019, 112.49200000000019, 112.49200000000019, 112.49200000000019, 112.49200000000019, 112.49200000000019, 168.4920000000002, 168.4920000000002, 168.4920000000002, 168.4920000000002, 168.4920000000002, 168.4920000000002, 168.4920000000002, 168.4920000000002, 112.49200000000019, 112.49200000000019, 168.4920000000002, 168.4920000000002, 168.4920000000002, 168.4920000000002, 168.4920000000002, 168.4920000000002, 168.4920000000002, 168.4920000000002, 112.49200000000019, 112.49200000000019, 168.4920000000002, 168.4920000000002, 168.4920000000002, 168.4920000000002, 168.4920000000002, 168.4920000000002, 168.4920000000002, 168.4920000000002, 112.49200000000019, 112.49200000000019, 168.4920000000002]"
23510,"[10.0, 20.0, 30.0, 55.0, 67.0, 72.0, 95.0, 115.0, 117.0, 118.0, 123.0, 129.0, 129.5, 131.0, 141.5, 144.0, 145.0, 151.0, 156.7, 157.0, 167.5, 168.0, 181.0]","[0.0, 10.0, 20.0, 30.0, 55.0, 67.0, 72.0, 95.0, 115.0, 117.0, 118.0, 123.0, 129.0, 129.5, 131.0, 141.5, 144.0, 145.0, 151.0, 156.7, 157.0, 167.5, 168.0]","[2.0, 3.0, 4.0, 3.5, 3.0, 1.5, 3.0, 2.0, 1.0, 1.0, 2.5, 1.5, 1.0, 2.5, 1.5, 1.5, 1.0, 1.5, 2.0, 2.0, 1.0, 1.0, 1.0]","[9, 9, 9, 9, 9, 9, 9, 9, 4, 4, 9, 4, 4, 4, 4, 4, 4, 3, 3, 7, 4, 0, 4]","[5, 9, 9, 9, 9, 9, 9, 9, 9, 9, 4, 9, 9, 9, 9, 9, 4, 4, 3, 4, 3, 0, 2]","[2.0, 1.0, 0.75, 0.75, 0.75, 1.0, 0.75, 1.0, 1.0, 1.5, 0.75, 0.75, 1.0, 0.75, 0.75, 0.75, 1.0, 0.5, 0.5, 0.5, 0.5, 2.0, 0.5]","[3.0, 1.5, 1.0, 1.0, 1.5, 2.0, 1.5, 2.0, 2.0, 2.5, 1.5, 1.5, 2.0, 0.75, 1.5, 1.5, 2.0, 1.0, 0.5, 0.5, 1.0, 4.0, 1.0]","[0, 0, 0, 0, 0, 0, 0, 0, 0, 0, 0, 0, 0, 0, 0, 0, 0, 0, 0, 1, 0, 0, 0]","[10.0, 10.0, 10.0, 25.0, 12.0, 5.0, 23.0, 20.0, 2.0, 1.0, 5.0, 6.0, 0.5, 1.5, 10.5, 2.5, 1.0, 6.0, 5.699999999999989, 0.30000000000001137, 10.5, 0.5, 13.0]","[9, 9, 9, 9, 9, 9, 9, 9, 4, 4, 9, 4, 4, 4, 4, 4, 4, 3, 3, 7, 4, 0, 4]","[5, 9, 9, 9, 9, 9, 9, 9, 9, 9, 4, 9, 9, 9, 9, 9, 4, 4, 3, 4, 3, 0, 2]","[175.0, 217.0, 259.0, 238.0, 217.0, 154.0, 217.0, 175.0, 158.0, 158.0, 196.0, 181.0, 158.0, 227.0, 181.0, 181.0, 158.0, 159.41582238929536, 167.40359922257957, 292.25, 158.0, 120.0, 158.0]","[235.0, 217.0, 259.0, 238.0, 217.0, 154.0, 217.0, 175.0, 133.0, 133.0, 227.0, 154.0, 133.0, 196.0, 154.0, 154.0, 158.0, 181.0, 167.40359922257957, 204.0, 155.51, 120.0, 101.0]","[190.0, 217.0, 259.0, 238.0, 217.0, 154.0, 217.0, 175.0, 151.75, 151.75, 203.75, 174.25, 151.75, 219.25, 174.25, 174.25, 158.0, 164.8118667919715, 167.40359922257957, 270.1875, 157.3775, 120.0, 143.75]",2008-02-15 10:00,32.0,6,3.0,118.0,3.0,1.0,0.0,181.0,1,173.49,114.31,1.63,0.1,0.97,0.0,5,226.6,110.9,47,139.01840490797545,134.8478527607362,59.18000000000001,203.18298411625543,295.13906124760865,76.38810296676104,258.27224181360197,268.99150066401063,0.22,0.7399999999999999,-1.0,2.1684946993663043,1.0,0.97,-0.8576,0.2573870080809728,0.2866110384304416,0.981576304286803,0.9085971163155678,0.3161953498456386,15498.743347858435,0.0393841145771505,-0.0,5.9,439.4377420686678,1,9,1.0,"[5.0, 6.0, 0.5, 1.5, 10.5, 2.5, 1.0, 6.0, 5.699999999999989, 0.30000000000001137, 10.5, 0.5, 13.0]","[203.75, 174.25, 151.75, 219.25, 174.25, 174.25, 158.0, 164.8118667919715, 167.40359922257957, 270.1875, 157.3775, 120.0, 143.75]","[(203.75, 50.0), (174.25, 60.0), (151.75, 5.0), (219.25, 15.0), (174.25, 105.0), (174.25, 25.0), (158.0, 10.0), (164.8118667919715, 60.0), (167.40359922257957, 56.999999999999886), (270.1875, 3.0000000000001137), (157.3775, 105.0), (120.0, 5.0), (143.75, 130.0)]",,2,3,13,166.6284399415958,63.0,"[5.0, 6.0, 0.5, 1.5, 50.0]","[203.75, 174.25, 151.75, 219.25, 170.0033851127279]",10497.591716320534,[ 5.   6.   0.5  1.5 50. ],[203.75       174.25       151.75       219.25       170.00338511],True,66.81520564005564,894.2013951219524,21,"[0.3136780261993408, 0.6728157997131348, 0.7867918014526367, 0.9135890007019043, 1.1691908836364746, 1.298799753189087, 1.4073200225830078, 1.536996841430664, 1.958859920501709, 2.0619447231292725, 2.2118210792541504, 2.3557000160217285, 2.4869120121002197, 2.636420726776123, 3.0197250843048096, 3.231710910797119, 3.4192168712615967, 3.5350677967071533, 3.646104097366333, 3.7864019870758057, 4.10558009147644]","[45.296559049616484, 74.21566183392554, 89.82924261713181, 77.42998864359011, 64.49119228311602, 61.251888252951254, 59.09909788986543, 57.63097821822156, 61.521851821409, 64.3305149441515, 66.28795159753962, 61.257776189412084, 57.97712295039342, 60.809701419512045, 62.8372663323091, 64.25249436688082, 65.22311226258928, 65.88083118210926, 66.32289984433113, 66.61840056693354, 66.81520564005564]","[0, 504.49199999999837, 1008.4879999999976, 1260.4839999999967, 1058.7871999999988, 1058.7871999999988, 1058.7871999999988, 857.090400000001, 857.090400000001, 857.090400000001, 1108.2685268292698, 1108.2685268292698, 894.2013951219524, 894.2013951219524, 894.2013951219524, 894.2013951219524, 894.2013951219524, 894.2013951219524, 894.2013951219524, 894.2013951219524, 894.2013951219524]"
24090,"[15.0, 46.0, 57.0, 62.0, 87.0, 90.0, 93.0, 101.0, 107.5, 108.5, 109.0, 113.0, 117.5, 119.0, 123.0, 126.0, 128.0, 130.0, 138.0, 139.0]","[0.0, 15.0, 46.0, 57.0, 62.0, 87.0, 90.0, 93.0, 101.0, 107.5, 108.5, 109.0, 113.0, 117.5, 119.0, 123.0, 126.0, 128.0, 130.0, 138.0]","[3.0, 4.0, 2.5, 1.5, 3.5, 1.5, 2.5, 2.0, 1.0, 1.0, 2.5, 2.0, 1.0, 2.5, 1.0, 4.0, 1.0, 1.5, 1.5, 3.0]","[9, 9, 9, 9, 9, 9, 9, 9, 9, 9, 9, 9, 4, 9, 9, 7, 9, 9, 4, 7]","[9, 9, 9, 9, 9, 5, 9, 9, 5, 5, 9, 4, 9, 4, 4, 7, 4, 4, 4, 5]","[1.0, 1.0, 1.0, 1.0, 0.5, 1.5, 1.5, 1.0, 1.5, 2.0, 0.75, 0.75, 1.0, 0.5, 0.75, 1.0, 1.0, 0.5, 0.5, 1.0]","[1.5, 1.5, 2.0, 2.0, 1.0, 2.0, 2.0, 2.0, 2.5, 3.0, 1.0, 1.5, 2.0, 1.0, 1.5, 2.0, 2.0, 1.0, 1.0, 1.0]","[0, 0, 0, 0, 0, 0, 0, 0, 0, 0, 0, 0, 0, 0, 0, 1, 0, 0, 0, 1]","[15.0, 31.0, 11.0, 5.0, 25.0, 3.0, 3.0, 8.0, 6.5, 1.0, 0.5, 4.0, 4.5, 1.5, 4.0, 3.0, 2.0, 2.0, 8.0, 1.0]","[9, 9, 9, 9, 9, 9, 9, 9, 9, 9, 9, 9, 4, 9, 9, 7, 9, 9, 4, 7]","[9, 9, 9, 9, 9, 5, 9, 9, 5, 5, 9, 4, 9, 4, 4, 7, 4, 4, 4, 5]","[217.0, 259.0, 196.0, 154.0, 238.0, 154.0, 196.0, 175.0, 133.0, 133.0, 196.0, 175.0, 158.0, 196.0, 133.0, 292.25, 133.0, 154.0, 181.0, 292.25]","[217.0, 259.0, 196.0, 154.0, 238.0, 222.5, 196.0, 175.0, 210.0, 210.0, 196.0, 204.0, 133.0, 227.0, 158.0, 292.25, 158.0, 181.0, 181.0, 260.0]","[217.0, 259.0, 196.0, 154.0, 238.0, 171.125, 196.0, 175.0, 152.25, 152.25, 196.0, 182.25, 151.75, 203.75, 139.25, 292.25, 139.25, 160.75, 181.0, 284.1875]",2008-02-19 11:00,23.0,3,2.0,108.5,2.0,1.0,-999.0,139.0,1,139.1,101.11,1.23,0.24,0.54,0.0,4,244.1,110.6,42,198.4552845528456,107.1658536585366,37.99,199.8123979994736,180.89012511665612,76.0381659861179,235.90225641025643,242.13087885985743,0.19,0.49,-1.0,1.9270458496185656,0.65,1.13,-0.6441,0.4009519120355873,0.4881099029079789,0.9650682298251496,0.6989685430337819,0.4055845739252053,19041.400232140968,0.0657737178730044,-0.0,5.01,100.9123351677189,1,9,1.0,"[0.5, 4.0, 4.5, 1.5, 4.0, 3.0, 2.0, 2.0, 8.0, 1.0]","[196.0, 182.25, 151.75, 203.75, 139.25, 292.25, 139.25, 160.75, 181.0, 284.1875]","[(196.0, 5.0), (182.25, 40.0), (151.75, 45.0), (203.75, 15.0), (139.25, 40.0), (292.25, 30.0), (139.25, 20.0), (160.75, 20.0), (181.0, 80.0), (284.1875, 10.0)]",,1,2,10,182.99795081967213,30.5,"[0.5, 4.0, 4.5, 1.5, 20.0]","[196.0, 182.25, 151.75, 203.75, 199.44791666666666]",5581.4375,[ 0.5  4.   4.5  1.5 20. ],[196.         182.25       151.75       203.75       199.44791667],True,115.93155727968104,305.7399999999998,6,"[0.35004186630249023, 0.5094900131225586, 0.6324930191040039, 1.036473035812378, 1.144183874130249, 1.2467939853668213]","[106.0045253964444, 128.18794509040669, 121.29428625022362, 117.61939674515405, 116.3675568805626, 115.93155727968104]","[0, 244.9920000000002, 305.7399999999998, 305.7399999999998, 305.7399999999998, 305.7399999999998]"
25590,"[7.0, 41.0, 42.0, 48.0, 53.0, 54.0, 58.0, 60.0, 63.0, 69.0, 70.0]","[0.0, 7.0, 41.0, 42.0, 48.0, 53.0, 54.0, 58.0, 60.0, 63.0, 69.0]","[3.0, 1.0, 6.0, 2.5, 2.0, 3.5, 2.0, 2.0, 3.0, 1.0, 1.5]","[5, 5, 8, 4, 4, 7, 4, 0, 4, 1, 1]","[9, 5, 8, 5, 5, 4, 4, 1, 0, 1, 3]","[2.0, 2.0, nan, 1.0, 1.0, 1.0, 1.0, 1.5, 1.0, 1.0, 0.5]","[5.0, 4.0, nan, 2.0, 3.0, 2.0, 1.0, 2.0, 2.0, 2.0, 1.0]","[0, 0, 0, 0, 0, 1, 0, 0, 1, 0, 0]","[7.0, 34.0, 1.0, 6.0, 5.0, 1.0, 4.0, 2.0, 3.0, 6.0, 1.0]","[5, 5, 8, 4, 4, 7, 4, 0, 4, 1, 1]","[9, 5, 8, 5, 5, 4, 4, 1, 0, 1, 3]","[260.0, 210.0, 440.0, 227.0, 204.0, 292.25, 204.0, 157.0, 250.0, 81.0, 99.0]","[217.0, 210.0, 440.0, 247.5, 235.0, 273.0, 204.0, 117.0, 194.0, 81.0, 159.41582238929536]","[249.25, 210.0, 440.0, 232.125, 211.75, 287.4375, 204.0, 147.0, 236.0, 81.0, 114.10395559732385]",2008-03-06 10:00,30.0,4,2.0,41.0,3.0,2.0,-999.0,70.0,1,77.58,61.56,1.69,0.34,0.71,0.0,5,186.4,18.39,30,110.29585798816572,78.31005917159763,16.019999999999996,158.12284644194753,171.18323260519173,48.699341857290875,158.12284644194753,184.46494325346785,0.2,0.1499999999999999,0.0,1.2198595396020286,0.56,0.64,-0.1994,0.9508216690531828,1.1179927313727576,6.0,6.0,0.1794366068210235,9823.902089819998,0.0115898940596935,-0.1,6.0,131.83132262060033,1,1,34.0,"[1.0, 6.0, 5.0, 1.0, 4.0, 2.0, 3.0, 6.0, 1.0]","[440.0, 232.125, 211.75, 287.4375, 204.0, 147.0, 236.0, 81.0, 114.10395559732385]","[(440.0, 10.0), (232.125, 60.0), (211.75, 50.0), (287.4375, 10.0), (204.0, 40.0), (147.0, 20.0), (236.0, 30.0), (81.0, 60.0), (114.10395559732385, 10.0)]",,2,2,9,193.001429503356,29.0,"[1.0, 6.0, 5.0, 1.0, 16.0]","[440.0, 232.125, 211.75, 287.4375, 156.42079111946478]",5597.041455597324,[ 1.  6.  5.  1. 16.],[440.         232.125      211.75       287.4375     156.42079112],True,132.9260103717961,319.6140000000014,9,"[0.29187488555908203, 0.6036319732666016, 0.7441451549530029, 0.9376499652862549, 1.089487075805664, 1.233994960784912, 1.4726250171661377, 1.7037909030914307, 1.777987003326416]","[119.36447321839249, 155.70342851331418, 138.04418457875622, 125.25186690448132, 121.05503701760728, 128.80679789930238, 131.6182300931508, 132.59315583008518, 132.9260103717961]","[0, 348.9879999999994, 464.9840000000004, 464.9840000000004, 319.6140000000014, 319.6140000000014, 319.6140000000014, 319.6140000000014, 319.6140000000014]"
25611,"[10.0, 42.0, 48.0, 65.0, 69.5, 71.0, 84.0, 85.0, 89.0, 91.0, 93.0, 96.5, 97.0, 105.0, 109.0, 120.0]","[0.0, 10.0, 42.0, 48.0, 65.0, 69.5, 71.0, 84.0, 85.0, 89.0, 91.0, 93.0, 96.5, 97.0, 105.0, 109.0]","[2.0, 3.5, 1.5, 3.0, 1.0, 3.0, 1.0, 3.5, 1.0, 5.0, 3.0, 4.0, 3.0, 1.5, 4.5, 1.0]","[9, 9, 9, 9, 9, 7, 9, 7, 5, 7, 7, 7, 7, 3, 7, 3]","[9, 9, 5, 9, 5, 4, 5, 4, 9, 7, 4, 7, 4, 0, 7, 2]","[1.0, 1.0, 2.0, 0.75, 1.5, 1.0, 1.0, 1.0, 2.0, 1.0, 1.0, 1.0, 1.0, 0.25, 0.5, 0.5]","[2.0, 1.5, 3.0, 1.5, 2.5, 2.0, 2.5, 1.5, 4.0, 2.0, 2.0, 2.0, 2.0, 2.0, 1.0, 1.0]","[0, 0, 0, 0, 0, 1, 0, 1, 0, 1, 1, 1, 1, 0, 1, 0]","[10.0, 32.0, 6.0, 17.0, 4.5, 1.5, 13.0, 1.0, 4.0, 2.0, 2.0, 3.5, 0.5, 8.0, 4.0, 11.0]","[9, 9, 9, 9, 9, 7, 9, 7, 5, 7, 7, 7, 7, 3, 7, 3]","[9, 9, 5, 9, 5, 4, 5, 4, 9, 7, 4, 7, 4, 0, 7, 2]","[175.0, 238.0, 154.0, 217.0, 133.0, 292.25, 133.0, 292.25, 210.0, 292.25, 292.25, 292.25, 292.25, 159.41582238929536, 292.25, 155.51]","[175.0, 238.0, 222.5, 217.0, 210.0, 250.0, 210.0, 273.0, 133.0, 292.25, 250.0, 292.25, 250.0, 138.5, 292.25, 101.0]","[175.0, 238.0, 171.125, 217.0, 152.25, 281.6875, 152.25, 287.4375, 190.75, 292.25, 281.6875, 292.25, 281.6875, 154.1868667919715, 292.25, 141.8825]",2008-03-06 11:00,18.0,6,3.0,89.0,3.0,2.0,-999.0,120.0,1,128.15,108.35,3.29,0.0,1.68,0.0,5,146.5,11.39,28,44.52887537993922,74.80851063829788,19.80000000000001,139.67808080808078,219.8646085390189,35.633249063246716,139.67808080808078,177.86462513199572,0.22,2.56,0.0,5.808144373275982,0.88,0.39,-0.2486,0.7693011685975738,0.8068368416978738,6.0,6.0,0.0708628168434499,11917.478298611111,0.0168174551370109,-0.3,6.0,439.4377420686678,1,8,4.0,"[2.0, 2.0, 3.5, 0.5, 8.0, 4.0, 11.0]","[292.25, 281.6875, 292.25, 281.6875, 154.1868667919715, 292.25, 141.8825]","[(292.25, 20.0), (281.6875, 20.0), (292.25, 35.0), (281.6875, 5.0), (154.1868667919715, 80.0), (292.25, 40.0), (141.8825, 110.0)]",,2,3,7,202.4127801398636,31.0,"[2.0, 2.0, 3.5, 0.5, 23.0]","[292.25, 281.6875, 292.25, 281.6875, 196.10645559732384]",6274.796184335772,[ 2.   2.   3.5  0.5 23. ],[292.25      281.6875    292.25      281.6875    196.1064556],True,132.51872605018193,227.90933333333487,7,"[0.3083209991455078, 0.4159879684448242, 0.5391712188720703, 0.7842922210693359, 0.8911449909210205, 1.0316240787506104, 1.1289989948272705]","[120.41332069151993, 144.48322040749514, 136.2877193736599, 124.73089090750602, 129.88791091282897, 131.81743983651268, 132.51872605018193]","[0, 248.9920000000002, 372.9880000000012, 227.90933333333487, 227.90933333333487, 227.90933333333487, 227.90933333333487]"
25710,"[11.0, 20.0, 45.0, 48.0, 72.0, 75.0, 96.0, 115.0, 130.0, 138.0, 140.0, 145.0, 146.0, 152.0, 156.0, 157.0, 159.6, 160.0]","[0.0, 11.0, 20.0, 45.0, 48.0, 72.0, 75.0, 96.0, 115.0, 130.0, 138.0, 140.0, 145.0, 146.0, 152.0, 156.0, 157.0, 159.6]","[2.0, 1.5, 3.5, 2.5, 3.0, 3.5, 3.0, 1.5, 2.5, 1.0, 1.5, 1.0, 1.5, 2.0, 1.5, 3.0, 1.0, 1.5]","[5, 5, 4, 9, 4, 9, 9, 5, 4, 5, 4, 4, 6, 4, 4, 4, 4, 3]","[5, 9, 5, 4, 5, 9, 9, 9, 4, 9, 9, 5, 5, 4, 5, 7, 3, 6]","[2.0, 2.0, 1.0, 2.0, 1.0, 2.0, 0.5, 2.0, 0.5, 2.0, 1.0, 2.0, 1.0, 1.0, 1.0, 1.0, 0.5, 0.2]","[4.0, 4.0, 3.0, 3.0, 3.0, 2.0, 2.0, 3.0, 1.0, 3.0, 2.0, 2.0, 2.0, 1.0, 2.0, 1.0, 1.0, 0.2]","[0, 0, 0, 0, 0, 0, 0, 0, 0, 0, 0, 0, 0, 0, 0, 1, 0, 0]","[11.0, 9.0, 25.0, 3.0, 24.0, 3.0, 21.0, 19.0, 15.0, 8.0, 2.0, 5.0, 1.0, 6.0, 4.0, 1.0, 2.5999999999999943, 0.4000000000000057]","[5, 5, 4, 9, 4, 9, 9, 5, 4, 5, 4, 4, 6, 4, 4, 4, 4, 3]","[5, 9, 5, 4, 5, 9, 9, 9, 4, 9, 9, 5, 5, 4, 5, 7, 3, 6]","[235.0, 222.5, 273.0, 196.0, 250.0, 238.0, 217.0, 222.5, 227.0, 210.0, 181.0, 158.0, 140.0, 204.0, 181.0, 250.0, 158.0, 159.41582238929536]","[235.0, 154.0, 272.5, 227.0, 260.0, 238.0, 217.0, 154.0, 227.0, 133.0, 154.0, 210.0, 222.5, 204.0, 222.5, 292.25, 155.51, 140.0]","[235.0, 205.375, 272.875, 203.75, 252.5, 238.0, 217.0, 205.375, 227.0, 190.75, 174.25, 171.0, 160.625, 204.0, 191.375, 260.5625, 157.3775, 154.5618667919715]",2008-03-10 09:00,33.0,3,2.0,140.0,2.0,1.0,-999.0,160.0,1,165.74,147.01,0.5,0.43,0.16,0.0,4,208.2,17.6,8,416.4,66.624,18.730000000000015,138.69684997330484,224.6789149639701,40.16522167993689,138.69684997330484,159.59976190476192,0.23,-0.0699999999999999,0.0,0.810624062557932,0.19,0.81,-0.1939,0.8132495001725558,1.2115955757555548,6.0,6.0,0.4660033941738507,13721.41077898551,0.024864911309051,-0.1,5.61,100.9123351677189,1,10,2.0,"[5.0, 1.0, 6.0, 4.0, 1.0, 2.5999999999999943, 0.4000000000000057]","[171.0, 160.625, 204.0, 191.375, 260.5625, 157.3775, 154.5618667919715]","[(171.0, 50.0), (160.625, 10.0), (204.0, 60.0), (191.375, 40.0), (260.5625, 10.0), (157.3775, 25.999999999999943), (154.5618667919715, 4.000000000000057)]",,1,2,7,186.83468733583945,20.0,"[5.0, 1.0, 6.0, 4.0, 4.0]","[171.0, 160.625, 204.0, 191.375, 190.8339555973238]",3736.693746716788,[5. 1. 6. 4. 4.],[171.        160.625     204.        191.375     190.8339556],True,86.93919151877026,260.3660000000018,7,"[0.46741509437561035, 0.6124820709228516, 0.7608420848846436, 0.8826091289520264, 1.027813196182251, 1.2589502334594727, 1.5456609725952148]","[78.1454397951994, 102.7151201154057, 103.15161476084816, 88.76481304623869, 85.00533159391404, 86.497422140935, 86.93919151877026]","[0, 159.9920000000002, 320.4880000000012, 320.4880000000012, 260.3660000000018, 260.3660000000018, 260.3660000000018]"
25930,"[10.0, 29.0, 42.0, 60.0, 66.0, 79.5, 80.0, 95.0, 103.0, 105.0, 119.0, 123.5, 124.0]","[0.0, 10.0, 29.0, 42.0, 60.0, 66.0, 79.5, 80.0, 95.0, 103.0, 105.0, 119.0, 123.5]","[1.0, 3.0, 2.5, 1.0, 1.0, 1.0, 2.0, 1.0, 1.0, 1.0, 1.0, 1.0, 1.0]","[5, 7, 5, 5, 5, 4, 3, 2, 1, 1, 2, 2, 2]","[5, 4, 4, 5, 5, 7, 2, 1, 2, 0, 1, 3, 1]","[3.0, 1.0, 1.0, 2.0, 3.0, 1.0, 0.25, 0.75, 1.0, 2.0, 0.5, 0.25, 0.75]","[6.0, 2.0, 2.5, 3.0, 4.0, 2.0, 0.75, 1.5, 3.0, 3.0, 0.75, 0.75, 1.0]","[0, 0, 0, 0, 0, 0, 0, 0, 0, 0, 0, 0, 0]","[10.0, 19.0, 13.0, 18.0, 6.0, 13.5, 0.5, 15.0, 8.0, 2.0, 14.0, 4.5, 0.5]","[5, 8, 5, 5, 5, 4, 3, 2, 1, 1, 2, 2, 2]","[5, 4, 4, 5, 5, 8, 2, 1, 2, 0, 1, 3, 1]","[210.0, 248.0, 247.5, 210.0, 210.0, 158.0, 167.40359922257957, 101.0, 81.0, 81.0, 101.0, 101.0, 101.0]","[210.0, 250.0, 227.0, 210.0, 210.0, 120.0, 137.0, 81.0, 101.0, 120.0, 81.0, 155.51, 81.0]","[210.0, 248.5, 242.375, 210.0, 210.0, 148.5, 159.80269941693467, 96.0, 86.0, 90.75, 96.0, 114.6275, 96.0]",2008-03-13 14:00,36.0,2,1.0,79.5,1.0,3.0,1.0,124.0,1,139.41,101.0,2.28,0.0,1.15,0.0,5,148.7,7.506,35,65.21929824561404,75.00219298245614,38.41,155.87472012496747,336.6424978297892,50.93823456049597,168.83866442199775,189.3126946107784,0.24,-0.29,-0.6000000000000001,1.1789019753558072,0.92,0.4,-0.3862,0.3965676422346259,0.3787738908069073,0.2977692793583092,0.3263470404902031,0.1279663400742057,18072.032406157166,0.0398981599004267,-0.5,3.15,80.0,1,5,13.5,"[0.5, 15.0, 8.0, 2.0, 14.0, 4.5, 0.5]","[159.80269941693467, 96.0, 86.0, 90.75, 96.0, 114.6275, 96.0]","[(159.80269941693467, 5.0), (96.0, 150.0), (86.0, 80.0), (90.75, 20.0), (96.0, 140.0), (114.6275, 45.0), (96.0, 5.0)]",,1,1,7,96.56685617322395,44.5,"[0.5, 15.0, 8.0, 2.0, 19.0]","[159.80269941693467, 96.0, 86.0, 90.75, 102.20916666666666]",4297.225099708467,[ 0.5 15.   8.   2.  19. ],[159.80269942  96.          86.          90.75       102.20916667],True,69.228864877866,89.74799999999959,6,"[1.0447587966918945, 1.1449077129364014, 1.2475919723510742, 1.3598296642303467, 1.4845898151397705, 1.6022508144378662]","[42.47295786037039, 50.674930054781164, 53.15164771281061, 71.34938707158942, 69.68520816502645, 69.228864877866]","[0, 1.0, 178.99599999999919, 89.74799999999959, 89.74799999999959, 89.74799999999959]"
26730,"[15.0, 33.0, 63.0, 79.7, 80.0, 89.0, 99.0, 100.0, 117.8, 118.0, 122.3, 123.0, 123.5, 125.0, 142.0, 160.0, 174.8, 175.0, 190.0, 200.0]","[0.0, 15.0, 33.0, 63.0, 79.7, 80.0, 89.0, 99.0, 100.0, 117.8, 118.0, 122.3, 123.0, 123.5, 125.0, 142.0, 160.0, 174.8, 175.0, 190.0]","[2.0, 1.5, 2.5, 3.5, 2.0, 3.5, 3.0, 1.0, 3.5, 2.0, 3.0, 1.5, 2.5, 1.5, 2.5, 2.0, 1.5, 2.0, 1.0, 1.0]","[9, 9, 9, 3, 9, 9, 9, 9, 3, 0, 3, 0, 7, 0, 3, 3, 3, 7, 3, 1]","[9, 9, 9, 3, 9, 3, 3, 9, 3, 0, 3, 7, 7, 7, 3, 3, 3, 7, 2, 2]","[1.0, 1.0, 0.75, 0.5, 0.75, 0.5, 0.5, 0.75, 0.5, 1.0, 0.5, 1.5, 0.5, 1.0, 0.5, 0.25, 0.25, 0.5, 0.25, 1.0]","[1.5, 2.0, 1.0, 0.5, 1.5, 1.0, 1.0, 1.5, 0.5, 2.0, 0.5, 3.0, 1.0, 2.0, 0.5, 0.5, 0.5, 0.5, 1.0, 2.0]","[0, 0, 0, 0, 0, 0, 0, 0, 0, 0, 0, 0, 1, 0, 0, 0, 0, 1, 0, 0]","[15.0, 18.0, 30.0, 16.700000000000003, 0.29999999999999716, 9.0, 10.0, 1.0, 17.799999999999997, 0.20000000000000284, 4.299999999999997, 0.7000000000000028, 0.5, 1.5, 17.0, 18.0, 14.800000000000011, 0.19999999999998863, 15.0, 10.0]","[9, 9, 9, 3, 9, 9, 9, 9, 3, 0, 3, 0, 7, 0, 3, 3, 3, 7, 3, 1]","[9, 9, 9, 3, 9, 3, 3, 9, 3, 0, 3, 8, 7, 8, 3, 3, 3, 7, 2, 2]","[175.0, 154.0, 196.0, 232.12522605741117, 175.0, 238.0, 217.0, 133.0, 232.12522605741117, 157.0, 202.0738495144293, 138.5, 292.25, 138.5, 181.06998247500167, 167.40359922257957, 159.41582238929536, 292.25, 155.51, 81.0]","[175.0, 154.0, 196.0, 232.12522605741117, 175.0, 232.12522605741117, 202.0738495144293, 133.0, 232.12522605741117, 157.0, 202.0738495144293, 152.0, 292.25, 152.0, 181.06998247500167, 167.40359922257957, 159.41582238929536, 292.25, 101.0, 101.0]","[175.0, 154.0, 196.0, 232.12522605741117, 175.0, 236.5313065143528, 213.26846237860732, 133.0, 232.12522605741117, 157.0, 202.0738495144293, 141.875, 292.25, 141.875, 181.06998247500167, 167.40359922257957, 159.41582238929536, 292.25, 141.8825, 86.0]",2008-03-18 13:00,34.0,4,2.0,160.0,3.0,2.0,-999.0,200.0,1,201.22,167.28,0.37,0.48,0.12,0.04,4,218.8,12.13,5,591.3513513513514,70.96216216216216,33.94,149.52035945786685,367.1381910119568,47.99217378822939,172.41976935749585,175.53618843683086,0.25,-0.12,0.5,0.7023001156586949,0.39,0.9,-0.357,0.44879679252304,0.6520016098242685,0.4601656261263832,6.0,0.7376632969442642,22626.527777777777,0.0785651986059794,-0.4,2.98,131.83132262060033,1,15,18.0,"[14.800000000000011, 0.19999999999998863, 15.0, 10.0]","[159.41582238929536, 292.25, 141.8825, 86.0]","[(159.41582238929536, 148.0000000000001), (292.25, 1.9999999999998863), (141.8825, 150.0), (86.0, 100.0)]",,2,2,4,135.15104178403925,40.0,"[14.800000000000011, 0.19999999999998863, 15.0, 10.0, 0]","[159.41582238929536, 292.25, 141.8825, 86.0, 0]",5406.0416713615705,[14.8  0.2 15.  10.   0. ],[159.41582239 292.25       141.8825      86.           0.        ],True,78.74237216952456,0.0,6,"[0.46027421951293945, 0.5943982601165771, 0.7317750453948975, 0.900162935256958, 1.0176990032196045, 1.1295490264892578]","[74.98959796888002, 92.19638584593666, 90.28961894195345, 71.52545051264515, 65.65813627047622, 78.74237216952456]","[0, 159.99599999999919, 480.49199999999837, 480.49199999999837, 213.66133333333346, 0]"
43170,"[7.0, 20.0, 27.5, 29.5, 30.0, 53.8, 54.0, 66.7, 67.0, 69.5, 70.0, 75.0, 89.0, 91.0, 92.0]","[0.0, 7.0, 20.0, 27.5, 29.5, 30.0, 53.8, 54.0, 66.7, 67.0, 69.5, 70.0, 75.0, 89.0, 91.0]","[2.0, 2.5, 4.0, 1.5, 2.5, 2.5, 3.0, 1.0, 3.0, 1.0, 2.0, 1.5, 2.5, 1.0, 2.5]","[4, 4, 7, 4, 7, 4, 7, 4, 7, 4, 3, 3, 3, 3, 3]","[7, 9, 4, 9, 4, 9, 4, 4, 4, 4, 3, 3, 3, 2, 4]","[1.5, 0.75, 1.5, 1.0, 0.5, 0.75, 0.5, 1.0, 0.5, 0.5, 0.25, 0.5, 0.25, 0.25, 0.25]","[2.5, 1.5, 2.0, 1.0, 1.0, 1.0, 0.75, 1.0, 1.0, 1.0, 0.5, 0.5, 0.5, 0.75, 0.5]","[0, 0, 1, 0, 1, 0, 1, 0, 1, 0, 0, 0, 0, 0, 0]","[7.0, 13.0, 7.5, 2.0, 0.5, 23.799999999999997, 0.20000000000000284, 12.700000000000003, 0.29999999999999716, 2.5, 0.5, 5.0, 14.0, 2.0, 1.0]","[4, 4, 7, 4, 7, 4, 7, 4, 7, 4, 3, 3, 3, 3, 3]","[8, 9, 4, 9, 4, 9, 4, 4, 4, 4, 3, 3, 3, 2, 4]","[204.0, 227.0, 292.25, 181.0, 292.25, 227.0, 292.25, 158.0, 292.25, 158.0, 167.40359922257957, 159.41582238929536, 181.06998247500167, 155.51, 181.06998247500167]","[184.0, 196.0, 296.0, 154.0, 227.0, 196.0, 250.0, 158.0, 250.0, 158.0, 167.40359922257957, 159.41582238929536, 181.06998247500167, 101.0, 227.0]","[199.0, 219.25, 293.1875, 174.25, 275.9375, 219.25, 281.6875, 158.0, 281.6875, 158.0, 167.40359922257957, 159.41582238929536, 181.06998247500167, 141.8825, 192.55248685625125]",2008-11-28 09:00,30.0,6,3.0,66.7,3.0,1.0,0.0,92.0,1,91.14,70.38,0.46,0.44,0.19,0.0,4,166.2,7.938,6,361.3043478260869,68.64782608695651,20.760000000000005,149.7951348747592,353.9149422493863,36.68411157534906,155.1402151639344,171.38031212484998,0.22,0.12,-0.5,1.5930841650739718,0.43,0.5,-0.2388,0.7337265480843917,0.8129717180555447,6.0,6.0,0.5844248776465021,14138.638462184168,0.0435367560873201,-0.4,6.0,439.4377420686678,1,7,12.700000000000005,"[0.29999999999999716, 2.5, 0.5, 5.0, 14.0, 2.0, 1.0]","[281.6875, 158.0, 167.40359922257957, 159.41582238929536, 181.06998247500167, 141.8825, 192.55248685625125]","[(281.6875, 2.9999999999999716), (158.0, 25.0), (167.40359922257957, 5.0), (159.41582238929536, 50.0), (181.06998247500167, 140.0), (141.8825, 20.0), (192.55248685625125, 10.0)]",,2,3,7,172.78989735430994,25.299999999999997,"[0.29999999999999716, 2.5, 0.5, 5.0, 17.0]","[281.6875, 158.0, 167.40359922257957, 159.41582238929536, 171.8349897770843]",4371.584403064041,[ 0.3  2.5  0.5  5.  17. ],[281.6875     158.         167.40359922 159.41582239 171.83498978],True,92.91772968680763,253.73999999999978,6,"[0.3119089603424072, 0.4348149299621582, 0.5346817970275879, 0.6658298969268799, 0.8981618881225586, 1.0675609111785889]","[85.46083589363293, 103.51652589796319, 97.9372872727547, 94.32556674168968, 93.24797601685196, 92.91772968680763]","[0, 203.391999999998, 253.73999999999978, 253.73999999999978, 253.73999999999978, 253.73999999999978]"
43250,"[16.0, 21.0, 23.0, 63.0, 87.0, 110.0, 124.0]","[0.0, 16.0, 21.0, 23.0, 63.0, 87.0, 110.0]","[1.0, 4.0, 1.5, 3.0, 3.0, 2.5, 2.0]","[4, 7, 4, 3, 3, 3, 3]","[4, 9, 9, 4, 3, 3, 2]","[1.0, 0.5, 0.5, 0.25, 0.1, 0.25, 0.25]","[1.5, 1.5, 0.5, 0.5, 0.25, 0.5, 0.5]","[0, 1, 0, 0, 0, 0, 0]","[16.0, 5.0, 2.0, 40.0, 24.0, 23.0, 14.0]","[4, 7, 4, 3, 3, 3, 3]","[4, 9, 9, 4, 3, 3, 2]","[158.0, 292.25, 181.0, 202.0738495144293, 202.0738495144293, 181.06998247500167, 167.40359922257957]","[158.0, 259.0, 154.0, 250.0, 202.0738495144293, 181.06998247500167, 137.0]","[158.0, 283.9375, 174.25, 214.05538713582197, 202.0738495144293, 181.06998247500167, 159.80269941693467]",2008-11-28 10:00,37.0,6,3.0,87.0,3.0,1.0,0.0,124.0,0,117.97,91.55,0.39,0.45,0.12,0.0,4,198.5,19.67,6,508.9743589743589,61.07692307692307,26.42,143.70552611657834,402.2538597296593,43.16177692564504,161.9248043347381,169.66030927835052,0.23,0.08,0.5,1.1845453806776631,0.33,0.73,-0.2587,0.5765391043993934,0.7916751323261711,0.1569681355967546,6.0,0.6401014356504964,20700.899621212127,0.1371280400405269,-0.2,6.0,439.4377420686678,1,4,24.0,"[23.0, 14.0]","[181.06998247500167, 159.80269941693467]","[(181.06998247500167, 230.0), (159.80269941693467, 140.0)]",,2,3,2,173.02290239897633,37.0,"[23.0, 14.0, 0, 0, 0]","[181.06998247500167, 159.80269941693467, 0, 0, 0]",6401.847388762124,[23. 14.  0.  0.  0.],[181.06998248 159.80269942   0.           0.           0.        ],True,95.37555141957597,548.2351999999992,6,"[0.3296048641204834, 0.45131492614746094, 0.5586588382720947, 0.9493827819824219, 1.0237958431243896, 1.14003586769104]","[93.96422252645357, 122.30858494413033, 99.70266110407944, 94.29067192251557, 95.050523296727, 95.37555141957597]","[0, 592.9839999999967, 666.732, 548.2351999999992, 548.2351999999992, 548.2351999999992]"
43290,"[10.0, 20.0, 47.0, 50.0]","[0.0, 10.0, 20.0, 47.0]","[1.0, 2.0, 2.5, 1.5]","[5, 3, 3, 3]","[4, 4, 3, 2]","[2.0, 1.0, 0.25, 0.25]","[3.0, 1.0, 0.5, 0.25]","[0, 0, 0, 0]","[10.0, 10.0, 27.0, 3.0]","[5, 3, 3, 3]","[4, 4, 3, 2]","[210.0, 167.40359922257957, 181.06998247500167, 159.41582238929536]","[158.0, 204.0, 181.06998247500167, 119.0]","[197.0, 176.55269941693467, 181.06998247500167, 149.3118667919715]",2008-11-29 11:00,35.0,2,1.0,10.0,1.0,2.0,-999.0,50.0,1,50.4,9.21,2.28,0.0,1.41,0.0,6,174.8,10.81,8,76.66666666666667,108.1,41.19,175.22665695557174,302.906427297657,58.46688718265171,222.4829190904284,234.0726114649681,0.23,1.7399999999999998,-0.6000000000000001,6.149758454106281,1.0,1.31,-0.4765,0.3698024554074283,0.3692591728547405,1.1083782116142982,1.1109919706867843,0.2508554325166631,11922.79517675624,0.0092438302608884,-0.6,1.72,80.0,1,0,10.0,"[10.0, 27.0, 3.0]","[176.55269941693467, 181.06998247500167, 149.3118667919715]","[(176.55269941693467, 100.0), (181.06998247500167, 270.0), (149.3118667919715, 30.0)]",,1,1,3,177.55880303425766,40.0,"[10.0, 27.0, 3.0, 0, 0]","[176.55269941693467, 181.06998247500167, 149.3118667919715, 0, 0]",7102.352121370306,[10. 27.  3.  0.  0.],[176.55269942 181.06998248 149.31186679   0.           0.        ],True,99.8432737788888,592.6352000000006,5,"[0.3302268981933594, 0.4163069725036621, 0.73223876953125, 0.8469147682189941, 0.9947967529296875]","[89.08512370806386, 121.72368508905556, 108.62763489527588, 100.23946354484286, 99.8432737788888]","[0, 480.98799999999756, 720.732, 592.6352000000006, 592.6352000000006]"
43772,"[54.0, 69.0, 70.0, 80.0, 95.0, 102.0]","[0.0, 54.0, 69.0, 70.0, 80.0, 95.0]","[3.0, 2.0, 4.0, 1.0, 1.0, 1.0]","[4, 4, 7, 3, 1, 1]","[4, 4, 9, 3, 1, 1]","[1.5, 1.5, 1.0, 0.5, 1.0, 2.0]","[1.5, 1.5, 1.0, 0.5, 1.0, 2.0]","[0, 0, 1, 0, 0, 0]","[54.0, 15.0, 1.0, 10.0, 15.0, 7.0]","[4, 4, 7, 3, 1, 1]","[4, 4, 9, 3, 1, 1]","[250.0, 204.0, 292.25, 155.51, 81.0, 81.0]","[250.0, 204.0, 259.0, 155.51, 81.0, 81.0]","[250.0, 204.0, 283.9375, 155.51, 81.0, 81.0]",2008-12-02 12:00,33.0,4,2.0,70.0,3.0,2.0,-999.0,102.0,1,100.06,75.35,0.5,0.44,0.15,0.06,2,175.7,6.456,9,351.4,52.71,24.710000000000008,124.59453662484825,286.6049680864855,34.907412661039636,134.19961559582643,138.4743380855397,0.26,-0.02,0.0,0.9369116938838054,0.4,0.69,-0.2227,0.6164371970146488,0.8637598416660777,6.0,6.0,0.4084303333299461,23678.89420521,0.1181817892923109,-0.4,4.46,131.83132262060033,1,2,1.0,"[10.0, 15.0, 7.0]","[155.51, 81.0, 81.0]","[(155.51, 100.0), (81.0, 150.0), (81.0, 70.0)]",,2,2,3,104.284375,32.0,"[10.0, 15.0, 7.0, 0, 0]","[155.51, 81.0, 81.0, 0, 0]",3337.1,[10. 15.  7.  0.  0.],[155.51  81.    81.     0.     0.  ],True,61.27709099431901,0.0,2,"[0.30560898780822754, 0.6452071666717529]","[50.47420482266743, 61.27709099431901]","[0, 0]"
43773,"[3.0, 14.5, 17.0, 36.0, 49.7, 50.0, 51.0, 55.0, 65.0, 79.0, 81.5, 82.0]","[0.0, 3.0, 14.5, 17.0, 36.0, 49.7, 50.0, 51.0, 55.0, 65.0, 79.0, 81.5]","[3.0, 2.0, 3.5, 1.5, 2.0, 2.5, 2.0, 3.0, 1.5, 1.0, 1.0, 1.0]","[4, 9, 7, 9, 3, 3, 3, 3, 3, 2, 1, 0]","[7, 4, 4, 9, 4, 3, 4, 3, 2, 3, 0, 1]","[1.5, 1.5, 1.0, 1.0, 0.5, 0.25, 0.25, 0.25, 0.25, 0.5, 2.0, 1.0]","[2.0, 2.0, 1.5, 1.0, 0.5, 0.25, 0.5, 0.5, 0.75, 1.0, 2.0, 1.5]","[0, 0, 1, 0, 0, 0, 0, 0, 0, 0, 0, 0]","[3.0, 11.5, 2.5, 19.0, 13.700000000000003, 0.29999999999999716, 1.0, 4.0, 10.0, 14.0, 2.5, 0.5]","[4, 9, 7, 9, 3, 3, 3, 3, 3, 2, 1, 0]","[8, 4, 4, 9, 4, 3, 4, 3, 2, 3, 0, 1]","[250.0, 175.0, 292.25, 154.0, 167.40359922257957, 181.06998247500167, 167.40359922257957, 202.0738495144293, 159.41582238929536, 101.0, 81.0, 120.0]","[248.0, 204.0, 273.0, 154.0, 204.0, 181.06998247500167, 204.0, 202.0738495144293, 119.0, 155.51, 120.0, 81.0]","[249.5, 182.25, 287.4375, 154.0, 176.55269941693467, 181.06998247500167, 176.55269941693467, 202.0738495144293, 149.3118667919715, 114.6275, 90.75, 110.25]",2008-12-02 11:00,27.0,3,1.0,36.0,1.0,2.3,-999.0,82.0,1,82.81,25.5,1.46,0.15,0.76,0.0,4,220.5,37.76,15,151.02739726027397,114.78082191780824,57.31,179.93264700750302,411.03364639019895,70.67020702454587,246.83925081433225,258.25246781115885,0.27,1.03,-1.0,4.240721404841007,1.0,0.91,-0.8098,0.2657854325289124,0.3247764639771617,0.9123587585809108,0.7220578750142945,0.2733953403099985,19923.47276084949,0.0458108332902511,-0.2,1.96,100.9123351677189,1,3,19.0,"[13.700000000000003, 0.29999999999999716, 1.0, 4.0, 10.0, 14.0, 2.5, 0.5]","[176.55269941693467, 181.06998247500167, 176.55269941693467, 202.0738495144293, 149.3118667919715, 114.6275, 90.75, 110.25]","[(176.55269941693467, 137.00000000000003), (181.06998247500167, 2.9999999999999716), (176.55269941693467, 10.0), (202.0738495144293, 40.0), (149.3118667919715, 100.0), (114.6275, 140.0), (90.75, 25.0), (110.25, 5.0)]",,1,2,8,148.6487987423668,46.0,"[13.700000000000003, 0.29999999999999716, 1.0, 4.0, 27.0]","[176.55269941693467, 181.06998247500167, 176.55269941693467, 202.0738495144293, 116.23484169799288]",6837.844742148873,[13.7  0.3  1.   4.  27. ],[176.55269942 181.06998248 176.55269942 202.07384951 116.2348417 ],True,88.45075129359947,0.0,6,"[0.34953880310058594, 0.43846988677978516, 0.6707420349121094, 0.9961199760437012, 1.1539828777313232, 1.2787079811096191]","[81.4842354974683, 99.71924668229262, 98.99259382399339, 77.9825840606932, 70.45433962594849, 88.45075129359947]","[0, 184.49599999999919, 552.4919999999984, 552.4919999999984, 122.83066666666491, 0]"
43775,"[9.0, 10.0, 17.0, 50.0, 59.0, 66.0, 90.0, 92.0]","[0.0, 9.0, 10.0, 17.0, 50.0, 59.0, 66.0, 90.0]","[1.5, 2.5, 1.0, 2.0, 1.5, 1.0, 1.0, 1.0]","[9, 7, 4, 3, 3, 3, 2, 0]","[5, 4, 4, 4, 3, 2, 2, 1]","[1.5, 1.0, 1.0, 0.5, 0.5, 0.5, 0.75, 1.0]","[2.0, 1.0, 1.5, 0.5, 0.5, 1.0, 1.25, 1.5]","[0, 1, 0, 0, 0, 0, 0, 0]","[9.0, 1.0, 7.0, 33.0, 9.0, 7.0, 24.0, 2.0]","[9, 7, 4, 3, 3, 3, 2, 0]","[5, 4, 4, 4, 3, 2, 2, 1]","[154.0, 292.25, 158.0, 167.40359922257957, 159.41582238929536, 155.51, 101.0, 120.0]","[222.5, 227.0, 158.0, 204.0, 159.41582238929536, 101.0, 101.0, 81.0]","[171.125, 275.9375, 158.0, 176.55269941693467, 159.41582238929536, 141.8825, 101.0, 110.25]",2008-12-02 11:00,40.0,5,2.0,9.0,3.0,2.0,-999.0,92.0,1,92.95,6.86,1.06,0.79,0.45,0.0,9,342.7,97.89,33,323.3018867924528,145.48584905660377,86.09,194.834278081078,337.93062895351187,77.02461619080421,255.3281537628587,262.4610571736785,0.28,-0.1099999999999998,-2.0,0.7399609436376288,0.71,2.32,-0.9886,0.1769330135698916,0.3080110303228048,2.1490901999892564,1.5189958718935617,0.4559453393556955,19767.162006450897,0.0389890578406436,-0.1,0.64,197.7469839309005,1,0,9.0,"[1.0, 7.0, 33.0, 9.0, 7.0, 24.0, 2.0]","[275.9375, 158.0, 176.55269941693467, 159.41582238929536, 141.8825, 101.0, 110.25]","[(275.9375, 10.0), (158.0, 70.0), (176.55269941693467, 330.0), (159.41582238929536, 90.0), (141.8825, 70.0), (101.0, 240.0), (110.25, 20.0)]",,2,3,7,147.95899376219882,83.0,"[1.0, 7.0, 33.0, 9.0, 33.0]","[275.9375, 158.0, 176.55269941693467, 159.41582238929536, 117.71083333333333]",12280.5964822625,[ 1.  7. 33.  9. 33.],[275.9375     158.         176.55269942 159.41582239 117.71083333],True,1.4959156323198521,83000.0,1,[0.13509416580200195],[1],[0]
43778,"[10.0, 33.0, 70.0, 105.0, 159.0, 160.0, 170.0, 177.0, 186.0, 188.0]","[0.0, 10.0, 33.0, 70.0, 105.0, 159.0, 160.0, 170.0, 177.0, 186.0]","[1.0, 5.0, 3.5, 4.0, 3.5, 1.5, 3.0, 1.0, 1.0, 1.0]","[4, 4, 4, 3, 3, 2, 2, 2, 1, 1]","[7, 7, 4, 4, 3, 2, 2, 2, 2, 0]","[4.0, 4.0, 2.0, 0.25, 0.5, 0.5, 0.5, 1.0, 2.0, 2.0]","[5.0, 5.0, 2.0, 0.25, 0.5, 0.5, 1.0, 1.0, 2.0, 3.0]","[0, 0, 0, 0, 0, 0, 0, 0, 0, 0]","[10.0, 23.0, 37.0, 35.0, 54.0, 1.0, 10.0, 7.0, 9.0, 2.0]","[4, 4, 4, 3, 3, 2, 2, 2, 1, 1]","[8, 8, 4, 4, 3, 2, 2, 2, 2, 0]","[158.0, 342.0, 273.0, 272.9777961056527, 232.12522605741117, 119.0, 173.0, 101.0, 81.0, 81.0]","[120.0, 376.0, 273.0, 296.0, 232.12522605741117, 119.0, 173.0, 101.0, 101.0, 120.0]","[148.5, 350.5, 273.0, 278.73334707923954, 232.12522605741117, 119.0, 173.0, 101.0, 86.0, 90.75]",2008-12-02 11:00,34.0,5,3.0,159.0,3.0,2.0,-999.0,188.0,0,168.8,118.1,0.31,0.48,0.13,0.04,4,201.4,13.79,9,649.6774193548387,84.45806451612904,50.70000000000002,129.49808678500986,396.33989560417695,49.65627655902029,171.65318704284218,181.03778026905832,0.35,0.0,0.0,0.955312810327706,0.36,0.76,-0.4551,0.3004371427659166,0.4635224936715185,0.5884887135416257,6.0,0.6531895590622329,19605.12372243141,0.0873658006421505,-0.4,5.94,197.7469839309005,1,4,54.0,"[1.0, 10.0, 7.0, 9.0, 2.0]","[119.0, 173.0, 101.0, 86.0, 90.75]","[(119.0, 10.0), (173.0, 100.0), (101.0, 70.0), (86.0, 90.0), (90.75, 20.0)]",,2,3,5,121.08620689655172,29.0,"[1.0, 10.0, 7.0, 9.0, 2.0]","[119.0, 173.0, 101.0, 86.0, 90.75]",3511.5,[ 1. 10.  7.  9.  2.],[119.   173.   101.    86.    90.75],True,52.7526705875415,0.0,5,"[0.40178585052490234, 0.5224337577819824, 0.6321918964385986, 0.7685666084289551, 0.882537841796875]","[57.489747068225945, 72.02671502387474, 65.56107893340653, 50.40017204596372, 52.7526705875415]","[0, 115.99600000000282, 580.492000000002, 270.9946666666656, 0]"
43779,"[10.0, 60.0, 145.0, 155.0, 170.0, 187.0]","[0.0, 10.0, 60.0, 145.0, 155.0, 170.0]","[4.0, 4.0, 3.0, 3.0, 4.0, 1.0]","[5, 4, 3, 2, 2, 1]","[5, 4, 4, 2, 2, 1]","[2.0, 1.0, 0.25, 0.5, 1.0, 1.5]","[2.0, 1.0, 0.25, 0.5, 1.0, 1.5]","[0, 0, 0, 0, 0, 0]","[10.0, 50.0, 85.0, 10.0, 15.0, 17.0]","[5, 4, 3, 2, 2, 1]","[5, 4, 4, 2, 2, 1]","[285.0, 296.0, 202.0738495144293, 173.0, 209.0, 81.0]","[285.0, 296.0, 250.0, 173.0, 209.0, 81.0]","[285.0, 296.0, 214.05538713582197, 173.0, 209.0, 81.0]",2008-12-02 12:00,35.0,6,3.0,145.0,3.0,2.3,-999.0,187.0,0,167.94,117.88,0.31,0.48,0.13,0.02,4,200.9,13.52,9,648.0645161290323,84.24838709677421,50.06,129.87874550539354,395.2758840744744,49.18815629636641,171.42078947368427,180.53647727272727,0.34,0.0,0.0,0.9552015928322548,0.4,0.75,-0.4407,0.3042781290098276,0.4669515134847353,0.5919099758291918,6.0,0.6544476653143979,18984.790209790208,0.0787873850755158,-0.4,5.92,439.4377420686678,1,2,85.0,"[10.0, 15.0, 17.0]","[173.0, 209.0, 81.0]","[(173.0, 100.0), (209.0, 150.0), (81.0, 170.0)]",,2,3,3,148.61904761904762,42.0,"[10.0, 15.0, 17.0, 0, 0]","[173.0, 209.0, 81.0, 0, 0]",6242.0,[10. 15. 17.  0.  0.],[173. 209.  81.   0.   0.],True,93.04457734814025,419.56461290322477,9,"[0.5016798973083496, 0.6435339450836182, 0.7672488689422607, 0.8759028911590576, 0.9856767654418945, 1.0848968029022217, 1.2119388580322266, 1.5747599601745605, 1.7099840641021729]","[90.62055962234537, 117.73142807789739, 103.85811751347474, 78.99931939653995, 70.57960395268142, 83.82925629975043, 94.59661850100217, 93.4803832607367, 93.04457734814025]","[0, 335.99199999999837, 672.4879999999976, 672.4879999999976, 378.36599999999453, 252.24399999999514, 419.56461290322477, 419.56461290322477, 419.56461290322477]"
43790,"[19.0, 22.0, 50.0, 65.0, 85.0, 117.0, 125.0, 133.0]","[0.0, 19.0, 22.0, 50.0, 65.0, 85.0, 117.0, 125.0]","[2.0, 4.5, 4.0, 3.0, 4.0, 2.5, 1.0, 1.0]","[5, 7, 4, 3, 3, 3, 2, 1]","[5, 4, 4, 4, 3, 3, 2, 1]","[2.0, 2.0, 1.0, 0.5, 0.5, 0.5, 1.0, 1.5]","[2.0, 2.5, 1.0, 1.0, 0.5, 0.5, 1.0, 2.0]","[0, 1, 0, 0, 0, 0, 0, 0]","[19.0, 3.0, 28.0, 15.0, 20.0, 32.0, 8.0, 8.0]","[5, 7, 4, 3, 3, 3, 2, 1]","[5, 4, 4, 4, 3, 3, 2, 1]","[235.0, 292.25, 296.0, 202.0738495144293, 272.9777961056527, 181.06998247500167, 101.0, 81.0]","[235.0, 319.0, 296.0, 250.0, 272.9777961056527, 181.06998247500167, 101.0, 81.0]","[235.0, 298.9375, 296.0, 214.05538713582197, 272.9777961056527, 181.06998247500167, 101.0, 81.0]",2008-12-02 12:00,35.0,7,3.0,85.0,3.0,3.0,-999.0,133.0,1,125.82,90.49,0.31,0.48,0.14,0.14,2,194.2,8.458,9,626.4516129032257,87.70322580645163,35.33,126.13317294084352,294.16611506098036,38.96162502138978,151.26604675876723,163.8374701670644,0.3,-0.03,0.0,0.8676319137335676,0.3,0.8,-0.3092,0.4311396302924417,0.6585402608031042,0.2863684242014688,6.0,0.6582280677475573,12555.085139645918,0.017184846779724,-0.5,5.23,878.8754841373355,1,4,20.0,"[32.0, 8.0, 8.0]","[181.06998247500167, 101.0, 81.0]","[(181.06998247500167, 320.0), (101.0, 80.0), (81.0, 80.0)]",,3,4,3,151.04665498333443,48.0,"[32.0, 8.0, 8.0, 0, 0]","[181.06998247500167, 101.0, 81.0, 0, 0]",7250.239439200053,[32.  8.  8.  0.  0.],[181.06998248 101.          81.           0.           0.        ],True,94.10188871540186,576.4879999999976,11,"[0.43999576568603516, 0.5691277980804443, 0.7041478157043457, 0.860609769821167, 1.0306687355041504, 1.388051986694336, 1.4808146953582764, 1.6118168830871582, 1.711045742034912, 1.8215649127960205, 1.929269552230835]","[82.17522821786474, 86.31169204116551, 87.46490970056811, 88.53669342365937, 89.53177232592553, 90.45477685072517, 91.31020454105791, 92.09175073508425, 92.8149554412152, 93.48375477747177, 94.10188871540186]","[0, 383.99199999999837, 383.99199999999837, 383.99199999999837, 383.99199999999837, 383.99199999999837, 384.49199999999837, 384.49199999999837, 384.49199999999837, 384.49199999999837, 576.4879999999976]"
44030,"[7.0, 12.5, 13.0, 21.0, 26.0, 45.0, 46.0, 47.0, 49.0, 63.0, 63.5, 64.0, 65.0]","[0.0, 7.0, 12.5, 13.0, 21.0, 26.0, 45.0, 46.0, 47.0, 49.0, 63.0, 63.5, 64.0]","[2.0, 3.0, 4.5, 3.0, 3.0, 2.5, 1.0, 3.5, 1.0, 1.0, 1.0, 2.5, 1.0]","[4, 4, 7, 3, 3, 3, 4, 7, 4, 3, 4, 7, 4]","[7, 4, 7, 4, 3, 3, 9, 7, 3, 3, 3, 4, 2]","[0.75, 0.5, 0.5, 0.5, 0.25, 0.25, 0.75, 0.75, 0.5, 0.25, 0.25, 0.5, 0.75]","[1.0, 0.75, 0.75, 0.75, 0.5, 0.5, 1.0, 1.25, 0.75, 0.5, 0.5, 0.75, 1.0]","[0, 0, 1, 0, 0, 0, 0, 1, 0, 0, 0, 1, 0]","[7.0, 5.5, 0.5, 8.0, 5.0, 19.0, 1.0, 1.0, 2.0, 14.0, 0.5, 0.5, 1.0]","[4, 4, 7, 3, 3, 3, 4, 7, 4, 3, 4, 7, 4]","[8, 4, 7, 4, 3, 3, 9, 7, 3, 3, 3, 4, 2]","[204.0, 250.0, 292.25, 202.0738495144293, 202.0738495144293, 181.06998247500167, 158.0, 292.25, 158.0, 155.51, 158.0, 292.25, 158.0]","[184.0, 250.0, 292.25, 250.0, 202.0738495144293, 181.06998247500167, 133.0, 292.25, 155.51, 155.51, 155.51, 227.0, 101.0]","[199.0, 250.0, 292.25, 214.05538713582197, 202.0738495144293, 181.06998247500167, 151.75, 292.25, 157.3775, 155.51, 157.3775, 275.9375, 143.75]",2008-12-04 12:00,30.0,6,3.0,47.0,3.0,1.7,-999.0,65.0,1,65.15,47.92,0.87,0.36,0.28,0.0,4,182.7,11.71,11,210.0,58.8,17.230000000000004,128.39013348810215,143.02666464584,33.124371631009694,128.39013348810215,137.78175388967466,0.22,-0.0899999999999999,0.0,0.8065476190476191,0.5,0.61,-0.1797,0.8840489343141014,1.2495388139014765,6.0,6.0,0.2258160214089656,15085.950532386863,0.0314380427285185,-0.2,5.24,439.4377420686678,1,7,1.0,"[2.0, 14.0, 0.5, 0.5, 1.0]","[157.3775, 155.51, 157.3775, 275.9375, 143.75]","[(157.3775, 20.0), (155.51, 140.0), (157.3775, 5.0), (275.9375, 5.0), (143.75, 10.0)]",,2,3,5,158.46124999999998,18.0,"[2.0, 14.0, 0.5, 0.5, 1.0]","[157.3775, 155.51, 157.3775, 275.9375, 143.75]",2852.3025,[ 2.  14.   0.5  0.5  1. ],[157.3775 155.51   157.3775 275.9375 143.75  ],True,74.04971440633277,168.32799999999952,7,"[0.4716029167175293, 0.5517830848693848, 0.6760909557342529, 0.8610038757324219, 0.983557939529419, 1.1414687633514404, 1.2492618560791016]","[65.42371442239804, 80.7964102759907, 84.44950341733178, 74.38180366070723, 72.00259907118016, 73.62533902374113, 74.04971440633277]","[0, 72.496000000001, 216.4920000000002, 216.4920000000002, 168.32799999999952, 168.32799999999952, 168.32799999999952]"
44050,"[5.0, 17.0, 37.0, 51.0, 55.5, 56.0, 60.0, 67.0, 74.0, 83.0, 103.0, 108.0]","[0.0, 5.0, 17.0, 37.0, 51.0, 55.5, 56.0, 60.0, 67.0, 74.0, 83.0, 103.0]","[1.5, 2.0, 1.0, 1.5, 1.0, 2.5, 1.0, 1.5, 4.0, 1.5, 1.0, 1.0]","[9, 9, 9, 9, 9, 7, 4, 3, 3, 3, 3, 2]","[5, 4, 4, 4, 4, 7, 4, 4, 3, 3, 2, 2]","[1.25, 0.75, 0.75, 0.75, 1.0, 0.5, 0.75, 0.5, 0.5, 0.25, 0.5, 0.75]","[2.0, 1.0, 1.5, 1.25, 1.5, 1.0, 1.25, 0.75, 0.5, 0.5, 0.75, 1.5]","[0, 0, 0, 0, 0, 1, 0, 0, 0, 0, 0, 0]","[5.0, 12.0, 20.0, 14.0, 4.5, 0.5, 4.0, 7.0, 7.0, 9.0, 20.0, 5.0]","[9, 9, 9, 9, 9, 7, 4, 3, 3, 3, 3, 2]","[5, 4, 4, 4, 4, 7, 4, 4, 3, 3, 2, 2]","[154.0, 175.0, 133.0, 154.0, 133.0, 292.25, 158.0, 159.41582238929536, 272.9777961056527, 159.41582238929536, 155.51, 101.0]","[222.5, 204.0, 158.0, 181.0, 158.0, 292.25, 158.0, 181.0, 272.9777961056527, 159.41582238929536, 101.0, 101.0]","[171.125, 182.25, 139.25, 160.75, 139.25, 292.25, 158.0, 164.8118667919715, 272.9777961056527, 159.41582238929536, 141.8825, 101.0]",2008-12-04 11:00,35.0,3,2.0,56.0,2.0,2.0,-999.0,108.0,1,103.81,53.49,0.58,0.41,0.23,0.0,4,239.9,30.18,12,413.6206896551725,95.13275862068969,50.32,167.13112082670904,361.341154377718,60.86249754394302,222.64679778113967,229.18847320525785,0.28,0.1899999999999999,0.0,1.4679620782163507,0.42,1.09,-0.5762,0.3027059447184415,0.4318111646937332,0.9917713051704335,0.4342022220389974,0.5944264978396043,21681.377165803508,0.0721848614841335,-0.2,3.26,100.9123351677189,1,5,0.5,"[4.0, 7.0, 7.0, 9.0, 20.0, 5.0]","[158.0, 164.8118667919715, 272.9777961056527, 159.41582238929536, 141.8825, 101.0]","[(158.0, 40.0), (164.8118667919715, 70.0), (272.9777961056527, 70.0), (159.41582238929536, 90.0), (141.8825, 200.0), (101.0, 50.0)]",,1,2,6,162.96000080359667,52.0,"[4.0, 7.0, 7.0, 9.0, 25.0]","[158.0, 164.8118667919715, 272.9777961056527, 159.41582238929536, 121.44125]",8473.920041787027,[ 4.  7.  7.  9. 25.],[158.         164.81186679 272.97779611 159.41582239 121.44125   ],True,92.00246968550137,706.8116162601618,13,"[0.3042457103729248, 0.4477238655090332, 0.5612077713012695, 0.6890888214111328, 0.9302117824554443, 1.2255468368530273, 1.3456547260284424, 1.447610855102539, 1.5553369522094727, 1.70042085647583, 1.8489658832550049, 2.2184789180755615, 2.4179258346557617]","[76.71940349052925, 117.98519891883363, 106.56290344944276, 78.90181875593541, 71.9198717719842, 81.17951105094197, 92.06417339431916, 98.18759093167779, 95.0743526066481, 93.49014754782306, 92.66594022884065, 92.23215922213372, 92.00246968550137]","[0, 623.9879999999976, 1040.4840000000004, 873.9871999999996, 665.9871999999996, 499.4903999999988, 499.4903999999988, 706.8116162601618, 706.8116162601618, 706.8116162601618, 706.8116162601618, 706.8116162601618, 706.8116162601618]"
44290,"[25.0, 45.0, 55.0, 70.0, 85.0, 110.0, 125.0, 130.0]","[0.0, 25.0, 45.0, 55.0, 70.0, 85.0, 110.0, 125.0]","[3.0, 4.0, 2.0, 2.0, 2.5, 2.0, 1.0, 1.0]","[9, 9, 7, 4, 3, 3, 2, 2]","[9, 9, 5, 4, 4, 3, 3, 1]","[0.75, 0.75, 2.0, 1.5, 1.0, 0.5, 0.5, 1.5]","[0.75, 0.75, 3.0, 1.5, 1.0, 0.5, 1.0, 2.0]","[0, 0, 1, 0, 0, 0, 0, 0]","[25.0, 20.0, 10.0, 15.0, 15.0, 25.0, 15.0, 5.0]","[9, 9, 7, 4, 3, 3, 2, 2]","[9, 9, 5, 4, 4, 3, 3, 1]","[217.0, 259.0, 292.25, 204.0, 181.06998247500167, 167.40359922257957, 101.0, 101.0]","[217.0, 259.0, 235.0, 204.0, 227.0, 167.40359922257957, 155.51, 81.0]","[217.0, 259.0, 277.9375, 204.0, 192.55248685625125, 167.40359922257957, 114.6275, 96.0]",2008-12-09 11:00,40.0,2,1.0,25.0,1.0,2.0,-999.0,130.0,0,121.66,37.32,1.33,0.18,0.74,0.0,4,259.9,102.8,22,195.41353383458645,144.60601503759398,84.34,199.52239743893767,379.5776220851902,77.80595581197535,279.84250135354625,286.4761529808774,0.29,0.8200000000000001,-1.0,2.992146300613358,1.0,1.29,-0.9793,0.1806042582194922,0.2342921099916221,1.189084503234363,1.0465871515460214,0.3752748648689221,16737.623434245055,0.0275822147735808,-0.1,2.22,80.0,1,0,25.0,"[20.0, 10.0, 15.0, 15.0, 25.0, 15.0, 5.0]","[259.0, 277.9375, 204.0, 192.55248685625125, 167.40359922257957, 114.6275, 96.0]","[(259.0, 200.0), (277.9375, 100.0), (204.0, 150.0), (192.55248685625125, 150.0), (167.40359922257957, 250.0), (114.6275, 150.0), (96.0, 50.0)]",,1,1,7,193.25871222293577,105.0,"[20.0, 10.0, 15.0, 15.0, 45.0]","[259.0, 277.9375, 204.0, 192.55248685625125, 126.01036640752652]",20292.164783408258,[20. 10. 15. 15. 45.],[259.         277.9375     204.         192.55248686 126.01036641],False,1.0,105000.0,0,[],[],[]
44291,"[15.0, 26.0, 41.0, 42.0, 43.0, 65.0, 67.0, 68.0]","[0.0, 15.0, 26.0, 41.0, 42.0, 43.0, 65.0, 67.0]","[2.0, 3.0, 2.0, 3.0, 3.0, 1.0, 3.0, 1.0]","[7, 7, 9, 4, 7, 3, 7, 2]","[9, 4, 9, 4, 4, 5, 2, 2]","[1.0, 1.5, 1.0, 1.0, 0.5, 0.5, 1.0, 1.0]","[2.0, 2.0, 1.0, 1.5, 0.5, 0.75, 1.5, 1.0]","[0, 1, 0, 0, 1, 0, 1, 0]","[15.0, 11.0, 15.0, 1.0, 1.0, 22.0, 2.0, 1.0]","[8, 7, 9, 4, 7, 3, 7, 2]","[9, 4, 9, 4, 4, 5, 2, 2]","[184.0, 292.25, 175.0, 250.0, 292.25, 155.51, 292.25, 101.0]","[175.0, 250.0, 175.0, 250.0, 250.0, 210.0, 173.0, 101.0]","[181.75, 281.6875, 175.0, 250.0, 281.6875, 169.1325, 262.4375, 101.0]",2008-12-09 13:00,38.0,2,1.0,43.0,1.0,3.0,1.0,68.0,1,69.5,49.94,1.51,0.2,0.69,0.0,5,138.0,6.529,13,91.3907284768212,63.05960264900661,19.56,121.4017382413088,147.3448266135944,29.729010007332697,121.4017382413088,135.39849946409433,0.25,0.65,0.0,2.136240310077519,0.73,0.34,-0.1549,0.778740446739876,0.883301865840364,6.0,6.0,0.1145612199053251,9891.129034516562,0.0091359508736731,-0.3,6.0,80.0,1,4,1.0,"[22.0, 2.0, 1.0]","[169.1325, 262.4375, 101.0]","[(169.1325, 220.0), (262.4375, 20.0), (101.0, 10.0)]",,1,1,3,173.8716,25.0,"[22.0, 2.0, 1.0, 0, 0]","[169.1325, 262.4375, 101.0, 0, 0]",4346.79,[22.  2.  1.  0.  0.],[169.1325 262.4375 101.       0.       0.    ],True,100.19884040638222,420.38720000000103,6,"[0.2642381191253662, 0.3875293731689453, 0.7967500686645508, 0.8859870433807373, 0.9631662368774414, 1.2392723560333252]","[86.54563567949481, 118.496028560316, 124.74583626756325, 105.37468694005031, 99.83865145205178, 100.19884040638222]","[0, 200.49199999999837, 500.48399999999856, 500.48399999999856, 420.38720000000103, 420.38720000000103]"
44293,"[5.0, 10.0, 35.0, 70.0, 100.0, 103.0, 115.0]","[0.0, 5.0, 10.0, 35.0, 70.0, 100.0, 103.0]","[1.0, 2.0, 3.0, 3.0, 2.0, 2.5, 1.0]","[4, 7, 3, 3, 3, 3, 2]","[4, 4, 3, 3, 3, 3, 2]","[3.0, 2.0, 0.75, 0.5, 0.2, 0.2, 1.0]","[4.0, 2.0, 1.0, 0.75, 0.25, 0.5, 1.5]","[0, 1, 0, 0, 0, 0, 0]","[5.0, 5.0, 25.0, 35.0, 30.0, 3.0, 12.0]","[4, 7, 3, 3, 3, 3, 2]","[4, 4, 3, 3, 3, 3, 2]","[158.0, 292.25, 202.0738495144293, 202.0738495144293, 167.40359922257957, 181.06998247500167, 101.0]","[158.0, 204.0, 202.0738495144293, 202.0738495144293, 167.40359922257957, 181.06998247500167, 101.0]","[158.0, 270.1875, 202.0738495144293, 202.0738495144293, 167.40359922257957, 181.06998247500167, 101.0]",2008-12-09 11:00,32.0,3,3.0,103.0,2.0,2.0,-999.0,115.0,1,111.51,96.4,0.95,0.35,0.29,0.0,4,116.5,2.8080000000000003,7,122.63157894736842,35.56315789473684,15.11,98.61204500330906,181.1140139806162,22.59747713374915,98.61204500330906,102.25371312309258,0.28,0.44,0.0,1.9187073971219388,0.51,0.24,-0.1111,1.0080849198035726,1.187216164690316,6.0,6.0,0.1179644763611834,19307.60084148907,0.1144349298454994,-0.6,6.0,100.9123351677189,1,5,3.0,[12.0],[101.0],"[(101.0, 120.0)]",,1,2,1,101.0,12.0,"[12.0, 0, 0, 0, 0]","[101.0, 0, 0, 0, 0]",1212.0,[12.  0.  0.  0.  0.],[101.   0.   0.   0.   0.],True,34.279498382800696,332.86026239999956,12,"[0.1926429271697998, 0.3371908664703369, 0.6398630142211914, 0.7619287967681885, 0.8922219276428223, 1.0536448955535889, 1.1843750476837158, 1.309342861175537, 1.427135944366455, 1.562483787536621, 1.8912818431854248, 2.057399034500122]","[21.180400141189633, 27.467431143818622, 29.036628803745575, 56.83556440406818, 68.96542457321512, 30.38603213828234, 21.21320805434093, 34.319683334032696, 38.05459543276222, 35.137435415175425, 34.45031839517875, 34.279498382800696]","[0, 0.5, 240.47999999999956, 240.47999999999956, 136.07999999999993, 517.8355200000005, 46.72944000000007, 46.72944000000007, 332.86026239999956, 332.86026239999956, 332.86026239999956, 332.86026239999956]"
44310,"[23.0, 55.0, 77.0, 78.0]","[0.0, 23.0, 55.0, 77.0]","[4.0, 3.0, 2.0, 1.0]","[4, 3, 2, 1]","[4, 3, 3, 2]","[1.5, 0.25, 0.5, 1.5]","[1.5, 0.5, 0.5, 1.5]","[0, 0, 0, 0]","[23.0, 32.0, 22.0, 1.0]","[4, 3, 2, 1]","[4, 3, 3, 2]","[296.0, 202.0738495144293, 137.0, 81.0]","[296.0, 202.0738495144293, 167.40359922257957, 101.0]","[296.0, 202.0738495144293, 144.6008998056449, 86.0]",2008-12-09 13:00,32.0,6,3.0,55.0,3.0,2.0,-999.0,78.0,1,77.71,67.62,0.98,0.33,0.27,0.0,4,121.3,2.9760000000000004,7,123.77551020408166,33.419387755102036,10.089999999999993,109.3247770069376,167.83214881014558,19.048922201082707,109.3247770069376,105.82039555006182,0.24,0.35,0.0,1.5837684345516168,0.56,0.26,-0.08932,1.5096296470001973,1.6716592003400976,6.0,6.0,0.141443659013149,19056.203217762668,0.0861694733241889,-0.4,6.0,439.4377420686678,1,1,32.0,"[22.0, 1.0]","[144.6008998056449, 86.0]","[(144.6008998056449, 220.0), (86.0, 10.0)]",,2,3,2,142.0530345967038,23.0,"[22.0, 1.0, 0, 0, 0]","[144.6008998056449, 86.0, 0, 0, 0]",3267.219795724188,[22.  1.  0.  0.  0.],[144.60089981  86.           0.           0.           0.        ],True,65.43172655981903,169.2426666666688,7,"[0.9800088405609131, 1.1354968547821045, 1.2832679748535156, 1.4459688663482666, 1.5808689594268799, 1.693734884262085, 2.070981979370117]","[60.51965560284708, 72.19556099328739, 75.43684406199047, 68.0790295301679, 64.71644624202779, 65.2782072545616, 65.43172655981903]","[0, 1.0, 184.9920000000002, 230.73999999999978, 169.2426666666688, 169.2426666666688, 169.2426666666688]"
44311,"[15.5, 16.0, 21.0, 22.0, 35.0, 42.0, 45.0, 50.5, 51.0, 69.0, 72.0]","[0.0, 15.5, 16.0, 21.0, 22.0, 35.0, 42.0, 45.0, 50.5, 51.0, 69.0]","[1.0, 4.0, 1.0, 2.5, 1.0, 1.0, 1.0, 1.0, 2.0, 1.0, 1.0]","[5, 7, 4, 7, 4, 4, 4, 3, 3, 4, 2]","[9, 4, 9, 4, 4, 4, 4, 4, 3, 2, 1]","[2.0, 1.0, 1.0, 1.0, 1.0, 0.5, 0.75, 0.5, 0.25, 0.5, 0.75]","[4.0, 2.0, 2.0, 2.0, 2.0, 1.0, 1.0, 0.75, 0.5, 1.0, 1.5]","[0, 1, 0, 1, 0, 0, 0, 0, 0, 0, 0]","[15.5, 0.5, 5.0, 1.0, 13.0, 7.0, 3.0, 5.5, 0.5, 18.0, 3.0]","[5, 7, 4, 7, 4, 4, 4, 3, 3, 4, 2]","[9, 4, 9, 4, 4, 4, 4, 4, 3, 2, 1]","[210.0, 292.25, 158.0, 292.25, 158.0, 158.0, 158.0, 155.51, 167.40359922257957, 158.0, 101.0]","[133.0, 296.0, 133.0, 227.0, 158.0, 158.0, 158.0, 158.0, 167.40359922257957, 101.0, 81.0]","[190.75, 293.1875, 151.75, 275.9375, 158.0, 158.0, 158.0, 156.1325, 167.40359922257957, 143.75, 96.0]",2008-12-09 13:00,35.0,3,2.0,15.5,2.0,2.0,-999.0,72.0,1,72.8,17.87,1.5,0.1,0.77,0.0,5,243.8,69.21,18,162.53333333333333,125.15066666666668,54.92999999999999,193.8791188785728,264.5002178879807,68.64220439999579,262.444374282434,270.2405117270789,0.24,0.88,-1.5,2.8678980655746384,1.0,1.13,-0.7234,0.2773013496856358,0.3474468110808077,1.112753973271866,0.8754491807081788,0.3128928429427162,15642.36629171694,0.0212433480316076,-0.1,1.72,100.9123351677189,1,0,15.5,"[0.5, 5.0, 1.0, 13.0, 7.0, 3.0, 5.5, 0.5, 18.0, 3.0]","[293.1875, 151.75, 275.9375, 158.0, 158.0, 158.0, 156.1325, 167.40359922257957, 143.75, 96.0]","[(293.1875, 5.0), (151.75, 50.0), (275.9375, 10.0), (158.0, 130.0), (158.0, 70.0), (158.0, 30.0), (156.1325, 55.0), (167.40359922257957, 5.0), (143.75, 180.0), (96.0, 30.0)]",,1,2,10,152.8002088426777,56.5,"[0.5, 5.0, 1.0, 13.0, 37.0]","[293.1875, 151.75, 275.9375, 158.0, 146.54768320376326]",8633.21179961129,[ 0.5  5.   1.  13.  37. ],[293.1875    151.75      275.9375    158.        146.5476832],True,88.087245604914,664.0507560975602,16,"[0.2806739807128906, 0.38601112365722656, 0.5453591346740723, 0.9653191566467285, 1.0788781642913818, 1.2126901149749756, 1.3529610633850098, 1.4991819858551025, 1.619948148727417, 1.7587592601776123, 2.1391780376434326, 2.2767930030822754, 2.3839762210845947, 2.489605188369751, 2.582996129989624, 2.731994152069092]","[69.28977757561387, 104.56466773261778, 111.05406885126472, 88.55800665914397, 78.71957195546923, 79.56415155602527, 84.77925650756207, 87.70464490389594, 89.27450197810552, 83.88015914080569, 81.0112974845628, 84.3772120711522, 86.24963017852275, 87.2624445307189, 87.80205666064379, 88.087245604914]","[0, 452.99199999999837, 904.9839999999967, 904.9839999999967, 791.7359999999971, 622.1139999999978, 622.1139999999978, 622.1139999999978, 847.6516747967471, 847.6516747967471, 664.0507560975602, 664.0507560975602, 664.0507560975602, 664.0507560975602, 664.0507560975602, 664.0507560975602]"
44312,"[14.0, 16.0, 34.0, 44.0, 58.0, 66.0, 67.0]","[0.0, 14.0, 16.0, 34.0, 44.0, 58.0, 66.0]","[2.5, 4.0, 3.5, 3.0, 2.5, 1.0, 1.0]","[4, 7, 3, 3, 3, 3, 2]","[9, 4, 4, 4, 3, 3, 2]","[1.0, 1.0, 0.5, 0.5, 0.25, 0.5, 0.5]","[1.0, 1.5, 1.0, 1.0, 0.75, 0.75, 1.0]","[0, 1, 0, 0, 0, 0, 0]","[14.0, 2.0, 18.0, 10.0, 14.0, 8.0, 1.0]","[4, 7, 3, 3, 3, 3, 2]","[9, 4, 4, 4, 3, 3, 2]","[227.0, 292.25, 232.12522605741117, 202.0738495144293, 181.06998247500167, 155.51, 101.0]","[196.0, 296.0, 273.0, 250.0, 181.06998247500167, 155.51, 101.0]","[219.25, 293.1875, 242.34391954305838, 214.05538713582197, 181.06998247500167, 155.51, 101.0]",2008-12-09 14:00,31.0,6,3.0,16.0,3.0,2.0,-999.0,67.0,0,67.33,15.37,1.63,0.03,0.88,0.0,5,241.9,65.59,18,148.40490797546013,130.59631901840493,51.96,195.2123171670516,262.8679438962762,70.37317160646508,263.69477693144717,274.82932061978545,0.24,1.02,-1.5,3.2343943778420843,1.0,1.11,-0.7443,0.2931517155163967,0.3620878341044931,1.0711729479851249,0.8317543496294688,0.2917193213934173,15110.233614724431,0.0188367448638597,-0.1,1.6,439.4377420686678,1,1,2.0,"[18.0, 10.0, 14.0, 8.0, 1.0]","[242.34391954305838, 214.05538713582197, 181.06998247500167, 155.51, 101.0]","[(242.34391954305838, 180.0), (214.05538713582197, 100.0), (181.06998247500167, 140.0), (155.51, 80.0), (101.0, 10.0)]",,2,3,5,203.58439564280968,51.0,"[18.0, 10.0, 14.0, 8.0, 1.0]","[242.34391954305838, 214.05538713582197, 181.06998247500167, 155.51, 101.0]",10382.804177783291,[18. 10. 14.  8.  1.],[242.34391954 214.05538714 181.06998248 155.51       101.        ],True,83.17788200738802,889.4796799999967,21,"[0.2750370502471924, 0.39821696281433105, 0.49640512466430664, 0.6490283012390137, 0.7367429733276367, 0.8652431964874268, 1.1740870475769043, 1.3203041553497314, 1.4452910423278809, 1.5447900295257568, 1.6937460899353027, 2.0663790702819824, 2.176152229309082, 2.2615151405334473, 2.432279109954834, 2.5439093112945557, 2.655792236328125, 2.8595621585845947, 2.9510960578918457, 3.0679800510406494, 3.4041740894317627]","[49.10803897489101, 81.83173553883675, 104.05960058139237, 91.17074442482381, 84.10218336965947, 79.91411369722606, 77.31668243771627, 75.65947913545247, 79.42045252068824, 81.92337053631682, 83.54296509870044, 84.57213378603934, 79.0517209570343, 75.64509083256513, 78.40357016482653, 80.2345994281398, 81.42542271586032, 82.1896651834973, 82.67597616161822, 82.98375750290042, 83.17788200738802]","[0, 407.99199999999837, 1020.4840000000004, 1020.4840000000004, 1020.4840000000004, 1020.4840000000004, 1020.4840000000004, 857.1872000000003, 857.1872000000003, 857.1872000000003, 857.1872000000003, 1060.8496000000014, 1060.8496000000014, 889.4796799999967, 889.4796799999967, 889.4796799999967, 889.4796799999967, 889.4796799999967, 889.4796799999967, 889.4796799999967, 889.4796799999967]"
44331,"[20.0, 60.0, 80.0, 97.0, 104.0, 105.0]","[0.0, 20.0, 60.0, 80.0, 97.0, 104.0]","[1.0, 3.0, 2.0, 3.0, 3.0, 1.0]","[4, 3, 3, 3, 2, 2]","[5, 4, 3, 2, 2, 2]","[1.5, 0.5, 0.5, 0.5, 0.5, 0.5]","[2.0, 0.5, 0.5, 0.5, 0.75, 0.5]","[0, 0, 0, 0, 0, 0]","[20.0, 40.0, 20.0, 17.0, 7.0, 1.0]","[4, 3, 3, 3, 2, 2]","[5, 4, 3, 2, 2, 2]","[158.0, 202.0738495144293, 167.40359922257957, 202.0738495144293, 173.0, 101.0]","[210.0, 250.0, 167.40359922257957, 173.0, 173.0, 101.0]","[171.0, 214.05538713582197, 167.40359922257957, 194.80538713582197, 173.0, 101.0]",2008-12-09 11:00,38.0,3,2.0,80.0,2.0,2.0,-999.0,105.0,0,103.13,79.74,0.95,0.33,0.38,0.0,4,157.3,8.531,13,165.5789473684211,62.92000000000001,23.39,117.54283882000858,187.0794120782708,30.63580287452369,124.60910543130991,134.29934711643088,0.27,0.3199999999999999,0.0,1.5932552296188658,0.63,0.45,-0.1826,0.6512254441313373,0.8667745091588469,6.0,6.0,0.1719249104498246,12787.114845938377,0.0260653396941471,-0.3,6.0,100.9123351677189,1,2,20.0,"[17.0, 7.0, 1.0]","[194.80538713582197, 173.0, 101.0]","[(194.80538713582197, 170.0), (173.0, 70.0), (101.0, 10.0)]",,1,2,3,184.94766325235895,25.0,"[17.0, 7.0, 1.0, 0, 0]","[194.80538713582197, 173.0, 101.0, 0, 0]",4623.691581308974,[17.  7.  1.  0.  0.],[194.80538714 173.         101.           0.           0.        ],True,91.45390063581793,400.4880000000012,14,"[0.2557528018951416, 0.35899782180786133, 0.5250139236450195, 0.7777929306030273, 0.8913059234619141, 1.0244967937469482, 1.1774530410766602, 1.2911059856414795, 1.415165901184082, 1.7564809322357178, 1.8887889385223389, 1.995771884918213, 2.0950279235839844, 2.252609968185425]","[81.93554641621417, 87.42202754999151, 90.31984208403928, 92.43782087842318, 94.33836035426586, 93.83982058765308, 93.39923845421106, 93.00973080272992, 92.66526217475766, 92.36053424909882, 92.09089091371985, 91.85223653220265, 91.64096538881012, 91.45390063581793]","[0, 199.99199999999837, 300.4880000000012, 300.4880000000012, 400.4880000000012, 400.4880000000012, 400.4880000000012, 400.4880000000012, 400.4880000000012, 400.4880000000012, 400.4880000000012, 400.4880000000012, 400.4880000000012, 400.4880000000012]"
44332,"[10.0, 53.0, 55.0, 65.0, 85.0, 86.0, 87.0]","[0.0, 10.0, 53.0, 55.0, 65.0, 85.0, 86.0]","[1.0, 3.0, 1.0, 1.5, 2.0, 3.0, 1.0]","[4, 4, 4, 4, 3, 3, 2]","[5, 4, 4, 4, 2, 4, 6]","[1.0, 0.5, 0.5, 0.5, 0.5, 0.5, 0.5]","[2.0, 1.0, 1.0, 1.0, 1.0, 1.0, 1.5]","[0, 0, 0, 0, 0, 0, 0]","[10.0, 43.0, 2.0, 10.0, 20.0, 1.0, 1.0]","[4, 4, 4, 4, 3, 3, 2]","[5, 4, 4, 4, 2, 4, 6]","[158.0, 250.0, 158.0, 181.0, 167.40359922257957, 202.0738495144293, 101.0]","[210.0, 250.0, 158.0, 181.0, 137.0, 250.0, 140.0]","[171.0, 250.0, 158.0, 181.0, 159.80269941693467, 214.05538713582197, 110.75]",2008-12-09 10:00,32.0,2,2.0,65.0,1.0,2.0,-999.0,87.0,1,87.6,66.61,1.93,0.04,0.92,0.0,5,124.5,6.01,13,64.5077720207254,59.34715025906736,20.989999999999995,117.24630776560264,147.45004219870182,31.761366095175468,121.05697190426638,126.0372549019608,0.26,1.15,0.0,3.2156729482030686,0.72,0.27,-0.1773,0.7256866669000468,0.7700229810001834,6.0,6.0,0.0823900552473727,11733.458824281875,0.0165703232253471,-0.4,6.0,80.0,1,3,10.0,"[20.0, 1.0, 1.0]","[159.80269941693467, 214.05538713582197, 110.75]","[(159.80269941693467, 200.0), (214.05538713582197, 10.0), (110.75, 10.0)]",,1,1,3,160.0390625215689,22.0,"[20.0, 1.0, 1.0, 0, 0]","[159.80269941693467, 214.05538713582197, 110.75, 0, 0]",3520.8593754745157,[20.  1.  1.  0.  0.],[159.80269942 214.05538714 110.75         0.           0.        ],True,78.52837462927002,205.66133333332982,9,"[0.3673381805419922, 0.5107080936431885, 0.616403341293335, 0.7449910640716553, 0.8414599895477295, 0.9688832759857178, 1.3106753826141357, 1.48445725440979, 1.6176950931549072]","[68.1326321287268, 86.48846849120486, 90.4172706293391, 78.63949672201937, 75.63814720957245, 74.79512265874159, 77.51894378623166, 78.30633588160026, 78.52837462927002]","[0, 88.49599999999919, 264.49199999999837, 264.49199999999837, 264.49199999999837, 205.66133333332982, 205.66133333332982, 205.66133333332982, 205.66133333332982]"
44333,"[27.0, 84.0, 95.0, 109.0, 114.0]","[0.0, 27.0, 84.0, 95.0, 109.0]","[1.0, 4.0, 2.0, 1.5, 3.5]","[4, 3, 2, 2, 3]","[5, 4, 3, 3, 3]","[2.0, 0.25, 0.5, 0.5, 0.2]","[3.0, 0.25, 0.75, 0.75, 0.2]","[0, 0, 0, 0, 0]","[27.0, 57.0, 11.0, 14.0, 5.0]","[4, 3, 2, 2, 3]","[5, 4, 3, 3, 3]","[158.0, 272.9777961056527, 137.0, 119.0, 232.12522605741117]","[210.0, 296.0, 167.40359922257957, 159.41582238929536, 232.12522605741117]","[171.0, 278.73334707923954, 144.6008998056449, 129.10395559732385, 232.12522605741117]",2008-12-09 11:00,34.0,5,2.0,84.0,3.0,2.0,-999.0,114.0,0,113.6,88.75,0.86,0.36,0.36,0.0,4,166.1,9.717,13,193.1395348837209,69.53023255813953,24.84999999999999,121.92696177062376,217.72358743750883,34.445558877566306,129.94301507537688,137.20759803921572,0.27,0.38,0.0,1.8261840256873367,0.5,0.5,-0.2222,0.612964311397665,0.8302621619026992,6.0,6.0,0.2044761607169002,12808.573388203014,0.0260460250642339,-0.3,6.0,197.7469839309005,1,1,57.0,"[11.0, 14.0, 5.0]","[144.6008998056449, 129.10395559732385, 232.12522605741117]","[(144.6008998056449, 110.0), (129.10395559732385, 140.0), (232.12522605741117, 50.0)]",,2,3,3,151.9563802170561,30.0,"[11.0, 14.0, 5.0, 0, 0]","[144.6008998056449, 129.10395559732385, 232.12522605741117, 0, 0]",4558.691406511683,[11. 14.  5.  0.  0.],[144.60089981 129.1039556  232.12522606   0.           0.        ],True,96.11193191910752,390.3660000000018,5,"[0.2800319194793701, 0.3671290874481201, 0.46083807945251465, 0.7530081272125244, 0.8569011688232422]","[75.5639408772995, 106.14090801442215, 117.92725280841069, 103.4474856040979, 96.11193191910752]","[0, 119.996000000001, 360.49199999999837, 480.4880000000012, 390.3660000000018]"
44334,"[18.0, 21.0, 30.0, 31.0, 36.0, 68.0, 71.5, 72.0, 91.0, 97.5, 98.0]","[0.0, 18.0, 21.0, 30.0, 31.0, 36.0, 68.0, 71.5, 72.0, 91.0, 97.5]","[1.0, 2.5, 1.0, 3.0, 1.0, 3.5, 2.0, 2.5, 1.0, 1.0, 1.0]","[4, 7, 4, 7, 4, 3, 4, 3, 3, 2, 1]","[5, 4, 5, 4, 4, 3, 4, 4, 4, 3, 6]","[2.0, 2.0, 2.0, 1.0, 1.0, 0.5, 0.5, 0.5, 0.5, 0.5, 2.0]","[3.0, 2.0, 3.0, 2.0, 2.0, 0.5, 1.0, 0.75, 1.0, 1.0, 3.0]","[0, 1, 0, 1, 0, 0, 0, 0, 0, 0, 0]","[18.0, 3.0, 9.0, 1.0, 5.0, 32.0, 3.5, 0.5, 19.0, 6.5, 0.5]","[4, 7, 4, 7, 4, 3, 4, 3, 3, 2, 1]","[5, 4, 5, 4, 4, 3, 4, 4, 4, 3, 6]","[158.0, 292.25, 158.0, 292.25, 158.0, 232.12522605741117, 204.0, 181.06998247500167, 155.51, 101.0, 81.0]","[210.0, 227.0, 210.0, 250.0, 158.0, 232.12522605741117, 204.0, 227.0, 158.0, 155.51, 140.0]","[171.0, 275.9375, 171.0, 281.6875, 158.0, 232.12522605741117, 204.0, 192.55248685625125, 156.1325, 114.6275, 95.75]",2008-12-09 11:00,36.0,5,1.0,36.0,2.0,2.0,-999.0,98.0,1,97.25,30.17,1.35,0.18,0.69,0.0,4,244.5,70.31,22,181.11111111111111,124.96666666666664,67.08,191.01176207513416,318.2996254768996,69.79280897010179,264.3668976545842,269.3539165818922,0.28,0.79,-1.5,2.82581069237511,1.0,1.14,-0.8443,0.2270745846486579,0.2895685556101183,1.1224917417919182,0.9157008666154134,0.3376437372297979,18415.733604769528,0.0373896583419138,-0.1,2.28,197.7469839309005,1,4,5.0,"[32.0, 3.5, 0.5, 19.0, 6.5, 0.5]","[232.12522605741117, 204.0, 192.55248685625125, 156.1325, 114.6275, 95.75]","[(232.12522605741117, 320.0), (204.0, 35.0), (192.55248685625125, 5.0), (156.1325, 190.0), (114.6275, 65.0), (95.75, 5.0)]",,2,3,6,193.5121730204078,62.0,"[32.0, 3.5, 0.5, 19.0, 7.0]","[232.12522605741117, 204.0, 192.55248685625125, 156.1325, 105.18875]",11997.754727265285,[32.   3.5  0.5 19.   7. ],[232.12522606 204.         192.55248686 156.1325     105.18875   ],False,1.0,62000.0,0,[],[],[]
44350,"[34.0, 48.0, 59.0, 71.0, 78.0, 88.0]","[0.0, 34.0, 48.0, 59.0, 71.0, 78.0]","[2.0, 1.5, 3.0, 2.0, 3.0, 1.0]","[4, 4, 3, 3, 2, 1]","[5, 4, 4, 2, 3, 2]","[1.0, 1.0, 0.5, 0.5, 0.5, 1.0]","[2.0, 1.75, 1.0, 1.0, 1.0, 2.0]","[0, 0, 0, 0, 0, 0]","[34.0, 14.0, 11.0, 12.0, 7.0, 10.0]","[4, 4, 3, 3, 2, 1]","[5, 4, 4, 2, 3, 2]","[204.0, 181.0, 202.0738495144293, 167.40359922257957, 173.0, 81.0]","[235.0, 181.0, 250.0, 137.0, 202.0738495144293, 101.0]","[211.75, 181.0, 214.05538713582197, 159.80269941693467, 180.26846237860732, 86.0]",2008-12-09 14:00,33.0,2,2.0,59.0,1.0,2.0,-999.0,88.0,1,88.86,68.99,1.0,0.32,0.36,0.0,4,160.3,10.23,13,160.3,57.708,19.870000000000005,118.84197282335178,176.06192833620426,29.35141792879329,118.84197282335178,129.84747368421048,0.25,0.31,0.0,1.4908640501957382,0.65,0.47,-0.1812,0.7665909984012066,1.0282144113166316,6.0,6.0,0.1675552068044669,15665.525469447037,0.0478165095547111,-0.2,6.0,80.0,1,2,11.0,"[12.0, 7.0, 10.0]","[159.80269941693467, 180.26846237860732, 86.0]","[(159.80269941693467, 120.0), (180.26846237860732, 70.0), (86.0, 100.0)]",,1,1,3,139.2935044708092,29.0,"[12.0, 7.0, 10.0, 0, 0]","[159.80269941693467, 180.26846237860732, 86.0, 0, 0]",4039.511629653467,[12.  7. 10.  0.  0.],[159.80269942 180.26846238  86.           0.           0.        ],True,74.5748450312088,232.49600000000282,8,"[0.2515239715576172, 0.3682830333709717, 0.6940939426422119, 0.8503949642181396, 0.9536700248718262, 1.0590629577636719, 1.1678040027618408, 1.257845163345337]","[63.459444579074045, 66.5798729125623, 68.29710319682097, 69.84112212318382, 71.22699147887229, 72.46905937759328, 73.58082098480146, 74.5748450312088]","[0, 115.99600000000282, 115.99600000000282, 115.99600000000282, 115.99600000000282, 115.99600000000282, 115.99600000000282, 232.49600000000282]"
45670,"[24.0, 42.0, 56.0, 76.0, 84.7, 85.0, 86.0, 88.0, 95.0, 102.0, 121.5, 122.0]","[0.0, 24.0, 42.0, 56.0, 76.0, 84.7, 85.0, 86.0, 88.0, 95.0, 102.0, 121.5]","[1.5, 1.0, 1.5, 2.5, 1.0, 2.0, 1.0, 2.0, 1.5, 1.0, 3.0, 1.0]","[4, 4, 4, 3, 4, 7, 4, 3, 3, 3, 3, 1]","[7, 9, 9, 3, 9, 7, 2, 3, 3, 2, 3, 0]","[1.5, 1.0, 0.5, 0.5, 0.5, 0.5, 0.5, 0.5, 0.5, 0.5, 0.25, 1.0]","[2.5, 2.0, 1.0, 0.5, 1.0, 1.0, 1.0, 0.5, 0.5, 0.75, 0.5, 2.0]","[0, 0, 0, 0, 0, 1, 0, 0, 0, 0, 0, 0]","[24.0, 18.0, 14.0, 20.0, 8.700000000000003, 0.29999999999999716, 1.0, 2.0, 7.0, 7.0, 19.5, 0.5]","[4, 4, 4, 3, 4, 7, 4, 3, 3, 3, 3, 1]","[8, 9, 9, 3, 9, 7, 2, 3, 3, 2, 3, 0]","[181.0, 158.0, 181.0, 181.06998247500167, 158.0, 292.25, 158.0, 167.40359922257957, 159.41582238929536, 155.51, 202.0738495144293, 81.0]","[152.0, 133.0, 154.0, 181.06998247500167, 133.0, 292.25, 101.0, 167.40359922257957, 159.41582238929536, 101.0, 202.0738495144293, 120.0]","[173.75, 151.75, 174.25, 181.06998247500167, 151.75, 292.25, 143.75, 167.40359922257957, 159.41582238929536, 141.8825, 202.0738495144293, 90.75]",2008-12-17 11:00,33.0,3,1.0,95.0,1.0,3.0,1.0,122.0,0,114.29,84.93,0.86,0.38,0.43,0.0,4,217.9,18.66,23,253.3720930232558,108.95,29.36,170.85715258855586,312.78729410500165,70.29047539473329,192.0837352488456,205.94393939393936,0.2,-0.04,0.0,0.9195961450206516,0.56,0.89,-0.3631,0.5188066463975468,0.6587446272486779,0.4739548859608776,0.1735625140292252,0.4174039764216397,9682.666666666666,0.0063442059395413,-0.2,4.04,100.9123351677189,1,8,7.0,"[7.0, 19.5, 0.5]","[141.8825, 202.0738495144293, 90.75]","[(141.8825, 70.0), (202.0738495144293, 195.0), (90.75, 5.0)]",,1,2,3,184.40713205671744,27.0,"[7.0, 19.5, 0.5, 0, 0]","[141.8825, 202.0738495144293, 90.75, 0, 0]",4978.992565531371,[ 7.  19.5  0.5  0.   0. ],[141.8825     202.07384951  90.75         0.           0.        ],True,99.08484335204206,378.7360000000008,3,"[0.26653385162353516, 0.5645256042480469, 0.6777558326721191]","[96.86958207504296, 118.8770394310667, 99.08484335204206]","[0, 432.9840000000004, 378.7360000000008]"
45771,"[23.0, 45.0, 71.0, 80.0, 100.0, 110.0]","[0.0, 23.0, 45.0, 71.0, 80.0, 100.0]","[1.0, 2.0, 2.0, 3.0, 1.0, 1.0]","[4, 4, 3, 3, 1, 0]","[4, 4, 4, 3, 0, 1]","[1.0, 1.0, 0.5, 0.25, 1.0, 1.0]","[1.5, 1.0, 0.75, 0.25, 1.0, 1.0]","[0, 0, 0, 0, 0, 0]","[23.0, 22.0, 26.0, 9.0, 20.0, 10.0]","[4, 4, 3, 3, 1, 0]","[4, 4, 4, 3, 0, 1]","[158.0, 204.0, 167.40359922257957, 202.0738495144293, 81.0, 120.0]","[158.0, 204.0, 204.0, 202.0738495144293, 120.0, 81.0]","[158.0, 204.0, 176.55269941693467, 202.0738495144293, 90.75, 110.25]",2008-12-21 11:00,35.0,5,1.0,71.0,2.0,3.0,-999.0,110.0,1,110.37,75.24,0.92,0.37,0.34,0.0,4,143.8,2.211,6,156.30434782608697,53.14347826086957,35.13000000000001,148.18033020210643,493.0705459598603,47.93202039123501,149.1558282208589,153.25035294117646,0.24,0.6100000000000001,-0.5,3.2360357126833867,0.73,0.37,-0.3504,0.4335941684666088,0.4210358308360929,0.2281259188264781,0.2459854497863046,0.2840968557486109,32069.48096885812,0.2125871707957238,-2.4,2.37,197.7469839309005,1,2,26.0,"[9.0, 20.0, 10.0]","[202.0738495144293, 90.75, 110.25]","[(202.0738495144293, 90.0), (90.75, 200.0), (110.25, 100.0)]",,2,3,3,121.44011911871446,39.0,"[9.0, 20.0, 10.0, 0, 0]","[202.0738495144293, 90.75, 110.25, 0, 0]",4736.164645629864,[ 9. 20. 10.  0.  0.],[202.07384951  90.75       110.25         0.           0.        ],True,81.47135871447725,234.74399999999878,10,"[0.3521857261657715, 0.46876072883605957, 0.5866398811340332, 0.7140789031982422, 0.8083598613739014, 1.1931629180908203, 1.322690725326538, 1.4447147846221924, 1.545792818069458, 1.6999340057373047]","[80.40280958446651, 84.00990979173349, 83.56181102399789, 83.10246723235953, 82.71148110935303, 82.37852482279392, 82.0948720977443, 81.85313910030301, 81.64706998107415, 81.47135871447725]","[0, 312.99199999999837, 234.74399999999878, 234.74399999999878, 234.74399999999878, 234.74399999999878, 234.74399999999878, 234.74399999999878, 234.74399999999878, 234.74399999999878]"
46050,"[20.0, 47.5, 48.0, 50.0, 60.0, 75.0, 79.8, 80.0]","[0.0, 20.0, 47.5, 48.0, 50.0, 60.0, 75.0, 79.8]","[2.0, 1.5, 3.0, 3.5, 2.5, 2.5, 4.0, 2.0]","[5, 4, 6, 7, 4, 3, 3, 6]","[4, 5, 6, 4, 4, 4, 3, 6]","[99.0, 99.0, 2.0, 99.0, 99.0, 99.0, 0.25, 2.0]","[99.0, 99.0, 4.0, 99.0, 99.0, 99.0, 0.25, 2.0]","[0, 0, 0, 1, 0, 0, 0, 0]","[20.0, 27.5, 0.5, 2.0, 10.0, 15.0, 4.799999999999997, 0.20000000000000284]","[5, 4, 6, 7, 4, 3, 3, 6]","[4, 5, 6, 4, 4, 4, 3, 6]","[235.0, 181.0, 140.0, 292.25, 227.0, 181.06998247500167, 272.9777961056527, 140.0]","[204.0, 222.5, 140.0, 273.0, 227.0, 227.0, 272.9777961056527, 140.0]","[227.25, 191.375, 140.0, 287.4375, 227.0, 192.55248685625125, 272.9777961056527, 140.0]",2008-12-24 09:00,32.0,4,2.0,47.5,3.0,2.0,-999.0,80.0,1,86.27,48.05,1.46,0.21,0.78,0.0,4,189.8,17.38,28,130.0,101.4,38.22,181.32090528519103,354.9388139270097,66.45959886293467,195.2936723163842,198.8644295302013,0.2,0.4199999999999999,0.0,1.5310650887573962,0.73,0.67,-0.4939,0.3985390669343792,0.4168463184467017,0.573047192746768,0.5342801658371915,0.2768936414730293,14330.732614344652,0.0193942274074315,-0.3,3.2,131.83132262060033,1,1,27.5,"[0.5, 2.0, 10.0, 15.0, 4.799999999999997, 0.20000000000000284]","[140.0, 287.4375, 227.0, 192.55248685625125, 272.9777961056527, 140.0]","[(140.0, 5.0), (287.4375, 20.0), (227.0, 100.0), (192.55248685625125, 150.0), (272.9777961056527, 47.99999999999997), (140.0, 2.0000000000000284)]",,2,2,6,219.7370992046431,32.5,"[0.5, 2.0, 10.0, 15.0, 5.0]","[140.0, 287.4375, 227.0, 192.55248685625125, 206.48889805282636]",7141.455724150901,[ 0.5  2.  10.  15.   5. ],[140.         287.4375     227.         192.55248686 206.48889805],True,133.4135184554008,610.5980625136617,15,"[0.495574951171875, 0.5651459693908691, 0.6851069927215576, 0.7796130180358887, 0.9036109447479248, 0.9942848682403564, 1.1173970699310303, 1.2504220008850098, 1.3825039863586426, 1.7112908363342285, 1.8327679634094238, 1.914294958114624, 2.0790390968322754, 2.220715045928955, 2.3587191104888916]","[105.84345259412486, 154.13399523746017, 153.4317514867536, 132.10222729037474, 129.95341854765158, 129.0152450446129, 128.6007676261976, 132.41289048779979, 134.08988617201038, 134.8120784874163, 130.22067428279158, 128.23814784562282, 131.40670605716147, 132.80623312387107, 133.4135184554008]","[0, 390.98799999999756, 780.9759999999969, 694.145333333332, 694.145333333332, 694.145333333332, 590.0485333333327, 590.0485333333327, 590.0485333333327, 719.8322448087438, 719.8322448087438, 610.5980625136617, 610.5980625136617, 610.5980625136617, 610.5980625136617]"
46110,"[30.0, 70.0, 90.0, 92.0, 114.0, 118.0, 151.0, 155.0, 169.5, 170.0, 172.0]","[0.0, 30.0, 70.0, 90.0, 92.0, 114.0, 118.0, 151.0, 155.0, 169.5, 170.0]","[2.0, 2.0, 1.5, 2.0, 2.5, 3.0, 3.5, 1.0, 2.0, 1.5, 1.0]","[5, 5, 9, 5, 4, 4, 4, 4, 4, 6, 2]","[7, 9, 5, 4, 4, 5, 3, 4, 3, 5, 3]","[2.0, 2.0, 1.0, 1.0, 1.0, 1.0, 0.1, 0.5, 0.5, 1.0, 0.25]","[3.0, 3.0, 1.5, 3.0, 2.0, 1.5, 0.5, 1.0, 0.5, 1.0, 0.5]","[0, 0, 0, 0, 0, 0, 0, 0, 0, 0, 0]","[30.0, 40.0, 20.0, 2.0, 22.0, 4.0, 33.0, 4.0, 14.5, 0.5, 2.0]","[5, 5, 9, 5, 4, 4, 4, 4, 4, 6, 2]","[8, 9, 5, 4, 4, 5, 3, 4, 3, 5, 3]","[235.0, 235.0, 154.0, 235.0, 227.0, 250.0, 273.0, 158.0, 204.0, 140.0, 101.0]","[184.0, 175.0, 222.5, 204.0, 227.0, 260.0, 232.12522605741117, 158.0, 167.40359922257957, 222.5, 155.51]","[222.25, 220.0, 171.125, 227.25, 227.0, 252.5, 262.78130651435276, 158.0, 194.8508998056449, 160.625, 114.6275]",2008-12-25 09:00,35.0,3,1.0,151.0,1.0,2.0,-999.0,172.0,0,161.32,111.67,0.71,0.39,0.41,0.0,4,215.7,20.36,7,303.80281690140845,124.55915492957745,49.64999999999999,196.36763343403828,585.7778579260963,81.43654302239109,227.7535204081633,230.86843687374747,0.2,0.4,-1.0,2.554713087173045,0.59,0.87,-0.6516,0.3067907983531113,0.3364578701844275,0.8833864164033841,0.8101765705027616,0.6730855460229275,13569.616299821531,0.0201897563446474,-0.4,4.62,100.9123351677189,1,6,33.0,"[4.0, 14.5, 0.5, 2.0]","[158.0, 194.8508998056449, 160.625, 114.6275]","[(158.0, 40.0), (194.8508998056449, 145.0), (160.625, 5.0), (114.6275, 20.0)]",,1,2,4,179.3764546277072,21.0,"[4.0, 14.5, 0.5, 2.0, 0]","[158.0, 194.8508998056449, 160.625, 114.6275, 0]",3766.905547181851,[ 4.  14.5  0.5  2.   0. ],[158.         194.85089981 160.625      114.6275       0.        ],False,84.37777788238154,189.3660000000018,40,"[0.500164270401001, 0.6035881042480469, 0.714137077331543, 0.8321852684020996, 0.9461462497711182, 1.0758252143859863, 1.2427473068237305, 1.3103880882263184, 1.6301262378692627, 1.7690470218658447, 1.8992421627044678, 2.0235812664031982, 2.1238791942596436, 2.252376079559326, 2.3508663177490234, 2.435868263244629, 2.776111125946045, 2.9091992378234863, 3.0642271041870117, 3.184093952178955, 3.3656351566314697, 3.8300621509552, 3.9844932556152344, 4.13105320930481, 4.274704217910767, 4.4478919506073, 4.562557220458984, 4.650637149810791, 5.077568054199219, 5.129779100418091, 5.280145168304443, 5.435888290405273, 5.544976234436035, 5.678884267807007, 5.895844221115112, 6.1600730419158936, 6.30429220199585, 6.420193195343018, 6.549901247024536, 6.636500120162964]","[76.5606790133497, 80.76576027164772, 82.87184412046783, 84.70787862656131, 86.32239621431823, 85.95207663215145, 84.88893962847806, 83.96526635387028, 83.68223539779324, 83.43577805544707, 85.11420377721954, 86.59005493714575, 85.96501473228987, 85.42187223034475, 84.94966820521877, 84.53896274406364, 84.18161270339816, 83.87058434730517, 83.59979507914946, 83.36397933001012, 85.05101285349984, 86.53453692669709, 85.91678240894232, 85.37994804613555, 84.91321072060214, 84.50724656390365, 84.15401161076974, 83.84655707689632, 83.57887327843825, 83.34575734104041, 85.03497469356027, 86.52044562264342, 85.90453997322363, 85.36930648950039, 84.90395656439848, 84.49919575669708, 84.14700525436734, 83.84045782063109, 83.57356226744459, 83.34113162563966]","[0, 167.992000000002, 168.492000000002, 168.492000000002, 252.492000000002, 336.488000000003, 336.488000000003, 273.3660000000018, 273.3660000000018, 189.3660000000018, 189.3660000000018, 273.3660000000018, 273.3660000000018, 273.3660000000018, 273.3660000000018, 273.3660000000018, 273.3660000000018, 273.3660000000018, 273.3660000000018, 189.3660000000018, 189.3660000000018, 273.3660000000018, 273.3660000000018, 273.3660000000018, 273.3660000000018, 273.3660000000018, 273.3660000000018, 273.3660000000018, 273.3660000000018, 189.3660000000018, 189.3660000000018, 273.3660000000018, 273.3660000000018, 273.3660000000018, 273.3660000000018, 273.3660000000018, 273.3660000000018, 273.3660000000018, 273.3660000000018, 189.3660000000018]"
46130,"[20.0, 35.0, 50.0, 59.5, 60.0, 63.0, 64.0]","[0.0, 20.0, 35.0, 50.0, 59.5, 60.0, 63.0]","[1.5, 1.0, 1.5, 1.5, 3.0, 3.5, 1.0]","[5, 5, 5, 4, 6, 3, 2]","[9, 5, 5, 4, 5, 3, 3]","[3.0, 2.0, 2.0, 1.0, 1.0, 0.25, 0.5]","[3.0, 4.0, 3.0, 2.0, 1.0, 0.5, 0.5]","[0, 0, 0, 0, 0, 0, 0]","[20.0, 15.0, 15.0, 9.5, 0.5, 3.0, 1.0]","[5, 5, 5, 4, 6, 3, 2]","[9, 5, 5, 4, 5, 3, 3]","[222.5, 210.0, 222.5, 181.0, 140.0, 232.12522605741117, 101.0]","[154.0, 210.0, 222.5, 181.0, 260.0, 232.12522605741117, 155.51]","[205.375, 210.0, 222.5, 181.0, 170.0, 232.12522605741117, 114.6275]",2008-12-25 10:00,35.0,3,2.0,50.0,2.0,2.0,-999.0,64.0,1,71.18,49.89,1.18,0.17,0.59,0.0,4,144.3,8.557,12,122.28813559322036,72.15,21.290000000000006,168.59920150305302,331.07240837989593,44.90435936633224,171.75507753876937,185.8103286384976,0.2,0.77,0.0,3.891249598566672,0.77,0.37,-0.2378,0.7154609271128213,0.6143573004007973,0.05,0.110464263088237,0.2881634763238118,11890.0,0.0158155747444785,-0.4,5.77,100.9123351677189,1,2,15.0,"[9.5, 0.5, 3.0, 1.0]","[181.0, 170.0, 232.12522605741117, 114.6275]","[(181.0, 95.0), (170.0, 5.0), (232.12522605741117, 30.0), (114.6275, 10.0)]",,1,2,4,186.82165558373097,14.0,"[9.5, 0.5, 3.0, 1.0, 0]","[181.0, 170.0, 232.12522605741117, 114.6275, 0]",2615.5031781722337,[9.5 0.5 3.  1.  0. ],[181.         170.         232.12522606 114.6275       0.        ],True,81.99815759766673,218.75392520325113,9,"[0.4728090763092041, 0.5932328701019287, 0.6981029510498047, 0.8167099952697754, 0.9627399444580078, 1.2916741371154785, 1.4359970092773438, 1.58982515335083, 1.7345118522644043]","[76.09366492834486, 93.19881093559886, 83.85707551682087, 77.27467240713686, 80.9067320622738, 83.04504358248086, 83.57985685806081, 82.31452953344281, 81.99815759766673]","[0, 168.98799999999937, 280.97999999999956, 207.83519999999953, 162.9383999999991, 162.9383999999991, 218.75392520325113, 218.75392520325113, 218.75392520325113]"
46811,"[7.0, 22.0, 47.0, 68.0, 86.0, 89.0, 103.0, 106.5, 107.0]","[0.0, 7.0, 22.0, 47.0, 68.0, 86.0, 89.0, 103.0, 106.5]","[4.0, 3.0, 4.0, 3.5, 3.0, 2.5, 2.0, 1.0, 1.5]","[7, 5, 4, 4, 4, 4, 4, 4, 6]","[5, 4, 5, 4, 9, 4, 4, 5, 4]","[2.0, 1.5, 1.0, 1.0, 1.0, 1.0, 0.5, 1.0, 1.0]","[3.0, 3.0, 2.5, 1.0, 2.0, 1.5, 1.5, 2.5, 4.0]","[1, 0, 0, 0, 0, 0, 0, 0, 0]","[7.0, 15.0, 25.0, 21.0, 18.0, 3.0, 14.0, 3.5, 0.5]","[7, 5, 4, 4, 4, 4, 4, 4, 6]","[5, 4, 5, 4, 9, 4, 4, 5, 4]","[292.25, 260.0, 296.0, 273.0, 250.0, 227.0, 204.0, 158.0, 140.0]","[285.0, 250.0, 285.0, 273.0, 217.0, 227.0, 204.0, 210.0, 181.0]","[290.4375, 257.5, 293.25, 273.0, 241.75, 227.0, 204.0, 171.0, 150.25]",2008-12-31 09:00,35.0,5,3.0,68.0,3.0,1.0,0.0,107.0,0,104.03,70.11,0.58,0.44,0.27,0.0,4,246.0,55.72,12,424.1379310344828,114.51724137931036,33.92,199.34799528301892,363.83604674498525,63.581803743001394,229.1123068726692,237.55315217391305,0.18,0.1699999999999999,-0.5,1.4738647630378745,0.44,1.15,-0.448,0.4490614132733481,0.5520455066837261,0.8979441718235339,0.6015024947654222,0.8568683708490736,11779.56768628922,0.0189505035818163,-0.1,6.0,197.7469839309005,1,3,21.0,"[18.0, 3.0, 14.0, 3.5, 0.5]","[241.75, 227.0, 204.0, 171.0, 150.25]","[(241.75, 180.0), (227.0, 30.0), (204.0, 140.0), (171.0, 35.0), (150.25, 5.0)]",,2,3,5,219.54166666666663,39.0,"[18.0, 3.0, 14.0, 3.5, 0.5]","[241.75, 227.0, 204.0, 171.0, 150.25]",8562.125,[18.   3.  14.   3.5  0.5],[241.75 227.   204.   171.   150.25],True,108.13956978946054,780.0653440000024,15,"[0.5624570846557617, 0.7274329662322998, 0.8804869651794434, 1.0282070636749268, 1.1395750045776367, 1.2682838439941406, 1.376495122909546, 1.7073800563812256, 1.8369019031524658, 1.9568939208984375, 2.0550971031188965, 2.182528018951416, 2.2824361324310303, 2.3894500732421875, 2.853163957595825]","[84.81464319161375, 132.41779788745927, 124.802472893527, 99.94442015169744, 94.35046428980051, 102.53629396075563, 107.2825227704794, 109.88122361469243, 111.26027487263815, 101.5178480182371, 104.72307247357922, 106.46655403970131, 107.39494971846314, 107.88374814719245, 108.13956978946054]","[0, 624.9839999999967, 1092.971999999998, 988.8079999999973, 754.5639999999985, 754.5639999999985, 754.5639999999985, 754.5639999999985, 909.7306879999996, 780.0653440000024, 780.0653440000024, 780.0653440000024, 780.0653440000024, 780.0653440000024, 780.0653440000024]"
47831,"[5.0, 10.0, 26.0, 42.0, 43.0, 57.0, 65.0, 72.0, 79.0, 90.2, 90.5, 91.7, 92.0, 101.7, 102.0]","[0.0, 5.0, 10.0, 26.0, 42.0, 43.0, 57.0, 65.0, 72.0, 79.0, 90.2, 90.5, 91.7, 92.0, 101.7]","[4.0, 2.5, 2.0, 3.0, 1.0, 2.5, 1.5, 2.5, 1.0, 2.0, 1.5, 1.0, 2.0, 1.0, 1.0]","[7, 7, 9, 9, 9, 3, 4, 3, 4, 4, 7, 4, 7, 4, 6]","[4, 4, 9, 4, 4, 4, 3, 4, 3, 3, 4, 9, 4, 4, 6]","[1.5, 1.5, 1.0, 0.75, 1.0, 0.5, 0.5, 0.25, 0.5, 0.5, 0.5, 0.75, 0.5, 0.5, 1.0]","[2.5, 2.5, 2.0, 1.0, 2.0, 0.75, 1.0, 0.75, 1.0, 1.0, 1.0, 1.0, 0.5, 1.0, 2.0]","[1, 1, 0, 0, 0, 0, 0, 0, 0, 0, 1, 0, 1, 0, 0]","[5.0, 5.0, 16.0, 16.0, 1.0, 14.0, 8.0, 7.0, 7.0, 11.200000000000003, 0.29999999999999716, 1.2000000000000028, 0.29999999999999716, 9.700000000000003, 0.29999999999999716]","[7, 7, 9, 9, 9, 3, 4, 3, 4, 4, 7, 4, 7, 4, 6]","[4, 4, 9, 4, 4, 4, 3, 4, 3, 3, 4, 9, 4, 4, 6]","[292.25, 292.25, 175.0, 217.0, 133.0, 181.06998247500167, 181.0, 181.06998247500167, 158.0, 204.0, 292.25, 158.0, 292.25, 158.0, 140.0]","[296.0, 227.0, 175.0, 250.0, 158.0, 227.0, 159.41582238929536, 227.0, 155.51, 167.40359922257957, 181.0, 133.0, 204.0, 158.0, 140.0]","[293.1875, 275.9375, 175.0, 225.25, 139.25, 192.55248685625125, 175.60395559732385, 192.55248685625125, 157.3775, 194.8508998056449, 264.4375, 151.75, 270.1875, 158.0, 140.0]",2009-01-09 11:00,23.0,6,2.0,72.0,3.0,1.0,0.0,102.0,1,102.75,67.03,0.55,0.46,0.22,0.0,4,274.1,92.55,20,498.3636363636364,109.64,35.72,191.56931690929457,253.5862120891184,62.05174435750802,238.81244791666663,259.8863753213368,0.2,-0.0299999999999999,0.0,0.9465460629772674,0.36,1.45,-0.5861,0.4264323386963037,0.6063426574413235,1.1114984122579503,0.4380916803188935,0.8387743478074651,18089.5061728395,0.0603751714161261,-0.0,5.48,439.4377420686678,1,7,7.0,"[7.0, 11.200000000000003, 0.29999999999999716, 1.2000000000000028, 0.29999999999999716, 9.700000000000003, 0.29999999999999716]","[157.3775, 194.8508998056449, 264.4375, 151.75, 270.1875, 158.0, 140.0]","[(157.3775, 70.0), (194.8508998056449, 112.00000000000003), (264.4375, 2.9999999999999716), (151.75, 12.000000000000028), (270.1875, 2.9999999999999716), (158.0, 97.00000000000003), (140.0, 2.9999999999999716)]",,2,3,7,173.36866926077406,30.0,"[7.0, 11.200000000000003, 0.29999999999999716, 1.2000000000000028, 10.299999999999997]","[157.3775, 194.8508998056449, 264.4375, 151.75, 189.39583333333334]",5201.060077823222,[ 7.  11.2  0.3  1.2 10.3],[157.3775     194.85089981 264.4375     151.75       189.39583333],True,91.18401930075758,229.48162662399955,17,"[0.36922788619995117, 0.4922478199005127, 0.6071441173553467, 0.7075700759887695, 0.9709110260009766, 1.0986251831054688, 1.213611125946045, 1.348478078842163, 1.4481079578399658, 1.8004539012908936, 1.9306139945983887, 2.032849073410034, 2.1812350749969482, 2.3197290897369385, 2.4412240982055664, 2.580702066421509, 2.928741931915283]","[84.18633229625016, 101.16436821131224, 103.2875305248779, 87.32143198428005, 82.41062837209242, 84.61698492312485, 98.4095736706311, 96.62418614455589, 87.21553078148216, 84.19386864676918, 89.72802025014629, 99.81983326721323, 95.00779957811315, 85.8049019007998, 89.45800889266773, 90.74435803621785, 91.18401930075758]","[0, 120.496000000001, 360.49199999999837, 360.49199999999837, 280.3279999999995, 80.16400000000067, 200.16400000000067, 319.5226879999991, 319.5226879999991, 219.76134399999864, 99.76134399999864, 219.76134399999864, 338.9632532479991, 229.48162662399955, 229.48162662399955, 229.48162662399955, 229.48162662399955]"
48330,"[20.0, 65.0, 77.0, 88.0, 110.0, 114.0, 119.0, 142.8, 143.0, 146.7, 147.0, 154.5, 155.0]","[0.0, 20.0, 65.0, 77.0, 88.0, 110.0, 114.0, 119.0, 142.8, 143.0, 146.7, 147.0, 154.5]","[1.5, 4.0, 3.5, 3.5, 4.0, 2.0, 3.0, 1.5, 2.5, 1.0, 2.0, 1.0, 1.0]","[5, 3, 3, 3, 3, 3, 3, 3, 7, 4, 7, 4, 6]","[9, 3, 4, 4, 3, 4, 3, 4, 7, 3, 7, 4, 6]","[1.5, 0.5, 0.5, 0.5, 0.5, 0.5, 0.5, 0.5, 0.5, 0.5, 0.5, 0.5, 2.0]","[3.0, 0.5, 0.75, 1.0, 0.5, 0.75, 0.5, 0.75, 1.0, 1.0, 1.0, 1.0, 3.0]","[0, 0, 0, 0, 0, 0, 0, 0, 1, 0, 1, 0, 0]","[20.0, 45.0, 12.0, 11.0, 22.0, 4.0, 5.0, 23.80000000000001, 0.19999999999998863, 3.6999999999999886, 0.30000000000001137, 7.5, 0.5]","[5, 3, 3, 3, 3, 3, 3, 3, 7, 4, 7, 4, 6]","[9, 3, 4, 4, 3, 4, 3, 4, 7, 3, 7, 4, 6]","[222.5, 272.9777961056527, 232.12522605741117, 232.12522605741117, 272.9777961056527, 167.40359922257957, 202.0738495144293, 159.41582238929536, 292.25, 158.0, 292.25, 158.0, 140.0]","[154.0, 272.9777961056527, 273.0, 273.0, 272.9777961056527, 204.0, 202.0738495144293, 181.0, 292.25, 155.51, 292.25, 158.0, 140.0]","[205.375, 272.9777961056527, 242.34391954305838, 242.34391954305838, 272.9777961056527, 176.55269941693467, 202.0738495144293, 164.8118667919715, 292.25, 157.3775, 292.25, 158.0, 140.0]",2009-01-14 10:00,20.0,5,3.0,119.0,3.0,1.0,0.0,155.0,1,144.56,106.36,0.54,0.46,0.2,0.0,4,273.4,134.2,24,506.29629629629625,101.25925925925924,38.2,189.70083769633504,268.75339557620424,60.04567800643032,237.9823807026744,256.4382113821138,0.21,-0.01,0.0,0.9706856420828625,0.34,1.44,-0.6376,0.3987477261317271,0.5709834383661911,1.1651433017257906,0.4747127763740627,0.8364341392640459,22953.6,0.1862883629458086,-0.0,6.0,197.7469839309005,1,6,5.0,"[23.80000000000001, 0.19999999999998863, 3.6999999999999886, 0.30000000000001137, 7.5, 0.5]","[164.8118667919715, 292.25, 157.3775, 292.25, 158.0, 140.0]","[(164.8118667919715, 238.0000000000001), (292.25, 1.9999999999998863), (157.3775, 36.999999999999886), (292.25, 3.0000000000001137), (158.0, 75.0), (140.0, 5.0)]",,2,3,6,164.0540049902478,36.0,"[23.80000000000001, 0.19999999999998863, 3.6999999999999886, 0.30000000000001137, 8.0]","[164.8118667919715, 292.25, 157.3775, 292.25, 149.0]",5905.944179648921,[23.8  0.2  3.7  0.3  8. ],[164.81186679 292.25       157.3775     292.25       149.        ],True,93.76882927221726,216.74399999999878,7,"[0.38451671600341797, 0.511145830154419, 0.7372908592224121, 0.8219509124755859, 1.0392608642578125, 1.1290297508239746, 1.2410619258880615]","[83.27496299150886, 99.58371795834765, 112.0227829454443, 99.50088279852193, 95.57727881064284, 94.23880196338492, 93.76882927221726]","[0, 144.99599999999919, 216.74399999999878, 216.74399999999878, 216.74399999999878, 216.74399999999878, 216.74399999999878]"
49710,"[6.0, 19.0, 32.0, 41.0, 60.0, 71.0, 71.5, 72.0, 91.0, 91.5, 93.0]","[0.0, 6.0, 19.0, 32.0, 41.0, 60.0, 71.0, 71.5, 72.0, 91.0, 91.5]","[2.0, 3.0, 2.5, 3.0, 1.5, 3.5, 1.0, 3.0, 1.0, 1.0, 4.5]","[7, 4, 4, 7, 4, 7, 5, 7, 2, 4, 7]","[7, 9, 4, 4, 4, 4, 7, 7, 3, 2, 7]","[1.0, 1.0, 1.0, 1.0, 0.75, 1.0, 1.0, 1.0, 0.25, 0.75, 1.0]","[1.25, 1.5, 1.0, 1.25, 1.0, 1.0, 1.25, 2.0, 0.5, 1.0, 1.0]","[0, 0, 0, 1, 0, 1, 0, 1, 0, 0, 1]","[6.0, 13.0, 13.0, 9.0, 19.0, 11.0, 0.5, 0.5, 19.0, 0.5, 1.5]","[8, 4, 4, 7, 4, 7, 5, 7, 2, 4, 7]","[8, 9, 4, 4, 4, 4, 8, 7, 3, 2, 7]","[184.0, 250.0, 227.0, 292.25, 181.0, 292.25, 210.0, 292.25, 101.0, 158.0, 292.25]","[184.0, 217.0, 227.0, 250.0, 181.0, 273.0, 120.0, 292.25, 155.51, 101.0, 292.25]","[184.0, 241.75, 227.0, 281.6875, 181.0, 287.4375, 187.5, 292.25, 114.6275, 143.75, 292.25]",2009-01-23 12:00,30.0,4,1.0,71.0,2.0,2.0,-999.0,93.0,1,93.35,69.68,2.01,0.0,0.76,0.0,5,147.4,9.652,22,73.33333333333334,55.73333333333334,23.66999999999999,162.6781157583439,396.8446033689782,45.82334512276939,175.08937007874025,192.1636670416198,0.21,-2.1800000000000006,-0.1,0.4562811889780862,0.77,0.39,-0.2858,0.6435218900816215,0.5844061941414453,0.0662161288056691,0.1221574345148486,0.1579294776800306,23798.405965571816,0.1112592678165885,-0.4,3.99,131.83132262060033,1,5,11.0,"[0.5, 0.5, 19.0, 0.5, 1.5]","[187.5, 292.25, 114.6275, 143.75, 292.25]","[(187.5, 5.0), (292.25, 5.0), (114.6275, 190.0), (143.75, 5.0), (292.25, 15.0)]",,2,2,5,133.09306818181818,22.0,"[0.5, 0.5, 19.0, 0.5, 1.5]","[187.5, 292.25, 114.6275, 143.75, 292.25]",2928.0475,[ 0.5  0.5 19.   0.5  1.5],[187.5    292.25   114.6275 143.75   292.25  ],True,105.65663367038714,161.90933333333305,8,"[0.2563488483428955, 0.4584629535675049, 0.6686158180236816, 0.8415510654449463, 0.9373338222503662, 1.0472888946533203, 1.1672239303588867, 1.2816529273986816]","[85.21196027264475, 106.51464325161143, 119.13305926046837, 103.61035704127212, 100.00014438380381, 103.7951912801416, 105.27941522900657, 105.65663367038714]","[0, 88.99599999999919, 264.9879999999994, 264.9879999999994, 220.73999999999978, 161.90933333333305, 161.90933333333305, 161.90933333333305]"
49750,"[25.0, 50.0, 75.0, 95.0, 110.0, 120.0, 125.0]","[0.0, 25.0, 50.0, 75.0, 95.0, 110.0, 120.0]","[1.5, 1.0, 1.5, 2.0, 3.0, 1.0, 1.0]","[5, 5, 4, 3, 3, 1, 1]","[9, 4, 5, 2, 3, 0, 1]","[99.0, 3.0, 99.0, 99.0, 99.0, 1.0, 1.0]","[99.0, 4.0, 99.0, 99.0, 99.0, 2.0, 2.0]","[0, 0, 0, 0, 0, 0, 0]","[25.0, 25.0, 25.0, 20.0, 15.0, 10.0, 5.0]","[5, 5, 4, 3, 3, 1, 1]","[9, 4, 5, 2, 3, 0, 1]","[222.5, 210.0, 181.0, 167.40359922257957, 202.0738495144293, 81.0, 81.0]","[154.0, 158.0, 222.5, 137.0, 202.0738495144293, 120.0, 81.0]","[205.375, 197.0, 191.375, 159.80269941693467, 202.0738495144293, 90.75, 81.0]",2009-01-24 11:00,32.0,4,2.0,95.0,3.0,2.0,-999.0,125.0,1,123.28,99.87,0.37,0.51,0.13,0.44,2,177.7,4.794,4,480.2702702702703,62.43513513513515,23.41,140.10961127723198,356.03815072860635,37.63710421965957,144.10350052246602,149.90386221294358,0.23,-0.02,0.0,0.9193541405133976,0.27,0.7,-0.2448,0.6506690789505325,0.8214343953965186,0.05,6.0,0.7003996422726628,18976.31437388521,0.057624286572591,-0.7,4.41,131.83132262060033,1,3,20.0,"[15.0, 10.0, 5.0]","[202.0738495144293, 90.75, 81.0]","[(202.0738495144293, 150.0), (90.75, 100.0), (81.0, 50.0)]",,2,2,3,144.78692475721468,30.0,"[15.0, 10.0, 5.0, 0, 0]","[202.0738495144293, 90.75, 81.0, 0, 0]",4343.60774271644,[15. 10.  5.  0.  0.],[202.07384951  90.75        81.           0.           0.        ],True,81.80368805219555,160.32799999999952,9,"[0.2191929817199707, 0.31242895126342773, 0.3878498077392578, 0.5173077583312988, 0.6447710990905762, 0.7945327758789062, 0.8950667381286621, 1.2230119705200195, 1.3633127212524414]","[68.04656699615781, 93.05583954817243, 87.37963991933428, 71.27745354770492, 66.83903202969434, 77.0141252551673, 80.44674544806274, 81.49389399458734, 81.80368805219555]","[0, 119.996000000001, 360.49199999999837, 360.49199999999837, 160.32799999999952, 160.32799999999952, 160.32799999999952, 160.32799999999952, 160.32799999999952]"
49770,"[14.0, 57.0, 93.0, 110.0, 120.0, 142.0, 145.0, 160.0]","[0.0, 14.0, 57.0, 93.0, 110.0, 120.0, 142.0, 145.0]","[3.0, 4.0, 3.0, 4.0, 4.0, 2.0, 3.0, 1.0]","[4, 4, 4, 4, 2, 2, 2, 1]","[4, 4, 4, 4, 3, 2, 2, 1]","[1.0, 1.0, 1.0, 1.0, 0.8, 1.0, 1.0, 2.0]","[2.0, 2.0, 2.0, 1.5, 1.0, 1.5, 1.5, 3.0]","[0, 0, 0, 0, 0, 0, 0, 0]","[14.0, 43.0, 36.0, 17.0, 10.0, 22.0, 3.0, 15.0]","[4, 4, 4, 4, 2, 2, 2, 1]","[4, 4, 4, 4, 3, 2, 2, 1]","[250.0, 296.0, 250.0, 296.0, 209.0, 137.0, 173.0, 81.0]","[250.0, 296.0, 250.0, 296.0, 272.9777961056527, 137.0, 173.0, 81.0]","[250.0, 296.0, 250.0, 296.0, 224.99444902641318, 137.0, 173.0, 81.0]",2009-01-24 11:00,30.0,3,2.0,93.0,2.0,3.0,-999.0,160.0,0,156.65,103.85,3.03,0.0,2.59,0.0,6,231.9,126.0,23,76.53465346534655,198.2247524752476,52.80000000000001,157.59806818181815,424.2139880664482,58.18330360097754,193.40973641742875,210.11388888888885,0.27,1.92,0.8999999999999999,2.1482349102012748,1.0,1.53,-0.615,0.2884879382240904,0.4214465459836731,1.548245817066093,0.7413183565384268,0.1235306427765195,5386.923629641776,0.0013883790931557,-0.4,6.0,100.9123351677189,1,2,36.0,"[17.0, 10.0, 22.0, 3.0, 15.0]","[296.0, 224.99444902641318, 137.0, 173.0, 81.0]","[(296.0, 170.0), (224.99444902641318, 100.0), (137.0, 220.0), (173.0, 30.0), (81.0, 150.0)]",,1,2,5,179.55141030244974,67.0,"[17.0, 10.0, 22.0, 3.0, 15.0]","[296.0, 224.99444902641318, 137.0, 173.0, 81.0]",12029.944490264132,[17. 10. 22.  3. 15.],[296.         224.99444903 137.         173.          81.        ],True,52.378490835662845,0.0,4,"[0.2521328926086426, 0.3716418743133545, 0.7113208770751953, 0.8482670783996582]","[31.918767124275693, 52.4994427864219, 61.17546036821969, 52.378490835662845]","[0, 803.9880000000012, 1340.484000000004, 0]"
49810,"[15.0, 30.0, 45.0, 67.0, 69.0, 71.0, 93.0, 96.0, 112.0]","[0.0, 15.0, 30.0, 45.0, 67.0, 69.0, 71.0, 93.0, 96.0]","[1.0, 2.0, 1.5, 1.0, 2.0, 1.0, 1.0, 1.5, 1.0]","[5, 9, 4, 4, 4, 4, 2, 3, 2]","[5, 9, 4, 4, 7, 4, 1, 3, 1]","[2.0, 1.0, 1.0, 1.0, 0.75, 0.75, 0.5, 0.25, 0.5]","[4.0, 2.0, 2.0, 2.0, 1.5, 1.5, 1.5, 0.5, 2.0]","[0, 0, 0, 0, 0, 0, 0, 0, 0]","[15.0, 15.0, 15.0, 22.0, 2.0, 2.0, 22.0, 3.0, 16.0]","[5, 9, 4, 4, 4, 4, 2, 3, 2]","[5, 9, 4, 4, 8, 4, 1, 3, 1]","[210.0, 175.0, 181.0, 158.0, 204.0, 158.0, 101.0, 159.41582238929536, 101.0]","[210.0, 175.0, 181.0, 158.0, 184.0, 158.0, 81.0, 159.41582238929536, 81.0]","[210.0, 175.0, 181.0, 158.0, 199.0, 158.0, 96.0, 159.41582238929536, 96.0]",2009-01-24 12:00,35.0,3,1.0,67.0,1.0,3.0,1.0,112.0,1,114.98,78.1,1.67,0.04,0.6,0.0,5,156.2,11.87,30,93.53293413173652,56.11976047904191,36.88000000000001,150.09826464208246,354.7802689292568,48.21773545655349,174.82257485029945,187.58802816901408,0.24,-1.62,-0.8,0.7263017174614417,0.79,0.44,-0.3737,0.4130196078696305,0.4296074673690095,0.3028612088868503,0.2750322661423175,0.1613520079509553,32437.34609399315,0.2696663098129667,-0.3,3.45,100.9123351677189,1,3,22.0,"[2.0, 2.0, 22.0, 3.0, 16.0]","[199.0, 158.0, 96.0, 159.41582238929536, 96.0]","[(199.0, 20.0), (158.0, 20.0), (96.0, 220.0), (159.41582238929536, 30.0), (96.0, 160.0)]",,1,2,5,107.56105482595304,45.0,"[2.0, 2.0, 22.0, 3.0, 16.0]","[199.0, 158.0, 96.0, 159.41582238929536, 96.0]",4840.2474671678865,[ 2.  2. 22.  3. 16.],[199.         158.          96.         159.41582239  96.        ],True,73.94406861567587,180.49599999999919,9,"[0.3009309768676758, 0.41818690299987793, 0.5628771781921387, 0.6480591297149658, 0.9907991886138916, 1.1095869541168213, 1.2454278469085693, 1.3714830875396729, 1.5240349769592285]","[64.14976079981975, 76.62824945070558, 102.43716245329993, 101.01616379913237, 76.48525988686879, 70.30830337273926, 72.86055564722375, 73.6846387532697, 73.94406861567587]","[0, 180.99599999999919, 90.74799999999959, 270.7439999999988, 270.7439999999988, 180.49599999999919, 180.49599999999919, 180.49599999999919, 180.49599999999919]"
50090,"[36.5, 37.0, 59.0, 80.0, 82.5, 83.0, 103.0, 120.5, 121.0, 123.0, 139.0, 147.0, 173.0, 186.0, 197.0, 201.0]","[0.0, 36.5, 37.0, 59.0, 80.0, 82.5, 83.0, 103.0, 120.5, 121.0, 123.0, 139.0, 147.0, 173.0, 186.0, 197.0]","[4.0, 3.5, 3.0, 2.5, 1.5, 2.5, 1.0, 2.5, 3.0, 2.0, 2.5, 1.5, 2.0, 2.5, 1.0, 1.0]","[4, 4, 4, 4, 4, 7, 4, 4, 7, 3, 3, 3, 3, 3, 2, 2]","[4, 9, 4, 4, 5, 4, 4, 4, 4, 3, 2, 2, 3, 2, 2, 2]","[0.25, 0.75, 0.5, 0.5, 0.75, 0.5, 1.0, 0.5, 0.5, 0.25, 0.25, 0.25, 0.5, 0.25, 0.5, 0.25]","[0.75, 1.25, 1.0, 1.25, 1.25, 1.25, 1.5, 0.75, 1.0, 0.5, 0.75, 0.5, 0.75, 0.5, 0.75, 0.5]","[0, 0, 0, 0, 0, 1, 0, 0, 1, 0, 0, 0, 0, 0, 0, 0]","[36.5, 0.5, 22.0, 21.0, 2.5, 0.5, 20.0, 17.5, 0.5, 2.0, 16.0, 8.0, 26.0, 13.0, 11.0, 4.0]","[4, 4, 4, 4, 4, 7, 4, 4, 7, 3, 3, 3, 3, 3, 2, 2]","[4, 9, 4, 4, 5, 4, 4, 4, 4, 3, 2, 2, 3, 2, 2, 2]","[296.0, 273.0, 250.0, 227.0, 181.0, 292.25, 158.0, 227.0, 292.25, 167.40359922257957, 181.06998247500167, 159.41582238929536, 167.40359922257957, 181.06998247500167, 101.0, 101.0]","[296.0, 238.0, 250.0, 227.0, 222.5, 227.0, 158.0, 227.0, 250.0, 167.40359922257957, 155.0, 119.0, 167.40359922257957, 155.0, 101.0, 101.0]","[296.0, 264.25, 250.0, 227.0, 191.375, 275.9375, 158.0, 227.0, 281.6875, 167.40359922257957, 174.55248685625125, 149.3118667919715, 167.40359922257957, 174.55248685625125, 101.0, 101.0]",2009-01-26 12:00,28.0,3,2.0,173.0,2.0,3.0,-999.0,201.0,1,182.89,164.88,0.61,0.44,0.24,0.35,2,150.1,4.904,4,246.06557377049185,59.05573770491802,18.009999999999987,133.28500832870628,326.1574556123035,34.52256326150586,133.28500832870628,141.29725448785638,0.24,0.29,-0.5,2.1056379080612926,0.33,0.54,-0.1947,0.8457614180028861,0.9504272439213864,6.0,6.0,0.3984643943190324,14973.518105158728,0.0499894248107281,-0.6,6.0,100.9123351677189,1,12,26.0,"[13.0, 11.0, 4.0]","[174.55248685625125, 101.0, 101.0]","[(174.55248685625125, 130.0), (101.0, 110.0), (101.0, 40.0)]",,1,2,3,135.14936889754523,28.0,"[13.0, 11.0, 4.0, 0, 0]","[174.55248685625125, 101.0, 101.0, 0, 0]",3784.182329131266,[13. 11.  4.  0.  0.],[174.55248686 101.         101.           0.           0.        ],True,65.60919621022532,168.7440000000006,6,"[0.46715378761291504, 0.5916359424591064, 0.7543489933013916, 0.86332106590271, 0.9768869876861572, 1.1373188495635986]","[64.11951570869194, 76.50528142823698, 73.31770241731341, 67.0307772503574, 65.92332009334156, 65.60919621022532]","[0, 112.996000000001, 224.9920000000002, 168.7440000000006, 168.7440000000006, 168.7440000000006]"
50710,"[26.0, 128.0, 160.5, 161.0, 168.0, 174.5, 175.0, 201.0, 203.0, 220.0]","[0.0, 26.0, 128.0, 160.5, 161.0, 168.0, 174.5, 175.0, 201.0, 203.0]","[2.5, 3.5, 2.5, 4.0, 2.0, 2.5, 3.5, 2.0, 2.5, 1.0]","[4, 4, 4, 3, 3, 4, 4, 3, 3, 3]","[4, 4, 4, 3, 4, 4, 4, 2, 3, 2]","[1.5, 1.0, 0.75, 0.25, 0.5, 1.4, 1.0, 0.25, 0.2, 0.25]","[2.0, 1.0, 1.0, 0.25, 1.0, 2.0, 1.0, 1.0, 0.2, 1.0]","[0, 0, 0, 0, 0, 0, 0, 0, 0, 0]","[26.0, 102.0, 32.5, 0.5, 7.0, 6.5, 0.5, 26.0, 2.0, 17.0]","[4, 4, 4, 3, 3, 4, 4, 3, 3, 3]","[4, 4, 4, 3, 4, 4, 4, 2, 3, 2]","[227.0, 273.0, 227.0, 272.9777961056527, 167.40359922257957, 227.0, 273.0, 167.40359922257957, 181.06998247500167, 155.51]","[227.0, 273.0, 227.0, 272.9777961056527, 204.0, 227.0, 273.0, 137.0, 181.06998247500167, 101.0]","[227.0, 273.0, 227.0, 272.9777961056527, 176.55269941693467, 227.0, 273.0, 159.80269941693467, 181.06998247500167, 141.8825]",2009-01-29 11:00,33.0,5,2.0,203.0,3.0,1.7,-999.0,220.0,1,202.81,183.39,0.53,0.44,0.24,0.26,2,160.8,7.375,7,303.39622641509436,72.81509433962262,19.420000000000016,129.1751287332647,340.1745379449871,43.20763138774131,129.1751287332647,146.0596244131455,0.24,0.22,0.0,1.875541646605681,0.37,0.6,-0.185,0.7843544355423246,0.9725859504359604,6.0,6.0,0.4229878782091941,9547.049529688418,0.0152725178510056,-0.3,6.0,197.7469839309005,1,8,2.0,[17.0],[141.8825],"[(141.8825, 170.0)]",,2,3,1,141.8825,17.0,"[17.0, 0, 0, 0, 0]","[141.8825, 0, 0, 0, 0]",2412.0025,[17.  0.  0.  0.  0.],[141.8825   0.       0.       0.       0.    ],True,59.105152619862025,124.56667733333234,13,"[0.2719841003417969, 0.3782219886779785, 0.4925689697265625, 0.6221847534179688, 0.7489697933197021, 0.8688738346099854, 1.1916069984436035, 1.338170051574707, 1.4851949214935303, 1.6050841808319092, 1.7355618476867676, 1.8618190288543701, 1.9844448566436768]","[52.0927321443555, 62.403038339476765, 64.29519917539221, 55.18714253615763, 53.14660758583811, 54.83547130584745, 59.42841933170297, 60.59376281172453, 55.39326685049818, 54.18508693244592, 57.92718732480082, 58.87517265998232, 59.105152619862025]","[0, 68.496000000001, 204.4920000000002, 204.4920000000002, 158.9946666666674, 113.49733333333279, 113.49733333333279, 181.1333546666665, 181.1333546666665, 124.56667733333234, 124.56667733333234, 124.56667733333234, 124.56667733333234]"
52010,"[23.0, 24.0, 35.0, 98.0, 132.0, 140.0, 149.0, 150.8, 151.8, 152.0, 153.5, 154.0, 160.1, 160.5, 161.0, 169.0, 180.0, 184.0, 188.0, 199.0, 205.8, 206.4, 206.5, 207.0]","[0.0, 23.0, 24.0, 35.0, 98.0, 132.0, 140.0, 149.0, 150.8, 151.8, 152.0, 153.5, 154.0, 160.1, 160.5, 161.0, 169.0, 180.0, 184.0, 188.0, 199.0, 205.8, 206.4, 206.5]","[1.5, 3.0, 2.5, 4.0, 3.0, 2.5, 2.0, 2.5, 2.0, 2.5, 1.0, 1.0, 1.5, 1.5, 3.5, 3.0, 2.0, 1.5, 2.5, 1.5, 1.0, 1.0, 1.5, 1.0]","[9, 7, 9, 3, 3, 4, 9, 4, 9, 7, 9, 6, 4, 9, 3, 3, 3, 2, 3, 3, 2, 6, 3, 6]","[9, 7, 9, 9, 9, 9, 9, 9, 9, 4, 9, 9, 9, 6, 3, 3, 2, 3, 2, 4, 3, 6, 7, 6]","[1.0, 1.0, 0.75, 0.5, 0.5, 0.75, 1.0, 0.75, 1.0, 1.0, 1.0, 5.0, 0.5, 2.0, 0.5, 0.5, 0.5, 0.75, 0.5, 0.5, 0.5, 4.0, 0.25, 3.0]","[2.0, 2.0, 1.25, 0.75, 0.75, 1.25, 1.5, 1.25, 1.5, 2.0, 2.0, 8.0, 1.0, 4.0, 0.5, 0.5, 0.75, 1.5, 0.75, 0.75, 1.0, 7.0, 0.5, 6.0]","[0, 1, 0, 0, 0, 0, 0, 0, 0, 1, 0, 0, 0, 0, 0, 0, 0, 0, 0, 0, 0, 0, 0, 0]","[23.0, 1.0, 11.0, 63.0, 34.0, 8.0, 9.0, 1.8000000000000114, 1.0, 0.19999999999998863, 1.5, 0.5, 6.099999999999994, 0.4000000000000057, 0.5, 8.0, 11.0, 4.0, 4.0, 11.0, 6.800000000000011, 0.5999999999999943, 0.09999999999999432, 0.5]","[9, 7, 9, 3, 3, 4, 9, 4, 9, 7, 9, 6, 4, 9, 3, 3, 3, 2, 3, 3, 2, 6, 3, 6]","[9, 7, 9, 9, 9, 9, 9, 9, 9, 4, 9, 9, 9, 6, 3, 3, 2, 3, 2, 4, 3, 6, 8, 6]","[154.0, 292.25, 196.0, 272.9777961056527, 202.0738495144293, 227.0, 175.0, 227.0, 175.0, 292.25, 133.0, 140.0, 181.0, 154.0, 232.12522605741117, 202.0738495144293, 167.40359922257957, 119.0, 181.06998247500167, 159.41582238929536, 101.0, 140.0, 159.41582238929536, 140.0]","[154.0, 292.25, 196.0, 259.0, 217.0, 196.0, 175.0, 196.0, 175.0, 227.0, 133.0, 133.0, 154.0, 140.0, 232.12522605741117, 202.0738495144293, 137.0, 159.41582238929536, 155.0, 181.0, 155.51, 140.0, 152.0, 140.0]","[154.0, 292.25, 196.0, 269.48334707923954, 205.80538713582197, 219.25, 175.0, 219.25, 175.0, 275.9375, 133.0, 138.25, 174.25, 150.5, 232.12522605741117, 202.0738495144293, 159.80269941693467, 129.10395559732385, 174.55248685625125, 164.8118667919715, 114.6275, 140.0, 157.5618667919715, 140.0]",2009-02-05 10:00,20.0,5,1.0,153.5,2.0,2.0,-999.0,207.0,1,189.68,143.97,1.68,0.0,1.6,0.0,6,269.5,471.3,17,160.41666666666669,256.6666666666667,45.71000000000001,207.7641872675564,572.4285465634698,102.72612866938296,261.0972544878564,271.4349700598802,0.2,1.27,0.0,4.117326575863161,0.81,1.63,-0.8246,0.3332348094122068,0.4303584755933332,1.5590472671919122,1.1299603936013607,0.3501378014937079,4644.29885057471,0.0011481665582906,-0.8,6.0,197.7469839309005,1,10,1.5,"[0.5, 6.099999999999994, 0.4000000000000057, 0.5, 8.0, 11.0, 4.0, 4.0, 11.0, 6.800000000000011, 0.5999999999999943, 0.09999999999999432, 0.5]","[138.25, 174.25, 150.5, 232.12522605741117, 202.0738495144293, 159.80269941693467, 129.10395559732385, 174.55248685625125, 164.8118667919715, 114.6275, 140.0, 157.5618667919715, 140.0]","[(138.25, 5.0), (174.25, 60.99999999999994), (150.5, 4.000000000000057), (232.12522605741117, 5.0), (202.0738495144293, 80.0), (159.80269941693467, 110.0), (129.10395559732385, 40.0), (174.55248685625125, 40.0), (164.8118667919715, 110.0), (114.6275, 68.00000000000011), (140.0, 5.999999999999943), (157.5618667919715, 0.9999999999999432), (140.0, 5.0)]",,2,3,13,161.86004848477768,53.5,"[0.5, 6.099999999999994, 0.4000000000000057, 0.5, 46.0]","[138.25, 174.25, 150.5, 232.12522605741117, 153.61491388543135]",8659.512593935606,[ 0.5  6.1  0.4  0.5 46. ],[138.25       174.25       150.5        232.12522606 153.61491389],True,105.23053454818044,214.49599999999919,12,"[0.3775370121002197, 0.4904148578643799, 0.642894983291626, 1.0154399871826172, 1.226032018661499, 1.3959109783172607, 1.4958391189575195, 1.6164700984954834, 1.7386300563812256, 1.8207881450653076, 2.1576311588287354, 2.3028759956359863]","[85.23423726649843, 105.40859032318049, 120.89931192766649, 106.34816529408789, 100.64244512344945, 98.19719142592172, 97.10781995840989, 96.61406078961005, 101.54529869406069, 103.80108756440545, 104.79733890076027, 105.23053454818044]","[0, 214.99599999999919, 321.7439999999988, 321.7439999999988, 321.7439999999988, 321.7439999999988, 321.7439999999988, 214.49599999999919, 214.49599999999919, 214.49599999999919, 214.49599999999919, 214.49599999999919]"
53870,"[15.0, 30.0, 45.0, 65.0, 89.0, 91.0, 99.0, 105.0, 109.0, 110.0, 119.0, 120.5, 121.0, 137.0, 140.0, 158.0, 172.0, 180.0, 186.0]","[0.0, 15.0, 30.0, 45.0, 65.0, 89.0, 91.0, 99.0, 105.0, 109.0, 110.0, 119.0, 120.5, 121.0, 137.0, 140.0, 158.0, 172.0, 180.0]","[1.0, 2.0, 2.5, 1.5, 1.0, 3.0, 1.5, 2.5, 1.5, 2.5, 2.0, 1.0, 1.0, 2.5, 1.5, 1.0, 2.0, 1.0, 2.0]","[9, 9, 9, 9, 9, 3, 9, 9, 9, 7, 9, 9, 9, 3, 2, 3, 2, 2, 3]","[5, 9, 9, 9, 5, 3, 9, 9, 9, 4, 9, 9, 9, 3, 3, 2, 3, 3, 2]","[1.5, 1.0, 0.5, 1.0, 1.0, 0.5, 0.75, 0.5, 0.5, 0.75, 0.5, 0.75, 0.75, 0.5, 0.5, 0.5, 0.5, 0.5, 0.5]","[3.0, 2.0, 1.0, 2.0, 2.0, 0.5, 1.5, 1.0, 1.0, 1.5, 1.0, 1.25, 1.5, 0.5, 1.5, 1.0, 1.0, 1.0, 1.0]","[0, 0, 0, 0, 0, 0, 0, 0, 0, 1, 0, 0, 0, 0, 0, 0, 0, 0, 0]","[15.0, 15.0, 15.0, 20.0, 24.0, 2.0, 8.0, 6.0, 4.0, 1.0, 9.0, 1.5, 0.5, 16.0, 3.0, 18.0, 14.0, 8.0, 6.0]","[9, 9, 9, 9, 9, 3, 9, 9, 9, 7, 9, 9, 9, 3, 2, 3, 2, 2, 3]","[5, 9, 9, 9, 5, 3, 9, 9, 9, 4, 9, 9, 9, 3, 3, 2, 3, 3, 2]","[133.0, 175.0, 196.0, 154.0, 133.0, 202.0738495144293, 154.0, 196.0, 154.0, 292.25, 175.0, 133.0, 133.0, 181.06998247500167, 119.0, 155.51, 137.0, 101.0, 167.40359922257957]","[210.0, 175.0, 196.0, 154.0, 210.0, 202.0738495144293, 154.0, 196.0, 154.0, 227.0, 175.0, 133.0, 133.0, 181.06998247500167, 159.41582238929536, 101.0, 167.40359922257957, 155.51, 137.0]","[152.25, 175.0, 196.0, 154.0, 152.25, 202.0738495144293, 154.0, 196.0, 154.0, 275.9375, 175.0, 133.0, 133.0, 181.06998247500167, 129.10395559732385, 141.8825, 144.6008998056449, 114.6275, 159.80269941693467]",2009-02-19 11:00,20.0,5,2.0,121.0,3.0,3.0,-999.0,186.0,1,184.63,116.32,2.19,0.0,1.25,0.0,5,185.1,28.78,25,84.5205479452055,105.65068493150685,68.31,168.74459083589522,416.19911595024354,74.95388508183478,221.78976793248947,229.92276243093917,0.27,1.74,-0.5,6.475742841707188,0.92,0.63,-1.003,0.2229858459703113,0.2442873601438085,0.6849359871437853,0.6416006286274967,0.1582264842960495,26771.41314782608,0.1612568334064982,-0.4,3.94,197.7469839309005,1,12,0.5,"[16.0, 3.0, 18.0, 14.0, 8.0, 6.0]","[181.06998247500167, 129.10395559732385, 141.8825, 144.6008998056449, 114.6275, 159.80269941693467]","[(181.06998247500167, 160.0), (129.10395559732385, 30.0), (141.8825, 180.0), (144.6008998056449, 140.0), (114.6275, 80.0), (159.80269941693467, 60.0)]",,2,3,6,149.82408277188668,65.0,"[16.0, 3.0, 18.0, 14.0, 14.0]","[181.06998247500167, 129.10395559732385, 141.8825, 144.6008998056449, 137.21509970846733]",9738.565380172637,[16.  3. 18. 14. 14.],[181.06998248 129.1039556  141.8825     144.60089981 137.21509971],True,94.85082964189037,260.4959999999992,9,"[0.44409608840942383, 0.5743532180786133, 0.9792482852935791, 1.0917282104492188, 1.2567050457000732, 1.393596887588501, 1.541172981262207, 1.6735479831695557, 2.029755115509033]","[73.68942419057275, 93.63531564209131, 109.06886915373647, 115.78214449829238, 99.1534305721103, 92.147940242396, 93.71747968544729, 94.48237836809221, 94.85082964189037]","[0, 260.9959999999992, 130.7479999999996, 390.7440000000024, 390.7440000000024, 260.4959999999992, 260.4959999999992, 260.4959999999992, 260.4959999999992]"
54510,"[15.0, 22.0, 53.0, 68.0, 68.5, 69.7, 70.0, 77.0, 92.0, 99.0, 100.0, 102.0, 107.0, 114.5, 115.0, 116.0, 123.0, 125.7, 126.0, 142.0, 165.0, 177.0, 184.5, 185.0, 186.0]","[0.0, 15.0, 22.0, 53.0, 68.0, 68.5, 69.7, 70.0, 77.0, 92.0, 99.0, 100.0, 102.0, 107.0, 114.5, 115.0, 116.0, 123.0, 125.7, 126.0, 142.0, 165.0, 177.0, 184.5, 185.0]","[1.5, 3.0, 4.0, 1.0, 2.5, 2.0, 1.5, 3.0, 2.0, 1.0, 1.0, 2.5, 2.0, 1.5, 1.0, 3.0, 2.5, 1.5, 1.0, 3.5, 2.0, 2.0, 1.0, 2.5, 1.0]","[9, 9, 9, 9, 7, 9, 9, 9, 9, 9, 9, 9, 9, 9, 9, 7, 3, 9, 9, 3, 3, 3, 3, 3, 2]","[5, 9, 9, 4, 4, 9, 5, 9, 9, 4, 5, 9, 9, 9, 9, 7, 9, 4, 4, 3, 2, 2, 2, 7, 0]","[1.5, 0.75, 0.5, 1.0, 1.0, 0.75, 1.0, 0.75, 0.75, 0.75, 1.0, 0.5, 0.75, 0.5, 0.75, 0.5, 0.5, 0.5, 0.75, 0.25, 0.5, 0.25, 0.5, 0.5, 0.75]","[3.0, 1.5, 1.0, 2.0, 1.5, 1.5, 1.5, 1.0, 1.25, 1.5, 2.0, 0.75, 1.25, 1.0, 1.5, 1.25, 0.75, 1.0, 1.0, 0.5, 1.0, 0.75, 1.0, 0.5, 1.5]","[0, 0, 0, 0, 1, 0, 0, 0, 0, 0, 0, 0, 0, 0, 0, 1, 0, 0, 0, 0, 0, 0, 0, 0, 0]","[15.0, 7.0, 31.0, 15.0, 0.5, 1.2000000000000028, 0.29999999999999716, 7.0, 15.0, 7.0, 1.0, 2.0, 5.0, 7.5, 0.5, 1.0, 7.0, 2.700000000000003, 0.29999999999999716, 16.0, 23.0, 12.0, 7.5, 0.5, 1.0]","[9, 9, 9, 9, 7, 9, 9, 9, 9, 9, 9, 9, 9, 9, 9, 7, 3, 9, 9, 3, 3, 3, 3, 3, 2]","[5, 9, 9, 4, 4, 9, 5, 9, 9, 4, 5, 9, 9, 9, 9, 7, 9, 4, 4, 3, 2, 2, 2, 8, 0]","[154.0, 217.0, 259.0, 133.0, 292.25, 175.0, 154.0, 217.0, 175.0, 133.0, 133.0, 196.0, 175.0, 154.0, 133.0, 292.25, 181.06998247500167, 154.0, 133.0, 232.12522605741117, 167.40359922257957, 167.40359922257957, 155.51, 181.06998247500167, 101.0]","[222.5, 217.0, 259.0, 158.0, 227.0, 175.0, 222.5, 217.0, 175.0, 158.0, 210.0, 196.0, 175.0, 154.0, 133.0, 292.25, 196.0, 181.0, 158.0, 232.12522605741117, 137.0, 137.0, 101.0, 216.0, 120.0]","[171.125, 217.0, 259.0, 139.25, 275.9375, 175.0, 171.125, 217.0, 175.0, 139.25, 152.25, 196.0, 175.0, 154.0, 133.0, 292.25, 184.80248685625125, 160.75, 139.25, 232.12522605741117, 159.80269941693467, 159.80269941693467, 141.8825, 189.80248685625125, 105.75]",2009-02-26 11:00,21.0,6,1.0,100.0,3.0,3.0,-999.0,186.0,1,183.08,113.14,2.2,0.0,1.33,0.0,5,215.9,56.94,32,98.13636363636364,130.52136363636365,69.94000000000001,204.70846439805547,452.9603430474089,101.28908839913494,264.0731896075179,265.97830508474567,0.23,1.7600000000000002,-1.5,6.463640574339974,0.98,0.87,-1.229,0.2177890068377461,0.229628239068547,0.8625754103290456,0.8400841371108302,0.2364882170122615,23352.397283936665,0.0939885368068815,-0.2,3.43,439.4377420686678,1,10,1.0,"[2.0, 5.0, 7.5, 0.5, 1.0, 7.0, 2.700000000000003, 0.29999999999999716, 16.0, 23.0, 12.0, 7.5, 0.5, 1.0]","[196.0, 175.0, 154.0, 133.0, 292.25, 184.80248685625125, 160.75, 139.25, 232.12522605741117, 159.80269941693467, 159.80269941693467, 141.8825, 189.80248685625125, 105.75]","[(196.0, 20.0), (175.0, 50.0), (154.0, 75.0), (133.0, 5.0), (292.25, 10.0), (184.80248685625125, 70.0), (160.75, 27.00000000000003), (139.25, 2.9999999999999716), (232.12522605741117, 160.0), (159.80269941693467, 230.0), (159.80269941693467, 120.0), (141.8825, 75.0), (189.80248685625125, 5.0), (105.75, 10.0)]",,2,3,14,175.8376220689904,86.0,"[2.0, 5.0, 7.5, 0.5, 71.0]","[196.0, 175.0, 154.0, 133.0, 176.6218098603783]",15122.035497933177,[ 2.   5.   7.5  0.5 71. ],[196.         175.         154.         133.         176.62180986],True,32.33971086048618,1032.4920000000056,3,"[0.37914490699768066, 0.710839033126831, 0.7914748191833496]","[29.57927125245709, 31.216690773073864, 32.33971086048618]","[0, 344.4959999999992, 1032.4920000000056]"
56330,"[20.0, 68.0, 103.0, 110.0, 120.0, 126.0, 133.0, 146.0, 148.5, 149.0, 160.0, 170.0, 172.0]","[0.0, 20.0, 68.0, 103.0, 110.0, 120.0, 126.0, 133.0, 146.0, 148.5, 149.0, 160.0, 170.0]","[2.0, 1.5, 3.5, 1.5, 2.0, 1.0, 3.0, 1.5, 1.0, 3.0, 2.0, 1.0, 1.5]","[5, 5, 4, 5, 5, 5, 4, 4, 4, 4, 3, 1, 1]","[5, 9, 5, 9, 9, 4, 5, 4, 9, 4, 1, 2, 3]","[2.0, 3.0, 1.0, 2.0, 2.0, 2.0, 2.0, 1.0, 1.0, 1.0, 0.5, 1.0, 0.5]","[4.0, 4.0, 1.5, 3.0, 2.0, 3.0, 3.0, 2.5, 2.0, 2.0, 1.0, 1.5, 0.5]","[0, 0, 0, 0, 0, 0, 0, 0, 0, 0, 0, 0, 0]","[20.0, 48.0, 35.0, 7.0, 10.0, 6.0, 7.0, 13.0, 2.5, 0.5, 11.0, 10.0, 2.0]","[5, 5, 4, 5, 5, 5, 4, 4, 4, 4, 3, 1, 1]","[5, 9, 5, 9, 9, 4, 5, 4, 9, 4, 1, 2, 3]","[235.0, 222.5, 273.0, 222.5, 235.0, 210.0, 250.0, 181.0, 158.0, 250.0, 167.40359922257957, 81.0, 99.0]","[235.0, 154.0, 272.5, 154.0, 175.0, 158.0, 260.0, 181.0, 133.0, 250.0, 117.0, 101.0, 159.41582238929536]","[235.0, 205.375, 272.875, 205.375, 220.0, 197.0, 252.5, 181.0, 151.75, 250.0, 154.80269941693467, 86.0, 114.10395559732385]",2009-03-13 09:00,35.0,3,1.0,148.5,1.0,3.0,1.0,172.0,1,182.19,147.1,0.37,0.48,0.17,0.5,2,168.8,4.114,4,456.21621621621625,77.55675675675677,35.09,135.43573667711598,396.1338586843384,54.096839874946525,149.81986228813562,151.42934196332257,0.27,-0.0999999999999999,0.0,0.7587854189775133,0.28,0.65,-0.3147,0.434088433691421,0.5387631702346448,0.3460903433963235,0.059876324975576,0.6624322983928542,15057.995176680295,0.0293814124582096,-1.1,4.83,100.9123351677189,1,8,2.5,"[0.5, 11.0, 10.0, 2.0]","[250.0, 154.80269941693467, 86.0, 114.10395559732385]","[(250.0, 5.0), (154.80269941693467, 110.0), (86.0, 100.0), (114.10395559732385, 20.0)]",,1,2,4,124.08670658642252,23.5,"[0.5, 11.0, 10.0, 2.0, 0]","[250.0, 154.80269941693467, 86.0, 114.10395559732385, 0]",2916.037604780929,[ 0.5 11.  10.   2.   0. ],[250.         154.80269942  86.         114.1039556    0.        ],True,64.01005344629029,0.0,22,"[0.27349281311035156, 0.46466684341430664, 0.5818929672241211, 0.6793577671051025, 1.0767080783843994, 1.1586248874664307, 1.273216962814331, 1.4157660007476807, 1.5629680156707764, 1.6736187934875488, 1.8266329765319824, 2.071436882019043, 2.2711658477783203, 2.3753278255462646, 2.4691269397735596, 2.6069998741149902, 2.7417259216308594, 2.868597984313965, 3.2298638820648193, 3.349599838256836, 3.453598976135254, 3.5474228858947754]","[58.5044920023648, 71.8689580430079, 68.2026951525203, 56.09745687713145, 62.04833264196872, 67.45854191898603, 68.94753842017096, 60.84776885140311, 58.433023651232595, 63.832624550864296, 67.0561216256974, 78.63581124656146, 60.95568258670142, 56.26988417369835, 62.10524992508829, 66.21606400689524, 64.83134497436492, 75.25829267712513, 79.0292724150218, 59.95639854186332, 54.97011533621997, 64.01005344629029]","[0, 94.496000000001, 564.492000000002, 501.6613333333353, 62.83066666666855, 156.83066666666855, 532.3280213333346, 532.3280213333346, 172.1640106666673, 78.16401066666731, 454.1640106666673, 547.5386985813329, 547.5386985813329, 179.76934929066556, 85.76934929066556, 179.76934929066556, 461.76934929066556, 461.76934929066556, 555.0831944963393, 555.0831944963393, 89.54159724816964, 0]"
57270,"[37.0, 39.0, 57.0, 59.0, 73.0, 92.0, 113.0, 130.0]","[25.0, 37.0, 39.0, 57.0, 59.0, 73.0, 92.0, 113.0]","[3.0, 3.0, 3.0, 3.5, 2.5, 2.0, 1.5, 1.0]","[3, 7, 3, 7, 3, 2, 2, 2]","[3, 3, 3, 3, 2, 3, 2, 1]","[0.25, 0.25, 0.25, 0.5, 0.25, 0.25, 0.25, 0.25]","[0.5, 0.75, 0.25, 1.0, 0.5, 1.0, 1.0, 1.0]","[0, 0, 0, 1, 0, 0, 0, 0]","[12.0, 2.0, 18.0, 2.0, 14.0, 19.0, 21.0, 17.0]","[3, 8, 3, 7, 3, 2, 2, 2]","[3, 3, 3, 3, 2, 3, 2, 1]","[202.0738495144293, 248.0, 202.0738495144293, 292.25, 181.06998247500167, 137.0, 119.0, 101.0]","[202.0738495144293, 202.0738495144293, 202.0738495144293, 232.12522605741117, 155.0, 167.40359922257957, 119.0, 81.0]","[202.0738495144293, 236.51846237860732, 202.0738495144293, 277.21880651435276, 174.55248685625125, 144.6008998056449, 119.0, 96.0]",2009-03-14 09:00,32.0,4,2.0,92.0,3.0,2.0,-999.0,130.0,1,140.32,116.27,0.58,0.44,0.24,0.03,4,185.0,6.152,5,318.96551724137936,76.55172413793103,24.05,153.44012474012482,325.21956920511434,52.76376723542763,157.95848958333335,167.90112474437626,0.22,0.1399999999999999,0.0,1.3017936117936115,0.42,0.63,-0.2688,0.6333539766416624,0.7608993139058418,0.0827678574343772,6.0,0.4912066589921971,13651.01449275362,0.0185666663639122,-0.6,4.02,131.83132262060033,1,5,19.0,"[21.0, 17.0]","[119.0, 96.0]","[(119.0, 210.0), (96.0, 170.0)]",,2,2,2,108.71052631578948,38.0,"[21.0, 17.0, 0, 0, 0]","[119.0, 96.0, 0, 0, 0]",4131.0,[21. 17.  0.  0.  0.],[119.  96.   0.   0.   0.],True,55.612617784379395,0.0,2,"[0.9569931030273438, 1.0809521675109863]","[46.613416509481674, 55.612617784379395]","[0, 0]"
57491,"[38.0, 45.0, 58.0, 69.5, 70.0, 81.0, 94.0, 101.0, 112.0, 113.0, 122.0, 127.0, 138.0, 139.0, 140.0, 147.0, 148.0]","[0.0, 38.0, 45.0, 58.0, 69.5, 70.0, 81.0, 94.0, 101.0, 112.0, 113.0, 122.0, 127.0, 138.0, 139.0, 140.0, 147.0]","[3.0, 4.0, 3.5, 3.5, 6.0, 3.0, 4.0, 2.5, 3.5, 1.0, 2.0, 4.0, 2.0, 6.0, 1.5, 4.0, 1.0]","[7, 7, 7, 7, 8, 7, 7, 7, 7, 7, 7, 7, 3, 8, 3, 7, 6]","[7, 7, 7, 7, 8, 7, 7, 9, 7, 7, 7, 7, 3, 8, 2, 7, 4]","[1.0, 1.0, 0.5, 0.5, nan, 1.0, 1.0, 1.0, 1.0, 1.0, 0.5, 1.0, 0.25, nan, 0.25, 0.5, 1.0]","[1.0, 1.5, 0.5, 1.0, nan, 1.5, 1.0, 1.0, 2.0, 1.0, 1.0, 2.0, 0.5, nan, 1.0, 1.0, 1.0]","[0, 1, 0, 0, 0, 1, 1, 0, 1, 0, 0, 1, 0, 0, 0, 1, 0]","[38.0, 7.0, 13.0, 11.5, 0.5, 11.0, 13.0, 7.0, 11.0, 1.0, 9.0, 5.0, 11.0, 1.0, 1.0, 7.0, 1.0]","[8, 7, 8, 8, 8, 7, 7, 8, 7, 8, 8, 7, 3, 8, 3, 7, 6]","[8, 7, 8, 8, 8, 7, 7, 9, 7, 8, 8, 7, 3, 8, 2, 7, 4]","[248.0, 292.25, 280.0, 280.0, 440.0, 292.25, 292.25, 216.0, 292.25, 120.0, 184.0, 292.25, 167.40359922257957, 440.0, 159.41582238929536, 292.25, 140.0]","[248.0, 292.25, 280.0, 280.0, 440.0, 292.25, 292.25, 196.0, 292.25, 120.0, 184.0, 292.25, 167.40359922257957, 440.0, 119.0, 292.25, 158.0]","[248.0, 292.25, 280.0, 280.0, 440.0, 292.25, 292.25, 211.0, 292.25, 120.0, 184.0, 292.25, 167.40359922257957, 440.0, 149.3118667919715, 292.25, 144.5]",2009-03-17 09:00,24.0,4,1.0,122.0,2.0,1.0,-999.0,148.0,0,152.26,123.64,1.04,0.34,0.53,0.0,4,212.9,17.79,9,204.7115384615384,108.49711538461538,28.61999999999999,191.2929419986024,383.7130669727472,79.79265880798408,211.86438848920864,226.8950354609929,0.18,0.4,-0.5,1.7807069046500703,0.58,0.85,-0.4549,0.5322209342498943,0.5912912673886249,0.5003732522475258,0.3816562050632573,0.4359518875554176,12692.634956996406,0.0133708476036254,-0.3,3.29,131.83132262060033,1,10,9.0,"[5.0, 11.0, 1.0, 1.0, 7.0, 1.0]","[292.25, 167.40359922257957, 440.0, 149.3118667919715, 292.25, 144.5]","[(292.25, 50.0), (167.40359922257957, 110.0), (440.0, 10.0), (149.3118667919715, 10.0), (292.25, 70.0), (144.5, 10.0)]",,2,2,6,233.93274839385953,26.0,"[5.0, 11.0, 1.0, 1.0, 8.0]","[292.25, 167.40359922257957, 440.0, 149.3118667919715, 218.375]",6082.251458240347,[ 5. 11.  1.  1.  8.],[292.25       167.40359922 440.         149.31186679 218.375     ],True,158.50539688318497,351.6330480650395,13,"[0.47149085998535156, 0.6302750110626221, 0.7532761096954346, 0.8890857696533203, 1.030884027481079, 1.1548430919647217, 1.2825229167938232, 1.3845767974853516, 1.7864539623260498, 1.9309098720550537, 2.0489308834075928, 2.1754348278045654, 2.2963287830352783]","[144.65879540442225, 177.95172818496607, 166.51880780505138, 143.37043490073546, 144.94512536413944, 156.12449837315302, 160.41282463269908, 161.9718923516405, 147.73062002786733, 151.17586772333496, 156.0454357012748, 157.85102935952025, 158.50539688318497]","[0, 312.9880000000012, 624.9760000000006, 472.1818666666677, 319.38773333333484, 319.38773333333484, 319.38773333333484, 526.4911823089424, 440.02050497560776, 351.6330480650395, 351.6330480650395, 351.6330480650395, 351.6330480650395]"
57650,"[10.0, 37.0, 48.0, 70.0, 86.0, 99.0, 105.0, 108.0, 109.0, 123.0, 132.0, 134.5, 135.0]","[0.0, 10.0, 37.0, 48.0, 70.0, 86.0, 99.0, 105.0, 108.0, 109.0, 123.0, 132.0, 134.5]","[3.5, 2.5, 2.0, 2.5, 3.5, 3.5, 3.0, 2.5, 2.0, 3.0, 1.0, 3.0, 3.5]","[9, 9, 4, 9, 3, 3, 3, 3, 9, 3, 2, 3, 7]","[7, 4, 9, 9, 3, 3, 3, 2, 7, 4, 3, 3, 4]","[1.0, 1.0, 1.0, 1.0, 0.25, 0.25, 0.25, 0.25, 1.0, 0.25, 0.25, 0.25, 0.5]","[2.0, 3.0, 4.0, 2.5, 0.75, 0.5, 0.5, 0.75, 1.5, 1.0, 1.0, 0.5, 1.0]","[0, 0, 0, 0, 0, 0, 0, 0, 0, 0, 0, 0, 1]","[10.0, 27.0, 11.0, 22.0, 16.0, 13.0, 6.0, 3.0, 1.0, 14.0, 9.0, 2.5, 0.5]","[9, 9, 4, 9, 3, 3, 3, 3, 9, 3, 2, 3, 7]","[8, 4, 9, 9, 3, 3, 3, 2, 8, 4, 3, 3, 4]","[238.0, 196.0, 204.0, 196.0, 232.12522605741117, 232.12522605741117, 202.0738495144293, 181.06998247500167, 175.0, 202.0738495144293, 101.0, 202.0738495144293, 292.25]","[280.0, 227.0, 175.0, 196.0, 232.12522605741117, 232.12522605741117, 202.0738495144293, 155.0, 184.0, 250.0, 155.51, 202.0738495144293, 273.0]","[248.5, 203.75, 196.75, 196.0, 232.12522605741117, 232.12522605741117, 202.0738495144293, 174.55248685625125, 177.25, 214.05538713582197, 114.6275, 202.0738495144293, 287.4375]",2009-03-18 12:00,27.0,6,3.0,108.0,3.0,1.0,0.0,135.0,1,137.93,96.44,0.72,0.5,0.35,0.0,9,280.9,51.06,28,390.13888888888886,136.5486111111111,41.49000000000001,219.1493612918775,338.9965891799541,89.12164805399681,257.05342886386904,274.2122988505747,0.17,-0.14,0.0,0.7963770935613933,0.48,1.52,-0.7253,0.3671285403285604,0.4684276326405587,1.4269544181262872,1.0667911590865309,0.8450761911763661,14668.344963791968,0.0202528012951116,-0.1,3.01,439.4377420686678,1,7,3.0,"[1.0, 14.0, 9.0, 2.5, 0.5]","[177.25, 214.05538713582197, 114.6275, 202.0738495144293, 287.4375]","[(177.25, 10.0), (214.05538713582197, 140.0), (114.6275, 90.0), (202.0738495144293, 25.0), (287.4375, 5.0)]",,2,3,5,179.79912198842896,27.0,"[1.0, 14.0, 9.0, 2.5, 0.5]","[177.25, 214.05538713582197, 114.6275, 202.0738495144293, 287.4375]",4854.576293687582,[ 1.  14.   9.   2.5  0.5],[177.25       214.05538714 114.6275     202.07384951 287.4375    ],True,110.58497980662274,270.73999999999796,6,"[0.5002071857452393, 0.6087639331817627, 0.7200121879577637, 0.9247519969940186, 1.0366530418395996, 1.1655340194702148]","[96.80849699844478, 121.1092935301016, 116.47501297583362, 107.96890360192997, 109.93793101906189, 110.58497980662274]","[0, 216.99199999999837, 324.98799999999756, 270.73999999999796, 270.73999999999796, 270.73999999999796]"
58010,"[33.0, 85.0, 95.0, 129.0, 130.0, 140.0, 141.0, 156.0, 159.0, 162.0, 165.0, 182.0]","[0.0, 33.0, 85.0, 95.0, 129.0, 130.0, 140.0, 141.0, 156.0, 159.0, 162.0, 165.0]","[2.5, 2.5, 3.0, 3.5, 3.0, 2.5, 3.0, 2.0, 1.0, 1.5, 1.0, 1.0]","[5, 4, 4, 3, 4, 3, 4, 3, 4, 4, 1, 1]","[5, 4, 4, 3, 3, 3, 7, 4, 9, 7, 2, 2]","[1.0, 1.0, 1.0, 0.25, 1.0, 0.25, 1.0, 0.5, 1.0, 1.0, 1.0, 1.0]","[3.0, 2.0, 1.5, 0.5, 1.0, 0.5, 1.0, 1.0, 1.0, 1.0, 1.0, 1.0]","[0, 0, 0, 0, 0, 0, 0, 0, 0, 0, 0, 0]","[33.0, 52.0, 10.0, 34.0, 1.0, 10.0, 1.0, 15.0, 3.0, 3.0, 3.0, 17.0]","[5, 4, 4, 3, 4, 3, 4, 3, 4, 4, 1, 1]","[5, 4, 4, 3, 3, 3, 8, 4, 9, 8, 2, 2]","[247.5, 227.0, 250.0, 232.12522605741117, 250.0, 181.06998247500167, 250.0, 167.40359922257957, 158.0, 181.0, 81.0, 81.0]","[247.5, 227.0, 250.0, 232.12522605741117, 202.0738495144293, 181.06998247500167, 248.0, 204.0, 133.0, 152.0, 101.0, 101.0]","[247.5, 227.0, 250.0, 232.12522605741117, 238.01846237860732, 181.06998247500167, 249.5, 176.55269941693467, 151.75, 173.75, 86.0, 86.0]",2009-03-25 10:00,32.0,5,3.0,130.0,3.0,2.0,-999.0,182.0,0,191.66,111.07,0.94,0.42,0.53,0.0,9,277.9,70.63,33,295.63829787234044,156.68829787234043,80.59,171.70091822806802,293.122460900066,78.3561131061719,263.1937906860291,275.9341899441341,0.4,0.23,0.0,1.3811128737158465,0.51,1.49,-0.986,0.1890081044575254,0.303614722647234,1.4321355990291742,0.6888641653080324,0.3913920186607817,15316.370220938865,0.0235989704492289,-0.1,3.13,197.7469839309005,1,4,1.0,"[10.0, 1.0, 15.0, 3.0, 3.0, 3.0, 17.0]","[181.06998247500167, 249.5, 176.55269941693467, 151.75, 173.75, 86.0, 86.0]","[(181.06998247500167, 100.0), (249.5, 10.0), (176.55269941693467, 150.0), (151.75, 30.0), (173.75, 30.0), (86.0, 30.0), (86.0, 170.0)]",,2,3,7,142.40365992315458,52.0,"[10.0, 1.0, 15.0, 3.0, 23.0]","[181.06998247500167, 249.5, 176.55269941693467, 151.75, 115.25]",7404.990316004038,[10.  1. 15.  3. 23.],[181.06998248 249.5        176.55269942 151.75       115.25      ],True,88.36760650134806,415.99199999999837,23,"[0.36576294898986816, 0.47899413108825684, 0.6005980968475342, 0.9698159694671631, 1.1140971183776855, 1.315735101699829, 1.4289209842681885, 1.5461108684539795, 1.6469950675964355, 1.9919452667236328, 2.0950560569763184, 2.270158052444458, 2.365767240524292, 2.4968411922454834, 2.6065409183502197, 2.8969509601593018, 3.0178611278533936, 3.16318416595459, 3.2961390018463135, 3.4283618927001953, 3.5670969486236572, 3.6552329063415527, 3.923654079437256]","[74.35102257806712, 78.29019157355246, 80.16881368575372, 80.92844122115, 81.63542017370708, 82.29294889997176, 82.90410243520478, 83.47182473347888, 83.99892384129224, 84.48806948190496, 84.94179260098291, 85.36248648934655, 85.75240915614953, 86.11368667622452, 86.44831727925832, 86.75817598652944, 87.0450196337815, 87.31049214700556, 87.55612996201631, 87.78336749923679, 87.99354262251337, 88.18790202548031, 88.36760650134806]","[0, 207.99599999999919, 415.99199999999837, 415.99199999999837, 415.99199999999837, 415.99199999999837, 415.99199999999837, 415.99199999999837, 415.99199999999837, 415.99199999999837, 415.99199999999837, 415.99199999999837, 415.99199999999837, 415.99199999999837, 415.99199999999837, 415.99199999999837, 415.99199999999837, 415.99199999999837, 415.99199999999837, 415.99199999999837, 415.99199999999837, 415.99199999999837, 415.99199999999837]"
58030,"[10.0, 35.0, 44.0, 49.0, 54.2, 55.0, 60.0, 65.0, 70.0, 71.0, 77.0, 81.0, 83.0, 88.0, 92.0, 96.0, 98.0, 99.5, 100.0]","[0.0, 10.0, 35.0, 44.0, 49.0, 54.2, 55.0, 60.0, 65.0, 70.0, 71.0, 77.0, 81.0, 83.0, 88.0, 92.0, 96.0, 98.0, 99.5]","[4.0, 3.5, 3.0, 3.5, 2.0, 1.5, 1.5, 2.5, 2.0, 3.5, 2.5, 1.5, 2.0, 1.5, 2.0, 1.0, 2.5, 4.0, 1.0]","[3, 3, 3, 3, 3, 7, 3, 3, 3, 7, 3, 3, 3, 3, 3, 4, 3, 7, 4]","[3, 3, 3, 3, 3, 7, 9, 3, 2, 7, 3, 2, 3, 2, 3, 2, 4, 7, 5]","[0.5, 0.25, 0.5, 0.25, 0.5, 0.75, 0.5, 0.5, 0.5, 1.0, 0.5, 0.5, 0.25, 0.5, 0.5, 0.5, 0.5, 0.5, 0.5]","[0.5, 0.5, 0.5, 0.5, 0.5, 1.5, 1.0, 0.5, 1.0, 1.0, 0.5, 1.0, 0.5, 0.75, 0.5, 1.0, 0.75, 1.0, 1.0]","[0, 0, 0, 0, 0, 1, 0, 0, 0, 1, 0, 0, 0, 0, 0, 0, 0, 1, 0]","[10.0, 25.0, 9.0, 5.0, 5.200000000000003, 0.7999999999999972, 5.0, 5.0, 5.0, 1.0, 6.0, 4.0, 2.0, 5.0, 4.0, 4.0, 2.0, 1.5, 0.5]","[3, 3, 3, 3, 3, 7, 3, 3, 3, 7, 3, 3, 3, 3, 3, 4, 3, 7, 4]","[3, 3, 3, 3, 3, 7, 9, 3, 2, 7, 3, 2, 3, 2, 3, 2, 4, 7, 5]","[272.9777961056527, 232.12522605741117, 202.0738495144293, 232.12522605741117, 167.40359922257957, 292.25, 159.41582238929536, 181.06998247500167, 167.40359922257957, 292.25, 181.06998247500167, 159.41582238929536, 167.40359922257957, 159.41582238929536, 167.40359922257957, 158.0, 181.06998247500167, 292.25, 158.0]","[272.9777961056527, 232.12522605741117, 202.0738495144293, 232.12522605741117, 167.40359922257957, 292.25, 154.0, 181.06998247500167, 137.0, 292.25, 181.06998247500167, 119.0, 167.40359922257957, 119.0, 167.40359922257957, 101.0, 227.0, 292.25, 210.0]","[272.9777961056527, 232.12522605741117, 202.0738495144293, 232.12522605741117, 167.40359922257957, 292.25, 158.0618667919715, 181.06998247500167, 159.80269941693467, 292.25, 181.06998247500167, 149.3118667919715, 167.40359922257957, 149.3118667919715, 167.40359922257957, 143.75, 192.55248685625125, 292.25, 171.0]",2009-03-18 10:00,33.0,5,2.0,70.0,3.0,2.0,-999.0,100.0,1,113.52,70.68,1.13,0.34,0.53,0.0,4,251.7,45.77,31,222.7433628318584,118.053982300885,42.83999999999999,205.1092436974789,247.10674332418048,87.39288651541386,243.8441784548421,248.6009584664537,0.19,0.6799999999999999,-1.5,2.9361144219308706,0.76,1.21,-0.621,0.3555593636375344,0.4347438996902298,1.1337365128635368,0.8779933772234471,0.4676385536105372,16084.946737136126,0.0253285824603805,-0.1,2.53,197.7469839309005,1,8,5.0,"[1.0, 6.0, 4.0, 2.0, 5.0, 4.0, 4.0, 2.0, 1.5, 0.5]","[292.25, 181.06998247500167, 149.3118667919715, 167.40359922257957, 149.3118667919715, 167.40359922257957, 143.75, 192.55248685625125, 292.25, 171.0]","[(292.25, 10.0), (181.06998247500167, 60.0), (149.3118667919715, 40.0), (167.40359922257957, 20.0), (149.3118667919715, 50.0), (167.40359922257957, 40.0), (143.75, 40.0), (192.55248685625125, 20.0), (292.25, 15.0), (171.0, 5.0)]",,2,3,10,173.69594216752446,30.0,"[1.0, 6.0, 4.0, 2.0, 17.0]","[292.25, 181.06998247500167, 149.3118667919715, 167.40359922257957, 186.04465881180036]",5210.8782650257335,[ 1.  6.  4.  2. 17.],[292.25       181.06998248 149.31186679 167.40359922 186.04465881],True,122.37367909554929,390.862000000001,7,"[0.32717394828796387, 0.4556009769439697, 0.5458056926727295, 0.6644086837768555, 0.9807276725769043, 1.0960147380828857, 1.1940269470214844]","[109.70997048289937, 138.36734745642906, 128.86850714541984, 121.95160778872007, 119.63249430766567, 121.66766847015515, 122.37367909554929]","[0, 360.98799999999756, 480.9840000000004, 480.9840000000004, 390.862000000001, 390.862000000001, 390.862000000001]"
6681,"[5.0, 35.0, 40.0, 55.0, 56.0, 62.5, 65.0, 66.0, 67.0, 70.0, 75.0, 91.5, 92.0, 97.0, 107.0, 109.0, 113.0, 114.0, 115.0]","[0.0, 5.0, 35.0, 40.0, 55.0, 56.0, 62.5, 65.0, 66.0, 67.0, 70.0, 75.0, 91.5, 92.0, 97.0, 107.0, 109.0, 113.0, 114.0]","[4.0, 1.0, 2.0, 1.0, 2.0, 1.0, 3.0, 1.0, 2.5, 1.0, 1.0, 1.0, 2.0, 1.5, 1.0, 1.5, 1.0, 2.0, 1.0]","[5, 5, 9, 9, 7, 9, 7, 5, 7, 5, 9, 4, 4, 3, 3, 3, 3, 3, 1]","[7, 9, 9, 5, 4, 5, 4, 9, 4, 9, 5, 9, 7, 4, 4, 4, 4, 3, 6]","[2.0, 2.0, 1.0, 1.5, 1.0, 1.5, 1.0, 2.0, 1.0, 3.0, 1.5, 0.75, 0.5, 0.5, 0.5, 0.5, 0.25, 0.25, 4.0]","[3.0, 4.0, 1.5, 2.5, 2.0, 3.0, 1.5, 3.0, 2.0, 5.0, 2.5, 1.5, 1.0, 1.0, 0.75, 0.75, 0.75, 0.5, 7.0]","[0, 0, 0, 0, 1, 0, 1, 0, 1, 0, 0, 0, 1, 0, 0, 0, 0, 0, 0]","[5.0, 30.0, 5.0, 15.0, 1.0, 6.5, 2.5, 1.0, 1.0, 3.0, 5.0, 16.5, 0.5, 5.0, 10.0, 2.0, 4.0, 1.0, 1.0]","[5, 5, 9, 9, 7, 9, 7, 5, 7, 5, 9, 4, 4, 3, 3, 3, 3, 3, 1]","[8, 9, 9, 5, 4, 5, 4, 9, 4, 9, 5, 9, 7, 4, 4, 4, 4, 3, 6]","[285.0, 210.0, 175.0, 133.0, 292.25, 133.0, 292.25, 210.0, 292.25, 210.0, 133.0, 158.0, 204.0, 159.41582238929536, 155.51, 159.41582238929536, 155.51, 167.40359922257957, 81.0]","[312.0, 133.0, 175.0, 210.0, 204.0, 210.0, 250.0, 133.0, 227.0, 133.0, 210.0, 133.0, 292.25, 181.0, 158.0, 181.0, 158.0, 167.40359922257957, 140.0]","[291.75, 190.75, 175.0, 152.25, 270.1875, 152.25, 281.6875, 190.75, 275.9375, 190.75, 152.25, 151.75, 226.0625, 164.8118667919715, 156.1325, 164.8118667919715, 156.1325, 167.40359922257957, 95.75]",2002-02-18 11:00,28.0,4,1.0,67.0,2.0,2.0,-999.0,115.0,1,117.36,83.65,1.53,0.1,0.69,0.0,5,191.4,40.17,48,125.09803921568628,86.31764705882351,33.709999999999994,185.87635716404628,268.490749130859,67.07211034086532,217.1850487540628,230.8220828105395,0.19,0.1599999999999999,0.0,1.1879733656728368,0.6,0.68,-0.4849,0.4518588887045973,0.4652605331076442,0.5085049210311977,0.4821199936379098,0.2778425414502815,19744.66296422408,0.0771807989635327,-0.1,5.21,131.83132262060033,1,8,1.0,"[3.0, 5.0, 16.5, 0.5, 5.0, 10.0, 2.0, 4.0, 1.0, 1.0]","[190.75, 152.25, 151.75, 226.0625, 164.8118667919715, 156.1325, 164.8118667919715, 156.1325, 167.40359922257957, 95.75]","[(190.75, 30.0), (152.25, 50.0), (151.75, 165.0), (226.0625, 5.0), (164.8118667919715, 50.0), (156.1325, 100.0), (164.8118667919715, 20.0), (156.1325, 40.0), (167.40359922257957, 10.0), (95.75, 10.0)]",,2,2,10,157.3562065992996,48.0,"[3.0, 5.0, 16.5, 0.5, 23.0]","[190.75, 152.25, 151.75, 226.0625, 150.8403888010871]",7553.097916766381,[ 3.   5.  16.5  0.5 23. ],[190.75      152.25      151.75      226.0625    150.8403888],True,95.26098701822411,352.5759999999973,7,"[0.31290197372436523, 0.41976284980773926, 0.751939058303833, 0.9144518375396729, 1.0084319114685059, 1.1253149509429932, 1.2688140869140625]","[84.85523923628432, 105.68468959870944, 98.36008795655667, 93.32552317190377, 94.52169279963437, 95.03916737149883, 95.26098701822411]","[0, 384.99199999999837, 480.73999999999796, 352.5759999999973, 352.5759999999973, 352.5759999999973, 352.5759999999973]"
