profID,layer_thickness,density_combined,wl_index,wl_thickness,layers_above_wl,layer_top,layer_bottom,hardness,gt1,gt2,gs1,gs2,crust,datetime,slopeangle,RB_score,RB_releasetype,RB_height_obs,RB_class,localNowcast,approximate_critical_loads,density_above_wl,snow_profiles,RB_class,region,nbr_layers,layers_above_wl,density_above_wl
10026,"[20.0, 15.0, 1.0, 23.0, 1.0, 3.0, 23.0, 6.0, 9.0, 1.0, 7.0, 8.0, 1.0, 6.0, 11.0, 1.0, 0.6999999999999886, 0.5, 0.5, 0.30000000000001137, 3.0, 14.0, 4.900000000000006, 0.09999999999999432]","[175.0, 171.125, 292.25, 154.0, 292.25, 154.0, 233.59391954305838, 175.0, 133.0, 270.1875, 184.80248685625125, 154.0, 292.25, 151.75, 158.0618667919715, 149.8825, 141.8825, 114.6275, 159.80269941693467, 96.0, 159.80269941693467, 149.3118667919715, 159.80269941693467, 167.40359922257957]",11,8.0,"[1.0, 6.0, 11.0, 1.0, 0.6999999999999886, 0.5, 0.5, 0.30000000000001137, 3.0, 14.0, 4.900000000000006, 0.09999999999999432]","[20.0, 35.0, 36.0, 59.0, 60.0, 63.0, 86.0, 92.0, 101.0, 102.0, 109.0, 117.0, 118.0, 124.0, 135.0, 136.0, 136.7, 137.2, 137.7, 138.0, 141.0, 155.0, 159.9, 160.0]","[0.0, 20.0, 35.0, 36.0, 59.0, 60.0, 63.0, 86.0, 92.0, 101.0, 102.0, 109.0, 117.0, 118.0, 124.0, 135.0, 136.0, 136.7, 137.2, 137.7, 138.0, 141.0, 155.0, 159.9]","[2.0, 1.5, 2.0, 1.5, 2.0, 1.5, 3.5, 2.0, 1.0, 2.0, 2.5, 1.5, 3.0, 1.0, 1.5, 1.0, 1.0, 1.0, 2.0, 1.0, 2.0, 1.5, 2.0, 2.0]","[9, 9, 7, 9, 7, 9, 3, 9, 9, 7, 3, 9, 7, 4, 3, 3, 3, 2, 3, 2, 3, 3, 3, 3]","[9, 5, 7, 9, 7, 9, 9, 9, 9, 4, 9, 9, 7, 9, 9, 9, 2, 3, 2, 1, 2, 2, 2, 3]","[1.0, 1.0, 1.0, 1.5, 1.0, 1.0, 0.5, 0.75, 1.0, 1.0, 0.5, 0.75, 1.0, 0.75, 0.5, 0.5, 0.5, 0.5, 0.5, 1.0, 0.5, 0.25, 0.25, 0.25]","[1.5, 2.0, 2.0, 2.5, 1.0, 1.5, 1.0, 1.25, 1.5, 2.0, 1.0, 1.0, 1.0, 1.0, 1.0, 1.0, 1.0, 1.0, 0.75, 2.0, 1.0, 0.75, 0.75, 0.25]","[0, 0, 1, 0, 1, 0, 0, 0, 0, 1, 0, 0, 1, 0, 0, 0, 0, 0, 0, 0, 0, 0, 0, 0]",2007-02-16 10:00,30.0,5,1.0,117.0,2.0,2.0,197.7469839309005,"[292.25, 151.75, 158.0618667919715, 149.8825, 141.8825, 114.6275, 159.80269941693467, 96.0, 159.80269941693467, 149.3118667919715, 159.80269941693467, 167.40359922257957]","[(292.25, 10.0), (151.75, 60.0), (158.0618667919715, 110.0), (149.8825, 10.0), (141.8825, 6.999999999999886), (114.6275, 5.0), (159.80269941693467, 5.0), (96.0, 3.0000000000001137), (159.80269941693467, 30.0), (149.3118667919715, 140.0), (159.80269941693467, 49.00000000000006), (167.40359922257957, 0.9999999999999432)]",2.0,1,12,"[1.0, 6.0, 11.0, 1.0, 0.6999999999999886, 0.5, 0.5, 0.30000000000001137, 3.0, 14.0, 4.900000000000006, 0.09999999999999432]","[292.25, 151.75, 158.0618667919715, 149.8825, 141.8825, 114.6275, 159.80269941693467, 96.0, 159.80269941693467, 149.3118667919715, 159.80269941693467, 167.40359922257957]"
10167,"[15.0, 28.0, 17.0, 10.0, 0.7000000000000028, 0.29999999999999716, 6.0, 13.0, 7.0, 1.0, 9.0, 6.299999999999997, 0.5, 0.20000000000000284, 9.0, 13.699999999999989, 0.30000000000001137, 1.5, 1.5, 5.0, 1.0, 0.09999999999999432, 11.900000000000006, 3.5, 0.5]","[171.125, 152.25, 238.0, 154.0, 133.0, 292.25, 133.0, 154.0, 196.0, 174.25, 202.0738495144293, 181.06998247500167, 176.55269941693467, 136.8825, 159.80269941693467, 101.0, 101.0, 141.8825, 292.25, 167.40359922257957, 114.6275, 96.0, 141.8825, 167.40359922257957, 144.3118667919715]",9,1.0,"[9.0, 6.299999999999997, 0.5, 0.20000000000000284, 9.0, 13.699999999999989, 0.30000000000001137, 1.5, 1.5, 5.0, 1.0, 0.09999999999999432, 11.900000000000006, 3.5, 0.5]","[15.0, 43.0, 60.0, 70.0, 70.7, 71.0, 77.0, 90.0, 97.0, 98.0, 107.0, 113.3, 113.8, 114.0, 123.0, 136.7, 137.0, 138.5, 140.0, 145.0, 146.0, 146.1, 158.0, 161.5, 162.0]","[0.0, 15.0, 43.0, 60.0, 70.0, 70.7, 71.0, 77.0, 90.0, 97.0, 98.0, 107.0, 113.3, 113.8, 114.0, 123.0, 136.7, 137.0, 138.5, 140.0, 145.0, 146.0, 146.1, 158.0, 161.5]","[1.5, 1.0, 3.5, 1.5, 1.0, 2.0, 1.0, 1.5, 2.5, 1.5, 3.0, 2.5, 2.0, 1.0, 2.0, 1.0, 1.0, 1.0, 2.5, 2.0, 1.0, 1.0, 1.0, 2.0, 1.5]","[9, 9, 9, 9, 9, 7, 9, 9, 9, 4, 3, 3, 3, 3, 3, 2, 2, 3, 7, 3, 2, 2, 3, 3, 3]","[5, 5, 9, 9, 9, 7, 9, 9, 9, 9, 3, 3, 4, 1, 2, 2, 2, 2, 7, 3, 3, 1, 2, 3, 1]","[2.0, 1.5, 0.75, 1.0, 1.0, 1.0, 1.0, 0.75, 0.75, 0.75, 0.5, 0.5, 0.5, 0.5, 0.5, 0.5, 0.5, 0.5, 0.25, 0.25, 0.5, 1.0, 0.5, 0.25, 0.5]","[3.0, 2.5, 1.5, 1.5, 2.0, 2.0, 1.0, 1.25, 1.0, 1.5, 0.5, 0.5, 0.75, 2.0, 0.75, 1.25, 1.0, 1.0, 0.25, 0.5, 1.0, 1.5, 0.75, 0.5, 2.0]","[0, 0, 0, 0, 0, 1, 0, 0, 0, 0, 0, 0, 0, 0, 0, 0, 0, 0, 1, 0, 0, 0, 0, 0, 0]",2007-03-06 10:00,18.0,6,2.0,98.0,3.0,2.3,439.4377420686678,"[202.0738495144293, 181.06998247500167, 176.55269941693467, 136.8825, 159.80269941693467, 101.0, 101.0, 141.8825, 292.25, 167.40359922257957, 114.6275, 96.0, 141.8825, 167.40359922257957, 144.3118667919715]","[(202.0738495144293, 90.0), (181.06998247500167, 62.99999999999997), (176.55269941693467, 5.0), (136.8825, 2.0000000000000284), (159.80269941693467, 90.0), (101.0, 136.9999999999999), (101.0, 3.0000000000001137), (141.8825, 15.0), (292.25, 15.0), (167.40359922257957, 50.0), (114.6275, 10.0), (96.0, 0.9999999999999432), (141.8825, 119.00000000000006), (167.40359922257957, 35.0), (144.3118667919715, 5.0)]",3.0,1,15,"[9.0, 6.299999999999997, 0.5, 0.20000000000000284, 9.0, 13.699999999999989, 0.30000000000001137, 1.5, 1.5, 5.0, 1.0, 0.09999999999999432, 11.900000000000006, 3.5, 0.5]","[202.0738495144293, 181.06998247500167, 176.55269941693467, 136.8825, 159.80269941693467, 101.0, 101.0, 141.8825, 292.25, 167.40359922257957, 114.6275, 96.0, 141.8825, 167.40359922257957, 144.3118667919715]"
10177,"[23.0, 15.0, 7.0, 4.0, 17.0, 2.0, 4.0, 4.0, 6.0, 8.0, 2.0, 4.700000000000003, 0.29999999999999716, 5.0, 2.0, 10.0, 2.0]","[152.25, 238.0, 152.25, 177.25, 154.0, 292.25, 129.75, 292.25, 159.80269941693467, 141.8825, 292.25, 155.51, 114.6275, 141.8825, 292.25, 86.0, 142.0]",5,2.0,"[4.0, 4.0, 6.0, 8.0, 2.0, 4.700000000000003, 0.29999999999999716, 5.0, 2.0, 10.0, 2.0]","[23.0, 38.0, 45.0, 49.0, 66.0, 68.0, 72.0, 76.0, 82.0, 90.0, 92.0, 96.7, 97.0, 102.0, 104.0, 114.0, 116.0]","[0.0, 23.0, 38.0, 45.0, 49.0, 66.0, 68.0, 72.0, 76.0, 82.0, 90.0, 92.0, 96.7, 97.0, 102.0, 104.0, 114.0]","[1.0, 3.5, 1.0, 2.0, 1.5, 4.0, 1.0, 3.5, 2.0, 1.0, 2.5, 1.0, 1.0, 1.0, 3.5, 1.0, 2.0]","[9, 9, 9, 9, 9, 7, 9, 7, 3, 3, 7, 3, 2, 3, 7, 1, 2]","[5, 9, 5, 7, 9, 7, 7, 7, 2, 2, 7, 3, 3, 2, 7, 2, 0]","[2.0, 0.75, 1.5, 1.0, 1.0, 1.0, 1.0, 0.75, 0.25, 0.5, 0.75, 0.25, 0.5, 0.5, 0.5, 1.0, 0.5]","[3.0, 1.25, 2.5, 2.0, 2.0, 2.0, 2.0, 1.5, 0.75, 1.0, 1.0, 0.5, 1.5, 0.75, 1.0, 2.0, 2.0]","[0, 0, 0, 0, 0, 1, 0, 1, 0, 0, 1, 0, 0, 0, 1, 0, 0]",2007-03-08 10:00,23.0,5,2.0,68.0,3.0,2.0,197.7469839309005,"[129.75, 292.25, 159.80269941693467, 141.8825, 292.25, 155.51, 114.6275, 141.8825, 292.25, 86.0, 142.0]","[(129.75, 40.0), (292.25, 40.0), (159.80269941693467, 60.0), (141.8825, 80.0), (292.25, 20.0), (155.51, 47.00000000000003), (114.6275, 2.9999999999999716), (141.8825, 50.0), (292.25, 20.0), (86.0, 100.0), (142.0, 20.0)]",3.0,1,11,"[4.0, 4.0, 6.0, 8.0, 2.0, 4.700000000000003, 0.29999999999999716, 5.0, 2.0, 10.0, 2.0]","[129.75, 292.25, 159.80269941693467, 141.8825, 292.25, 155.51, 114.6275, 141.8825, 292.25, 86.0, 142.0]"
10198,"[42.5, 2.5, 12.0, 4.0, 22.0, 5.0, 13.0, 14.0, 1.0, 20.0, 12.0, 15.5, 1.5, 6.0, 13.0, 10.0, 7.0, 3.0, 14.0]","[171.125, 275.9375, 152.25, 175.0, 154.0, 238.0, 175.0, 184.80248685625125, 158.0618667919715, 232.12522605741117, 202.0738495144293, 159.80269941693467, 154.1868667919715, 181.06998247500167, 149.3118667919715, 159.80269941693467, 115.25, 149.3118667919715, 114.6275]",13,6.0,"[13.0, 10.0, 7.0, 3.0, 14.0]","[42.5, 45.0, 57.0, 61.0, 83.0, 88.0, 101.0, 115.0, 116.0, 136.0, 148.0, 163.5, 165.0, 171.0, 184.0, 194.0, 201.0, 204.0, 218.0]","[0.0, 42.5, 45.0, 57.0, 61.0, 83.0, 88.0, 101.0, 115.0, 116.0, 136.0, 148.0, 163.5, 165.0, 171.0, 184.0, 194.0, 201.0, 204.0]","[1.5, 2.5, 1.0, 2.0, 1.5, 3.5, 2.0, 2.5, 1.5, 3.5, 3.0, 2.0, 1.5, 2.5, 1.5, 2.0, 1.0, 1.5, 1.0]","[9, 7, 9, 9, 9, 9, 9, 3, 3, 3, 3, 3, 3, 3, 3, 3, 2, 3, 2]","[5, 4, 5, 9, 9, 9, 9, 9, 9, 3, 3, 2, 0, 3, 2, 2, 4, 2, 3]","[2.0, 1.0, 1.5, 1.0, 1.0, 0.75, 0.75, 0.5, 0.5, 0.25, 0.25, 0.5, 0.5, 0.5, 0.5, 0.5, 0.5, 0.5, 0.5]","[3.0, 2.0, 2.5, 2.0, 1.5, 1.0, 1.5, 1.0, 1.0, 0.5, 0.5, 1.0, 2.0, 0.5, 0.75, 0.75, 1.0, 1.0, 1.0]","[0, 1, 0, 0, 0, 0, 0, 0, 0, 0, 0, 0, 0, 0, 0, 0, 0, 0, 0]",2007-03-14 10:00,34.0,5,2.0,171.0,3.0,2.0,197.7469839309005,"[149.3118667919715, 159.80269941693467, 115.25, 149.3118667919715, 114.6275]","[(149.3118667919715, 130.0), (159.80269941693467, 100.0), (115.25, 70.0), (149.3118667919715, 30.0), (114.6275, 140.0)]",3.0,1,5,"[13.0, 10.0, 7.0, 3.0, 14.0]","[149.3118667919715, 159.80269941693467, 115.25, 149.3118667919715, 114.6275]"
12590,"[45.0, 25.0, 20.0, 15.0, 15.0]","[180.26846237860732, 155.0, 137.0, 119.0, 81.0]",3,15.0,[15.0],"[45.0, 70.0, 90.0, 105.0, 120.0]","[0.0, 45.0, 70.0, 90.0, 105.0]","[3.0, 2.5, 2.0, 1.5, 1.0]","[2, 2, 2, 2, 1]","[3, 2, 2, 2, 1]","[0.25, 0.5, 0.5, 0.5, 1.0]","[0.5, 0.75, 1.0, 1.0, 1.0]","[0, 0, 0, 0, 0]",2007-11-12 09:00,37.0,2,1.0,105.0,1.0,3.0,80.0,[81.0],"[(81.0, 150.0)]",1.0,1,1,[15.0],[81.0]
13330,"[10.0, 30.0, 18.0, 48.0, 1.0]","[171.0, 192.55248685625125, 144.6008998056449, 180.26846237860732, 120.0]",2,18.0,"[48.0, 1.0]","[10.0, 40.0, 58.0, 106.0, 107.0]","[0.0, 10.0, 40.0, 58.0, 106.0]","[1.0, 2.5, 2.0, 3.0, 1.0]","[4, 3, 2, 2, 7]","[5, 4, 3, 3, 7]","[1.5, 0.5, 0.5, 0.5, 1.0]","[2.5, 1.0, 1.25, 1.0, 1.5]","[0, 0, 0, 0, 0]",2007-11-21 12:00,39.0,4,1.0,58.0,2.0,2.3,131.83132262060033,"[180.26846237860732, 120.0]","[(180.26846237860732, 480.0), (120.0, 10.0)]",2.0,1,2,"[48.0, 1.0]","[180.26846237860732, 120.0]"
13731,"[5.0, 5.0, 62.0, 32.0, 4.0, 6.0, 10.0, 0.5, 0.5]","[190.0, 250.0, 272.9777961056527, 242.34391954305838, 158.0, 214.05538713582197, 129.10395559732385, 81.0, 101.0]",4,4.0,"[6.0, 10.0, 0.5, 0.5]","[5.0, 10.0, 72.0, 104.0, 108.0, 114.0, 124.0, 124.5, 125.0]","[0.0, 5.0, 10.0, 72.0, 104.0, 108.0, 114.0, 124.0, 124.5]","[2.0, 3.0, 4.0, 3.5, 1.0, 3.0, 1.5, 1.0, 1.0]","[9, 4, 3, 3, 4, 3, 2, 1, 2]","[5, 4, 3, 4, 4, 4, 3, 1, 2]","[1.0, 0.5, 0.25, 0.25, 0.5, 0.25, 0.5, 2.0, 0.5]","[2.0, 0.5, 0.5, 1.0, 1.0, 0.5, 1.0, 2.0, 1.5]","[0, 0, 0, 0, 0, 0, 0, 0, 0]",2007-11-30 10:00,36.0,5,2.0,108.0,3.0,2.0,197.7469839309005,"[214.05538713582197, 129.10395559732385, 81.0, 101.0]","[(214.05538713582197, 60.0), (129.10395559732385, 100.0), (81.0, 5.0), (101.0, 5.0)]",3.0,1,4,"[6.0, 10.0, 0.5, 0.5]","[214.05538713582197, 129.10395559732385, 81.0, 101.0]"
14210,"[25.0, 13.0, 3.0, 4.0, 10.0, 15.0, 11.0]","[308.0, 218.75, 281.6875, 158.0, 141.8825, 115.25, 110.25]",3,4.0,"[10.0, 15.0, 11.0]","[25.0, 38.0, 41.0, 45.0, 55.0, 70.0, 81.0]","[0.0, 25.0, 38.0, 41.0, 45.0, 55.0, 70.0]","[4.0, 2.5, 3.0, 1.0, 1.0, 1.0, 1.0]","[7, 7, 7, 4, 3, 0, 0]","[4, 4, 4, 4, 2, 2, 1]","[1.0, 1.0, 0.75, 0.75, 0.5, 1.0, 1.0]","[1.0, 2.0, 1.5, 1.25, 1.0, 2.0, 2.5]","[0, 0, 1, 0, 0, 0, 0]",2007-12-04 11:00,38.0,3,3.0,45.0,2.0,3.0,100.9123351677189,"[141.8825, 115.25, 110.25]","[(141.8825, 100.0), (115.25, 150.0), (110.25, 110.0)]",2.0,1,3,"[10.0, 15.0, 11.0]","[141.8825, 115.25, 110.25]"
14310,"[30.0, 25.0, 3.0, 1.0, 36.0, 4.0, 1.0]","[202.0738495144293, 173.1008998056449, 158.0, 292.25, 105.75, 105.75, 81.0]",1,25.0,"[3.0, 1.0, 36.0, 4.0, 1.0]","[30.0, 55.0, 58.0, 59.0, 95.0, 99.0, 100.0]","[0.0, 30.0, 55.0, 58.0, 59.0, 95.0, 99.0]","[3.0, 2.0, 1.0, 2.5, 1.0, 1.0, 1.0]","[3, 9, 4, 7, 2, 2, 1]","[3, 3, 4, 7, 0, 0, 1]","[0.5, 0.5, 1.0, 1.0, 0.2, 0.2, 3.0]","[0.75, 1.0, 1.5, 1.0, 1.0, 1.0, 4.0]","[0, 0, 0, 1, 0, 0, 0]",2007-12-05 11:00,33.0,1,1.0,55.0,1.0,3.0,0.0,"[158.0, 292.25, 105.75, 105.75, 81.0]","[(158.0, 30.0), (292.25, 10.0), (105.75, 360.0), (105.75, 40.0), (81.0, 10.0)]",1.0,1,5,"[3.0, 1.0, 36.0, 4.0, 1.0]","[158.0, 292.25, 105.75, 105.75, 81.0]"
14970,"[5.0, 21.0, 12.0, 26.0, 17.0, 8.0, 1.0, 10.0, 13.0, 3.0, 16.0, 4.0, 4.0]","[252.5, 313.625, 220.0, 262.78130651435276, 290.2444490264132, 181.0, 214.05538713582197, 194.80538713582197, 161.51749561875042, 129.10395559732385, 167.40359922257957, 86.0, 149.3118667919715]",5,8.0,"[1.0, 10.0, 13.0, 3.0, 16.0, 4.0, 4.0]","[5.0, 26.0, 38.0, 64.0, 81.0, 89.0, 90.0, 100.0, 113.0, 116.0, 132.0, 136.0, 140.0]","[0.0, 5.0, 26.0, 38.0, 64.0, 81.0, 89.0, 90.0, 100.0, 113.0, 116.0, 132.0, 136.0]","[3.0, 4.5, 2.0, 3.5, 4.0, 1.5, 3.0, 3.0, 2.5, 1.5, 2.0, 1.0, 1.5]","[4, 4, 5, 4, 4, 4, 3, 3, 2, 2, 3, 1, 3]","[5, 5, 9, 3, 3, 4, 4, 2, 3, 3, 3, 2, 2]","[2.0, 1.0, 2.0, 1.0, 0.5, 1.0, 0.5, 0.25, 1.0, 0.5, 0.25, 1.0, 0.5]","[2.0, 2.0, 3.0, 1.0, 1.0, 2.5, 1.0, 0.5, 1.0, 0.5, 0.25, 1.5, 0.5]","[0, 1, 0, 0, 0, 0, 0, 0, 0, 0, 0, 0, 0]",2007-12-14 14:00,35.0,4,1.0,89.0,2.0,1.0,131.83132262060033,"[214.05538713582197, 194.80538713582197, 161.51749561875042, 129.10395559732385, 167.40359922257957, 86.0, 149.3118667919715]","[(214.05538713582197, 10.0), (194.80538713582197, 100.0), (161.51749561875042, 130.0), (129.10395559732385, 30.0), (167.40359922257957, 160.0), (86.0, 40.0), (149.3118667919715, 40.0)]",2.0,1,7,"[1.0, 10.0, 13.0, 3.0, 16.0, 4.0, 4.0]","[214.05538713582197, 194.80538713582197, 161.51749561875042, 129.10395559732385, 167.40359922257957, 86.0, 149.3118667919715]"
14990,"[14.0, 1.0, 29.0, 11.0, 13.0, 8.0, 15.0]","[210.0, 250.0, 158.0, 215.51749561875042, 202.0738495144293, 167.40359922257957, 96.0]",0,14.0,"[1.0, 29.0, 11.0, 13.0, 8.0, 15.0]","[14.0, 15.0, 44.0, 55.0, 68.0, 76.0, 91.0]","[0.0, 14.0, 15.0, 44.0, 55.0, 68.0, 76.0]","[1.0, 3.0, 1.0, 2.5, 3.0, 2.0, 1.0]","[5, 4, 4, 4, 3, 3, 2]","[5, 4, 4, 3, 3, 3, 1]","[2.0, 1.5, 1.0, 0.7, 0.5, 0.75, 1.5]","[3.0, 2.0, 2.0, 1.0, 0.5, 1.0, 2.0]","[0, 1, 0, 0, 0, 0, 0]",2007-12-14 13:00,35.0,6,3.0,14.0,3.0,2.0,439.4377420686678,"[250.0, 158.0, 215.51749561875042, 202.0738495144293, 167.40359922257957, 96.0]","[(250.0, 10.0), (158.0, 290.0), (215.51749561875042, 110.0), (202.0738495144293, 130.0), (167.40359922257957, 80.0), (96.0, 150.0)]",3.0,1,6,"[1.0, 29.0, 11.0, 13.0, 8.0, 15.0]","[250.0, 158.0, 215.51749561875042, 202.0738495144293, 167.40359922257957, 96.0]"
15952,"[17.0, 4.0, 50.0, 6.5, 0.5, 23.0, 2.0, 3.0, 4.0, 15.0, 3.0, 2.5999999999999943, 0.4000000000000057]","[222.5, 227.25, 242.34391954305838, 191.375, 295.0625, 192.55248685625125, 181.0, 158.0, 214.05538713582197, 194.8508998056449, 175.60395559732385, 238.01846237860732, 140.0]",3,6.5,"[0.5, 23.0, 2.0, 3.0, 4.0, 15.0, 3.0, 2.5999999999999943, 0.4000000000000057]","[17.0, 21.0, 71.0, 77.5, 78.0, 101.0, 103.0, 106.0, 110.0, 125.0, 128.0, 130.6, 131.0]","[0.0, 17.0, 21.0, 71.0, 77.5, 78.0, 101.0, 103.0, 106.0, 110.0, 125.0, 128.0, 130.6]","[1.5, 2.0, 3.5, 1.5, 4.0, 2.5, 1.5, 1.0, 3.0, 2.0, 1.5, 3.0, 1.0]","[5, 5, 3, 4, 4, 3, 4, 4, 3, 4, 4, 4, 6]","[5, 4, 4, 5, 7, 4, 4, 4, 4, 3, 3, 3, 6]","[2.0, 1.0, 0.5, 1.0, 0.5, 0.5, 2.0, 2.0, 0.5, 0.5, 0.5, 1.0, 2.0]","[3.0, 3.0, 1.0, 2.0, 1.0, 1.0, 2.0, 2.0, 1.0, 2.0, 2.0, 3.0, 4.0]","[0, 0, 0, 0, 1, 0, 0, 0, 0, 0, 0, 0, 0]",2007-12-24 09:00,35.0,5,3.0,77.5,3.0,1.0,197.7469839309005,"[295.0625, 192.55248685625125, 181.0, 158.0, 214.05538713582197, 194.8508998056449, 175.60395559732385, 238.01846237860732, 140.0]","[(295.0625, 5.0), (192.55248685625125, 230.0), (181.0, 20.0), (158.0, 30.0), (214.05538713582197, 40.0), (194.8508998056449, 150.0), (175.60395559732385, 30.0), (238.01846237860732, 25.999999999999943), (140.0, 4.000000000000057)]",3.0,1,9,"[0.5, 23.0, 2.0, 3.0, 4.0, 15.0, 3.0, 2.5999999999999943, 0.4000000000000057]","[295.0625, 192.55248685625125, 181.0, 158.0, 214.05538713582197, 194.8508998056449, 175.60395559732385, 238.01846237860732, 140.0]"
16090,"[2.0, 18.0, 21.0, 3.5, 1.5, 5.0, 1.0, 25.0, 14.700000000000003, 0.29999999999999716]","[151.75, 238.01846237860732, 227.0, 204.0, 278.73334707923954, 181.0, 250.0, 204.0, 157.3775, 178.0625]",5,5.0,"[1.0, 25.0, 14.700000000000003, 0.29999999999999716]","[2.0, 20.0, 41.0, 44.5, 46.0, 51.0, 52.0, 77.0, 91.7, 92.0]","[0.0, 2.0, 20.0, 41.0, 44.5, 46.0, 51.0, 52.0, 77.0, 91.7]","[1.0, 3.0, 2.5, 2.0, 4.0, 1.5, 3.0, 2.0, 1.0, 3.0]","[4, 4, 4, 4, 3, 4, 4, 4, 4, 6]","[9, 3, 4, 4, 4, 4, 4, 4, 3, 7]","[1.0, 0.5, 1.0, 1.0, 0.5, 1.0, 0.5, 0.5, 0.25, 1.0]","[2.0, 1.75, 2.0, 2.0, 1.0, 1.75, 1.0, 1.0, 0.75, 4.0]","[0, 0, 0, 0, 0, 0, 0, 0, 0, 1]",2007-12-27 12:00,32.0,6,3.0,51.0,3.0,1.0,439.4377420686678,"[250.0, 204.0, 157.3775, 178.0625]","[(250.0, 10.0), (204.0, 250.0), (157.3775, 147.00000000000003), (178.0625, 2.9999999999999716)]",3.0,1,4,"[1.0, 25.0, 14.700000000000003, 0.29999999999999716]","[250.0, 204.0, 157.3775, 178.0625]"
16170,"[17.0, 6.0, 7.0, 18.9, 0.10000000000000142]","[210.0, 171.0, 158.0, 278.73334707923954, 140.0]",1,6.0,"[7.0, 18.9, 0.10000000000000142]","[17.0, 23.0, 30.0, 48.9, 49.0]","[0.0, 17.0, 23.0, 30.0, 48.9]","[1.0, 1.0, 1.0, 4.0, 1.0]","[5, 4, 4, 3, 6]","[5, 5, 4, 4, 6]","[1.5, 1.0, 0.5, 0.25, 1.0]","[4.0, 2.0, 1.25, 0.5, 1.0]","[0, 0, 0, 0, 0]",2007-12-28 09:00,37.0,4,1.0,23.0,2.0,1.0,131.83132262060033,"[158.0, 278.73334707923954, 140.0]","[(158.0, 70.0), (278.73334707923954, 189.0), (140.0, 1.0000000000000142)]",2.0,1,3,"[7.0, 18.9, 0.10000000000000142]","[158.0, 278.73334707923954, 140.0]"
17410,"[6.0, 24.0, 24.0, 19.0, 12.0, 5.0, 17.0, 13.0, 17.30000000000001, 0.5, 0.19999999999998863, 2.5, 0.5, 6.0, 13.0, 4.0]","[196.75, 259.0, 236.5313065143528, 217.0, 174.25, 214.05538713582197, 196.75, 181.0, 158.0, 158.0, 270.1875, 141.8825, 292.25, 149.3118667919715, 114.6275, 164.80269941693467]",9,0.5,"[0.19999999999998863, 2.5, 0.5, 6.0, 13.0, 4.0]","[6.0, 30.0, 54.0, 73.0, 85.0, 90.0, 107.0, 120.0, 137.3, 137.8, 138.0, 140.5, 141.0, 147.0, 160.0, 164.0]","[0.0, 6.0, 30.0, 54.0, 73.0, 85.0, 90.0, 107.0, 120.0, 137.3, 137.8, 138.0, 140.5, 141.0, 147.0, 160.0]","[2.0, 4.0, 3.5, 3.0, 1.5, 3.0, 2.0, 1.5, 1.0, 1.0, 2.0, 1.0, 2.5, 1.5, 1.0, 2.0]","[7, 9, 9, 9, 4, 3, 4, 4, 4, 4, 7, 3, 7, 3, 2, 3]","[5, 9, 3, 9, 9, 4, 9, 4, 4, 4, 4, 2, 7, 2, 3, 0]","[1.5, 0.5, 0.75, 0.75, 0.75, 0.5, 0.75, 0.75, 0.75, 0.75, 0.5, 0.5, 0.5, 0.25, 0.5, 0.5]","[3.0, 1.0, 0.75, 1.0, 1.5, 0.75, 1.0, 1.0, 1.0, 1.5, 1.0, 1.0, 0.5, 0.75, 1.0, 1.0]","[0, 0, 0, 0, 0, 0, 0, 0, 0, 0, 1, 0, 1, 0, 0, 0]",2008-01-08 14:00,33.0,2,1.0,137.8,1.0,3.0,80.0,"[270.1875, 141.8825, 292.25, 149.3118667919715, 114.6275, 164.80269941693467]","[(270.1875, 1.9999999999998863), (141.8825, 25.0), (292.25, 5.0), (149.3118667919715, 60.0), (114.6275, 130.0), (164.80269941693467, 40.0)]",1.0,1,6,"[0.19999999999998863, 2.5, 0.5, 6.0, 13.0, 4.0]","[270.1875, 141.8825, 292.25, 149.3118667919715, 114.6275, 164.80269941693467]"
18171,"[14.0, 6.0, 8.3, 0.6999999999999993, 15.0, 1.0, 6.0, 3.0, 5.0, 5.0, 6.0, 13.599999999999994, 0.4000000000000057]","[151.75, 171.125, 171.0, 270.1875, 151.75, 158.0, 158.0, 167.40359922257957, 141.8825, 149.3118667919715, 141.8825, 141.8825, 159.41582238929536]",6,6.0,"[3.0, 5.0, 5.0, 6.0, 13.599999999999994, 0.4000000000000057]","[14.0, 20.0, 28.3, 29.0, 44.0, 45.0, 51.0, 54.0, 59.0, 64.0, 70.0, 83.6, 84.0]","[0.0, 14.0, 20.0, 28.3, 29.0, 44.0, 45.0, 51.0, 54.0, 59.0, 64.0, 70.0, 83.6]","[1.0, 1.5, 1.0, 2.0, 1.0, 1.0, 1.0, 2.0, 1.0, 1.5, 1.0, 1.0, 1.5]","[4, 9, 4, 7, 4, 4, 4, 3, 3, 3, 3, 3, 3]","[9, 5, 5, 4, 9, 4, 4, 3, 2, 2, 2, 2, 3]","[2.5, 2.0, 2.0, 1.0, 1.25, 1.0, 1.0, 0.5, 0.5, 0.5, 0.5, 0.5, 0.5]","[4.0, 4.0, 4.0, 2.0, 2.0, 2.5, 2.0, 0.5, 1.0, 0.75, 0.75, 1.0, 0.5]","[0, 0, 0, 1, 0, 0, 0, 0, 0, 0, 0, 0, 0]",2008-01-14 09:00,32.0,3,1.0,51.0,1.0,3.0,100.9123351677189,"[167.40359922257957, 141.8825, 149.3118667919715, 141.8825, 141.8825, 159.41582238929536]","[(167.40359922257957, 30.0), (141.8825, 50.0), (149.3118667919715, 50.0), (141.8825, 60.0), (141.8825, 135.99999999999994), (159.41582238929536, 4.000000000000057)]",1.0,1,6,"[3.0, 5.0, 5.0, 6.0, 13.599999999999994, 0.4000000000000057]","[167.40359922257957, 141.8825, 149.3118667919715, 141.8825, 141.8825, 159.41582238929536]"
19210,"[18.0, 37.0, 25.0, 15.5, 0.5, 4.0, 29.0, 6.0, 4.0, 10.0, 0.5, 1.5, 7.0, 4.0, 1.0, 12.0, 12.199999999999989, 0.8000000000000114, 5.0, 4.0]","[175.0, 233.59391954305838, 217.0, 175.0, 154.0, 238.0, 241.75, 174.25, 194.8508998056449, 158.0, 158.0, 175.60395559732385, 181.06998247500167, 141.8825, 154.1868667919715, 221.84391954305838, 141.8825, 140.0, 194.80538713582197, 105.75]",14,1.0,"[12.0, 12.199999999999989, 0.8000000000000114, 5.0, 4.0]","[18.0, 55.0, 80.0, 95.5, 96.0, 100.0, 129.0, 135.0, 139.0, 149.0, 149.5, 151.0, 158.0, 162.0, 163.0, 175.0, 187.2, 188.0, 193.0, 197.0]","[0.0, 18.0, 55.0, 80.0, 95.5, 96.0, 100.0, 129.0, 135.0, 139.0, 149.0, 149.5, 151.0, 158.0, 162.0, 163.0, 175.0, 187.2, 188.0, 193.0]","[2.0, 3.5, 3.0, 2.0, 1.5, 3.5, 3.0, 1.5, 2.0, 1.0, 1.0, 1.5, 2.5, 1.0, 1.5, 3.5, 1.0, 1.0, 3.0, 1.0]","[9, 3, 9, 9, 9, 9, 4, 4, 4, 4, 4, 4, 3, 3, 3, 3, 3, 6, 3, 2]","[9, 9, 9, 9, 9, 9, 9, 9, 3, 4, 4, 3, 3, 2, 0, 2, 2, 6, 2, 0]","[1.0, 0.5, 0.75, 0.75, 0.5, 0.5, 0.75, 0.75, 0.5, 0.75, 1.0, 0.5, 0.5, 0.5, 0.5, 0.5, 0.5, 2.0, 0.5, 0.5]","[1.5, 1.0, 1.0, 1.0, 1.5, 1.0, 1.0, 1.25, 1.0, 1.25, 1.5, 0.75, 0.5, 1.0, 2.0, 0.75, 1.0, 5.0, 0.75, 1.5]","[0, 0, 0, 0, 0, 0, 0, 0, 0, 0, 0, 0, 0, 0, 0, 0, 0, 0, 0, 0]",2008-01-17 10:00,32.0,5,1.0,163.0,2.0,3.0,197.7469839309005,"[221.84391954305838, 141.8825, 140.0, 194.80538713582197, 105.75]","[(221.84391954305838, 120.0), (141.8825, 121.99999999999989), (140.0, 8.000000000000114), (194.80538713582197, 50.0), (105.75, 40.0)]",2.0,1,5,"[12.0, 12.199999999999989, 0.8000000000000114, 5.0, 4.0]","[221.84391954305838, 141.8825, 140.0, 194.80538713582197, 105.75]"
19450,"[12.0, 8.0, 15.0, 8.0, 9.0, 1.0, 2.0, 4.0, 6.0, 4.5, 0.5]","[222.5, 249.25, 258.6875, 222.5, 171.0, 181.0, 214.05538713582197, 158.0, 192.55248685625125, 114.0, 109.25]",5,1.0,"[2.0, 4.0, 6.0, 4.5, 0.5]","[12.0, 20.0, 35.0, 43.0, 52.0, 53.0, 55.0, 59.0, 65.0, 69.5, 70.0]","[0.0, 12.0, 20.0, 35.0, 43.0, 52.0, 53.0, 55.0, 59.0, 65.0, 69.5]","[1.5, 3.0, 2.5, 1.5, 1.0, 1.5, 3.0, 1.0, 2.5, 1.5, 1.5]","[5, 5, 5, 5, 4, 4, 3, 4, 3, 2, 1]","[5, 9, 7, 5, 5, 4, 4, 4, 4, 1, 6]","[1.0, 2.0, 2.0, 2.0, 1.0, 1.0, 0.5, 1.0, 0.5, 1.0, 1.0]","[3.0, 3.0, 4.0, 4.0, 3.0, 2.0, 1.0, 1.5, 0.5, 2.0, 3.0]","[0, 0, 1, 0, 0, 0, 0, 0, 0, 0, 0]",2008-01-20 12:00,27.0,2,3.0,53.0,1.0,2.0,80.0,"[214.05538713582197, 158.0, 192.55248685625125, 114.0, 109.25]","[(214.05538713582197, 20.0), (158.0, 40.0), (192.55248685625125, 60.0), (114.0, 45.0), (109.25, 5.0)]",1.0,1,5,"[2.0, 4.0, 6.0, 4.5, 0.5]","[214.05538713582197, 158.0, 192.55248685625125, 114.0, 109.25]"
19670,"[28.0, 12.0, 18.0, 6.0, 4.5, 0.5, 19.0, 17.0, 6.0, 0.5, 1.0, 1.5, 6.0, 4.5, 0.5, 5.0, 7.0, 4.0]","[259.0, 238.0, 217.0, 196.75, 174.25, 152.25, 219.25, 181.0, 158.0, 197.0, 215.51749561875042, 157.3775, 149.3118667919715, 141.8825, 264.45499561875044, 141.8825, 167.40359922257957, 86.0]",9,0.5,"[1.0, 1.5, 6.0, 4.5, 0.5, 5.0, 7.0, 4.0]","[28.0, 40.0, 58.0, 64.0, 68.5, 69.0, 88.0, 105.0, 111.0, 111.5, 112.5, 114.0, 120.0, 124.5, 125.0, 130.0, 137.0, 141.0]","[0.0, 28.0, 40.0, 58.0, 64.0, 68.5, 69.0, 88.0, 105.0, 111.0, 111.5, 112.5, 114.0, 120.0, 124.5, 125.0, 130.0, 137.0]","[4.0, 3.5, 3.0, 2.0, 1.5, 1.0, 2.5, 1.5, 1.0, 1.0, 2.5, 1.0, 1.5, 1.0, 2.5, 1.0, 2.0, 1.0]","[9, 9, 9, 4, 4, 9, 4, 4, 4, 5, 4, 4, 3, 3, 7, 3, 3, 1]","[9, 9, 9, 9, 9, 5, 9, 4, 4, 4, 3, 3, 2, 2, 3, 2, 3, 2]","[0.5, 0.75, 0.75, 1.0, 1.0, 1.5, 0.75, 1.0, 1.0, 1.5, 0.5, 0.5, 0.5, 0.5, 0.5, 0.5, 0.25, 1.0]","[1.0, 1.0, 1.5, 1.5, 1.5, 2.5, 1.0, 1.5, 2.0, 3.0, 0.75, 1.0, 0.75, 1.0, 0.75, 1.0, 0.5, 2.0]","[0, 0, 0, 0, 0, 0, 0, 0, 0, 0, 0, 0, 0, 0, 1, 0, 0, 0]",2008-01-23 11:00,22.0,2,1.0,111.5,1.0,3.0,80.0,"[215.51749561875042, 157.3775, 149.3118667919715, 141.8825, 264.45499561875044, 141.8825, 167.40359922257957, 86.0]","[(215.51749561875042, 10.0), (157.3775, 15.0), (149.3118667919715, 60.0), (141.8825, 45.0), (264.45499561875044, 5.0), (141.8825, 50.0), (167.40359922257957, 70.0), (86.0, 40.0)]",1.0,1,8,"[1.0, 1.5, 6.0, 4.5, 0.5, 5.0, 7.0, 4.0]","[215.51749561875042, 157.3775, 149.3118667919715, 141.8825, 264.45499561875044, 141.8825, 167.40359922257957, 86.0]"
19810,"[5.0, 2.0, 3.0, 1.0, 24.0, 3.0, 5.5, 0.5]","[291.75, 210.0, 151.75, 158.0, 217.0, 156.1325, 156.1325, 224.61788713582197]",0,5.0,"[2.0, 3.0, 1.0, 24.0, 3.0, 5.5, 0.5]","[5.0, 7.0, 10.0, 11.0, 35.0, 38.0, 43.5, 44.0]","[0.0, 5.0, 7.0, 10.0, 11.0, 35.0, 38.0, 43.5]","[4.0, 1.0, 1.0, 1.0, 3.0, 1.0, 1.0, 3.0]","[5, 5, 4, 4, 9, 3, 3, 3]","[7, 5, 9, 4, 9, 4, 4, 7]","[2.0, 3.0, 1.5, 1.0, 0.75, 0.5, 0.75, 0.25]","[4.0, 5.0, 3.0, 3.0, 1.25, 0.75, 1.0, 0.5]","[0, 0, 0, 0, 0, 0, 0, 1]",2008-01-24 09:00,33.0,3,1.0,5.0,1.0,3.0,100.9123351677189,"[210.0, 151.75, 158.0, 217.0, 156.1325, 156.1325, 224.61788713582197]","[(210.0, 20.0), (151.75, 30.0), (158.0, 10.0), (217.0, 240.0), (156.1325, 30.0), (156.1325, 55.0), (224.61788713582197, 5.0)]",1.0,1,7,"[2.0, 3.0, 1.0, 24.0, 3.0, 5.5, 0.5]","[210.0, 151.75, 158.0, 217.0, 156.1325, 156.1325, 224.61788713582197]"
19850,"[8.0, 4.0, 1.0, 7.0, 5.0, 14.5, 0.5, 8.0, 8.0]","[210.0, 210.0, 239.9375, 210.0, 151.75, 155.35395559732385, 158.0, 214.05538713582197, 156.1325]",3,7.0,"[5.0, 14.5, 0.5, 8.0, 8.0]","[8.0, 12.0, 13.0, 20.0, 25.0, 39.5, 40.0, 48.0, 56.0]","[0.0, 8.0, 12.0, 13.0, 20.0, 25.0, 39.5, 40.0, 48.0]","[1.0, 1.0, 1.5, 1.0, 1.0, 1.5, 1.0, 3.0, 1.0]","[5, 5, 5, 5, 4, 9, 4, 3, 3]","[5, 5, 7, 5, 9, 3, 4, 4, 4]","[3.0, 3.0, 1.0, 3.0, 1.0, 0.5, 1.0, 0.25, 0.25]","[6.0, 6.0, 3.0, 5.0, 2.0, 1.5, 2.0, 0.75, 0.75]","[0, 0, 1, 0, 0, 0, 0, 0, 0]",2008-01-24 11:00,35.0,3,1.0,20.0,1.0,3.0,100.9123351677189,"[151.75, 155.35395559732385, 158.0, 214.05538713582197, 156.1325]","[(151.75, 50.0), (155.35395559732385, 145.0), (158.0, 5.0), (214.05538713582197, 80.0), (156.1325, 80.0)]",1.0,1,5,"[5.0, 14.5, 0.5, 8.0, 8.0]","[151.75, 155.35395559732385, 158.0, 214.05538713582197, 156.1325]"
19851,"[11.0, 13.0, 1.0, 6.0, 13.0, 1.0, 14.0, 1.0, 11.0, 3.0]","[210.0, 171.0, 205.375, 210.0, 171.0, 197.0, 156.1325, 164.8118667919715, 156.1325, 159.41582238929536]",5,1.0,"[14.0, 1.0, 11.0, 3.0]","[11.0, 24.0, 25.0, 31.0, 44.0, 45.0, 59.0, 60.0, 71.0, 74.0]","[0.0, 11.0, 24.0, 25.0, 31.0, 44.0, 45.0, 59.0, 60.0, 71.0]","[1.0, 1.0, 1.5, 1.0, 1.0, 1.0, 1.0, 1.5, 1.0, 1.5]","[5, 4, 5, 5, 4, 5, 3, 3, 3, 3]","[5, 5, 9, 5, 5, 4, 4, 4, 4, 3]","[4.0, 2.0, 2.0, 2.0, 1.5, 2.0, 0.25, 0.25, 0.5, 0.25]","[6.0, 4.0, 4.0, 4.0, 2.5, 3.0, 0.75, 0.75, 1.0, 0.5]","[0, 0, 0, 0, 0, 0, 0, 0, 0, 0]",2008-01-24 13:00,32.0,2,1.0,45.0,1.0,3.0,80.0,"[156.1325, 164.8118667919715, 156.1325, 159.41582238929536]","[(156.1325, 140.0), (164.8118667919715, 10.0), (156.1325, 110.0), (159.41582238929536, 30.0)]",1.0,1,4,"[14.0, 1.0, 11.0, 3.0]","[156.1325, 164.8118667919715, 156.1325, 159.41582238929536]"
19870,"[58.0, 45.0, 1.0, 31.0, 5.0]","[220.0625, 169.30269941693467, 151.75, 155.51, 146.6325]",2,1.0,"[31.0, 5.0]","[58.0, 103.0, 104.0, 135.0, 140.0]","[0.0, 58.0, 103.0, 104.0, 135.0]","[2.5, 2.0, 1.0, 1.0, 1.0]","[9, 3, 4, 3, 3]","[7, 9, 9, 3, 7]","[1.0, 0.5, 1.25, 0.25, 0.25]","[1.5, 1.0, 2.0, 0.5, 0.75]","[1, 0, 0, 0, 0]",2008-01-24 15:00,27.0,3,1.0,104.0,1.0,3.0,100.9123351677189,"[155.51, 146.6325]","[(155.51, 310.0), (146.6325, 50.0)]",1.0,1,2,"[31.0, 5.0]","[155.51, 146.6325]"
19990,"[1.0, 33.0, 2.0, 1.0, 14.0, 12.0, 1.0, 0.5, 0.5, 4.0, 3.0, 7.0, 13.0, 4.5, 0.5, 3.8000000000000114, 0.6999999999999886, 0.5]","[292.25, 205.80538713582197, 133.0, 292.25, 160.75, 133.0, 275.9375, 197.0, 298.9375, 158.0, 293.1875, 141.8825, 174.55248685625125, 141.8825, 167.40359922257957, 141.8825, 292.25, 141.8825]",9,4.0,"[3.0, 7.0, 13.0, 4.5, 0.5, 3.8000000000000114, 0.6999999999999886, 0.5]","[100.0, 133.0, 135.0, 136.0, 150.0, 162.0, 163.0, 163.5, 164.0, 168.0, 171.0, 178.0, 191.0, 195.5, 196.0, 199.8, 200.5, 201.0]","[99.0, 100.0, 133.0, 135.0, 136.0, 150.0, 162.0, 163.0, 163.5, 164.0, 168.0, 171.0, 178.0, 191.0, 195.5, 196.0, 199.8, 200.5]","[3.5, 3.0, 1.0, 3.0, 1.5, 1.0, 2.5, 1.0, 4.5, 1.0, 4.0, 1.0, 2.5, 1.0, 2.0, 1.0, 3.0, 1.0]","[7, 3, 9, 7, 9, 9, 7, 5, 7, 4, 7, 3, 3, 3, 3, 3, 7, 3]","[7, 9, 9, 7, 4, 9, 4, 4, 4, 4, 4, 2, 2, 2, 3, 2, 7, 2]","[1.0, 0.5, 1.0, 1.0, 0.75, 1.0, 1.0, 2.0, 1.5, 0.5, 1.0, 0.5, 0.5, 0.5, 0.5, 0.5, 0.5, 0.5]","[2.0, 0.75, 1.0, 2.0, 1.5, 1.5, 1.5, 3.0, 2.5, 1.0, 2.0, 0.75, 0.75, 0.75, 0.5, 1.0, 1.0, 1.0]","[1, 0, 0, 1, 0, 0, 1, 0, 1, 0, 1, 0, 0, 0, 0, 0, 1, 0]",2008-01-24 10:00,36.0,4,2.0,168.0,3.0,3.0,131.83132262060033,"[293.1875, 141.8825, 174.55248685625125, 141.8825, 167.40359922257957, 141.8825, 292.25, 141.8825]","[(293.1875, 30.0), (141.8825, 70.0), (174.55248685625125, 130.0), (141.8825, 45.0), (167.40359922257957, 5.0), (141.8825, 38.000000000000114), (292.25, 6.999999999999886), (141.8825, 5.0)]",3.0,1,8,"[3.0, 7.0, 13.0, 4.5, 0.5, 3.8000000000000114, 0.6999999999999886, 0.5]","[293.1875, 141.8825, 174.55248685625125, 141.8825, 167.40359922257957, 141.8825, 292.25, 141.8825]"
20030,"[20.0, 26.0, 14.0, 1.0, 1.5, 0.5, 8.0, 14.0, 3.5999999999999943, 0.4000000000000057, 1.7999999999999972, 0.20000000000000284]","[246.75, 225.25, 182.25, 275.9375, 158.0, 292.25, 141.8825, 167.40359922257957, 141.8825, 167.40359922257957, 114.6275, 140.0]",3,1.0,"[1.5, 0.5, 8.0, 14.0, 3.5999999999999943, 0.4000000000000057, 1.7999999999999972, 0.20000000000000284]","[20.0, 46.0, 60.0, 61.0, 62.5, 63.0, 71.0, 85.0, 88.6, 89.0, 90.8, 91.0]","[0.0, 20.0, 46.0, 60.0, 61.0, 62.5, 63.0, 71.0, 85.0, 88.6, 89.0, 90.8]","[3.5, 3.0, 2.0, 2.5, 1.0, 3.0, 1.0, 2.0, 1.0, 2.0, 1.0, 1.0]","[9, 9, 9, 7, 4, 7, 3, 3, 3, 3, 2, 6]","[4, 4, 4, 4, 4, 7, 2, 3, 2, 3, 3, 6]","[0.75, 0.75, 1.0, 1.0, 0.5, 0.5, 0.5, 0.25, 0.5, 0.25, 0.5, 1.0]","[1.5, 1.5, 2.0, 2.0, 1.0, 1.0, 0.75, 0.5, 1.0, 0.5, 1.0, 2.0]","[0, 0, 0, 1, 0, 1, 0, 0, 0, 0, 0, 0]",2008-01-24 11:00,30.0,3,2.0,61.0,2.0,3.0,100.9123351677189,"[158.0, 292.25, 141.8825, 167.40359922257957, 141.8825, 167.40359922257957, 114.6275, 140.0]","[(158.0, 15.0), (292.25, 5.0), (141.8825, 80.0), (167.40359922257957, 140.0), (141.8825, 35.99999999999994), (167.40359922257957, 4.000000000000057), (114.6275, 17.99999999999997), (140.0, 2.0000000000000284)]",2.0,1,8,"[1.5, 0.5, 8.0, 14.0, 3.5999999999999943, 0.4000000000000057, 1.7999999999999972, 0.20000000000000284]","[158.0, 292.25, 141.8825, 167.40359922257957, 141.8825, 167.40359922257957, 114.6275, 140.0]"
20070,"[10.0, 7.5, 1.5, 7.0, 6.5, 0.5, 1.5, 0.5, 6.0, 6.0, 8.899999999999999, 2.0, 0.10000000000000142]","[205.375, 190.0, 281.6875, 210.0, 190.0, 270.1875, 158.0, 292.25, 155.51, 167.40359922257957, 149.3118667919715, 114.6275, 140.0]",3,7.0,"[6.5, 0.5, 1.5, 0.5, 6.0, 6.0, 8.899999999999999, 2.0, 0.10000000000000142]","[10.0, 17.5, 19.0, 26.0, 32.5, 33.0, 34.5, 35.0, 41.0, 47.0, 55.9, 57.9, 58.0]","[0.0, 10.0, 17.5, 19.0, 26.0, 32.5, 33.0, 34.5, 35.0, 41.0, 47.0, 55.9, 57.9]","[1.5, 2.0, 3.0, 1.0, 2.0, 2.0, 1.0, 2.5, 1.0, 2.0, 1.5, 1.0, 1.0]","[5, 9, 7, 5, 9, 7, 4, 7, 3, 3, 3, 2, 6]","[9, 5, 4, 5, 5, 4, 4, 7, 3, 3, 2, 3, 6]","[2.5, 2.0, 1.5, 3.0, 2.0, 1.0, 0.75, 1.0, 0.25, 0.5, 0.5, 0.5, 1.0]","[4.0, 3.0, 2.5, 5.0, 3.0, 2.0, 1.5, 1.0, 0.5, 0.5, 0.75, 1.0, 1.0]","[0, 0, 1, 0, 0, 1, 0, 1, 0, 0, 0, 0, 0]",2008-01-24 12:00,32.0,5,2.0,26.0,3.0,3.0,197.7469839309005,"[190.0, 270.1875, 158.0, 292.25, 155.51, 167.40359922257957, 149.3118667919715, 114.6275, 140.0]","[(190.0, 65.0), (270.1875, 5.0), (158.0, 15.0), (292.25, 5.0), (155.51, 60.0), (167.40359922257957, 60.0), (149.3118667919715, 88.99999999999999), (114.6275, 20.0), (140.0, 1.0000000000000142)]",3.0,1,9,"[6.5, 0.5, 1.5, 0.5, 6.0, 6.0, 8.899999999999999, 2.0, 0.10000000000000142]","[190.0, 270.1875, 158.0, 292.25, 155.51, 167.40359922257957, 149.3118667919715, 114.6275, 140.0]"
20090,"[18.0, 12.0, 13.5, 1.5, 10.0, 2.0, 18.0, 14.5, 2.0, 1.0, 0.5, 5.0, 2.0, 3.0, 4.0, 12.0, 1.0, 1.0]","[175.0, 196.0, 152.25, 275.9375, 171.0, 275.9375, 175.0, 139.25, 270.1875, 173.75, 292.25, 158.0, 292.25, 167.40359922257957, 141.8825, 159.80269941693467, 141.8825, 115.25]",7,14.5,"[2.0, 1.0, 0.5, 5.0, 2.0, 3.0, 4.0, 12.0, 1.0, 1.0]","[18.0, 30.0, 43.5, 45.0, 55.0, 57.0, 75.0, 89.5, 91.5, 92.5, 93.0, 98.0, 100.0, 103.0, 107.0, 119.0, 120.0, 121.0]","[0.0, 18.0, 30.0, 43.5, 45.0, 55.0, 57.0, 75.0, 89.5, 91.5, 92.5, 93.0, 98.0, 100.0, 103.0, 107.0, 119.0, 120.0]","[2.0, 2.5, 1.0, 2.5, 1.0, 2.5, 2.0, 1.0, 2.0, 1.5, 4.5, 1.0, 4.0, 2.0, 1.0, 2.0, 1.0, 1.0]","[9, 9, 9, 7, 4, 7, 9, 9, 7, 4, 7, 4, 7, 3, 3, 3, 3, 7]","[9, 9, 5, 4, 5, 4, 9, 4, 4, 7, 7, 4, 7, 3, 2, 2, 2, 2]","[1.0, 1.0, 1.5, 1.0, 1.5, 1.0, 1.0, 1.0, 1.0, 1.0, 1.0, 0.5, 0.5, 0.25, 0.25, 0.5, 0.5, 1.0]","[1.5, 2.0, 2.5, 2.0, 2.5, 2.0, 1.5, 2.0, 2.0, 2.0, 2.0, 1.0, 1.0, 0.5, 0.75, 0.75, 1.0, 1.0]","[0, 0, 0, 1, 0, 1, 0, 0, 1, 0, 1, 0, 1, 0, 0, 0, 0, 0]",2008-01-24 13:00,29.0,3,2.0,89.5,2.0,3.0,100.9123351677189,"[270.1875, 173.75, 292.25, 158.0, 292.25, 167.40359922257957, 141.8825, 159.80269941693467, 141.8825, 115.25]","[(270.1875, 20.0), (173.75, 10.0), (292.25, 5.0), (158.0, 50.0), (292.25, 20.0), (167.40359922257957, 30.0), (141.8825, 40.0), (159.80269941693467, 120.0), (141.8825, 10.0), (115.25, 10.0)]",2.0,1,10,"[2.0, 1.0, 0.5, 5.0, 2.0, 3.0, 4.0, 12.0, 1.0, 1.0]","[270.1875, 173.75, 292.25, 158.0, 292.25, 167.40359922257957, 141.8825, 159.80269941693467, 141.8825, 115.25]"
20092,"[26.0, 2.0, 12.0, 13.0, 6.5, 0.5, 3.5, 2.5, 24.0, 4.0, 4.0, 3.0]","[262.78130651435276, 196.75, 241.75, 174.25, 151.75, 292.25, 174.25, 292.25, 167.40359922257957, 141.8825, 159.41582238929536, 101.0]",7,2.5,"[24.0, 4.0, 4.0, 3.0]","[116.0, 118.0, 130.0, 143.0, 149.5, 150.0, 153.5, 156.0, 180.0, 184.0, 188.0, 191.0]","[90.0, 116.0, 118.0, 130.0, 143.0, 149.5, 150.0, 153.5, 156.0, 180.0, 184.0, 188.0]","[3.5, 2.0, 3.0, 1.5, 1.0, 5.0, 1.5, 4.5, 2.0, 1.0, 1.5, 1.0]","[4, 4, 4, 4, 4, 7, 4, 7, 3, 3, 3, 2]","[3, 9, 9, 9, 9, 7, 9, 7, 3, 2, 3, 2]","[0.5, 0.75, 0.75, 0.75, 1.0, 1.0, 1.0, 1.0, 0.25, 0.25, 0.5, 1.0]","[0.5, 1.0, 0.75, 1.0, 1.5, 1.0, 1.5, 1.0, 0.25, 0.5, 0.5, 1.0]","[0, 0, 0, 0, 0, 1, 0, 1, 0, 0, 0, 0]",2008-01-24 10:00,36.0,5,2.0,156.0,3.0,2.3,197.7469839309005,"[167.40359922257957, 141.8825, 159.41582238929536, 101.0]","[(167.40359922257957, 240.0), (141.8825, 40.0), (159.41582238929536, 40.0), (101.0, 30.0)]",3.0,1,4,"[24.0, 4.0, 4.0, 3.0]","[167.40359922257957, 141.8825, 159.41582238929536, 101.0]"
20110,"[10.0, 25.0, 10.0, 15.0, 9.0, 11.0, 13.0, 22.0, 6.0, 7.0, 4.5, 1.3000000000000114, 0.19999999999998863, 2.0, 1.0, 9.0, 8.5, 0.5, 10.800000000000011, 0.19999999999998863]","[171.125, 196.0, 175.0, 154.0, 217.0, 152.25, 217.0, 151.75, 202.0738495144293, 167.40359922257957, 202.0738495144293, 141.8825, 140.0, 202.0738495144293, 159.80269941693467, 202.0738495144293, 141.8825, 167.40359922257957, 141.8825, 140.0]",11,1.3000000000000114,"[0.19999999999998863, 2.0, 1.0, 9.0, 8.5, 0.5, 10.800000000000011, 0.19999999999998863]","[10.0, 35.0, 45.0, 60.0, 69.0, 80.0, 93.0, 115.0, 121.0, 128.0, 132.5, 133.8, 134.0, 136.0, 137.0, 146.0, 154.5, 155.0, 165.8, 166.0]","[0.0, 10.0, 35.0, 45.0, 60.0, 69.0, 80.0, 93.0, 115.0, 121.0, 128.0, 132.5, 133.8, 134.0, 136.0, 137.0, 146.0, 154.5, 155.0, 165.8]","[1.5, 2.5, 2.0, 1.5, 3.0, 1.0, 3.0, 1.0, 3.0, 2.0, 3.0, 1.0, 1.0, 3.0, 2.0, 3.0, 1.0, 2.0, 1.0, 1.0]","[9, 9, 9, 9, 9, 9, 9, 4, 3, 3, 3, 3, 6, 3, 3, 3, 3, 3, 3, 6]","[5, 9, 9, 9, 9, 5, 9, 9, 3, 3, 3, 2, 6, 3, 2, 3, 2, 3, 2, 6]","[1.5, 0.75, 1.0, 1.0, 1.0, 1.5, 1.0, 1.0, 0.5, 0.5, 0.5, 0.5, 3.0, 0.5, 0.5, 0.5, 0.5, 0.5, 0.5, 1.0]","[2.5, 1.5, 1.5, 2.0, 1.5, 2.5, 1.0, 2.0, 0.5, 0.5, 0.5, 1.0, 5.0, 0.5, 0.75, 0.5, 1.0, 0.5, 0.75, 1.0]","[0, 0, 0, 0, 0, 0, 0, 0, 0, 0, 0, 0, 0, 0, 0, 0, 0, 0, 0, 0]",2008-01-24 15:00,34.0,4,1.0,133.8,2.0,3.0,131.83132262060033,"[140.0, 202.0738495144293, 159.80269941693467, 202.0738495144293, 141.8825, 167.40359922257957, 141.8825, 140.0]","[(140.0, 1.9999999999998863), (202.0738495144293, 20.0), (159.80269941693467, 10.0), (202.0738495144293, 90.0), (141.8825, 85.0), (167.40359922257957, 5.0), (141.8825, 108.00000000000011), (140.0, 1.9999999999998863)]",2.0,1,8,"[0.19999999999998863, 2.0, 1.0, 9.0, 8.5, 0.5, 10.800000000000011, 0.19999999999998863]","[140.0, 202.0738495144293, 159.80269941693467, 202.0738495144293, 141.8825, 167.40359922257957, 141.8825, 140.0]"
20150,"[11.0, 26.0, 23.0, 6.0, 2.0, 15.0, 9.0, 12.0, 5.0, 7.5, 1.5, 3.0, 11.800000000000011, 0.19999999999998863, 0.9000000000000057, 0.09999999999999432]","[152.25, 217.0, 196.0, 182.25, 196.0, 160.75, 264.25, 151.75, 181.0, 158.0, 204.0, 158.0, 156.1325, 159.41582238929536, 96.0, 140.0]",5,15.0,"[9.0, 12.0, 5.0, 7.5, 1.5, 3.0, 11.800000000000011, 0.19999999999998863, 0.9000000000000057, 0.09999999999999432]","[11.0, 37.0, 60.0, 66.0, 68.0, 83.0, 92.0, 104.0, 109.0, 116.5, 118.0, 121.0, 132.8, 133.0, 133.9, 134.0]","[0.0, 11.0, 37.0, 60.0, 66.0, 68.0, 83.0, 92.0, 104.0, 109.0, 116.5, 118.0, 121.0, 132.8, 133.0, 133.9]","[1.0, 3.0, 2.5, 2.0, 2.5, 1.5, 3.5, 1.0, 1.5, 1.0, 2.0, 1.0, 1.0, 1.5, 1.0, 1.0]","[9, 9, 9, 9, 9, 9, 4, 4, 4, 4, 4, 4, 3, 3, 2, 6]","[5, 9, 9, 4, 9, 4, 9, 9, 4, 4, 4, 4, 4, 3, 1, 6]","[1.5, 0.75, 1.0, 1.0, 1.0, 1.0, 0.75, 1.0, 0.15, 1.0, 1.0, 1.0, 0.5, 0.5, 1.0, 1.0]","[3.0, 1.5, 1.5, 2.0, 1.5, 2.0, 1.0, 2.0, 1.5, 1.5, 2.0, 2.0, 1.0, 0.5, 2.0, 1.0]","[0, 0, 0, 0, 0, 0, 0, 0, 0, 0, 0, 0, 0, 0, 0, 0]",2008-01-24 16:00,34.0,6,3.0,83.0,3.0,3.0,439.4377420686678,"[264.25, 151.75, 181.0, 158.0, 204.0, 158.0, 156.1325, 159.41582238929536, 96.0, 140.0]","[(264.25, 90.0), (151.75, 120.0), (181.0, 50.0), (158.0, 75.0), (204.0, 15.0), (158.0, 30.0), (156.1325, 118.00000000000011), (159.41582238929536, 1.9999999999998863), (96.0, 9.000000000000057), (140.0, 0.9999999999999432)]",3.0,1,10,"[9.0, 12.0, 5.0, 7.5, 1.5, 3.0, 11.800000000000011, 0.19999999999998863, 0.9000000000000057, 0.09999999999999432]","[264.25, 151.75, 181.0, 158.0, 204.0, 158.0, 156.1325, 159.41582238929536, 96.0, 140.0]"
21072,"[20.0, 5.0, 15.0, 15.0, 13.0, 2.0, 16.0, 12.0, 12.0, 1.7999999999999972, 0.20000000000000284, 2.0, 2.0, 7.0, 3.0, 5.0, 0.4000000000000057, 1.5999999999999943, 3.5, 0.5, 1.0, 5.0, 6.0, 4.699999999999989, 0.30000000000001137, 4.5, 0.5]","[259.0, 217.0, 259.0, 238.0, 217.0, 182.25, 196.0, 175.0, 154.0, 152.25, 270.1875, 182.25, 203.75, 174.25, 219.25, 181.0, 134.75, 192.55248685625125, 165.5, 143.75, 159.80269941693467, 141.8825, 167.40359922257957, 155.51, 213.55538713582197, 86.0, 81.0]",9,1.7999999999999972,"[0.20000000000000284, 2.0, 2.0, 7.0, 3.0, 5.0, 0.4000000000000057, 1.5999999999999943, 3.5, 0.5, 1.0, 5.0, 6.0, 4.699999999999989, 0.30000000000001137, 4.5, 0.5]","[20.0, 25.0, 40.0, 55.0, 68.0, 70.0, 86.0, 98.0, 110.0, 111.8, 112.0, 114.0, 116.0, 123.0, 126.0, 131.0, 131.4, 133.0, 136.5, 137.0, 138.0, 143.0, 149.0, 153.7, 154.0, 158.5, 159.0]","[0.0, 20.0, 25.0, 40.0, 55.0, 68.0, 70.0, 86.0, 98.0, 110.0, 111.8, 112.0, 114.0, 116.0, 123.0, 126.0, 131.0, 131.4, 133.0, 136.5, 137.0, 138.0, 143.0, 149.0, 153.7, 154.0, 158.5]","[4.0, 3.0, 4.0, 3.5, 3.0, 2.0, 2.5, 2.0, 1.5, 1.0, 2.0, 2.0, 2.5, 1.5, 2.5, 1.5, 1.0, 2.5, 1.5, 1.0, 2.0, 1.0, 2.0, 1.0, 3.0, 1.0, 1.0]","[9, 9, 9, 9, 9, 9, 9, 9, 9, 9, 7, 9, 9, 4, 4, 4, 9, 3, 4, 4, 3, 3, 3, 3, 3, 1, 1]","[9, 9, 9, 9, 9, 4, 9, 9, 9, 5, 4, 4, 4, 9, 9, 4, 6, 4, 2, 2, 2, 2, 3, 3, 7, 2, 1]","[0.75, 1.0, 0.75, 1.0, 1.0, 1.0, 1.0, 1.0, 1.0, 1.5, 0.5, 0.75, 0.5, 0.75, 0.75, 1.0, 3.0, 0.5, 0.5, 1.0, 0.5, 0.5, 0.25, 0.5, 0.5, 1.0, 3.0]","[1.0, 1.5, 1.0, 1.0, 2.0, 2.0, 1.0, 1.5, 1.5, 2.5, 0.75, 1.5, 1.0, 1.0, 1.0, 1.0, 6.0, 0.75, 1.0, 2.0, 1.0, 1.0, 0.5, 0.5, 0.5, 2.0, 4.0]","[0, 0, 0, 0, 0, 0, 0, 0, 0, 0, 1, 0, 0, 0, 0, 0, 0, 0, 0, 0, 0, 0, 0, 0, 0, 0, 0]",2008-01-31 10:00,20.0,4,2.0,111.8,3.0,2.0,131.83132262060033,"[270.1875, 182.25, 203.75, 174.25, 219.25, 181.0, 134.75, 192.55248685625125, 165.5, 143.75, 159.80269941693467, 141.8825, 167.40359922257957, 155.51, 213.55538713582197, 86.0, 81.0]","[(270.1875, 2.0000000000000284), (182.25, 20.0), (203.75, 20.0), (174.25, 70.0), (219.25, 30.0), (181.0, 50.0), (134.75, 4.000000000000057), (192.55248685625125, 15.999999999999943), (165.5, 35.0), (143.75, 5.0), (159.80269941693467, 10.0), (141.8825, 50.0), (167.40359922257957, 60.0), (155.51, 46.999999999999886), (213.55538713582197, 3.0000000000001137), (86.0, 45.0), (81.0, 5.0)]",3.0,1,17,"[0.20000000000000284, 2.0, 2.0, 7.0, 3.0, 5.0, 0.4000000000000057, 1.5999999999999943, 3.5, 0.5, 1.0, 5.0, 6.0, 4.699999999999989, 0.30000000000001137, 4.5, 0.5]","[270.1875, 182.25, 203.75, 174.25, 219.25, 181.0, 134.75, 192.55248685625125, 165.5, 143.75, 159.80269941693467, 141.8825, 167.40359922257957, 155.51, 213.55538713582197, 86.0, 81.0]"
22370,"[40.0, 3.0, 9.0, 2.0, 4.0, 2.0, 7.0, 6.0, 3.0, 4.0, 1.0, 0.09999999999999432]","[158.0, 171.0, 196.75, 313.1875, 219.25, 292.25, 174.55248685625125, 141.8825, 181.06998247500167, 155.51, 236.51846237860732, 140.0]",5,2.0,"[7.0, 6.0, 3.0, 4.0, 1.0, 0.09999999999999432]","[40.0, 43.0, 52.0, 54.0, 58.0, 60.0, 67.0, 73.0, 76.0, 80.0, 81.0, 81.1]","[0.0, 40.0, 43.0, 52.0, 54.0, 58.0, 60.0, 67.0, 73.0, 76.0, 80.0, 81.0]","[1.0, 1.0, 2.0, 5.0, 2.5, 5.0, 2.5, 1.0, 2.5, 1.0, 3.0, 1.0]","[4, 4, 4, 7, 4, 7, 3, 3, 3, 3, 7, 6]","[4, 5, 9, 8, 9, 7, 2, 2, 3, 3, 3, 6]","[0.5, 1.0, 0.5, 0.25, 0.5, 1.0, 0.25, 0.25, 0.25, 0.25, 0.25, 0.5]","[2.0, 3.0, 1.25, 1.5, 1.0, 1.5, 0.75, 0.75, 0.25, 0.25, 1.0, 1.0]","[0, 0, 0, 1, 0, 1, 0, 0, 0, 0, 0, 0]",2008-02-12 11:00,33.0,5,2.0,60.0,3.0,1.7,197.7469839309005,"[174.55248685625125, 141.8825, 181.06998247500167, 155.51, 236.51846237860732, 140.0]","[(174.55248685625125, 70.0), (141.8825, 60.0), (181.06998247500167, 30.0), (155.51, 40.0), (236.51846237860732, 10.0), (140.0, 0.9999999999999432)]",3.0,1,6,"[7.0, 6.0, 3.0, 4.0, 1.0, 0.09999999999999432]","[174.55248685625125, 141.8825, 181.06998247500167, 155.51, 236.51846237860732, 140.0]"
22390,"[28.0, 14.0, 24.0, 16.0, 8.0, 5.0, 5.0, 3.0, 6.0, 6.0, 19.80000000000001, 0.19999999999998863]","[259.0, 225.25, 238.0, 204.0, 158.0, 236.5313065143528, 174.25, 205.80538713582197, 157.3775, 159.41582238929536, 141.8825, 151.6325]",4,8.0,"[5.0, 5.0, 3.0, 6.0, 6.0, 19.80000000000001, 0.19999999999998863]","[28.0, 42.0, 66.0, 82.0, 90.0, 95.0, 100.0, 103.0, 109.0, 115.0, 134.8, 135.0]","[0.0, 28.0, 42.0, 66.0, 82.0, 90.0, 95.0, 100.0, 103.0, 109.0, 115.0, 134.8]","[4.0, 3.0, 3.5, 2.0, 1.0, 3.5, 1.5, 3.0, 1.0, 1.5, 1.0, 1.0]","[9, 9, 9, 4, 4, 9, 4, 3, 4, 3, 3, 3]","[9, 4, 9, 4, 4, 3, 9, 9, 3, 3, 2, 6]","[0.5, 1.0, 0.5, 1.0, 1.0, 0.25, 0.5, 0.25, 0.25, 0.25, 0.25, 0.25]","[2.0, 2.5, 1.5, 2.5, 2.5, 1.0, 1.25, 1.0, 1.5, 0.5, 0.75, 1.0]","[0, 0, 0, 0, 0, 0, 0, 0, 0, 0, 0, 0]",2008-02-12 09:00,31.0,3,2.0,90.0,2.0,2.0,100.9123351677189,"[236.5313065143528, 174.25, 205.80538713582197, 157.3775, 159.41582238929536, 141.8825, 151.6325]","[(236.5313065143528, 50.0), (174.25, 50.0), (205.80538713582197, 30.0), (157.3775, 60.0), (159.41582238929536, 60.0), (141.8825, 198.0000000000001), (151.6325, 1.9999999999998863)]",2.0,1,7,"[5.0, 5.0, 3.0, 6.0, 6.0, 19.80000000000001, 0.19999999999998863]","[236.5313065143528, 174.25, 205.80538713582197, 157.3775, 159.41582238929536, 141.8825, 151.6325]"
22391,"[28.0, 10.0, 19.0, 24.799999999999997, 0.20000000000000284]","[210.0, 232.125, 197.0, 156.1325, 140.0]",2,19.0,"[24.799999999999997, 0.20000000000000284]","[28.0, 38.0, 57.0, 81.8, 82.0]","[0.0, 28.0, 38.0, 57.0, 81.8]","[1.0, 2.5, 1.0, 1.0, 1.0]","[5, 4, 5, 3, 6]","[5, 5, 4, 4, 6]","[3.0, 1.0, 1.0, 0.25, 0.5]","[6.0, 4.0, 4.0, 1.0, 1.0]","[0, 0, 0, 0, 0]",2008-02-12 15:00,42.0,4,1.0,57.0,2.0,1.7,131.83132262060033,"[156.1325, 140.0]","[(156.1325, 247.99999999999997), (140.0, 2.0000000000000284)]",2.0,1,2,"[24.799999999999997, 0.20000000000000284]","[156.1325, 140.0]"
22410,"[18.0, 2.0, 11.0, 25.0, 5.0, 10.0, 4.0, 8.0, 15.700000000000003, 0.29999999999999716]","[222.5, 235.0, 222.5, 210.0, 257.5, 210.0, 181.0, 204.0, 114.6275, 241.75]",3,25.0,"[5.0, 10.0, 4.0, 8.0, 15.700000000000003, 0.29999999999999716]","[18.0, 20.0, 31.0, 56.0, 61.0, 71.0, 75.0, 83.0, 98.7, 99.0]","[0.0, 18.0, 20.0, 31.0, 56.0, 61.0, 71.0, 75.0, 83.0, 98.7]","[1.5, 2.0, 1.5, 1.0, 3.0, 1.0, 1.5, 2.0, 1.0, 3.0]","[5, 5, 5, 5, 5, 5, 4, 4, 2, 4]","[5, 5, 5, 5, 4, 5, 4, 4, 3, 9]","[2.0, 2.0, 2.0, 1.0, 0.5, 2.0, 0.5, 0.5, 0.25, 0.5]","[3.0, 2.0, 2.0, 2.0, 1.5, 2.0, 0.75, 0.75, 0.5, 0.5]","[0, 0, 0, 0, 0, 0, 0, 0, 0, 0]",2008-02-12 09:00,30.0,5,1.0,56.0,2.0,2.0,197.7469839309005,"[257.5, 210.0, 181.0, 204.0, 114.6275, 241.75]","[(257.5, 50.0), (210.0, 100.0), (181.0, 40.0), (204.0, 80.0), (114.6275, 157.00000000000003), (241.75, 2.9999999999999716)]",2.0,1,6,"[5.0, 10.0, 4.0, 8.0, 15.700000000000003, 0.29999999999999716]","[257.5, 210.0, 181.0, 204.0, 114.6275, 241.75]"
22430,"[30.0, 23.0, 14.0, 1.0, 15.0, 9.5, 0.5, 20.0, 2.0, 2.0, 8.0, 4.0, 9.5, 0.5, 7.0, 2.5, 1.5]","[269.48334707923954, 217.0, 154.0, 275.9375, 196.0, 154.0, 275.9375, 139.25, 190.75, 281.6875, 133.0, 293.1875, 157.3775, 176.55269941693467, 156.1325, 281.6875, 293.1875]",8,2.0,"[2.0, 8.0, 4.0, 9.5, 0.5, 7.0, 2.5, 1.5]","[30.0, 53.0, 67.0, 68.0, 83.0, 92.5, 93.0, 113.0, 115.0, 117.0, 125.0, 129.0, 138.5, 139.0, 146.0, 148.5, 150.0]","[0.0, 30.0, 53.0, 67.0, 68.0, 83.0, 92.5, 93.0, 113.0, 115.0, 117.0, 125.0, 129.0, 138.5, 139.0, 146.0, 148.5]","[4.0, 3.0, 1.5, 2.5, 2.5, 1.5, 2.5, 1.0, 1.0, 3.0, 1.0, 4.0, 1.0, 2.0, 1.0, 3.0, 4.0]","[3, 9, 9, 7, 9, 9, 7, 9, 5, 7, 9, 7, 4, 3, 3, 7, 7]","[9, 9, 9, 4, 9, 9, 4, 4, 9, 4, 9, 4, 3, 4, 4, 4, 4]","[0.5, 1.0, 1.25, 1.0, 0.75, 0.75, 1.0, 1.0, 2.0, 1.5, 0.75, 1.0, 0.5, 0.5, 0.5, 0.75, 0.75]","[1.0, 1.5, 2.0, 2.0, 1.25, 1.5, 2.0, 2.0, 3.0, 2.5, 1.5, 2.0, 1.0, 0.5, 0.75, 1.5, 1.5]","[0, 0, 0, 1, 0, 0, 1, 0, 0, 1, 0, 1, 0, 0, 0, 1, 1]",2008-02-12 09:00,36.0,6,3.0,115.0,3.0,1.0,439.4377420686678,"[281.6875, 133.0, 293.1875, 157.3775, 176.55269941693467, 156.1325, 281.6875, 293.1875]","[(281.6875, 20.0), (133.0, 80.0), (293.1875, 40.0), (157.3775, 95.0), (176.55269941693467, 5.0), (156.1325, 70.0), (281.6875, 25.0), (293.1875, 15.0)]",3.0,1,8,"[2.0, 8.0, 4.0, 9.5, 0.5, 7.0, 2.5, 1.5]","[281.6875, 133.0, 293.1875, 157.3775, 176.55269941693467, 156.1325, 281.6875, 293.1875]"
22610,"[24.0, 9.0, 13.0, 6.0, 20.0, 20.0, 5.0, 2.5, 0.5, 2.0, 20.900000000000006, 0.09999999999999432]","[272.625, 217.0, 220.0, 217.0, 196.0, 210.0, 220.0, 197.0, 292.25, 167.40359922257957, 114.6275, 181.06998247500167]",5,20.0,"[5.0, 2.5, 0.5, 2.0, 20.900000000000006, 0.09999999999999432]","[24.0, 33.0, 46.0, 52.0, 72.0, 92.0, 97.0, 99.5, 100.0, 102.0, 122.9, 123.0]","[0.0, 24.0, 33.0, 46.0, 52.0, 72.0, 92.0, 97.0, 99.5, 100.0, 102.0, 122.9]","[3.5, 3.0, 2.0, 3.0, 2.5, 1.0, 2.0, 1.0, 3.5, 2.0, 1.0, 2.5]","[5, 9, 5, 9, 9, 5, 5, 5, 7, 3, 2, 3]","[4, 9, 9, 9, 9, 5, 9, 4, 7, 3, 3, 3]","[1.0, 1.0, 2.0, 0.5, 0.5, 2.0, 1.0, 1.0, 2.0, 0.25, 0.5, 0.25]","[2.0, 2.0, 2.0, 1.0, 1.5, 3.0, 2.0, 2.0, 2.0, 0.5, 1.5, 0.25]","[0, 0, 0, 0, 0, 0, 0, 0, 1, 0, 0, 0]",2008-02-12 11:00,38.0,6,3.0,92.0,3.0,2.0,439.4377420686678,"[220.0, 197.0, 292.25, 167.40359922257957, 114.6275, 181.06998247500167]","[(220.0, 50.0), (197.0, 25.0), (292.25, 5.0), (167.40359922257957, 20.0), (114.6275, 209.00000000000006), (181.06998247500167, 0.9999999999999432)]",3.0,1,6,"[5.0, 2.5, 0.5, 2.0, 20.900000000000006, 0.09999999999999432]","[220.0, 197.0, 292.25, 167.40359922257957, 114.6275, 181.06998247500167]"
22630,"[12.0, 5.0, 1.0, 21.0, 2.0, 17.0, 3.0, 9.0, 27.0, 2.1999999999999886, 0.8000000000000114]","[217.0, 175.0, 440.0, 215.51749561875042, 292.25, 202.0738495144293, 292.25, 194.80538713582197, 167.40359922257957, 292.25, 140.0]",5,17.0,"[3.0, 9.0, 27.0, 2.1999999999999886, 0.8000000000000114]","[102.0, 107.0, 108.0, 129.0, 131.0, 148.0, 151.0, 160.0, 187.0, 189.2, 190.0]","[90.0, 102.0, 107.0, 108.0, 129.0, 131.0, 148.0, 151.0, 160.0, 187.0, 189.2]","[3.0, 2.0, 6.0, 2.5, 3.5, 3.0, 4.0, 3.0, 2.0, 3.0, 1.0]","[9, 9, 8, 4, 7, 3, 7, 3, 3, 7, 6]","[9, 9, 8, 3, 7, 3, 7, 2, 3, 7, 6]","[1.0, 1.0, nan, 0.25, 1.0, 0.5, 1.0, 0.25, 0.25, 0.5, 1.0]","[1.0, 1.5, nan, 1.0, 1.0, 0.5, 1.0, 1.0, 0.5, 1.0, 1.0]","[0, 0, 0, 0, 1, 0, 1, 0, 0, 1, 0]",2008-02-12 11:00,35.0,6,3.0,148.0,3.0,2.0,439.4377420686678,"[292.25, 194.80538713582197, 167.40359922257957, 292.25, 140.0]","[(292.25, 30.0), (194.80538713582197, 90.0), (167.40359922257957, 270.0), (292.25, 21.999999999999886), (140.0, 8.000000000000114)]",3.0,1,5,"[3.0, 9.0, 27.0, 2.1999999999999886, 0.8000000000000114]","[292.25, 194.80538713582197, 167.40359922257957, 292.25, 140.0]"
22650,"[32.0, 17.0, 2.0, 14.0, 11.0, 14.0, 1.0, 5.5, 0.5, 9.0, 6.0, 8.0, 6.799999999999997, 0.20000000000000284]","[152.0, 246.75, 196.0, 246.75, 203.75, 204.0, 171.0, 182.25, 440.0, 182.25, 292.25, 141.8825, 292.25, 140.0]",7,5.5,"[0.5, 9.0, 6.0, 8.0, 6.799999999999997, 0.20000000000000284]","[32.0, 49.0, 51.0, 65.0, 76.0, 90.0, 91.0, 96.5, 97.0, 106.0, 112.0, 120.0, 126.8, 127.0]","[0.0, 32.0, 49.0, 51.0, 65.0, 76.0, 90.0, 91.0, 96.5, 97.0, 106.0, 112.0, 120.0, 126.8]","[1.5, 3.5, 2.5, 3.5, 2.5, 2.0, 1.0, 2.0, 6.0, 2.0, 4.0, 1.0, 3.0, 1.0]","[7, 9, 9, 9, 9, 4, 4, 9, 8, 9, 7, 3, 7, 6]","[7, 4, 9, 4, 4, 4, 5, 4, 8, 4, 7, 2, 7, 6]","[0.5, 0.75, 1.0, 0.75, 0.75, 0.75, 1.0, 1.0, nan, 1.0, 0.5, 0.25, 1.0, 1.0]","[0.75, 1.25, 2.0, 1.0, 1.0, 1.0, 3.0, 1.5, nan, 1.0, 1.5, 1.0, 1.5, 1.0]","[0, 0, 0, 0, 0, 0, 0, 0, 0, 0, 1, 0, 1, 0]",2008-02-12 14:00,35.0,6,3.0,96.5,3.0,2.0,439.4377420686678,"[440.0, 182.25, 292.25, 141.8825, 292.25, 140.0]","[(440.0, 5.0), (182.25, 90.0), (292.25, 60.0), (141.8825, 80.0), (292.25, 67.99999999999997), (140.0, 2.0000000000000284)]",3.0,1,6,"[0.5, 9.0, 6.0, 8.0, 6.799999999999997, 0.20000000000000284]","[440.0, 182.25, 292.25, 141.8825, 292.25, 140.0]"
22691,"[20.0, 15.0, 12.0, 1.0, 5.0, 11.0, 1.0, 8.0, 2.0, 4.5, 0.5, 5.5, 1.5, 19.0, 2.0]","[238.0, 196.0, 154.0, 270.1875, 152.25, 154.0, 154.0, 152.25, 281.6875, 133.0, 275.9375, 151.75, 281.6875, 156.1325, 287.4375]",13,19.0,[2.0],"[20.0, 35.0, 47.0, 48.0, 53.0, 64.0, 65.0, 73.0, 75.0, 79.5, 80.0, 85.5, 87.0, 106.0, 108.0]","[0.0, 20.0, 35.0, 47.0, 48.0, 53.0, 64.0, 65.0, 73.0, 75.0, 79.5, 80.0, 85.5, 87.0, 106.0]","[3.5, 2.5, 1.5, 2.0, 1.0, 1.5, 1.5, 1.0, 3.0, 1.0, 2.5, 1.0, 3.0, 1.0, 3.5]","[9, 9, 9, 7, 9, 9, 9, 9, 7, 9, 7, 4, 7, 3, 7]","[9, 9, 9, 4, 5, 9, 9, 5, 4, 9, 4, 9, 4, 4, 4]","[0.75, 1.0, 1.5, 1.0, 1.5, 1.5, 1.0, 1.0, 1.0, 1.0, 0.75, 0.75, 1.0, 0.5, 0.5]","[1.5, 2.0, 2.5, 2.0, 3.0, 2.5, 2.0, 2.0, 2.0, 1.5, 1.0, 1.25, 1.5, 0.75, 1.0]","[0, 0, 0, 1, 0, 0, 0, 0, 1, 0, 1, 0, 1, 0, 1]",2008-02-12 11:00,35.0,3,2.0,106.0,2.0,1.0,100.9123351677189,[287.4375],"[(287.4375, 20.0)]",2.0,1,1,[2.0],[287.4375]
22692,"[35.0, 20.0, 6.0, 13.0, 14.0, 9.0, 1.0, 8.0, 2.0, 5.0, 2.0, 15.0, 1.5, 0.5]","[238.0, 196.0, 152.25, 196.0, 154.0, 190.75, 287.4375, 151.75, 293.1875, 156.1325, 176.55269941693467, 143.75, 293.1875, 197.0]",8,2.0,"[5.0, 2.0, 15.0, 1.5, 0.5]","[35.0, 55.0, 61.0, 74.0, 88.0, 97.0, 98.0, 106.0, 108.0, 113.0, 115.0, 130.0, 131.5, 132.0]","[0.0, 35.0, 55.0, 61.0, 74.0, 88.0, 97.0, 98.0, 106.0, 108.0, 113.0, 115.0, 130.0, 131.5]","[3.5, 2.5, 1.0, 2.5, 1.5, 1.0, 3.5, 1.0, 4.0, 1.0, 2.0, 1.0, 4.0, 1.0]","[9, 9, 9, 9, 9, 5, 7, 4, 7, 3, 3, 4, 7, 5]","[9, 9, 5, 9, 9, 9, 4, 9, 4, 4, 4, 2, 4, 4]","[1.0, 1.0, 1.5, 0.75, 1.0, 2.0, 1.0, 0.75, 0.75, 0.5, 0.5, 0.5, 0.75, 1.0]","[2.0, 2.0, 3.0, 1.5, 2.0, 3.0, 2.0, 1.5, 1.5, 1.0, 0.75, 1.0, 1.25, 1.0]","[0, 0, 0, 0, 0, 0, 1, 0, 1, 0, 0, 0, 1, 0]",2008-02-12 12:00,35.0,4,2.0,108.0,3.0,1.0,131.83132262060033,"[156.1325, 176.55269941693467, 143.75, 293.1875, 197.0]","[(156.1325, 50.0), (176.55269941693467, 20.0), (143.75, 150.0), (293.1875, 15.0), (197.0, 5.0)]",3.0,1,5,"[5.0, 2.0, 15.0, 1.5, 0.5]","[156.1325, 176.55269941693467, 143.75, 293.1875, 197.0]"
22693,"[30.0, 22.0, 33.0, 24.0, 3.0, 1.0, 12.0, 4.0, 10.699999999999989, 0.30000000000001137, 9.0, 3.0]","[196.0, 133.0, 175.0, 133.0, 189.0, 275.9375, 133.0, 292.25, 159.41582238929536, 292.25, 141.8825, 292.25]",3,24.0,"[3.0, 1.0, 12.0, 4.0, 10.699999999999989, 0.30000000000001137, 9.0, 3.0]","[30.0, 52.0, 85.0, 109.0, 112.0, 113.0, 125.0, 129.0, 139.7, 140.0, 149.0, 152.0]","[0.0, 30.0, 52.0, 85.0, 109.0, 112.0, 113.0, 125.0, 129.0, 139.7, 140.0, 149.0]","[2.5, 1.0, 2.0, 1.0, 2.0, 2.5, 1.0, 4.0, 1.5, 2.5, 1.0, 2.5]","[9, 9, 9, 9, 7, 7, 9, 7, 3, 7, 3, 7]","[9, 9, 9, 9, 4, 4, 9, 7, 3, 7, 2, 7]","[0.75, 1.0, 0.75, 1.0, 1.0, 1.0, 0.75, 1.0, 0.5, 0.5, 0.5, 1.0]","[1.25, 2.0, 1.5, 1.5, 2.0, 2.0, 1.5, 1.5, 0.5, 1.0, 0.75, 2.0]","[0, 0, 0, 0, 0, 1, 0, 1, 0, 1, 0, 1]",2008-02-12 13:00,33.0,5,2.0,109.0,3.0,1.0,197.7469839309005,"[189.0, 275.9375, 133.0, 292.25, 159.41582238929536, 292.25, 141.8825, 292.25]","[(189.0, 30.0), (275.9375, 10.0), (133.0, 120.0), (292.25, 40.0), (159.41582238929536, 106.99999999999989), (292.25, 3.0000000000001137), (141.8825, 90.0), (292.25, 30.0)]",3.0,1,8,"[3.0, 1.0, 12.0, 4.0, 10.699999999999989, 0.30000000000001137, 9.0, 3.0]","[189.0, 275.9375, 133.0, 292.25, 159.41582238929536, 292.25, 141.8825, 292.25]"
22710,"[10.0, 10.0, 30.0, 13.0, 14.0, 2.0, 1.0, 5.0, 4.5, 1.5, 7.5, 1.5, 10.0, 12.0, 1.0]","[190.75, 238.0, 196.0, 175.0, 152.25, 190.75, 275.9375, 175.0, 133.0, 281.6875, 157.3775, 292.25, 149.3118667919715, 155.51, 275.9375]",5,2.0,"[1.0, 5.0, 4.5, 1.5, 7.5, 1.5, 10.0, 12.0, 1.0]","[10.0, 20.0, 50.0, 63.0, 77.0, 79.0, 80.0, 85.0, 89.5, 91.0, 98.5, 100.0, 110.0, 122.0, 123.0]","[0.0, 10.0, 20.0, 50.0, 63.0, 77.0, 79.0, 80.0, 85.0, 89.5, 91.0, 98.5, 100.0, 110.0, 122.0]","[1.0, 3.5, 2.5, 2.0, 1.0, 1.0, 2.5, 2.0, 1.0, 3.0, 1.0, 2.5, 1.5, 1.0, 2.5]","[5, 9, 9, 9, 9, 5, 7, 9, 9, 7, 4, 7, 3, 3, 7]","[9, 9, 9, 9, 5, 9, 4, 9, 9, 4, 3, 7, 2, 3, 4]","[2.0, 0.75, 1.5, 1.5, 1.5, 2.0, 1.0, 0.75, 0.75, 0.5, 0.5, 0.5, 0.5, 0.5, 0.5]","[4.0, 1.5, 2.5, 2.5, 2.5, 3.0, 1.5, 1.25, 1.5, 1.0, 1.0, 1.0, 1.0, 0.5, 1.0]","[0, 0, 0, 0, 0, 0, 1, 0, 0, 1, 0, 1, 0, 0, 1]",2008-02-12 14:00,28.0,4,2.0,79.0,3.0,1.0,131.83132262060033,"[275.9375, 175.0, 133.0, 281.6875, 157.3775, 292.25, 149.3118667919715, 155.51, 275.9375]","[(275.9375, 10.0), (175.0, 50.0), (133.0, 45.0), (281.6875, 15.0), (157.3775, 75.0), (292.25, 15.0), (149.3118667919715, 100.0), (155.51, 120.0), (275.9375, 10.0)]",3.0,1,9,"[1.0, 5.0, 4.5, 1.5, 7.5, 1.5, 10.0, 12.0, 1.0]","[275.9375, 175.0, 133.0, 281.6875, 157.3775, 292.25, 149.3118667919715, 155.51, 275.9375]"
22730,"[10.0, 10.0, 25.0, 25.0, 7.0, 8.0, 10.0, 21.0, 2.0, 2.0, 7.0, 9.0, 4.0, 5.0, 2.0, 15.0, 13.0]","[190.75, 238.0, 196.0, 175.0, 238.0, 133.0, 225.25, 174.25, 151.75, 192.55248685625125, 181.0, 214.05538713582197, 158.0, 214.05538713582197, 158.0, 214.05538713582197, 156.1325]",14,2.0,"[15.0, 13.0]","[10.0, 20.0, 45.0, 70.0, 77.0, 85.0, 95.0, 116.0, 118.0, 120.0, 127.0, 136.0, 140.0, 145.0, 147.0, 162.0, 175.0]","[0.0, 10.0, 20.0, 45.0, 70.0, 77.0, 85.0, 95.0, 116.0, 118.0, 120.0, 127.0, 136.0, 140.0, 145.0, 147.0, 162.0]","[1.0, 3.5, 2.5, 2.0, 3.5, 1.0, 3.0, 1.5, 1.0, 2.5, 1.5, 3.0, 1.0, 3.0, 1.0, 3.0, 1.0]","[5, 9, 9, 9, 9, 9, 9, 4, 4, 3, 4, 3, 4, 3, 4, 3, 3]","[9, 9, 9, 9, 9, 9, 4, 9, 9, 4, 4, 4, 4, 4, 4, 4, 4]","[2.5, 1.0, 1.0, 1.0, 1.0, 2.0, 0.75, 0.75, 1.0, 0.5, 0.75, 0.5, 0.5, 0.5, 0.75, 0.25, 0.75]","[4.0, 1.5, 1.5, 2.0, 1.5, 3.0, 1.5, 1.5, 2.0, 0.75, 1.0, 0.75, 1.0, 1.0, 1.5, 0.75, 0.75]","[0, 0, 0, 0, 0, 0, 0, 0, 0, 0, 0, 0, 0, 0, 0, 0, 0]",2008-02-12 15:00,33.0,3,2.0,147.0,2.0,1.0,100.9123351677189,"[214.05538713582197, 156.1325]","[(214.05538713582197, 150.0), (156.1325, 130.0)]",2.0,1,2,"[15.0, 13.0]","[214.05538713582197, 156.1325]"
22731,"[12.0, 13.0, 23.0, 12.0, 7.0, 30.0, 3.0, 4.0, 11.0, 4.0, 1.0, 20.0]","[190.75, 238.0, 217.0, 175.0, 152.25, 196.0, 139.25, 182.25, 197.0, 171.0, 167.40359922257957, 156.1325]",8,11.0,"[4.0, 1.0, 20.0]","[12.0, 25.0, 48.0, 60.0, 67.0, 97.0, 100.0, 104.0, 115.0, 119.0, 120.0, 140.0]","[0.0, 12.0, 25.0, 48.0, 60.0, 67.0, 97.0, 100.0, 104.0, 115.0, 119.0, 120.0]","[1.0, 3.5, 3.0, 2.0, 1.0, 2.5, 1.0, 2.0, 1.0, 1.0, 2.0, 1.0]","[5, 9, 9, 9, 9, 9, 9, 9, 5, 4, 3, 3]","[9, 9, 9, 9, 5, 9, 4, 4, 4, 5, 3, 4]","[2.0, 0.75, 1.0, 1.0, 1.25, 0.75, 1.0, 1.0, 1.5, 1.0, 0.5, 0.5]","[4.0, 1.5, 1.5, 2.0, 3.0, 1.5, 2.0, 1.0, 3.0, 2.0, 0.5, 0.75]","[0, 0, 0, 0, 0, 0, 0, 0, 0, 0, 0, 0]",2008-02-12 16:00,33.0,4,2.0,115.0,3.0,1.3,131.83132262060033,"[171.0, 167.40359922257957, 156.1325]","[(171.0, 40.0), (167.40359922257957, 10.0), (156.1325, 200.0)]",3.0,1,3,"[4.0, 1.0, 20.0]","[171.0, 167.40359922257957, 156.1325]"
22870,"[35.0, 10.0, 19.0, 2.0, 1.0, 14.0, 5.0, 6.0, 7.0, 8.0, 16.900000000000006, 0.09999999999999432]","[210.0, 272.875, 210.0, 211.75, 227.0, 204.0, 202.0738495144293, 159.41582238929536, 272.9777961056527, 181.06998247500167, 141.8825, 159.41582238929536]",8,7.0,"[8.0, 16.900000000000006, 0.09999999999999432]","[35.0, 45.0, 64.0, 66.0, 67.0, 81.0, 86.0, 92.0, 99.0, 107.0, 123.9, 124.0]","[0.0, 35.0, 45.0, 64.0, 66.0, 67.0, 81.0, 86.0, 92.0, 99.0, 107.0, 123.9]","[1.0, 3.5, 1.0, 2.0, 2.5, 2.0, 3.0, 1.5, 4.0, 2.5, 1.0, 1.5]","[5, 4, 5, 4, 4, 4, 3, 3, 3, 3, 3, 3]","[5, 5, 5, 5, 4, 4, 3, 3, 3, 3, 2, 3]","[2.0, 1.0, 2.0, 1.0, 0.5, 0.5, 0.5, 0.5, 0.25, 0.25, 0.25, 0.25]","[3.0, 2.0, 2.0, 1.5, 1.0, 1.5, 0.5, 0.5, 0.25, 0.5, 1.0, 0.25]","[0, 0, 0, 0, 0, 0, 0, 0, 0, 0, 0, 0]",2008-02-12 15:00,34.0,4,2.0,99.0,3.0,2.0,131.83132262060033,"[181.06998247500167, 141.8825, 159.41582238929536]","[(181.06998247500167, 80.0), (141.8825, 169.00000000000006), (159.41582238929536, 0.9999999999999432)]",3.0,1,3,"[8.0, 16.900000000000006, 0.09999999999999432]","[181.06998247500167, 141.8825, 159.41582238929536]"
22890,"[46.8, 0.20000000000000284, 17.0, 23.0, 4.0, 6.0, 8.0]","[232.125, 292.25, 204.0, 197.0, 204.0, 167.40359922257957, 141.8825]",4,4.0,"[6.0, 8.0]","[46.8, 47.0, 64.0, 87.0, 91.0, 97.0, 105.0]","[0.0, 46.8, 47.0, 64.0, 87.0, 91.0, 97.0]","[2.5, 3.5, 2.0, 1.0, 2.0, 2.0, 1.0]","[4, 7, 4, 5, 4, 3, 3]","[5, 7, 4, 4, 4, 3, 2]","[1.0, 2.0, 1.0, 1.5, 0.5, 0.25, 0.25]","[2.0, 2.0, 2.0, 2.5, 1.0, 0.5, 0.5]","[0, 1, 0, 0, 0, 0, 0]",2008-02-12 17:00,40.0,4,3.0,91.0,3.0,2.0,131.83132262060033,"[167.40359922257957, 141.8825]","[(167.40359922257957, 60.0), (141.8825, 80.0)]",3.0,1,2,"[6.0, 8.0]","[167.40359922257957, 141.8825]"
23510,"[10.0, 10.0, 10.0, 25.0, 12.0, 5.0, 23.0, 20.0, 2.0, 1.0, 5.0, 6.0, 0.5, 1.5, 10.5, 2.5, 1.0, 6.0, 5.699999999999989, 0.30000000000001137, 10.5, 0.5, 13.0]","[190.0, 217.0, 259.0, 238.0, 217.0, 154.0, 217.0, 175.0, 151.75, 151.75, 203.75, 174.25, 151.75, 219.25, 174.25, 174.25, 158.0, 164.8118667919715, 167.40359922257957, 270.1875, 157.3775, 120.0, 143.75]",9,1.0,"[5.0, 6.0, 0.5, 1.5, 10.5, 2.5, 1.0, 6.0, 5.699999999999989, 0.30000000000001137, 10.5, 0.5, 13.0]","[10.0, 20.0, 30.0, 55.0, 67.0, 72.0, 95.0, 115.0, 117.0, 118.0, 123.0, 129.0, 129.5, 131.0, 141.5, 144.0, 145.0, 151.0, 156.7, 157.0, 167.5, 168.0, 181.0]","[0.0, 10.0, 20.0, 30.0, 55.0, 67.0, 72.0, 95.0, 115.0, 117.0, 118.0, 123.0, 129.0, 129.5, 131.0, 141.5, 144.0, 145.0, 151.0, 156.7, 157.0, 167.5, 168.0]","[2.0, 3.0, 4.0, 3.5, 3.0, 1.5, 3.0, 2.0, 1.0, 1.0, 2.5, 1.5, 1.0, 2.5, 1.5, 1.5, 1.0, 1.5, 2.0, 2.0, 1.0, 1.0, 1.0]","[9, 9, 9, 9, 9, 9, 9, 9, 4, 4, 9, 4, 4, 4, 4, 4, 4, 3, 3, 7, 4, 0, 4]","[5, 9, 9, 9, 9, 9, 9, 9, 9, 9, 4, 9, 9, 9, 9, 9, 4, 4, 3, 4, 3, 0, 2]","[2.0, 1.0, 0.75, 0.75, 0.75, 1.0, 0.75, 1.0, 1.0, 1.5, 0.75, 0.75, 1.0, 0.75, 0.75, 0.75, 1.0, 0.5, 0.5, 0.5, 0.5, 2.0, 0.5]","[3.0, 1.5, 1.0, 1.0, 1.5, 2.0, 1.5, 2.0, 2.0, 2.5, 1.5, 1.5, 2.0, 0.75, 1.5, 1.5, 2.0, 1.0, 0.5, 0.5, 1.0, 4.0, 1.0]","[0, 0, 0, 0, 0, 0, 0, 0, 0, 0, 0, 0, 0, 0, 0, 0, 0, 0, 0, 1, 0, 0, 0]",2008-02-15 10:00,32.0,6,3.0,118.0,3.0,1.0,439.4377420686678,"[203.75, 174.25, 151.75, 219.25, 174.25, 174.25, 158.0, 164.8118667919715, 167.40359922257957, 270.1875, 157.3775, 120.0, 143.75]","[(203.75, 50.0), (174.25, 60.0), (151.75, 5.0), (219.25, 15.0), (174.25, 105.0), (174.25, 25.0), (158.0, 10.0), (164.8118667919715, 60.0), (167.40359922257957, 56.999999999999886), (270.1875, 3.0000000000001137), (157.3775, 105.0), (120.0, 5.0), (143.75, 130.0)]",3.0,1,13,"[5.0, 6.0, 0.5, 1.5, 10.5, 2.5, 1.0, 6.0, 5.699999999999989, 0.30000000000001137, 10.5, 0.5, 13.0]","[203.75, 174.25, 151.75, 219.25, 174.25, 174.25, 158.0, 164.8118667919715, 167.40359922257957, 270.1875, 157.3775, 120.0, 143.75]"
24090,"[15.0, 31.0, 11.0, 5.0, 25.0, 3.0, 3.0, 8.0, 6.5, 1.0, 0.5, 4.0, 4.5, 1.5, 4.0, 3.0, 2.0, 2.0, 8.0, 1.0]","[217.0, 259.0, 196.0, 154.0, 238.0, 171.125, 196.0, 175.0, 152.25, 152.25, 196.0, 182.25, 151.75, 203.75, 139.25, 292.25, 139.25, 160.75, 181.0, 284.1875]",9,1.0,"[0.5, 4.0, 4.5, 1.5, 4.0, 3.0, 2.0, 2.0, 8.0, 1.0]","[15.0, 46.0, 57.0, 62.0, 87.0, 90.0, 93.0, 101.0, 107.5, 108.5, 109.0, 113.0, 117.5, 119.0, 123.0, 126.0, 128.0, 130.0, 138.0, 139.0]","[0.0, 15.0, 46.0, 57.0, 62.0, 87.0, 90.0, 93.0, 101.0, 107.5, 108.5, 109.0, 113.0, 117.5, 119.0, 123.0, 126.0, 128.0, 130.0, 138.0]","[3.0, 4.0, 2.5, 1.5, 3.5, 1.5, 2.5, 2.0, 1.0, 1.0, 2.5, 2.0, 1.0, 2.5, 1.0, 4.0, 1.0, 1.5, 1.5, 3.0]","[9, 9, 9, 9, 9, 9, 9, 9, 9, 9, 9, 9, 4, 9, 9, 7, 9, 9, 4, 7]","[9, 9, 9, 9, 9, 5, 9, 9, 5, 5, 9, 4, 9, 4, 4, 7, 4, 4, 4, 5]","[1.0, 1.0, 1.0, 1.0, 0.5, 1.5, 1.5, 1.0, 1.5, 2.0, 0.75, 0.75, 1.0, 0.5, 0.75, 1.0, 1.0, 0.5, 0.5, 1.0]","[1.5, 1.5, 2.0, 2.0, 1.0, 2.0, 2.0, 2.0, 2.5, 3.0, 1.0, 1.5, 2.0, 1.0, 1.5, 2.0, 2.0, 1.0, 1.0, 1.0]","[0, 0, 0, 0, 0, 0, 0, 0, 0, 0, 0, 0, 0, 0, 0, 1, 0, 0, 0, 1]",2008-02-19 11:00,23.0,3,2.0,108.5,2.0,1.0,100.9123351677189,"[196.0, 182.25, 151.75, 203.75, 139.25, 292.25, 139.25, 160.75, 181.0, 284.1875]","[(196.0, 5.0), (182.25, 40.0), (151.75, 45.0), (203.75, 15.0), (139.25, 40.0), (292.25, 30.0), (139.25, 20.0), (160.75, 20.0), (181.0, 80.0), (284.1875, 10.0)]",2.0,1,10,"[0.5, 4.0, 4.5, 1.5, 4.0, 3.0, 2.0, 2.0, 8.0, 1.0]","[196.0, 182.25, 151.75, 203.75, 139.25, 292.25, 139.25, 160.75, 181.0, 284.1875]"
25590,"[7.0, 34.0, 1.0, 6.0, 5.0, 1.0, 4.0, 2.0, 3.0, 6.0, 1.0]","[249.25, 210.0, 440.0, 232.125, 211.75, 287.4375, 204.0, 147.0, 236.0, 81.0, 114.10395559732385]",1,34.0,"[1.0, 6.0, 5.0, 1.0, 4.0, 2.0, 3.0, 6.0, 1.0]","[7.0, 41.0, 42.0, 48.0, 53.0, 54.0, 58.0, 60.0, 63.0, 69.0, 70.0]","[0.0, 7.0, 41.0, 42.0, 48.0, 53.0, 54.0, 58.0, 60.0, 63.0, 69.0]","[3.0, 1.0, 6.0, 2.5, 2.0, 3.5, 2.0, 2.0, 3.0, 1.0, 1.5]","[5, 5, 8, 4, 4, 7, 4, 0, 4, 1, 1]","[9, 5, 8, 5, 5, 4, 4, 1, 0, 1, 3]","[2.0, 2.0, nan, 1.0, 1.0, 1.0, 1.0, 1.5, 1.0, 1.0, 0.5]","[5.0, 4.0, nan, 2.0, 3.0, 2.0, 1.0, 2.0, 2.0, 2.0, 1.0]","[0, 0, 0, 0, 0, 1, 0, 0, 1, 0, 0]",2008-03-06 10:00,30.0,4,2.0,41.0,3.0,2.0,131.83132262060033,"[440.0, 232.125, 211.75, 287.4375, 204.0, 147.0, 236.0, 81.0, 114.10395559732385]","[(440.0, 10.0), (232.125, 60.0), (211.75, 50.0), (287.4375, 10.0), (204.0, 40.0), (147.0, 20.0), (236.0, 30.0), (81.0, 60.0), (114.10395559732385, 10.0)]",3.0,1,9,"[1.0, 6.0, 5.0, 1.0, 4.0, 2.0, 3.0, 6.0, 1.0]","[440.0, 232.125, 211.75, 287.4375, 204.0, 147.0, 236.0, 81.0, 114.10395559732385]"
25611,"[10.0, 32.0, 6.0, 17.0, 4.5, 1.5, 13.0, 1.0, 4.0, 2.0, 2.0, 3.5, 0.5, 8.0, 4.0, 11.0]","[175.0, 238.0, 171.125, 217.0, 152.25, 281.6875, 152.25, 287.4375, 190.75, 292.25, 281.6875, 292.25, 281.6875, 154.1868667919715, 292.25, 141.8825]",8,4.0,"[2.0, 2.0, 3.5, 0.5, 8.0, 4.0, 11.0]","[10.0, 42.0, 48.0, 65.0, 69.5, 71.0, 84.0, 85.0, 89.0, 91.0, 93.0, 96.5, 97.0, 105.0, 109.0, 120.0]","[0.0, 10.0, 42.0, 48.0, 65.0, 69.5, 71.0, 84.0, 85.0, 89.0, 91.0, 93.0, 96.5, 97.0, 105.0, 109.0]","[2.0, 3.5, 1.5, 3.0, 1.0, 3.0, 1.0, 3.5, 1.0, 5.0, 3.0, 4.0, 3.0, 1.5, 4.5, 1.0]","[9, 9, 9, 9, 9, 7, 9, 7, 5, 7, 7, 7, 7, 3, 7, 3]","[9, 9, 5, 9, 5, 4, 5, 4, 9, 7, 4, 7, 4, 0, 7, 2]","[1.0, 1.0, 2.0, 0.75, 1.5, 1.0, 1.0, 1.0, 2.0, 1.0, 1.0, 1.0, 1.0, 0.25, 0.5, 0.5]","[2.0, 1.5, 3.0, 1.5, 2.5, 2.0, 2.5, 1.5, 4.0, 2.0, 2.0, 2.0, 2.0, 2.0, 1.0, 1.0]","[0, 0, 0, 0, 0, 1, 0, 1, 0, 1, 1, 1, 1, 0, 1, 0]",2008-03-06 11:00,18.0,6,3.0,89.0,3.0,2.0,439.4377420686678,"[292.25, 281.6875, 292.25, 281.6875, 154.1868667919715, 292.25, 141.8825]","[(292.25, 20.0), (281.6875, 20.0), (292.25, 35.0), (281.6875, 5.0), (154.1868667919715, 80.0), (292.25, 40.0), (141.8825, 110.0)]",3.0,1,7,"[2.0, 2.0, 3.5, 0.5, 8.0, 4.0, 11.0]","[292.25, 281.6875, 292.25, 281.6875, 154.1868667919715, 292.25, 141.8825]"
25710,"[11.0, 9.0, 25.0, 3.0, 24.0, 3.0, 21.0, 19.0, 15.0, 8.0, 2.0, 5.0, 1.0, 6.0, 4.0, 1.0, 2.5999999999999943, 0.4000000000000057]","[235.0, 205.375, 272.875, 203.75, 252.5, 238.0, 217.0, 205.375, 227.0, 190.75, 174.25, 171.0, 160.625, 204.0, 191.375, 260.5625, 157.3775, 154.5618667919715]",10,2.0,"[5.0, 1.0, 6.0, 4.0, 1.0, 2.5999999999999943, 0.4000000000000057]","[11.0, 20.0, 45.0, 48.0, 72.0, 75.0, 96.0, 115.0, 130.0, 138.0, 140.0, 145.0, 146.0, 152.0, 156.0, 157.0, 159.6, 160.0]","[0.0, 11.0, 20.0, 45.0, 48.0, 72.0, 75.0, 96.0, 115.0, 130.0, 138.0, 140.0, 145.0, 146.0, 152.0, 156.0, 157.0, 159.6]","[2.0, 1.5, 3.5, 2.5, 3.0, 3.5, 3.0, 1.5, 2.5, 1.0, 1.5, 1.0, 1.5, 2.0, 1.5, 3.0, 1.0, 1.5]","[5, 5, 4, 9, 4, 9, 9, 5, 4, 5, 4, 4, 6, 4, 4, 4, 4, 3]","[5, 9, 5, 4, 5, 9, 9, 9, 4, 9, 9, 5, 5, 4, 5, 7, 3, 6]","[2.0, 2.0, 1.0, 2.0, 1.0, 2.0, 0.5, 2.0, 0.5, 2.0, 1.0, 2.0, 1.0, 1.0, 1.0, 1.0, 0.5, 0.2]","[4.0, 4.0, 3.0, 3.0, 3.0, 2.0, 2.0, 3.0, 1.0, 3.0, 2.0, 2.0, 2.0, 1.0, 2.0, 1.0, 1.0, 0.2]","[0, 0, 0, 0, 0, 0, 0, 0, 0, 0, 0, 0, 0, 0, 0, 1, 0, 0]",2008-03-10 09:00,33.0,3,2.0,140.0,2.0,1.0,100.9123351677189,"[171.0, 160.625, 204.0, 191.375, 260.5625, 157.3775, 154.5618667919715]","[(171.0, 50.0), (160.625, 10.0), (204.0, 60.0), (191.375, 40.0), (260.5625, 10.0), (157.3775, 25.999999999999943), (154.5618667919715, 4.000000000000057)]",2.0,1,7,"[5.0, 1.0, 6.0, 4.0, 1.0, 2.5999999999999943, 0.4000000000000057]","[171.0, 160.625, 204.0, 191.375, 260.5625, 157.3775, 154.5618667919715]"
25930,"[10.0, 19.0, 13.0, 18.0, 6.0, 13.5, 0.5, 15.0, 8.0, 2.0, 14.0, 4.5, 0.5]","[210.0, 248.5, 242.375, 210.0, 210.0, 148.5, 159.80269941693467, 96.0, 86.0, 90.75, 96.0, 114.6275, 96.0]",5,13.5,"[0.5, 15.0, 8.0, 2.0, 14.0, 4.5, 0.5]","[10.0, 29.0, 42.0, 60.0, 66.0, 79.5, 80.0, 95.0, 103.0, 105.0, 119.0, 123.5, 124.0]","[0.0, 10.0, 29.0, 42.0, 60.0, 66.0, 79.5, 80.0, 95.0, 103.0, 105.0, 119.0, 123.5]","[1.0, 3.0, 2.5, 1.0, 1.0, 1.0, 2.0, 1.0, 1.0, 1.0, 1.0, 1.0, 1.0]","[5, 7, 5, 5, 5, 4, 3, 2, 1, 1, 2, 2, 2]","[5, 4, 4, 5, 5, 7, 2, 1, 2, 0, 1, 3, 1]","[3.0, 1.0, 1.0, 2.0, 3.0, 1.0, 0.25, 0.75, 1.0, 2.0, 0.5, 0.25, 0.75]","[6.0, 2.0, 2.5, 3.0, 4.0, 2.0, 0.75, 1.5, 3.0, 3.0, 0.75, 0.75, 1.0]","[0, 0, 0, 0, 0, 0, 0, 0, 0, 0, 0, 0, 0]",2008-03-13 14:00,36.0,2,1.0,79.5,1.0,3.0,80.0,"[159.80269941693467, 96.0, 86.0, 90.75, 96.0, 114.6275, 96.0]","[(159.80269941693467, 5.0), (96.0, 150.0), (86.0, 80.0), (90.75, 20.0), (96.0, 140.0), (114.6275, 45.0), (96.0, 5.0)]",1.0,1,7,"[0.5, 15.0, 8.0, 2.0, 14.0, 4.5, 0.5]","[159.80269941693467, 96.0, 86.0, 90.75, 96.0, 114.6275, 96.0]"
26730,"[15.0, 18.0, 30.0, 16.700000000000003, 0.29999999999999716, 9.0, 10.0, 1.0, 17.799999999999997, 0.20000000000000284, 4.299999999999997, 0.7000000000000028, 0.5, 1.5, 17.0, 18.0, 14.800000000000011, 0.19999999999998863, 15.0, 10.0]","[175.0, 154.0, 196.0, 232.12522605741117, 175.0, 236.5313065143528, 213.26846237860732, 133.0, 232.12522605741117, 157.0, 202.0738495144293, 141.875, 292.25, 141.875, 181.06998247500167, 167.40359922257957, 159.41582238929536, 292.25, 141.8825, 86.0]",15,18.0,"[14.800000000000011, 0.19999999999998863, 15.0, 10.0]","[15.0, 33.0, 63.0, 79.7, 80.0, 89.0, 99.0, 100.0, 117.8, 118.0, 122.3, 123.0, 123.5, 125.0, 142.0, 160.0, 174.8, 175.0, 190.0, 200.0]","[0.0, 15.0, 33.0, 63.0, 79.7, 80.0, 89.0, 99.0, 100.0, 117.8, 118.0, 122.3, 123.0, 123.5, 125.0, 142.0, 160.0, 174.8, 175.0, 190.0]","[2.0, 1.5, 2.5, 3.5, 2.0, 3.5, 3.0, 1.0, 3.5, 2.0, 3.0, 1.5, 2.5, 1.5, 2.5, 2.0, 1.5, 2.0, 1.0, 1.0]","[9, 9, 9, 3, 9, 9, 9, 9, 3, 0, 3, 0, 7, 0, 3, 3, 3, 7, 3, 1]","[9, 9, 9, 3, 9, 3, 3, 9, 3, 0, 3, 7, 7, 7, 3, 3, 3, 7, 2, 2]","[1.0, 1.0, 0.75, 0.5, 0.75, 0.5, 0.5, 0.75, 0.5, 1.0, 0.5, 1.5, 0.5, 1.0, 0.5, 0.25, 0.25, 0.5, 0.25, 1.0]","[1.5, 2.0, 1.0, 0.5, 1.5, 1.0, 1.0, 1.5, 0.5, 2.0, 0.5, 3.0, 1.0, 2.0, 0.5, 0.5, 0.5, 0.5, 1.0, 2.0]","[0, 0, 0, 0, 0, 0, 0, 0, 0, 0, 0, 0, 1, 0, 0, 0, 0, 1, 0, 0]",2008-03-18 13:00,34.0,4,2.0,160.0,3.0,2.0,131.83132262060033,"[159.41582238929536, 292.25, 141.8825, 86.0]","[(159.41582238929536, 148.0000000000001), (292.25, 1.9999999999998863), (141.8825, 150.0), (86.0, 100.0)]",3.0,1,4,"[14.800000000000011, 0.19999999999998863, 15.0, 10.0]","[159.41582238929536, 292.25, 141.8825, 86.0]"
43170,"[7.0, 13.0, 7.5, 2.0, 0.5, 23.799999999999997, 0.20000000000000284, 12.700000000000003, 0.29999999999999716, 2.5, 0.5, 5.0, 14.0, 2.0, 1.0]","[199.0, 219.25, 293.1875, 174.25, 275.9375, 219.25, 281.6875, 158.0, 281.6875, 158.0, 167.40359922257957, 159.41582238929536, 181.06998247500167, 141.8825, 192.55248685625125]",7,12.700000000000003,"[0.29999999999999716, 2.5, 0.5, 5.0, 14.0, 2.0, 1.0]","[7.0, 20.0, 27.5, 29.5, 30.0, 53.8, 54.0, 66.7, 67.0, 69.5, 70.0, 75.0, 89.0, 91.0, 92.0]","[0.0, 7.0, 20.0, 27.5, 29.5, 30.0, 53.8, 54.0, 66.7, 67.0, 69.5, 70.0, 75.0, 89.0, 91.0]","[2.0, 2.5, 4.0, 1.5, 2.5, 2.5, 3.0, 1.0, 3.0, 1.0, 2.0, 1.5, 2.5, 1.0, 2.5]","[4, 4, 7, 4, 7, 4, 7, 4, 7, 4, 3, 3, 3, 3, 3]","[7, 9, 4, 9, 4, 9, 4, 4, 4, 4, 3, 3, 3, 2, 4]","[1.5, 0.75, 1.5, 1.0, 0.5, 0.75, 0.5, 1.0, 0.5, 0.5, 0.25, 0.5, 0.25, 0.25, 0.25]","[2.5, 1.5, 2.0, 1.0, 1.0, 1.0, 0.75, 1.0, 1.0, 1.0, 0.5, 0.5, 0.5, 0.75, 0.5]","[0, 0, 1, 0, 1, 0, 1, 0, 1, 0, 0, 0, 0, 0, 0]",2008-11-28 09:00,30.0,6,3.0,66.7,3.0,1.0,439.4377420686678,"[281.6875, 158.0, 167.40359922257957, 159.41582238929536, 181.06998247500167, 141.8825, 192.55248685625125]","[(281.6875, 2.9999999999999716), (158.0, 25.0), (167.40359922257957, 5.0), (159.41582238929536, 50.0), (181.06998247500167, 140.0), (141.8825, 20.0), (192.55248685625125, 10.0)]",3.0,1,7,"[0.29999999999999716, 2.5, 0.5, 5.0, 14.0, 2.0, 1.0]","[281.6875, 158.0, 167.40359922257957, 159.41582238929536, 181.06998247500167, 141.8825, 192.55248685625125]"
43250,"[16.0, 5.0, 2.0, 40.0, 24.0, 23.0, 14.0]","[158.0, 283.9375, 174.25, 214.05538713582197, 202.0738495144293, 181.06998247500167, 159.80269941693467]",4,24.0,"[23.0, 14.0]","[16.0, 21.0, 23.0, 63.0, 87.0, 110.0, 124.0]","[0.0, 16.0, 21.0, 23.0, 63.0, 87.0, 110.0]","[1.0, 4.0, 1.5, 3.0, 3.0, 2.5, 2.0]","[4, 7, 4, 3, 3, 3, 3]","[4, 9, 9, 4, 3, 3, 2]","[1.0, 0.5, 0.5, 0.25, 0.1, 0.25, 0.25]","[1.5, 1.5, 0.5, 0.5, 0.25, 0.5, 0.5]","[0, 1, 0, 0, 0, 0, 0]",2008-11-28 10:00,37.0,6,3.0,87.0,3.0,1.0,439.4377420686678,"[181.06998247500167, 159.80269941693467]","[(181.06998247500167, 230.0), (159.80269941693467, 140.0)]",3.0,1,2,"[23.0, 14.0]","[181.06998247500167, 159.80269941693467]"
43290,"[10.0, 10.0, 27.0, 3.0]","[197.0, 176.55269941693467, 181.06998247500167, 149.3118667919715]",0,10.0,"[10.0, 27.0, 3.0]","[10.0, 20.0, 47.0, 50.0]","[0.0, 10.0, 20.0, 47.0]","[1.0, 2.0, 2.5, 1.5]","[5, 3, 3, 3]","[4, 4, 3, 2]","[2.0, 1.0, 0.25, 0.25]","[3.0, 1.0, 0.5, 0.25]","[0, 0, 0, 0]",2008-11-29 11:00,35.0,2,1.0,10.0,1.0,2.0,80.0,"[176.55269941693467, 181.06998247500167, 149.3118667919715]","[(176.55269941693467, 100.0), (181.06998247500167, 270.0), (149.3118667919715, 30.0)]",1.0,1,3,"[10.0, 27.0, 3.0]","[176.55269941693467, 181.06998247500167, 149.3118667919715]"
43772,"[54.0, 15.0, 1.0, 10.0, 15.0, 7.0]","[250.0, 204.0, 283.9375, 155.51, 81.0, 81.0]",2,1.0,"[10.0, 15.0, 7.0]","[54.0, 69.0, 70.0, 80.0, 95.0, 102.0]","[0.0, 54.0, 69.0, 70.0, 80.0, 95.0]","[3.0, 2.0, 4.0, 1.0, 1.0, 1.0]","[4, 4, 7, 3, 1, 1]","[4, 4, 9, 3, 1, 1]","[1.5, 1.5, 1.0, 0.5, 1.0, 2.0]","[1.5, 1.5, 1.0, 0.5, 1.0, 2.0]","[0, 0, 1, 0, 0, 0]",2008-12-02 12:00,33.0,4,2.0,70.0,3.0,2.0,131.83132262060033,"[155.51, 81.0, 81.0]","[(155.51, 100.0), (81.0, 150.0), (81.0, 70.0)]",3.0,1,3,"[10.0, 15.0, 7.0]","[155.51, 81.0, 81.0]"
43773,"[3.0, 11.5, 2.5, 19.0, 13.700000000000003, 0.29999999999999716, 1.0, 4.0, 10.0, 14.0, 2.5, 0.5]","[249.5, 182.25, 287.4375, 154.0, 176.55269941693467, 181.06998247500167, 176.55269941693467, 202.0738495144293, 149.3118667919715, 114.6275, 90.75, 110.25]",3,19.0,"[13.700000000000003, 0.29999999999999716, 1.0, 4.0, 10.0, 14.0, 2.5, 0.5]","[3.0, 14.5, 17.0, 36.0, 49.7, 50.0, 51.0, 55.0, 65.0, 79.0, 81.5, 82.0]","[0.0, 3.0, 14.5, 17.0, 36.0, 49.7, 50.0, 51.0, 55.0, 65.0, 79.0, 81.5]","[3.0, 2.0, 3.5, 1.5, 2.0, 2.5, 2.0, 3.0, 1.5, 1.0, 1.0, 1.0]","[4, 9, 7, 9, 3, 3, 3, 3, 3, 2, 1, 0]","[7, 4, 4, 9, 4, 3, 4, 3, 2, 3, 0, 1]","[1.5, 1.5, 1.0, 1.0, 0.5, 0.25, 0.25, 0.25, 0.25, 0.5, 2.0, 1.0]","[2.0, 2.0, 1.5, 1.0, 0.5, 0.25, 0.5, 0.5, 0.75, 1.0, 2.0, 1.5]","[0, 0, 1, 0, 0, 0, 0, 0, 0, 0, 0, 0]",2008-12-02 11:00,27.0,3,1.0,36.0,1.0,2.3,100.9123351677189,"[176.55269941693467, 181.06998247500167, 176.55269941693467, 202.0738495144293, 149.3118667919715, 114.6275, 90.75, 110.25]","[(176.55269941693467, 137.00000000000003), (181.06998247500167, 2.9999999999999716), (176.55269941693467, 10.0), (202.0738495144293, 40.0), (149.3118667919715, 100.0), (114.6275, 140.0), (90.75, 25.0), (110.25, 5.0)]",1.0,1,8,"[13.700000000000003, 0.29999999999999716, 1.0, 4.0, 10.0, 14.0, 2.5, 0.5]","[176.55269941693467, 181.06998247500167, 176.55269941693467, 202.0738495144293, 149.3118667919715, 114.6275, 90.75, 110.25]"
43775,"[9.0, 1.0, 7.0, 33.0, 9.0, 7.0, 24.0, 2.0]","[171.125, 275.9375, 158.0, 176.55269941693467, 159.41582238929536, 141.8825, 101.0, 110.25]",0,9.0,"[1.0, 7.0, 33.0, 9.0, 7.0, 24.0, 2.0]","[9.0, 10.0, 17.0, 50.0, 59.0, 66.0, 90.0, 92.0]","[0.0, 9.0, 10.0, 17.0, 50.0, 59.0, 66.0, 90.0]","[1.5, 2.5, 1.0, 2.0, 1.5, 1.0, 1.0, 1.0]","[9, 7, 4, 3, 3, 3, 2, 0]","[5, 4, 4, 4, 3, 2, 2, 1]","[1.5, 1.0, 1.0, 0.5, 0.5, 0.5, 0.75, 1.0]","[2.0, 1.0, 1.5, 0.5, 0.5, 1.0, 1.25, 1.5]","[0, 1, 0, 0, 0, 0, 0, 0]",2008-12-02 11:00,40.0,5,2.0,9.0,3.0,2.0,197.7469839309005,"[275.9375, 158.0, 176.55269941693467, 159.41582238929536, 141.8825, 101.0, 110.25]","[(275.9375, 10.0), (158.0, 70.0), (176.55269941693467, 330.0), (159.41582238929536, 90.0), (141.8825, 70.0), (101.0, 240.0), (110.25, 20.0)]",3.0,1,7,"[1.0, 7.0, 33.0, 9.0, 7.0, 24.0, 2.0]","[275.9375, 158.0, 176.55269941693467, 159.41582238929536, 141.8825, 101.0, 110.25]"
43778,"[10.0, 23.0, 37.0, 35.0, 54.0, 1.0, 10.0, 7.0, 9.0, 2.0]","[148.5, 350.5, 273.0, 278.73334707923954, 232.12522605741117, 119.0, 173.0, 101.0, 86.0, 90.75]",4,54.0,"[1.0, 10.0, 7.0, 9.0, 2.0]","[10.0, 33.0, 70.0, 105.0, 159.0, 160.0, 170.0, 177.0, 186.0, 188.0]","[0.0, 10.0, 33.0, 70.0, 105.0, 159.0, 160.0, 170.0, 177.0, 186.0]","[1.0, 5.0, 3.5, 4.0, 3.5, 1.5, 3.0, 1.0, 1.0, 1.0]","[4, 4, 4, 3, 3, 2, 2, 2, 1, 1]","[7, 7, 4, 4, 3, 2, 2, 2, 2, 0]","[4.0, 4.0, 2.0, 0.25, 0.5, 0.5, 0.5, 1.0, 2.0, 2.0]","[5.0, 5.0, 2.0, 0.25, 0.5, 0.5, 1.0, 1.0, 2.0, 3.0]","[0, 0, 0, 0, 0, 0, 0, 0, 0, 0]",2008-12-02 11:00,34.0,5,3.0,159.0,3.0,2.0,197.7469839309005,"[119.0, 173.0, 101.0, 86.0, 90.75]","[(119.0, 10.0), (173.0, 100.0), (101.0, 70.0), (86.0, 90.0), (90.75, 20.0)]",3.0,1,5,"[1.0, 10.0, 7.0, 9.0, 2.0]","[119.0, 173.0, 101.0, 86.0, 90.75]"
43779,"[10.0, 50.0, 85.0, 10.0, 15.0, 17.0]","[285.0, 296.0, 214.05538713582197, 173.0, 209.0, 81.0]",2,85.0,"[10.0, 15.0, 17.0]","[10.0, 60.0, 145.0, 155.0, 170.0, 187.0]","[0.0, 10.0, 60.0, 145.0, 155.0, 170.0]","[4.0, 4.0, 3.0, 3.0, 4.0, 1.0]","[5, 4, 3, 2, 2, 1]","[5, 4, 4, 2, 2, 1]","[2.0, 1.0, 0.25, 0.5, 1.0, 1.5]","[2.0, 1.0, 0.25, 0.5, 1.0, 1.5]","[0, 0, 0, 0, 0, 0]",2008-12-02 12:00,35.0,6,3.0,145.0,3.0,2.3,439.4377420686678,"[173.0, 209.0, 81.0]","[(173.0, 100.0), (209.0, 150.0), (81.0, 170.0)]",3.0,1,3,"[10.0, 15.0, 17.0]","[173.0, 209.0, 81.0]"
43790,"[19.0, 3.0, 28.0, 15.0, 20.0, 32.0, 8.0, 8.0]","[235.0, 298.9375, 296.0, 214.05538713582197, 272.9777961056527, 181.06998247500167, 101.0, 81.0]",4,20.0,"[32.0, 8.0, 8.0]","[19.0, 22.0, 50.0, 65.0, 85.0, 117.0, 125.0, 133.0]","[0.0, 19.0, 22.0, 50.0, 65.0, 85.0, 117.0, 125.0]","[2.0, 4.5, 4.0, 3.0, 4.0, 2.5, 1.0, 1.0]","[5, 7, 4, 3, 3, 3, 2, 1]","[5, 4, 4, 4, 3, 3, 2, 1]","[2.0, 2.0, 1.0, 0.5, 0.5, 0.5, 1.0, 1.5]","[2.0, 2.5, 1.0, 1.0, 0.5, 0.5, 1.0, 2.0]","[0, 1, 0, 0, 0, 0, 0, 0]",2008-12-02 12:00,35.0,7,3.0,85.0,3.0,3.0,878.8754841373355,"[181.06998247500167, 101.0, 81.0]","[(181.06998247500167, 320.0), (101.0, 80.0), (81.0, 80.0)]",3.0,1,3,"[32.0, 8.0, 8.0]","[181.06998247500167, 101.0, 81.0]"
44030,"[7.0, 5.5, 0.5, 8.0, 5.0, 19.0, 1.0, 1.0, 2.0, 14.0, 0.5, 0.5, 1.0]","[199.0, 250.0, 292.25, 214.05538713582197, 202.0738495144293, 181.06998247500167, 151.75, 292.25, 157.3775, 155.51, 157.3775, 275.9375, 143.75]",7,1.0,"[2.0, 14.0, 0.5, 0.5, 1.0]","[7.0, 12.5, 13.0, 21.0, 26.0, 45.0, 46.0, 47.0, 49.0, 63.0, 63.5, 64.0, 65.0]","[0.0, 7.0, 12.5, 13.0, 21.0, 26.0, 45.0, 46.0, 47.0, 49.0, 63.0, 63.5, 64.0]","[2.0, 3.0, 4.5, 3.0, 3.0, 2.5, 1.0, 3.5, 1.0, 1.0, 1.0, 2.5, 1.0]","[4, 4, 7, 3, 3, 3, 4, 7, 4, 3, 4, 7, 4]","[7, 4, 7, 4, 3, 3, 9, 7, 3, 3, 3, 4, 2]","[0.75, 0.5, 0.5, 0.5, 0.25, 0.25, 0.75, 0.75, 0.5, 0.25, 0.25, 0.5, 0.75]","[1.0, 0.75, 0.75, 0.75, 0.5, 0.5, 1.0, 1.25, 0.75, 0.5, 0.5, 0.75, 1.0]","[0, 0, 1, 0, 0, 0, 0, 1, 0, 0, 0, 1, 0]",2008-12-04 12:00,30.0,6,3.0,47.0,3.0,1.7,439.4377420686678,"[157.3775, 155.51, 157.3775, 275.9375, 143.75]","[(157.3775, 20.0), (155.51, 140.0), (157.3775, 5.0), (275.9375, 5.0), (143.75, 10.0)]",3.0,1,5,"[2.0, 14.0, 0.5, 0.5, 1.0]","[157.3775, 155.51, 157.3775, 275.9375, 143.75]"
44050,"[5.0, 12.0, 20.0, 14.0, 4.5, 0.5, 4.0, 7.0, 7.0, 9.0, 20.0, 5.0]","[171.125, 182.25, 139.25, 160.75, 139.25, 292.25, 158.0, 164.8118667919715, 272.9777961056527, 159.41582238929536, 141.8825, 101.0]",5,0.5,"[4.0, 7.0, 7.0, 9.0, 20.0, 5.0]","[5.0, 17.0, 37.0, 51.0, 55.5, 56.0, 60.0, 67.0, 74.0, 83.0, 103.0, 108.0]","[0.0, 5.0, 17.0, 37.0, 51.0, 55.5, 56.0, 60.0, 67.0, 74.0, 83.0, 103.0]","[1.5, 2.0, 1.0, 1.5, 1.0, 2.5, 1.0, 1.5, 4.0, 1.5, 1.0, 1.0]","[9, 9, 9, 9, 9, 7, 4, 3, 3, 3, 3, 2]","[5, 4, 4, 4, 4, 7, 4, 4, 3, 3, 2, 2]","[1.25, 0.75, 0.75, 0.75, 1.0, 0.5, 0.75, 0.5, 0.5, 0.25, 0.5, 0.75]","[2.0, 1.0, 1.5, 1.25, 1.5, 1.0, 1.25, 0.75, 0.5, 0.5, 0.75, 1.5]","[0, 0, 0, 0, 0, 1, 0, 0, 0, 0, 0, 0]",2008-12-04 11:00,35.0,3,2.0,56.0,2.0,2.0,100.9123351677189,"[158.0, 164.8118667919715, 272.9777961056527, 159.41582238929536, 141.8825, 101.0]","[(158.0, 40.0), (164.8118667919715, 70.0), (272.9777961056527, 70.0), (159.41582238929536, 90.0), (141.8825, 200.0), (101.0, 50.0)]",2.0,1,6,"[4.0, 7.0, 7.0, 9.0, 20.0, 5.0]","[158.0, 164.8118667919715, 272.9777961056527, 159.41582238929536, 141.8825, 101.0]"
44290,"[25.0, 20.0, 10.0, 15.0, 15.0, 25.0, 15.0, 5.0]","[217.0, 259.0, 277.9375, 204.0, 192.55248685625125, 167.40359922257957, 114.6275, 96.0]",0,25.0,"[20.0, 10.0, 15.0, 15.0, 25.0, 15.0, 5.0]","[25.0, 45.0, 55.0, 70.0, 85.0, 110.0, 125.0, 130.0]","[0.0, 25.0, 45.0, 55.0, 70.0, 85.0, 110.0, 125.0]","[3.0, 4.0, 2.0, 2.0, 2.5, 2.0, 1.0, 1.0]","[9, 9, 7, 4, 3, 3, 2, 2]","[9, 9, 5, 4, 4, 3, 3, 1]","[0.75, 0.75, 2.0, 1.5, 1.0, 0.5, 0.5, 1.5]","[0.75, 0.75, 3.0, 1.5, 1.0, 0.5, 1.0, 2.0]","[0, 0, 1, 0, 0, 0, 0, 0]",2008-12-09 11:00,40.0,2,1.0,25.0,1.0,2.0,80.0,"[259.0, 277.9375, 204.0, 192.55248685625125, 167.40359922257957, 114.6275, 96.0]","[(259.0, 200.0), (277.9375, 100.0), (204.0, 150.0), (192.55248685625125, 150.0), (167.40359922257957, 250.0), (114.6275, 150.0), (96.0, 50.0)]",1.0,1,7,"[20.0, 10.0, 15.0, 15.0, 25.0, 15.0, 5.0]","[259.0, 277.9375, 204.0, 192.55248685625125, 167.40359922257957, 114.6275, 96.0]"
44291,"[15.0, 11.0, 15.0, 1.0, 1.0, 22.0, 2.0, 1.0]","[181.75, 281.6875, 175.0, 250.0, 281.6875, 169.1325, 262.4375, 101.0]",4,1.0,"[22.0, 2.0, 1.0]","[15.0, 26.0, 41.0, 42.0, 43.0, 65.0, 67.0, 68.0]","[0.0, 15.0, 26.0, 41.0, 42.0, 43.0, 65.0, 67.0]","[2.0, 3.0, 2.0, 3.0, 3.0, 1.0, 3.0, 1.0]","[7, 7, 9, 4, 7, 3, 7, 2]","[9, 4, 9, 4, 4, 5, 2, 2]","[1.0, 1.5, 1.0, 1.0, 0.5, 0.5, 1.0, 1.0]","[2.0, 2.0, 1.0, 1.5, 0.5, 0.75, 1.5, 1.0]","[0, 1, 0, 0, 1, 0, 1, 0]",2008-12-09 13:00,38.0,2,1.0,43.0,1.0,3.0,80.0,"[169.1325, 262.4375, 101.0]","[(169.1325, 220.0), (262.4375, 20.0), (101.0, 10.0)]",1.0,1,3,"[22.0, 2.0, 1.0]","[169.1325, 262.4375, 101.0]"
44293,"[5.0, 5.0, 25.0, 35.0, 30.0, 3.0, 12.0]","[158.0, 270.1875, 202.0738495144293, 202.0738495144293, 167.40359922257957, 181.06998247500167, 101.0]",5,3.0,[12.0],"[5.0, 10.0, 35.0, 70.0, 100.0, 103.0, 115.0]","[0.0, 5.0, 10.0, 35.0, 70.0, 100.0, 103.0]","[1.0, 2.0, 3.0, 3.0, 2.0, 2.5, 1.0]","[4, 7, 3, 3, 3, 3, 2]","[4, 4, 3, 3, 3, 3, 2]","[3.0, 2.0, 0.75, 0.5, 0.2, 0.2, 1.0]","[4.0, 2.0, 1.0, 0.75, 0.25, 0.5, 1.5]","[0, 1, 0, 0, 0, 0, 0]",2008-12-09 11:00,32.0,3,3.0,103.0,2.0,2.0,100.9123351677189,[101.0],"[(101.0, 120.0)]",2.0,1,1,[12.0],[101.0]
44310,"[23.0, 32.0, 22.0, 1.0]","[296.0, 202.0738495144293, 144.6008998056449, 86.0]",1,32.0,"[22.0, 1.0]","[23.0, 55.0, 77.0, 78.0]","[0.0, 23.0, 55.0, 77.0]","[4.0, 3.0, 2.0, 1.0]","[4, 3, 2, 1]","[4, 3, 3, 2]","[1.5, 0.25, 0.5, 1.5]","[1.5, 0.5, 0.5, 1.5]","[0, 0, 0, 0]",2008-12-09 13:00,32.0,6,3.0,55.0,3.0,2.0,439.4377420686678,"[144.6008998056449, 86.0]","[(144.6008998056449, 220.0), (86.0, 10.0)]",3.0,1,2,"[22.0, 1.0]","[144.6008998056449, 86.0]"
44311,"[15.5, 0.5, 5.0, 1.0, 13.0, 7.0, 3.0, 5.5, 0.5, 18.0, 3.0]","[190.75, 293.1875, 151.75, 275.9375, 158.0, 158.0, 158.0, 156.1325, 167.40359922257957, 143.75, 96.0]",0,15.5,"[0.5, 5.0, 1.0, 13.0, 7.0, 3.0, 5.5, 0.5, 18.0, 3.0]","[15.5, 16.0, 21.0, 22.0, 35.0, 42.0, 45.0, 50.5, 51.0, 69.0, 72.0]","[0.0, 15.5, 16.0, 21.0, 22.0, 35.0, 42.0, 45.0, 50.5, 51.0, 69.0]","[1.0, 4.0, 1.0, 2.5, 1.0, 1.0, 1.0, 1.0, 2.0, 1.0, 1.0]","[5, 7, 4, 7, 4, 4, 4, 3, 3, 4, 2]","[9, 4, 9, 4, 4, 4, 4, 4, 3, 2, 1]","[2.0, 1.0, 1.0, 1.0, 1.0, 0.5, 0.75, 0.5, 0.25, 0.5, 0.75]","[4.0, 2.0, 2.0, 2.0, 2.0, 1.0, 1.0, 0.75, 0.5, 1.0, 1.5]","[0, 1, 0, 1, 0, 0, 0, 0, 0, 0, 0]",2008-12-09 13:00,35.0,3,2.0,15.5,2.0,2.0,100.9123351677189,"[293.1875, 151.75, 275.9375, 158.0, 158.0, 158.0, 156.1325, 167.40359922257957, 143.75, 96.0]","[(293.1875, 5.0), (151.75, 50.0), (275.9375, 10.0), (158.0, 130.0), (158.0, 70.0), (158.0, 30.0), (156.1325, 55.0), (167.40359922257957, 5.0), (143.75, 180.0), (96.0, 30.0)]",2.0,1,10,"[0.5, 5.0, 1.0, 13.0, 7.0, 3.0, 5.5, 0.5, 18.0, 3.0]","[293.1875, 151.75, 275.9375, 158.0, 158.0, 158.0, 156.1325, 167.40359922257957, 143.75, 96.0]"
44312,"[14.0, 2.0, 18.0, 10.0, 14.0, 8.0, 1.0]","[219.25, 293.1875, 242.34391954305838, 214.05538713582197, 181.06998247500167, 155.51, 101.0]",1,2.0,"[18.0, 10.0, 14.0, 8.0, 1.0]","[14.0, 16.0, 34.0, 44.0, 58.0, 66.0, 67.0]","[0.0, 14.0, 16.0, 34.0, 44.0, 58.0, 66.0]","[2.5, 4.0, 3.5, 3.0, 2.5, 1.0, 1.0]","[4, 7, 3, 3, 3, 3, 2]","[9, 4, 4, 4, 3, 3, 2]","[1.0, 1.0, 0.5, 0.5, 0.25, 0.5, 0.5]","[1.0, 1.5, 1.0, 1.0, 0.75, 0.75, 1.0]","[0, 1, 0, 0, 0, 0, 0]",2008-12-09 14:00,31.0,6,3.0,16.0,3.0,2.0,439.4377420686678,"[242.34391954305838, 214.05538713582197, 181.06998247500167, 155.51, 101.0]","[(242.34391954305838, 180.0), (214.05538713582197, 100.0), (181.06998247500167, 140.0), (155.51, 80.0), (101.0, 10.0)]",3.0,1,5,"[18.0, 10.0, 14.0, 8.0, 1.0]","[242.34391954305838, 214.05538713582197, 181.06998247500167, 155.51, 101.0]"
44331,"[20.0, 40.0, 20.0, 17.0, 7.0, 1.0]","[171.0, 214.05538713582197, 167.40359922257957, 194.80538713582197, 173.0, 101.0]",2,20.0,"[17.0, 7.0, 1.0]","[20.0, 60.0, 80.0, 97.0, 104.0, 105.0]","[0.0, 20.0, 60.0, 80.0, 97.0, 104.0]","[1.0, 3.0, 2.0, 3.0, 3.0, 1.0]","[4, 3, 3, 3, 2, 2]","[5, 4, 3, 2, 2, 2]","[1.5, 0.5, 0.5, 0.5, 0.5, 0.5]","[2.0, 0.5, 0.5, 0.5, 0.75, 0.5]","[0, 0, 0, 0, 0, 0]",2008-12-09 11:00,38.0,3,2.0,80.0,2.0,2.0,100.9123351677189,"[194.80538713582197, 173.0, 101.0]","[(194.80538713582197, 170.0), (173.0, 70.0), (101.0, 10.0)]",2.0,1,3,"[17.0, 7.0, 1.0]","[194.80538713582197, 173.0, 101.0]"
44332,"[10.0, 43.0, 2.0, 10.0, 20.0, 1.0, 1.0]","[171.0, 250.0, 158.0, 181.0, 159.80269941693467, 214.05538713582197, 110.75]",3,10.0,"[20.0, 1.0, 1.0]","[10.0, 53.0, 55.0, 65.0, 85.0, 86.0, 87.0]","[0.0, 10.0, 53.0, 55.0, 65.0, 85.0, 86.0]","[1.0, 3.0, 1.0, 1.5, 2.0, 3.0, 1.0]","[4, 4, 4, 4, 3, 3, 2]","[5, 4, 4, 4, 2, 4, 6]","[1.0, 0.5, 0.5, 0.5, 0.5, 0.5, 0.5]","[2.0, 1.0, 1.0, 1.0, 1.0, 1.0, 1.5]","[0, 0, 0, 0, 0, 0, 0]",2008-12-09 10:00,32.0,2,2.0,65.0,1.0,2.0,80.0,"[159.80269941693467, 214.05538713582197, 110.75]","[(159.80269941693467, 200.0), (214.05538713582197, 10.0), (110.75, 10.0)]",1.0,1,3,"[20.0, 1.0, 1.0]","[159.80269941693467, 214.05538713582197, 110.75]"
44333,"[27.0, 57.0, 11.0, 14.0, 5.0]","[171.0, 278.73334707923954, 144.6008998056449, 129.10395559732385, 232.12522605741117]",1,57.0,"[11.0, 14.0, 5.0]","[27.0, 84.0, 95.0, 109.0, 114.0]","[0.0, 27.0, 84.0, 95.0, 109.0]","[1.0, 4.0, 2.0, 1.5, 3.5]","[4, 3, 2, 2, 3]","[5, 4, 3, 3, 3]","[2.0, 0.25, 0.5, 0.5, 0.2]","[3.0, 0.25, 0.75, 0.75, 0.2]","[0, 0, 0, 0, 0]",2008-12-09 11:00,34.0,5,2.0,84.0,3.0,2.0,197.7469839309005,"[144.6008998056449, 129.10395559732385, 232.12522605741117]","[(144.6008998056449, 110.0), (129.10395559732385, 140.0), (232.12522605741117, 50.0)]",3.0,1,3,"[11.0, 14.0, 5.0]","[144.6008998056449, 129.10395559732385, 232.12522605741117]"
44334,"[18.0, 3.0, 9.0, 1.0, 5.0, 32.0, 3.5, 0.5, 19.0, 6.5, 0.5]","[171.0, 275.9375, 171.0, 281.6875, 158.0, 232.12522605741117, 204.0, 192.55248685625125, 156.1325, 114.6275, 95.75]",4,5.0,"[32.0, 3.5, 0.5, 19.0, 6.5, 0.5]","[18.0, 21.0, 30.0, 31.0, 36.0, 68.0, 71.5, 72.0, 91.0, 97.5, 98.0]","[0.0, 18.0, 21.0, 30.0, 31.0, 36.0, 68.0, 71.5, 72.0, 91.0, 97.5]","[1.0, 2.5, 1.0, 3.0, 1.0, 3.5, 2.0, 2.5, 1.0, 1.0, 1.0]","[4, 7, 4, 7, 4, 3, 4, 3, 3, 2, 1]","[5, 4, 5, 4, 4, 3, 4, 4, 4, 3, 6]","[2.0, 2.0, 2.0, 1.0, 1.0, 0.5, 0.5, 0.5, 0.5, 0.5, 2.0]","[3.0, 2.0, 3.0, 2.0, 2.0, 0.5, 1.0, 0.75, 1.0, 1.0, 3.0]","[0, 1, 0, 1, 0, 0, 0, 0, 0, 0, 0]",2008-12-09 11:00,36.0,5,1.0,36.0,2.0,2.0,197.7469839309005,"[232.12522605741117, 204.0, 192.55248685625125, 156.1325, 114.6275, 95.75]","[(232.12522605741117, 320.0), (204.0, 35.0), (192.55248685625125, 5.0), (156.1325, 190.0), (114.6275, 65.0), (95.75, 5.0)]",2.0,1,6,"[32.0, 3.5, 0.5, 19.0, 6.5, 0.5]","[232.12522605741117, 204.0, 192.55248685625125, 156.1325, 114.6275, 95.75]"
44350,"[34.0, 14.0, 11.0, 12.0, 7.0, 10.0]","[211.75, 181.0, 214.05538713582197, 159.80269941693467, 180.26846237860732, 86.0]",2,11.0,"[12.0, 7.0, 10.0]","[34.0, 48.0, 59.0, 71.0, 78.0, 88.0]","[0.0, 34.0, 48.0, 59.0, 71.0, 78.0]","[2.0, 1.5, 3.0, 2.0, 3.0, 1.0]","[4, 4, 3, 3, 2, 1]","[5, 4, 4, 2, 3, 2]","[1.0, 1.0, 0.5, 0.5, 0.5, 1.0]","[2.0, 1.75, 1.0, 1.0, 1.0, 2.0]","[0, 0, 0, 0, 0, 0]",2008-12-09 14:00,33.0,2,2.0,59.0,1.0,2.0,80.0,"[159.80269941693467, 180.26846237860732, 86.0]","[(159.80269941693467, 120.0), (180.26846237860732, 70.0), (86.0, 100.0)]",1.0,1,3,"[12.0, 7.0, 10.0]","[159.80269941693467, 180.26846237860732, 86.0]"
45670,"[24.0, 18.0, 14.0, 20.0, 8.700000000000003, 0.29999999999999716, 1.0, 2.0, 7.0, 7.0, 19.5, 0.5]","[173.75, 151.75, 174.25, 181.06998247500167, 151.75, 292.25, 143.75, 167.40359922257957, 159.41582238929536, 141.8825, 202.0738495144293, 90.75]",8,7.0,"[7.0, 19.5, 0.5]","[24.0, 42.0, 56.0, 76.0, 84.7, 85.0, 86.0, 88.0, 95.0, 102.0, 121.5, 122.0]","[0.0, 24.0, 42.0, 56.0, 76.0, 84.7, 85.0, 86.0, 88.0, 95.0, 102.0, 121.5]","[1.5, 1.0, 1.5, 2.5, 1.0, 2.0, 1.0, 2.0, 1.5, 1.0, 3.0, 1.0]","[4, 4, 4, 3, 4, 7, 4, 3, 3, 3, 3, 1]","[7, 9, 9, 3, 9, 7, 2, 3, 3, 2, 3, 0]","[1.5, 1.0, 0.5, 0.5, 0.5, 0.5, 0.5, 0.5, 0.5, 0.5, 0.25, 1.0]","[2.5, 2.0, 1.0, 0.5, 1.0, 1.0, 1.0, 0.5, 0.5, 0.75, 0.5, 2.0]","[0, 0, 0, 0, 0, 1, 0, 0, 0, 0, 0, 0]",2008-12-17 11:00,33.0,3,1.0,95.0,1.0,3.0,100.9123351677189,"[141.8825, 202.0738495144293, 90.75]","[(141.8825, 70.0), (202.0738495144293, 195.0), (90.75, 5.0)]",1.0,1,3,"[7.0, 19.5, 0.5]","[141.8825, 202.0738495144293, 90.75]"
45771,"[23.0, 22.0, 26.0, 9.0, 20.0, 10.0]","[158.0, 204.0, 176.55269941693467, 202.0738495144293, 90.75, 110.25]",2,26.0,"[9.0, 20.0, 10.0]","[23.0, 45.0, 71.0, 80.0, 100.0, 110.0]","[0.0, 23.0, 45.0, 71.0, 80.0, 100.0]","[1.0, 2.0, 2.0, 3.0, 1.0, 1.0]","[4, 4, 3, 3, 1, 0]","[4, 4, 4, 3, 0, 1]","[1.0, 1.0, 0.5, 0.25, 1.0, 1.0]","[1.5, 1.0, 0.75, 0.25, 1.0, 1.0]","[0, 0, 0, 0, 0, 0]",2008-12-21 11:00,35.0,5,1.0,71.0,2.0,3.0,197.7469839309005,"[202.0738495144293, 90.75, 110.25]","[(202.0738495144293, 90.0), (90.75, 200.0), (110.25, 100.0)]",2.0,1,3,"[9.0, 20.0, 10.0]","[202.0738495144293, 90.75, 110.25]"
46050,"[20.0, 27.5, 0.5, 2.0, 10.0, 15.0, 4.799999999999997, 0.20000000000000284]","[227.25, 191.375, 140.0, 287.4375, 227.0, 192.55248685625125, 272.9777961056527, 140.0]",1,27.5,"[0.5, 2.0, 10.0, 15.0, 4.799999999999997, 0.20000000000000284]","[20.0, 47.5, 48.0, 50.0, 60.0, 75.0, 79.8, 80.0]","[0.0, 20.0, 47.5, 48.0, 50.0, 60.0, 75.0, 79.8]","[2.0, 1.5, 3.0, 3.5, 2.5, 2.5, 4.0, 2.0]","[5, 4, 6, 7, 4, 3, 3, 6]","[4, 5, 6, 4, 4, 4, 3, 6]","[99.0, 99.0, 2.0, 99.0, 99.0, 99.0, 0.25, 2.0]","[99.0, 99.0, 4.0, 99.0, 99.0, 99.0, 0.25, 2.0]","[0, 0, 0, 1, 0, 0, 0, 0]",2008-12-24 09:00,32.0,4,2.0,47.5,3.0,2.0,131.83132262060033,"[140.0, 287.4375, 227.0, 192.55248685625125, 272.9777961056527, 140.0]","[(140.0, 5.0), (287.4375, 20.0), (227.0, 100.0), (192.55248685625125, 150.0), (272.9777961056527, 47.99999999999997), (140.0, 2.0000000000000284)]",3.0,1,6,"[0.5, 2.0, 10.0, 15.0, 4.799999999999997, 0.20000000000000284]","[140.0, 287.4375, 227.0, 192.55248685625125, 272.9777961056527, 140.0]"
46110,"[30.0, 40.0, 20.0, 2.0, 22.0, 4.0, 33.0, 4.0, 14.5, 0.5, 2.0]","[222.25, 220.0, 171.125, 227.25, 227.0, 252.5, 262.78130651435276, 158.0, 194.8508998056449, 160.625, 114.6275]",6,33.0,"[4.0, 14.5, 0.5, 2.0]","[30.0, 70.0, 90.0, 92.0, 114.0, 118.0, 151.0, 155.0, 169.5, 170.0, 172.0]","[0.0, 30.0, 70.0, 90.0, 92.0, 114.0, 118.0, 151.0, 155.0, 169.5, 170.0]","[2.0, 2.0, 1.5, 2.0, 2.5, 3.0, 3.5, 1.0, 2.0, 1.5, 1.0]","[5, 5, 9, 5, 4, 4, 4, 4, 4, 6, 2]","[7, 9, 5, 4, 4, 5, 3, 4, 3, 5, 3]","[2.0, 2.0, 1.0, 1.0, 1.0, 1.0, 0.1, 0.5, 0.5, 1.0, 0.25]","[3.0, 3.0, 1.5, 3.0, 2.0, 1.5, 0.5, 1.0, 0.5, 1.0, 0.5]","[0, 0, 0, 0, 0, 0, 0, 0, 0, 0, 0]",2008-12-25 09:00,35.0,3,1.0,151.0,1.0,2.0,100.9123351677189,"[158.0, 194.8508998056449, 160.625, 114.6275]","[(158.0, 40.0), (194.8508998056449, 145.0), (160.625, 5.0), (114.6275, 20.0)]",1.0,1,4,"[4.0, 14.5, 0.5, 2.0]","[158.0, 194.8508998056449, 160.625, 114.6275]"
46130,"[20.0, 15.0, 15.0, 9.5, 0.5, 3.0, 1.0]","[205.375, 210.0, 222.5, 181.0, 170.0, 232.12522605741117, 114.6275]",2,15.0,"[9.5, 0.5, 3.0, 1.0]","[20.0, 35.0, 50.0, 59.5, 60.0, 63.0, 64.0]","[0.0, 20.0, 35.0, 50.0, 59.5, 60.0, 63.0]","[1.5, 1.0, 1.5, 1.5, 3.0, 3.5, 1.0]","[5, 5, 5, 4, 6, 3, 2]","[9, 5, 5, 4, 5, 3, 3]","[3.0, 2.0, 2.0, 1.0, 1.0, 0.25, 0.5]","[3.0, 4.0, 3.0, 2.0, 1.0, 0.5, 0.5]","[0, 0, 0, 0, 0, 0, 0]",2008-12-25 10:00,35.0,3,2.0,50.0,2.0,2.0,100.9123351677189,"[181.0, 170.0, 232.12522605741117, 114.6275]","[(181.0, 95.0), (170.0, 5.0), (232.12522605741117, 30.0), (114.6275, 10.0)]",2.0,1,4,"[9.5, 0.5, 3.0, 1.0]","[181.0, 170.0, 232.12522605741117, 114.6275]"
46811,"[7.0, 15.0, 25.0, 21.0, 18.0, 3.0, 14.0, 3.5, 0.5]","[290.4375, 257.5, 293.25, 273.0, 241.75, 227.0, 204.0, 171.0, 150.25]",3,21.0,"[18.0, 3.0, 14.0, 3.5, 0.5]","[7.0, 22.0, 47.0, 68.0, 86.0, 89.0, 103.0, 106.5, 107.0]","[0.0, 7.0, 22.0, 47.0, 68.0, 86.0, 89.0, 103.0, 106.5]","[4.0, 3.0, 4.0, 3.5, 3.0, 2.5, 2.0, 1.0, 1.5]","[7, 5, 4, 4, 4, 4, 4, 4, 6]","[5, 4, 5, 4, 9, 4, 4, 5, 4]","[2.0, 1.5, 1.0, 1.0, 1.0, 1.0, 0.5, 1.0, 1.0]","[3.0, 3.0, 2.5, 1.0, 2.0, 1.5, 1.5, 2.5, 4.0]","[1, 0, 0, 0, 0, 0, 0, 0, 0]",2008-12-31 09:00,35.0,5,3.0,68.0,3.0,1.0,197.7469839309005,"[241.75, 227.0, 204.0, 171.0, 150.25]","[(241.75, 180.0), (227.0, 30.0), (204.0, 140.0), (171.0, 35.0), (150.25, 5.0)]",3.0,1,5,"[18.0, 3.0, 14.0, 3.5, 0.5]","[241.75, 227.0, 204.0, 171.0, 150.25]"
47831,"[5.0, 5.0, 16.0, 16.0, 1.0, 14.0, 8.0, 7.0, 7.0, 11.200000000000003, 0.29999999999999716, 1.2000000000000028, 0.29999999999999716, 9.700000000000003, 0.29999999999999716]","[293.1875, 275.9375, 175.0, 225.25, 139.25, 192.55248685625125, 175.60395559732385, 192.55248685625125, 157.3775, 194.8508998056449, 264.4375, 151.75, 270.1875, 158.0, 140.0]",7,7.0,"[7.0, 11.200000000000003, 0.29999999999999716, 1.2000000000000028, 0.29999999999999716, 9.700000000000003, 0.29999999999999716]","[5.0, 10.0, 26.0, 42.0, 43.0, 57.0, 65.0, 72.0, 79.0, 90.2, 90.5, 91.7, 92.0, 101.7, 102.0]","[0.0, 5.0, 10.0, 26.0, 42.0, 43.0, 57.0, 65.0, 72.0, 79.0, 90.2, 90.5, 91.7, 92.0, 101.7]","[4.0, 2.5, 2.0, 3.0, 1.0, 2.5, 1.5, 2.5, 1.0, 2.0, 1.5, 1.0, 2.0, 1.0, 1.0]","[7, 7, 9, 9, 9, 3, 4, 3, 4, 4, 7, 4, 7, 4, 6]","[4, 4, 9, 4, 4, 4, 3, 4, 3, 3, 4, 9, 4, 4, 6]","[1.5, 1.5, 1.0, 0.75, 1.0, 0.5, 0.5, 0.25, 0.5, 0.5, 0.5, 0.75, 0.5, 0.5, 1.0]","[2.5, 2.5, 2.0, 1.0, 2.0, 0.75, 1.0, 0.75, 1.0, 1.0, 1.0, 1.0, 0.5, 1.0, 2.0]","[1, 1, 0, 0, 0, 0, 0, 0, 0, 0, 1, 0, 1, 0, 0]",2009-01-09 11:00,23.0,6,2.0,72.0,3.0,1.0,439.4377420686678,"[157.3775, 194.8508998056449, 264.4375, 151.75, 270.1875, 158.0, 140.0]","[(157.3775, 70.0), (194.8508998056449, 112.00000000000003), (264.4375, 2.9999999999999716), (151.75, 12.000000000000028), (270.1875, 2.9999999999999716), (158.0, 97.00000000000003), (140.0, 2.9999999999999716)]",3.0,1,7,"[7.0, 11.200000000000003, 0.29999999999999716, 1.2000000000000028, 0.29999999999999716, 9.700000000000003, 0.29999999999999716]","[157.3775, 194.8508998056449, 264.4375, 151.75, 270.1875, 158.0, 140.0]"
48330,"[20.0, 45.0, 12.0, 11.0, 22.0, 4.0, 5.0, 23.80000000000001, 0.19999999999998863, 3.6999999999999886, 0.30000000000001137, 7.5, 0.5]","[205.375, 272.9777961056527, 242.34391954305838, 242.34391954305838, 272.9777961056527, 176.55269941693467, 202.0738495144293, 164.8118667919715, 292.25, 157.3775, 292.25, 158.0, 140.0]",6,5.0,"[23.80000000000001, 0.19999999999998863, 3.6999999999999886, 0.30000000000001137, 7.5, 0.5]","[20.0, 65.0, 77.0, 88.0, 110.0, 114.0, 119.0, 142.8, 143.0, 146.7, 147.0, 154.5, 155.0]","[0.0, 20.0, 65.0, 77.0, 88.0, 110.0, 114.0, 119.0, 142.8, 143.0, 146.7, 147.0, 154.5]","[1.5, 4.0, 3.5, 3.5, 4.0, 2.0, 3.0, 1.5, 2.5, 1.0, 2.0, 1.0, 1.0]","[5, 3, 3, 3, 3, 3, 3, 3, 7, 4, 7, 4, 6]","[9, 3, 4, 4, 3, 4, 3, 4, 7, 3, 7, 4, 6]","[1.5, 0.5, 0.5, 0.5, 0.5, 0.5, 0.5, 0.5, 0.5, 0.5, 0.5, 0.5, 2.0]","[3.0, 0.5, 0.75, 1.0, 0.5, 0.75, 0.5, 0.75, 1.0, 1.0, 1.0, 1.0, 3.0]","[0, 0, 0, 0, 0, 0, 0, 0, 1, 0, 1, 0, 0]",2009-01-14 10:00,20.0,5,3.0,119.0,3.0,1.0,197.7469839309005,"[164.8118667919715, 292.25, 157.3775, 292.25, 158.0, 140.0]","[(164.8118667919715, 238.0000000000001), (292.25, 1.9999999999998863), (157.3775, 36.999999999999886), (292.25, 3.0000000000001137), (158.0, 75.0), (140.0, 5.0)]",3.0,1,6,"[23.80000000000001, 0.19999999999998863, 3.6999999999999886, 0.30000000000001137, 7.5, 0.5]","[164.8118667919715, 292.25, 157.3775, 292.25, 158.0, 140.0]"
49710,"[6.0, 13.0, 13.0, 9.0, 19.0, 11.0, 0.5, 0.5, 19.0, 0.5, 1.5]","[184.0, 241.75, 227.0, 281.6875, 181.0, 287.4375, 187.5, 292.25, 114.6275, 143.75, 292.25]",5,11.0,"[0.5, 0.5, 19.0, 0.5, 1.5]","[6.0, 19.0, 32.0, 41.0, 60.0, 71.0, 71.5, 72.0, 91.0, 91.5, 93.0]","[0.0, 6.0, 19.0, 32.0, 41.0, 60.0, 71.0, 71.5, 72.0, 91.0, 91.5]","[2.0, 3.0, 2.5, 3.0, 1.5, 3.5, 1.0, 3.0, 1.0, 1.0, 4.5]","[7, 4, 4, 7, 4, 7, 5, 7, 2, 4, 7]","[7, 9, 4, 4, 4, 4, 7, 7, 3, 2, 7]","[1.0, 1.0, 1.0, 1.0, 0.75, 1.0, 1.0, 1.0, 0.25, 0.75, 1.0]","[1.25, 1.5, 1.0, 1.25, 1.0, 1.0, 1.25, 2.0, 0.5, 1.0, 1.0]","[0, 0, 0, 1, 0, 1, 0, 1, 0, 0, 1]",2009-01-23 12:00,30.0,4,1.0,71.0,2.0,2.0,131.83132262060033,"[187.5, 292.25, 114.6275, 143.75, 292.25]","[(187.5, 5.0), (292.25, 5.0), (114.6275, 190.0), (143.75, 5.0), (292.25, 15.0)]",2.0,1,5,"[0.5, 0.5, 19.0, 0.5, 1.5]","[187.5, 292.25, 114.6275, 143.75, 292.25]"
49750,"[25.0, 25.0, 25.0, 20.0, 15.0, 10.0, 5.0]","[205.375, 197.0, 191.375, 159.80269941693467, 202.0738495144293, 90.75, 81.0]",3,20.0,"[15.0, 10.0, 5.0]","[25.0, 50.0, 75.0, 95.0, 110.0, 120.0, 125.0]","[0.0, 25.0, 50.0, 75.0, 95.0, 110.0, 120.0]","[1.5, 1.0, 1.5, 2.0, 3.0, 1.0, 1.0]","[5, 5, 4, 3, 3, 1, 1]","[9, 4, 5, 2, 3, 0, 1]","[99.0, 3.0, 99.0, 99.0, 99.0, 1.0, 1.0]","[99.0, 4.0, 99.0, 99.0, 99.0, 2.0, 2.0]","[0, 0, 0, 0, 0, 0, 0]",2009-01-24 11:00,32.0,4,2.0,95.0,3.0,2.0,131.83132262060033,"[202.0738495144293, 90.75, 81.0]","[(202.0738495144293, 150.0), (90.75, 100.0), (81.0, 50.0)]",3.0,1,3,"[15.0, 10.0, 5.0]","[202.0738495144293, 90.75, 81.0]"
49770,"[14.0, 43.0, 36.0, 17.0, 10.0, 22.0, 3.0, 15.0]","[250.0, 296.0, 250.0, 296.0, 224.99444902641318, 137.0, 173.0, 81.0]",2,36.0,"[17.0, 10.0, 22.0, 3.0, 15.0]","[14.0, 57.0, 93.0, 110.0, 120.0, 142.0, 145.0, 160.0]","[0.0, 14.0, 57.0, 93.0, 110.0, 120.0, 142.0, 145.0]","[3.0, 4.0, 3.0, 4.0, 4.0, 2.0, 3.0, 1.0]","[4, 4, 4, 4, 2, 2, 2, 1]","[4, 4, 4, 4, 3, 2, 2, 1]","[1.0, 1.0, 1.0, 1.0, 0.8, 1.0, 1.0, 2.0]","[2.0, 2.0, 2.0, 1.5, 1.0, 1.5, 1.5, 3.0]","[0, 0, 0, 0, 0, 0, 0, 0]",2009-01-24 11:00,30.0,3,2.0,93.0,2.0,3.0,100.9123351677189,"[296.0, 224.99444902641318, 137.0, 173.0, 81.0]","[(296.0, 170.0), (224.99444902641318, 100.0), (137.0, 220.0), (173.0, 30.0), (81.0, 150.0)]",2.0,1,5,"[17.0, 10.0, 22.0, 3.0, 15.0]","[296.0, 224.99444902641318, 137.0, 173.0, 81.0]"
49810,"[15.0, 15.0, 15.0, 22.0, 2.0, 2.0, 22.0, 3.0, 16.0]","[210.0, 175.0, 181.0, 158.0, 199.0, 158.0, 96.0, 159.41582238929536, 96.0]",3,22.0,"[2.0, 2.0, 22.0, 3.0, 16.0]","[15.0, 30.0, 45.0, 67.0, 69.0, 71.0, 93.0, 96.0, 112.0]","[0.0, 15.0, 30.0, 45.0, 67.0, 69.0, 71.0, 93.0, 96.0]","[1.0, 2.0, 1.5, 1.0, 2.0, 1.0, 1.0, 1.5, 1.0]","[5, 9, 4, 4, 4, 4, 2, 3, 2]","[5, 9, 4, 4, 7, 4, 1, 3, 1]","[2.0, 1.0, 1.0, 1.0, 0.75, 0.75, 0.5, 0.25, 0.5]","[4.0, 2.0, 2.0, 2.0, 1.5, 1.5, 1.5, 0.5, 2.0]","[0, 0, 0, 0, 0, 0, 0, 0, 0]",2009-01-24 12:00,35.0,3,1.0,67.0,1.0,3.0,100.9123351677189,"[199.0, 158.0, 96.0, 159.41582238929536, 96.0]","[(199.0, 20.0), (158.0, 20.0), (96.0, 220.0), (159.41582238929536, 30.0), (96.0, 160.0)]",1.0,1,5,"[2.0, 2.0, 22.0, 3.0, 16.0]","[199.0, 158.0, 96.0, 159.41582238929536, 96.0]"
50090,"[36.5, 0.5, 22.0, 21.0, 2.5, 0.5, 20.0, 17.5, 0.5, 2.0, 16.0, 8.0, 26.0, 13.0, 11.0, 4.0]","[296.0, 264.25, 250.0, 227.0, 191.375, 275.9375, 158.0, 227.0, 281.6875, 167.40359922257957, 174.55248685625125, 149.3118667919715, 167.40359922257957, 174.55248685625125, 101.0, 101.0]",12,26.0,"[13.0, 11.0, 4.0]","[36.5, 37.0, 59.0, 80.0, 82.5, 83.0, 103.0, 120.5, 121.0, 123.0, 139.0, 147.0, 173.0, 186.0, 197.0, 201.0]","[0.0, 36.5, 37.0, 59.0, 80.0, 82.5, 83.0, 103.0, 120.5, 121.0, 123.0, 139.0, 147.0, 173.0, 186.0, 197.0]","[4.0, 3.5, 3.0, 2.5, 1.5, 2.5, 1.0, 2.5, 3.0, 2.0, 2.5, 1.5, 2.0, 2.5, 1.0, 1.0]","[4, 4, 4, 4, 4, 7, 4, 4, 7, 3, 3, 3, 3, 3, 2, 2]","[4, 9, 4, 4, 5, 4, 4, 4, 4, 3, 2, 2, 3, 2, 2, 2]","[0.25, 0.75, 0.5, 0.5, 0.75, 0.5, 1.0, 0.5, 0.5, 0.25, 0.25, 0.25, 0.5, 0.25, 0.5, 0.25]","[0.75, 1.25, 1.0, 1.25, 1.25, 1.25, 1.5, 0.75, 1.0, 0.5, 0.75, 0.5, 0.75, 0.5, 0.75, 0.5]","[0, 0, 0, 0, 0, 1, 0, 0, 1, 0, 0, 0, 0, 0, 0, 0]",2009-01-26 12:00,28.0,3,2.0,173.0,2.0,3.0,100.9123351677189,"[174.55248685625125, 101.0, 101.0]","[(174.55248685625125, 130.0), (101.0, 110.0), (101.0, 40.0)]",2.0,1,3,"[13.0, 11.0, 4.0]","[174.55248685625125, 101.0, 101.0]"
50710,"[26.0, 102.0, 32.5, 0.5, 7.0, 6.5, 0.5, 26.0, 2.0, 17.0]","[227.0, 273.0, 227.0, 272.9777961056527, 176.55269941693467, 227.0, 273.0, 159.80269941693467, 181.06998247500167, 141.8825]",8,2.0,[17.0],"[26.0, 128.0, 160.5, 161.0, 168.0, 174.5, 175.0, 201.0, 203.0, 220.0]","[0.0, 26.0, 128.0, 160.5, 161.0, 168.0, 174.5, 175.0, 201.0, 203.0]","[2.5, 3.5, 2.5, 4.0, 2.0, 2.5, 3.5, 2.0, 2.5, 1.0]","[4, 4, 4, 3, 3, 4, 4, 3, 3, 3]","[4, 4, 4, 3, 4, 4, 4, 2, 3, 2]","[1.5, 1.0, 0.75, 0.25, 0.5, 1.4, 1.0, 0.25, 0.2, 0.25]","[2.0, 1.0, 1.0, 0.25, 1.0, 2.0, 1.0, 1.0, 0.2, 1.0]","[0, 0, 0, 0, 0, 0, 0, 0, 0, 0]",2009-01-29 11:00,33.0,5,2.0,203.0,3.0,1.7,197.7469839309005,[141.8825],"[(141.8825, 170.0)]",3.0,1,1,[17.0],[141.8825]
52010,"[23.0, 1.0, 11.0, 63.0, 34.0, 8.0, 9.0, 1.8000000000000114, 1.0, 0.19999999999998863, 1.5, 0.5, 6.099999999999994, 0.4000000000000057, 0.5, 8.0, 11.0, 4.0, 4.0, 11.0, 6.800000000000011, 0.5999999999999943, 0.09999999999999432, 0.5]","[154.0, 292.25, 196.0, 269.48334707923954, 205.80538713582197, 219.25, 175.0, 219.25, 175.0, 275.9375, 133.0, 138.25, 174.25, 150.5, 232.12522605741117, 202.0738495144293, 159.80269941693467, 129.10395559732385, 174.55248685625125, 164.8118667919715, 114.6275, 140.0, 157.5618667919715, 140.0]",10,1.5,"[0.5, 6.099999999999994, 0.4000000000000057, 0.5, 8.0, 11.0, 4.0, 4.0, 11.0, 6.800000000000011, 0.5999999999999943, 0.09999999999999432, 0.5]","[23.0, 24.0, 35.0, 98.0, 132.0, 140.0, 149.0, 150.8, 151.8, 152.0, 153.5, 154.0, 160.1, 160.5, 161.0, 169.0, 180.0, 184.0, 188.0, 199.0, 205.8, 206.4, 206.5, 207.0]","[0.0, 23.0, 24.0, 35.0, 98.0, 132.0, 140.0, 149.0, 150.8, 151.8, 152.0, 153.5, 154.0, 160.1, 160.5, 161.0, 169.0, 180.0, 184.0, 188.0, 199.0, 205.8, 206.4, 206.5]","[1.5, 3.0, 2.5, 4.0, 3.0, 2.5, 2.0, 2.5, 2.0, 2.5, 1.0, 1.0, 1.5, 1.5, 3.5, 3.0, 2.0, 1.5, 2.5, 1.5, 1.0, 1.0, 1.5, 1.0]","[9, 7, 9, 3, 3, 4, 9, 4, 9, 7, 9, 6, 4, 9, 3, 3, 3, 2, 3, 3, 2, 6, 3, 6]","[9, 7, 9, 9, 9, 9, 9, 9, 9, 4, 9, 9, 9, 6, 3, 3, 2, 3, 2, 4, 3, 6, 7, 6]","[1.0, 1.0, 0.75, 0.5, 0.5, 0.75, 1.0, 0.75, 1.0, 1.0, 1.0, 5.0, 0.5, 2.0, 0.5, 0.5, 0.5, 0.75, 0.5, 0.5, 0.5, 4.0, 0.25, 3.0]","[2.0, 2.0, 1.25, 0.75, 0.75, 1.25, 1.5, 1.25, 1.5, 2.0, 2.0, 8.0, 1.0, 4.0, 0.5, 0.5, 0.75, 1.5, 0.75, 0.75, 1.0, 7.0, 0.5, 6.0]","[0, 1, 0, 0, 0, 0, 0, 0, 0, 1, 0, 0, 0, 0, 0, 0, 0, 0, 0, 0, 0, 0, 0, 0]",2009-02-05 10:00,20.0,5,1.0,153.5,2.0,2.0,197.7469839309005,"[138.25, 174.25, 150.5, 232.12522605741117, 202.0738495144293, 159.80269941693467, 129.10395559732385, 174.55248685625125, 164.8118667919715, 114.6275, 140.0, 157.5618667919715, 140.0]","[(138.25, 5.0), (174.25, 60.99999999999994), (150.5, 4.000000000000057), (232.12522605741117, 5.0), (202.0738495144293, 80.0), (159.80269941693467, 110.0), (129.10395559732385, 40.0), (174.55248685625125, 40.0), (164.8118667919715, 110.0), (114.6275, 68.00000000000011), (140.0, 5.999999999999943), (157.5618667919715, 0.9999999999999432), (140.0, 5.0)]",2.0,1,13,"[0.5, 6.099999999999994, 0.4000000000000057, 0.5, 8.0, 11.0, 4.0, 4.0, 11.0, 6.800000000000011, 0.5999999999999943, 0.09999999999999432, 0.5]","[138.25, 174.25, 150.5, 232.12522605741117, 202.0738495144293, 159.80269941693467, 129.10395559732385, 174.55248685625125, 164.8118667919715, 114.6275, 140.0, 157.5618667919715, 140.0]"
53870,"[15.0, 15.0, 15.0, 20.0, 24.0, 2.0, 8.0, 6.0, 4.0, 1.0, 9.0, 1.5, 0.5, 16.0, 3.0, 18.0, 14.0, 8.0, 6.0]","[152.25, 175.0, 196.0, 154.0, 152.25, 202.0738495144293, 154.0, 196.0, 154.0, 275.9375, 175.0, 133.0, 133.0, 181.06998247500167, 129.10395559732385, 141.8825, 144.6008998056449, 114.6275, 159.80269941693467]",12,0.5,"[16.0, 3.0, 18.0, 14.0, 8.0, 6.0]","[15.0, 30.0, 45.0, 65.0, 89.0, 91.0, 99.0, 105.0, 109.0, 110.0, 119.0, 120.5, 121.0, 137.0, 140.0, 158.0, 172.0, 180.0, 186.0]","[0.0, 15.0, 30.0, 45.0, 65.0, 89.0, 91.0, 99.0, 105.0, 109.0, 110.0, 119.0, 120.5, 121.0, 137.0, 140.0, 158.0, 172.0, 180.0]","[1.0, 2.0, 2.5, 1.5, 1.0, 3.0, 1.5, 2.5, 1.5, 2.5, 2.0, 1.0, 1.0, 2.5, 1.5, 1.0, 2.0, 1.0, 2.0]","[9, 9, 9, 9, 9, 3, 9, 9, 9, 7, 9, 9, 9, 3, 2, 3, 2, 2, 3]","[5, 9, 9, 9, 5, 3, 9, 9, 9, 4, 9, 9, 9, 3, 3, 2, 3, 3, 2]","[1.5, 1.0, 0.5, 1.0, 1.0, 0.5, 0.75, 0.5, 0.5, 0.75, 0.5, 0.75, 0.75, 0.5, 0.5, 0.5, 0.5, 0.5, 0.5]","[3.0, 2.0, 1.0, 2.0, 2.0, 0.5, 1.5, 1.0, 1.0, 1.5, 1.0, 1.25, 1.5, 0.5, 1.5, 1.0, 1.0, 1.0, 1.0]","[0, 0, 0, 0, 0, 0, 0, 0, 0, 1, 0, 0, 0, 0, 0, 0, 0, 0, 0]",2009-02-19 11:00,20.0,5,2.0,121.0,3.0,3.0,197.7469839309005,"[181.06998247500167, 129.10395559732385, 141.8825, 144.6008998056449, 114.6275, 159.80269941693467]","[(181.06998247500167, 160.0), (129.10395559732385, 30.0), (141.8825, 180.0), (144.6008998056449, 140.0), (114.6275, 80.0), (159.80269941693467, 60.0)]",3.0,1,6,"[16.0, 3.0, 18.0, 14.0, 8.0, 6.0]","[181.06998247500167, 129.10395559732385, 141.8825, 144.6008998056449, 114.6275, 159.80269941693467]"
54510,"[15.0, 7.0, 31.0, 15.0, 0.5, 1.2000000000000028, 0.29999999999999716, 7.0, 15.0, 7.0, 1.0, 2.0, 5.0, 7.5, 0.5, 1.0, 7.0, 2.700000000000003, 0.29999999999999716, 16.0, 23.0, 12.0, 7.5, 0.5, 1.0]","[171.125, 217.0, 259.0, 139.25, 275.9375, 175.0, 171.125, 217.0, 175.0, 139.25, 152.25, 196.0, 175.0, 154.0, 133.0, 292.25, 184.80248685625125, 160.75, 139.25, 232.12522605741117, 159.80269941693467, 159.80269941693467, 141.8825, 189.80248685625125, 105.75]",10,1.0,"[2.0, 5.0, 7.5, 0.5, 1.0, 7.0, 2.700000000000003, 0.29999999999999716, 16.0, 23.0, 12.0, 7.5, 0.5, 1.0]","[15.0, 22.0, 53.0, 68.0, 68.5, 69.7, 70.0, 77.0, 92.0, 99.0, 100.0, 102.0, 107.0, 114.5, 115.0, 116.0, 123.0, 125.7, 126.0, 142.0, 165.0, 177.0, 184.5, 185.0, 186.0]","[0.0, 15.0, 22.0, 53.0, 68.0, 68.5, 69.7, 70.0, 77.0, 92.0, 99.0, 100.0, 102.0, 107.0, 114.5, 115.0, 116.0, 123.0, 125.7, 126.0, 142.0, 165.0, 177.0, 184.5, 185.0]","[1.5, 3.0, 4.0, 1.0, 2.5, 2.0, 1.5, 3.0, 2.0, 1.0, 1.0, 2.5, 2.0, 1.5, 1.0, 3.0, 2.5, 1.5, 1.0, 3.5, 2.0, 2.0, 1.0, 2.5, 1.0]","[9, 9, 9, 9, 7, 9, 9, 9, 9, 9, 9, 9, 9, 9, 9, 7, 3, 9, 9, 3, 3, 3, 3, 3, 2]","[5, 9, 9, 4, 4, 9, 5, 9, 9, 4, 5, 9, 9, 9, 9, 7, 9, 4, 4, 3, 2, 2, 2, 7, 0]","[1.5, 0.75, 0.5, 1.0, 1.0, 0.75, 1.0, 0.75, 0.75, 0.75, 1.0, 0.5, 0.75, 0.5, 0.75, 0.5, 0.5, 0.5, 0.75, 0.25, 0.5, 0.25, 0.5, 0.5, 0.75]","[3.0, 1.5, 1.0, 2.0, 1.5, 1.5, 1.5, 1.0, 1.25, 1.5, 2.0, 0.75, 1.25, 1.0, 1.5, 1.25, 0.75, 1.0, 1.0, 0.5, 1.0, 0.75, 1.0, 0.5, 1.5]","[0, 0, 0, 0, 1, 0, 0, 0, 0, 0, 0, 0, 0, 0, 0, 1, 0, 0, 0, 0, 0, 0, 0, 0, 0]",2009-02-26 11:00,21.0,6,1.0,100.0,3.0,3.0,439.4377420686678,"[196.0, 175.0, 154.0, 133.0, 292.25, 184.80248685625125, 160.75, 139.25, 232.12522605741117, 159.80269941693467, 159.80269941693467, 141.8825, 189.80248685625125, 105.75]","[(196.0, 20.0), (175.0, 50.0), (154.0, 75.0), (133.0, 5.0), (292.25, 10.0), (184.80248685625125, 70.0), (160.75, 27.00000000000003), (139.25, 2.9999999999999716), (232.12522605741117, 160.0), (159.80269941693467, 230.0), (159.80269941693467, 120.0), (141.8825, 75.0), (189.80248685625125, 5.0), (105.75, 10.0)]",3.0,1,14,"[2.0, 5.0, 7.5, 0.5, 1.0, 7.0, 2.700000000000003, 0.29999999999999716, 16.0, 23.0, 12.0, 7.5, 0.5, 1.0]","[196.0, 175.0, 154.0, 133.0, 292.25, 184.80248685625125, 160.75, 139.25, 232.12522605741117, 159.80269941693467, 159.80269941693467, 141.8825, 189.80248685625125, 105.75]"
56330,"[20.0, 48.0, 35.0, 7.0, 10.0, 6.0, 7.0, 13.0, 2.5, 0.5, 11.0, 10.0, 2.0]","[235.0, 205.375, 272.875, 205.375, 220.0, 197.0, 252.5, 181.0, 151.75, 250.0, 154.80269941693467, 86.0, 114.10395559732385]",8,2.5,"[0.5, 11.0, 10.0, 2.0]","[20.0, 68.0, 103.0, 110.0, 120.0, 126.0, 133.0, 146.0, 148.5, 149.0, 160.0, 170.0, 172.0]","[0.0, 20.0, 68.0, 103.0, 110.0, 120.0, 126.0, 133.0, 146.0, 148.5, 149.0, 160.0, 170.0]","[2.0, 1.5, 3.5, 1.5, 2.0, 1.0, 3.0, 1.5, 1.0, 3.0, 2.0, 1.0, 1.5]","[5, 5, 4, 5, 5, 5, 4, 4, 4, 4, 3, 1, 1]","[5, 9, 5, 9, 9, 4, 5, 4, 9, 4, 1, 2, 3]","[2.0, 3.0, 1.0, 2.0, 2.0, 2.0, 2.0, 1.0, 1.0, 1.0, 0.5, 1.0, 0.5]","[4.0, 4.0, 1.5, 3.0, 2.0, 3.0, 3.0, 2.5, 2.0, 2.0, 1.0, 1.5, 0.5]","[0, 0, 0, 0, 0, 0, 0, 0, 0, 0, 0, 0, 0]",2009-03-13 09:00,35.0,3,1.0,148.5,1.0,3.0,100.9123351677189,"[250.0, 154.80269941693467, 86.0, 114.10395559732385]","[(250.0, 5.0), (154.80269941693467, 110.0), (86.0, 100.0), (114.10395559732385, 20.0)]",1.0,1,4,"[0.5, 11.0, 10.0, 2.0]","[250.0, 154.80269941693467, 86.0, 114.10395559732385]"
57270,"[12.0, 2.0, 18.0, 2.0, 14.0, 19.0, 21.0, 17.0]","[202.0738495144293, 236.51846237860732, 202.0738495144293, 277.21880651435276, 174.55248685625125, 144.6008998056449, 119.0, 96.0]",5,19.0,"[21.0, 17.0]","[37.0, 39.0, 57.0, 59.0, 73.0, 92.0, 113.0, 130.0]","[25.0, 37.0, 39.0, 57.0, 59.0, 73.0, 92.0, 113.0]","[3.0, 3.0, 3.0, 3.5, 2.5, 2.0, 1.5, 1.0]","[3, 7, 3, 7, 3, 2, 2, 2]","[3, 3, 3, 3, 2, 3, 2, 1]","[0.25, 0.25, 0.25, 0.5, 0.25, 0.25, 0.25, 0.25]","[0.5, 0.75, 0.25, 1.0, 0.5, 1.0, 1.0, 1.0]","[0, 0, 0, 1, 0, 0, 0, 0]",2009-03-14 09:00,32.0,4,2.0,92.0,3.0,2.0,131.83132262060033,"[119.0, 96.0]","[(119.0, 210.0), (96.0, 170.0)]",3.0,1,2,"[21.0, 17.0]","[119.0, 96.0]"
57491,"[38.0, 7.0, 13.0, 11.5, 0.5, 11.0, 13.0, 7.0, 11.0, 1.0, 9.0, 5.0, 11.0, 1.0, 1.0, 7.0, 1.0]","[248.0, 292.25, 280.0, 280.0, 440.0, 292.25, 292.25, 211.0, 292.25, 120.0, 184.0, 292.25, 167.40359922257957, 440.0, 149.3118667919715, 292.25, 144.5]",10,9.0,"[5.0, 11.0, 1.0, 1.0, 7.0, 1.0]","[38.0, 45.0, 58.0, 69.5, 70.0, 81.0, 94.0, 101.0, 112.0, 113.0, 122.0, 127.0, 138.0, 139.0, 140.0, 147.0, 148.0]","[0.0, 38.0, 45.0, 58.0, 69.5, 70.0, 81.0, 94.0, 101.0, 112.0, 113.0, 122.0, 127.0, 138.0, 139.0, 140.0, 147.0]","[3.0, 4.0, 3.5, 3.5, 6.0, 3.0, 4.0, 2.5, 3.5, 1.0, 2.0, 4.0, 2.0, 6.0, 1.5, 4.0, 1.0]","[7, 7, 7, 7, 8, 7, 7, 7, 7, 7, 7, 7, 3, 8, 3, 7, 6]","[7, 7, 7, 7, 8, 7, 7, 9, 7, 7, 7, 7, 3, 8, 2, 7, 4]","[1.0, 1.0, 0.5, 0.5, nan, 1.0, 1.0, 1.0, 1.0, 1.0, 0.5, 1.0, 0.25, nan, 0.25, 0.5, 1.0]","[1.0, 1.5, 0.5, 1.0, nan, 1.5, 1.0, 1.0, 2.0, 1.0, 1.0, 2.0, 0.5, nan, 1.0, 1.0, 1.0]","[0, 1, 0, 0, 0, 1, 1, 0, 1, 0, 0, 1, 0, 0, 0, 1, 0]",2009-03-17 09:00,24.0,4,1.0,122.0,2.0,1.0,131.83132262060033,"[292.25, 167.40359922257957, 440.0, 149.3118667919715, 292.25, 144.5]","[(292.25, 50.0), (167.40359922257957, 110.0), (440.0, 10.0), (149.3118667919715, 10.0), (292.25, 70.0), (144.5, 10.0)]",2.0,1,6,"[5.0, 11.0, 1.0, 1.0, 7.0, 1.0]","[292.25, 167.40359922257957, 440.0, 149.3118667919715, 292.25, 144.5]"
57650,"[10.0, 27.0, 11.0, 22.0, 16.0, 13.0, 6.0, 3.0, 1.0, 14.0, 9.0, 2.5, 0.5]","[248.5, 203.75, 196.75, 196.0, 232.12522605741117, 232.12522605741117, 202.0738495144293, 174.55248685625125, 177.25, 214.05538713582197, 114.6275, 202.0738495144293, 287.4375]",7,3.0,"[1.0, 14.0, 9.0, 2.5, 0.5]","[10.0, 37.0, 48.0, 70.0, 86.0, 99.0, 105.0, 108.0, 109.0, 123.0, 132.0, 134.5, 135.0]","[0.0, 10.0, 37.0, 48.0, 70.0, 86.0, 99.0, 105.0, 108.0, 109.0, 123.0, 132.0, 134.5]","[3.5, 2.5, 2.0, 2.5, 3.5, 3.5, 3.0, 2.5, 2.0, 3.0, 1.0, 3.0, 3.5]","[9, 9, 4, 9, 3, 3, 3, 3, 9, 3, 2, 3, 7]","[7, 4, 9, 9, 3, 3, 3, 2, 7, 4, 3, 3, 4]","[1.0, 1.0, 1.0, 1.0, 0.25, 0.25, 0.25, 0.25, 1.0, 0.25, 0.25, 0.25, 0.5]","[2.0, 3.0, 4.0, 2.5, 0.75, 0.5, 0.5, 0.75, 1.5, 1.0, 1.0, 0.5, 1.0]","[0, 0, 0, 0, 0, 0, 0, 0, 0, 0, 0, 0, 1]",2009-03-18 12:00,27.0,6,3.0,108.0,3.0,1.0,439.4377420686678,"[177.25, 214.05538713582197, 114.6275, 202.0738495144293, 287.4375]","[(177.25, 10.0), (214.05538713582197, 140.0), (114.6275, 90.0), (202.0738495144293, 25.0), (287.4375, 5.0)]",3.0,1,5,"[1.0, 14.0, 9.0, 2.5, 0.5]","[177.25, 214.05538713582197, 114.6275, 202.0738495144293, 287.4375]"
58010,"[33.0, 52.0, 10.0, 34.0, 1.0, 10.0, 1.0, 15.0, 3.0, 3.0, 3.0, 17.0]","[247.5, 227.0, 250.0, 232.12522605741117, 238.01846237860732, 181.06998247500167, 249.5, 176.55269941693467, 151.75, 173.75, 86.0, 86.0]",4,1.0,"[10.0, 1.0, 15.0, 3.0, 3.0, 3.0, 17.0]","[33.0, 85.0, 95.0, 129.0, 130.0, 140.0, 141.0, 156.0, 159.0, 162.0, 165.0, 182.0]","[0.0, 33.0, 85.0, 95.0, 129.0, 130.0, 140.0, 141.0, 156.0, 159.0, 162.0, 165.0]","[2.5, 2.5, 3.0, 3.5, 3.0, 2.5, 3.0, 2.0, 1.0, 1.5, 1.0, 1.0]","[5, 4, 4, 3, 4, 3, 4, 3, 4, 4, 1, 1]","[5, 4, 4, 3, 3, 3, 7, 4, 9, 7, 2, 2]","[1.0, 1.0, 1.0, 0.25, 1.0, 0.25, 1.0, 0.5, 1.0, 1.0, 1.0, 1.0]","[3.0, 2.0, 1.5, 0.5, 1.0, 0.5, 1.0, 1.0, 1.0, 1.0, 1.0, 1.0]","[0, 0, 0, 0, 0, 0, 0, 0, 0, 0, 0, 0]",2009-03-25 10:00,32.0,5,3.0,130.0,3.0,2.0,197.7469839309005,"[181.06998247500167, 249.5, 176.55269941693467, 151.75, 173.75, 86.0, 86.0]","[(181.06998247500167, 100.0), (249.5, 10.0), (176.55269941693467, 150.0), (151.75, 30.0), (173.75, 30.0), (86.0, 30.0), (86.0, 170.0)]",3.0,1,7,"[10.0, 1.0, 15.0, 3.0, 3.0, 3.0, 17.0]","[181.06998247500167, 249.5, 176.55269941693467, 151.75, 173.75, 86.0, 86.0]"
58030,"[10.0, 25.0, 9.0, 5.0, 5.200000000000003, 0.7999999999999972, 5.0, 5.0, 5.0, 1.0, 6.0, 4.0, 2.0, 5.0, 4.0, 4.0, 2.0, 1.5, 0.5]","[272.9777961056527, 232.12522605741117, 202.0738495144293, 232.12522605741117, 167.40359922257957, 292.25, 158.0618667919715, 181.06998247500167, 159.80269941693467, 292.25, 181.06998247500167, 149.3118667919715, 167.40359922257957, 149.3118667919715, 167.40359922257957, 143.75, 192.55248685625125, 292.25, 171.0]",8,5.0,"[1.0, 6.0, 4.0, 2.0, 5.0, 4.0, 4.0, 2.0, 1.5, 0.5]","[10.0, 35.0, 44.0, 49.0, 54.2, 55.0, 60.0, 65.0, 70.0, 71.0, 77.0, 81.0, 83.0, 88.0, 92.0, 96.0, 98.0, 99.5, 100.0]","[0.0, 10.0, 35.0, 44.0, 49.0, 54.2, 55.0, 60.0, 65.0, 70.0, 71.0, 77.0, 81.0, 83.0, 88.0, 92.0, 96.0, 98.0, 99.5]","[4.0, 3.5, 3.0, 3.5, 2.0, 1.5, 1.5, 2.5, 2.0, 3.5, 2.5, 1.5, 2.0, 1.5, 2.0, 1.0, 2.5, 4.0, 1.0]","[3, 3, 3, 3, 3, 7, 3, 3, 3, 7, 3, 3, 3, 3, 3, 4, 3, 7, 4]","[3, 3, 3, 3, 3, 7, 9, 3, 2, 7, 3, 2, 3, 2, 3, 2, 4, 7, 5]","[0.5, 0.25, 0.5, 0.25, 0.5, 0.75, 0.5, 0.5, 0.5, 1.0, 0.5, 0.5, 0.25, 0.5, 0.5, 0.5, 0.5, 0.5, 0.5]","[0.5, 0.5, 0.5, 0.5, 0.5, 1.5, 1.0, 0.5, 1.0, 1.0, 0.5, 1.0, 0.5, 0.75, 0.5, 1.0, 0.75, 1.0, 1.0]","[0, 0, 0, 0, 0, 1, 0, 0, 0, 1, 0, 0, 0, 0, 0, 0, 0, 1, 0]",2009-03-18 10:00,33.0,5,2.0,70.0,3.0,2.0,197.7469839309005,"[292.25, 181.06998247500167, 149.3118667919715, 167.40359922257957, 149.3118667919715, 167.40359922257957, 143.75, 192.55248685625125, 292.25, 171.0]","[(292.25, 10.0), (181.06998247500167, 60.0), (149.3118667919715, 40.0), (167.40359922257957, 20.0), (149.3118667919715, 50.0), (167.40359922257957, 40.0), (143.75, 40.0), (192.55248685625125, 20.0), (292.25, 15.0), (171.0, 5.0)]",3.0,1,10,"[1.0, 6.0, 4.0, 2.0, 5.0, 4.0, 4.0, 2.0, 1.5, 0.5]","[292.25, 181.06998247500167, 149.3118667919715, 167.40359922257957, 149.3118667919715, 167.40359922257957, 143.75, 192.55248685625125, 292.25, 171.0]"
6681,"[5.0, 30.0, 5.0, 15.0, 1.0, 6.5, 2.5, 1.0, 1.0, 3.0, 5.0, 16.5, 0.5, 5.0, 10.0, 2.0, 4.0, 1.0, 1.0]","[291.75, 190.75, 175.0, 152.25, 270.1875, 152.25, 281.6875, 190.75, 275.9375, 190.75, 152.25, 151.75, 226.0625, 164.8118667919715, 156.1325, 164.8118667919715, 156.1325, 167.40359922257957, 95.75]",8,1.0,"[3.0, 5.0, 16.5, 0.5, 5.0, 10.0, 2.0, 4.0, 1.0, 1.0]","[5.0, 35.0, 40.0, 55.0, 56.0, 62.5, 65.0, 66.0, 67.0, 70.0, 75.0, 91.5, 92.0, 97.0, 107.0, 109.0, 113.0, 114.0, 115.0]","[0.0, 5.0, 35.0, 40.0, 55.0, 56.0, 62.5, 65.0, 66.0, 67.0, 70.0, 75.0, 91.5, 92.0, 97.0, 107.0, 109.0, 113.0, 114.0]","[4.0, 1.0, 2.0, 1.0, 2.0, 1.0, 3.0, 1.0, 2.5, 1.0, 1.0, 1.0, 2.0, 1.5, 1.0, 1.5, 1.0, 2.0, 1.0]","[5, 5, 9, 9, 7, 9, 7, 5, 7, 5, 9, 4, 4, 3, 3, 3, 3, 3, 1]","[7, 9, 9, 5, 4, 5, 4, 9, 4, 9, 5, 9, 7, 4, 4, 4, 4, 3, 6]","[2.0, 2.0, 1.0, 1.5, 1.0, 1.5, 1.0, 2.0, 1.0, 3.0, 1.5, 0.75, 0.5, 0.5, 0.5, 0.5, 0.25, 0.25, 4.0]","[3.0, 4.0, 1.5, 2.5, 2.0, 3.0, 1.5, 3.0, 2.0, 5.0, 2.5, 1.5, 1.0, 1.0, 0.75, 0.75, 0.75, 0.5, 7.0]","[0, 0, 0, 0, 1, 0, 1, 0, 1, 0, 0, 0, 1, 0, 0, 0, 0, 0, 0]",2002-02-18 11:00,28.0,4,1.0,67.0,2.0,2.0,131.83132262060033,"[190.75, 152.25, 151.75, 226.0625, 164.8118667919715, 156.1325, 164.8118667919715, 156.1325, 167.40359922257957, 95.75]","[(190.75, 30.0), (152.25, 50.0), (151.75, 165.0), (226.0625, 5.0), (164.8118667919715, 50.0), (156.1325, 100.0), (164.8118667919715, 20.0), (156.1325, 40.0), (167.40359922257957, 10.0), (95.75, 10.0)]",2.0,1,10,"[3.0, 5.0, 16.5, 0.5, 5.0, 10.0, 2.0, 4.0, 1.0, 1.0]","[190.75, 152.25, 151.75, 226.0625, 164.8118667919715, 156.1325, 164.8118667919715, 156.1325, 167.40359922257957, 95.75]"
6688,"[20.0, 2.0, 8.0, 1.0, 9.0, 48.0, 15.0, 11.0, 1.0, 3.0, 21.0, 5.0, 8.0, 14.599999999999994, 0.4000000000000057, 5.0, 13.0, 4.0, 22.0, 9.0, 5.699999999999989, 0.5, 0.5, 1.200000000000017, 0.09999999999999432]","[277.8125, 277.8125, 217.0, 277.8125, 259.0, 238.0, 175.0, 133.0, 134.75, 196.0, 175.0, 203.75, 182.25, 184.80248685625125, 247.15641954305838, 202.0738495144293, 176.55269941693467, 164.8118667919715, 181.06998247500167, 164.8118667919715, 115.25, 208.8125, 192.5, 158.0, 148.5]",12,8.0,"[14.599999999999994, 0.4000000000000057, 5.0, 13.0, 4.0, 22.0, 9.0, 5.699999999999989, 0.5, 0.5, 1.200000000000017, 0.09999999999999432]","[20.0, 22.0, 30.0, 31.0, 40.0, 88.0, 103.0, 114.0, 115.0, 118.0, 139.0, 144.0, 152.0, 166.6, 167.0, 172.0, 185.0, 189.0, 211.0, 220.0, 225.7, 226.2, 226.7, 227.9, 228.0]","[0.0, 20.0, 22.0, 30.0, 31.0, 40.0, 88.0, 103.0, 114.0, 115.0, 118.0, 139.0, 144.0, 152.0, 166.6, 167.0, 172.0, 185.0, 189.0, 211.0, 220.0, 225.7, 226.2, 226.7, 227.9]","[3.5, 3.5, 3.0, 3.5, 4.0, 3.5, 2.0, 1.0, 1.0, 2.5, 2.0, 2.5, 2.0, 2.5, 3.5, 3.0, 2.0, 1.5, 2.5, 1.5, 1.0, 1.5, 1.0, 1.0, 1.0]","[4, 4, 9, 4, 9, 9, 9, 9, 9, 9, 9, 9, 9, 3, 3, 3, 3, 3, 3, 3, 2, 4, 5, 4, 4]","[7, 7, 9, 7, 9, 9, 9, 9, 6, 9, 9, 4, 4, 9, 7, 3, 4, 4, 3, 4, 4, 7, 6, 4, 7]","[1.0, 1.0, 1.0, 1.0, 0.5, 0.5, 1.5, 1.0, 2.5, 0.25, 0.75, 0.5, 0.5, 0.5, 0.5, 0.25, 0.5, 0.5, 0.25, 0.25, 0.75, 0.5, 2.0, 0.5, 0.5]","[2.0, 2.0, 2.0, 2.0, 1.0, 1.0, 2.5, 2.0, 5.0, 1.25, 1.5, 1.0, 1.0, 0.75, 0.5, 0.5, 0.75, 0.75, 0.5, 0.5, 1.5, 1.0, 5.0, 1.0, 0.5]","[1, 1, 0, 1, 0, 0, 0, 0, 0, 0, 0, 0, 0, 0, 1, 0, 0, 0, 0, 0, 0, 1, 0, 0, 0]",2003-02-19 09:00,35.0,6,3.0,152.0,3.0,1.0,439.4377420686678,"[184.80248685625125, 247.15641954305838, 202.0738495144293, 176.55269941693467, 164.8118667919715, 181.06998247500167, 164.8118667919715, 115.25, 208.8125, 192.5, 158.0, 148.5]","[(184.80248685625125, 145.99999999999994), (247.15641954305838, 4.000000000000057), (202.0738495144293, 50.0), (176.55269941693467, 130.0), (164.8118667919715, 40.0), (181.06998247500167, 220.0), (164.8118667919715, 90.0), (115.25, 56.999999999999886), (208.8125, 5.0), (192.5, 5.0), (158.0, 12.00000000000017), (148.5, 0.9999999999999432)]",3.0,1,12,"[14.599999999999994, 0.4000000000000057, 5.0, 13.0, 4.0, 22.0, 9.0, 5.699999999999989, 0.5, 0.5, 1.200000000000017, 0.09999999999999432]","[184.80248685625125, 247.15641954305838, 202.0738495144293, 176.55269941693467, 164.8118667919715, 181.06998247500167, 164.8118667919715, 115.25, 208.8125, 192.5, 158.0, 148.5]"
6781,"[15.0, 4.0, 1.0, 7.0, 1.0, 10.0, 16.0, 1.0, 1.0, 4.0, 1.0, 12.0, 11.0, 3.0, 1.0]","[291.75, 197.0, 277.8125, 204.0, 293.1875, 171.0, 191.375, 158.0, 204.0, 158.0, 204.0, 181.0, 158.0, 96.0, 114.0]",7,1.0,"[1.0, 4.0, 1.0, 12.0, 11.0, 3.0, 1.0]","[15.0, 19.0, 20.0, 27.0, 28.0, 38.0, 54.0, 55.0, 56.0, 60.0, 61.0, 73.0, 84.0, 87.0, 88.0]","[0.0, 15.0, 19.0, 20.0, 27.0, 28.0, 38.0, 54.0, 55.0, 56.0, 60.0, 61.0, 73.0, 84.0, 87.0]","[4.0, 1.0, 3.5, 2.0, 4.0, 1.0, 1.5, 1.0, 2.0, 1.0, 2.0, 1.5, 1.0, 1.0, 1.5]","[5, 5, 4, 4, 7, 4, 4, 4, 4, 4, 4, 4, 4, 2, 2]","[7, 4, 7, 4, 4, 5, 5, 4, 4, 4, 4, 4, 4, 1, 1]","[2.0, 1.5, 1.0, 0.75, 1.0, 1.0, 1.0, 0.75, 0.5, 0.75, 0.75, 0.75, 0.75, 0.5, 0.5]","[3.0, 2.5, 1.5, 1.5, 1.0, 2.0, 2.0, 1.5, 1.0, 1.5, 1.0, 1.25, 1.5, 1.5, 1.5]","[0, 0, 1, 0, 1, 0, 0, 0, 0, 0, 0, 0, 0, 0, 0]",2002-01-22 10:00,32.0,4,2.0,55.0,3.0,2.0,131.83132262060033,"[204.0, 158.0, 204.0, 181.0, 158.0, 96.0, 114.0]","[(204.0, 10.0), (158.0, 40.0), (204.0, 10.0), (181.0, 120.0), (158.0, 110.0), (96.0, 30.0), (114.0, 10.0)]",3.0,1,7,"[1.0, 4.0, 1.0, 12.0, 11.0, 3.0, 1.0]","[204.0, 158.0, 204.0, 181.0, 158.0, 96.0, 114.0]"
6802,"[22.0, 1.0, 23.0, 3.5, 0.5, 4.0, 22.0, 4.0]","[210.0, 232.125, 210.0, 260.5625, 295.0625, 171.0, 158.0, 96.0]",2,23.0,"[3.5, 0.5, 4.0, 22.0, 4.0]","[22.0, 23.0, 46.0, 49.5, 50.0, 54.0, 76.0, 80.0]","[0.0, 22.0, 23.0, 46.0, 49.5, 50.0, 54.0, 76.0]","[1.0, 2.5, 1.0, 3.0, 4.0, 1.0, 1.0, 1.0]","[5, 4, 5, 4, 4, 4, 4, 2]","[5, 5, 5, 7, 7, 5, 4, 1]","[3.0, 2.0, 1.0, 1.0, 1.0, 1.0, 0.75, 0.5]","[4.0, 2.0, 3.0, 1.5, 1.5, 2.0, 1.5, 1.5]","[0, 1, 0, 1, 1, 0, 0, 0]",2002-01-22 13:00,40.0,5,2.0,46.0,3.0,2.0,197.7469839309005,"[260.5625, 295.0625, 171.0, 158.0, 96.0]","[(260.5625, 35.0), (295.0625, 5.0), (171.0, 40.0), (158.0, 220.0), (96.0, 40.0)]",3.0,1,5,"[3.5, 0.5, 4.0, 22.0, 4.0]","[260.5625, 295.0625, 171.0, 158.0, 96.0]"
6814,"[8.0, 15.0, 20.0, 3.0, 1.0, 2.0, 13.0, 3.0, 27.0, 2.0, 3.0, 0.5]","[197.0, 191.375, 171.0, 252.5, 287.4375, 210.0, 171.0, 204.0, 158.0, 167.40359922257957, 101.0, 140.0]",4,1.0,"[2.0, 13.0, 3.0, 27.0, 2.0, 3.0, 0.5]","[8.0, 23.0, 43.0, 46.0, 47.0, 49.0, 62.0, 65.0, 92.0, 94.0, 97.0, 97.5]","[0.0, 8.0, 23.0, 43.0, 46.0, 47.0, 49.0, 62.0, 65.0, 92.0, 94.0, 97.0]","[1.0, 1.5, 1.0, 3.0, 3.5, 1.0, 1.0, 2.0, 1.0, 2.0, 1.0, 1.0]","[5, 4, 4, 4, 7, 5, 4, 4, 4, 3, 2, 6]","[4, 5, 5, 5, 4, 5, 5, 4, 4, 3, 2, 6]","[2.0, 1.0, 1.0, 1.0, 1.0, 1.0, 1.0, 0.5, 0.75, 0.25, 0.5, 1.0]","[4.0, 2.0, 2.0, 2.0, 2.0, 3.0, 2.0, 1.0, 1.5, 0.5, 1.0, 1.0]","[0, 0, 0, 0, 1, 0, 0, 0, 0, 0, 0, 0]",2002-01-23 15:00,37.0,3,1.0,47.0,1.0,2.0,100.9123351677189,"[210.0, 171.0, 204.0, 158.0, 167.40359922257957, 101.0, 140.0]","[(210.0, 20.0), (171.0, 130.0), (204.0, 30.0), (158.0, 270.0), (167.40359922257957, 20.0), (101.0, 30.0), (140.0, 5.0)]",1.0,1,7,"[2.0, 13.0, 3.0, 27.0, 2.0, 3.0, 0.5]","[210.0, 171.0, 204.0, 158.0, 167.40359922257957, 101.0, 140.0]"
6826,"[20.0, 3.0, 19.0, 3.0, 2.0, 1.0, 14.0, 11.0, 2.0, 10.299999999999997, 0.7000000000000028, 3.5999999999999943, 0.4000000000000057, 0.0]","[309.125, 222.5, 211.75, 226.0625, 187.5, 226.0625, 204.0, 181.0, 227.0, 158.0, 204.0, 141.8825, 114.0, 140.0]",3,3.0,"[2.0, 1.0, 14.0, 11.0, 2.0, 10.299999999999997, 0.7000000000000028, 3.5999999999999943, 0.4000000000000057, 0.0]","[20.0, 23.0, 42.0, 45.0, 47.0, 48.0, 62.0, 73.0, 75.0, 85.3, 86.0, 89.6, 90.0, 90.0]","[0.0, 20.0, 23.0, 42.0, 45.0, 47.0, 48.0, 62.0, 73.0, 75.0, 85.3, 86.0, 89.6, 90.0]","[4.5, 1.5, 2.0, 2.0, 1.0, 2.0, 2.0, 1.5, 2.5, 1.0, 2.0, 1.0, 1.5, 1.0]","[5, 5, 4, 4, 5, 4, 4, 4, 4, 4, 4, 3, 2, 6]","[7, 5, 5, 7, 7, 7, 4, 4, 4, 4, 4, 2, 1, 6]","[2.0, 3.0, 1.0, 0.75, 2.0, 1.0, 1.0, 0.5, 0.5, 0.75, 0.5, 0.25, 0.5, 1.0]","[3.0, 5.0, 2.0, 1.5, 4.0, 2.0, 1.5, 1.25, 1.0, 1.25, 0.75, 0.75, 1.0, 1.0]","[0, 0, 0, 1, 0, 1, 0, 0, 0, 0, 0, 0, 0, 0]",2002-01-23 10:00,33.0,6,3.0,45.0,3.0,1.0,439.4377420686678,"[187.5, 226.0625, 204.0, 181.0, 227.0, 158.0, 204.0, 141.8825, 114.0, 140.0]","[(187.5, 20.0), (226.0625, 10.0), (204.0, 140.0), (181.0, 110.0), (227.0, 20.0), (158.0, 102.99999999999997), (204.0, 7.000000000000028), (141.8825, 35.99999999999994), (114.0, 4.000000000000057), (140.0, 0.0)]",3.0,1,10,"[2.0, 1.0, 14.0, 11.0, 2.0, 10.299999999999997, 0.7000000000000028, 3.5999999999999943, 0.4000000000000057, 0.0]","[187.5, 226.0625, 204.0, 181.0, 227.0, 158.0, 204.0, 141.8825, 114.0, 140.0]"
6831,"[16.0, 24.0, 17.0, 4.0, 2.0, 0.5, 0.5, 4.0, 8.0, 12.0, 12.0, 10.0, 14.0, 12.0, 15.5, 0.5, 8.0]","[191.375, 250.0, 204.0, 250.0, 287.4375, 191.375, 243.3125, 158.0, 204.0, 250.0, 204.0, 181.0, 204.0, 181.0, 158.0, 192.55248685625125, 101.0]",6,0.5,"[4.0, 8.0, 12.0, 12.0, 10.0, 14.0, 12.0, 15.5, 0.5, 8.0]","[16.0, 40.0, 57.0, 61.0, 63.0, 63.5, 64.0, 68.0, 76.0, 88.0, 100.0, 110.0, 124.0, 136.0, 151.5, 152.0, 160.0]","[0.0, 16.0, 40.0, 57.0, 61.0, 63.0, 63.5, 64.0, 68.0, 76.0, 88.0, 100.0, 110.0, 124.0, 136.0, 151.5, 152.0]","[1.5, 3.0, 2.0, 3.0, 3.5, 1.5, 2.5, 1.0, 2.0, 3.0, 2.0, 1.5, 2.0, 1.5, 1.0, 2.5, 1.0]","[4, 4, 4, 4, 7, 4, 4, 4, 4, 4, 4, 4, 4, 4, 4, 3, 2]","[5, 4, 4, 4, 4, 5, 7, 4, 4, 4, 4, 4, 4, 4, 4, 4, 2]","[1.0, 0.5, 0.5, 0.5, 1.0, 1.0, 1.0, 1.0, 0.75, 0.5, 0.5, 0.75, 0.5, 0.5, 0.5, 0.25, 0.5]","[3.0, 0.75, 1.0, 1.0, 2.0, 2.0, 1.0, 2.0, 1.25, 0.75, 0.75, 1.25, 0.75, 0.75, 0.75, 0.5, 1.0]","[0, 0, 0, 0, 1, 0, 1, 0, 0, 0, 0, 0, 0, 0, 0, 0, 0]",2002-01-23 13:00,35.0,6,3.0,64.0,3.0,1.0,439.4377420686678,"[158.0, 204.0, 250.0, 204.0, 181.0, 204.0, 181.0, 158.0, 192.55248685625125, 101.0]","[(158.0, 40.0), (204.0, 80.0), (250.0, 120.0), (204.0, 120.0), (181.0, 100.0), (204.0, 140.0), (181.0, 120.0), (158.0, 155.0), (192.55248685625125, 5.0), (101.0, 80.0)]",3.0,1,10,"[4.0, 8.0, 12.0, 12.0, 10.0, 14.0, 12.0, 15.5, 0.5, 8.0]","[158.0, 204.0, 250.0, 204.0, 181.0, 204.0, 181.0, 158.0, 192.55248685625125, 101.0]"
6833,"[28.0, 1.0, 6.5, 1.5, 3.0, 4.0, 5.0, 1.0]","[210.0, 204.875, 210.0, 222.25, 197.0, 260.5625, 158.0, 181.0]",4,3.0,"[4.0, 5.0, 1.0]","[28.0, 29.0, 35.5, 37.0, 40.0, 44.0, 49.0, 50.0]","[0.0, 28.0, 29.0, 35.5, 37.0, 40.0, 44.0, 49.0]","[1.0, 1.5, 1.0, 2.0, 1.0, 3.0, 1.0, 1.5]","[5, 5, 5, 5, 5, 4, 4, 4]","[5, 7, 5, 7, 4, 7, 4, 4]","[3.0, 2.0, 3.0, 2.0, 2.0, 1.0, 0.5, 0.5]","[5.0, 4.0, 5.0, 4.0, 3.0, 1.0, 0.75, 0.75]","[0, 0, 0, 0, 0, 1, 0, 0]",2002-02-12 10:00,36.0,5,3.0,40.0,3.0,3.0,197.7469839309005,"[260.5625, 158.0, 181.0]","[(260.5625, 40.0), (158.0, 50.0), (181.0, 10.0)]",3.0,1,3,"[4.0, 5.0, 1.0]","[260.5625, 158.0, 181.0]"
6837,"[18.0, 9.0, 9.0, 9.0, 3.0, 13.0, 4.0, 10.0, 4.5, 0.5, 3.0, 4.0, 8.0]","[190.75, 196.75, 190.75, 220.0, 190.75, 171.0, 241.75, 171.0, 221.84391954305838, 247.15641954305838, 141.8825, 164.8118667919715, 114.6275]",7,10.0,"[4.5, 0.5, 3.0, 4.0, 8.0]","[18.0, 27.0, 36.0, 45.0, 48.0, 61.0, 65.0, 75.0, 79.5, 80.0, 83.0, 87.0, 95.0]","[0.0, 18.0, 27.0, 36.0, 45.0, 48.0, 61.0, 65.0, 75.0, 79.5, 80.0, 83.0, 87.0]","[1.0, 2.0, 1.0, 2.0, 1.0, 1.0, 3.0, 1.0, 3.5, 3.5, 1.0, 1.5, 1.0]","[5, 4, 5, 5, 5, 4, 4, 4, 3, 3, 3, 3, 2]","[9, 9, 9, 9, 9, 5, 9, 5, 2, 7, 2, 4, 3]","[1.5, 0.75, 1.0, 1.5, 2.0, 1.0, 0.75, 1.0, 0.5, 0.5, 0.25, 0.25, 0.25]","[3.0, 1.5, 2.0, 2.5, 3.0, 2.0, 1.5, 2.0, 0.75, 0.5, 0.75, 0.75, 0.75]","[0, 0, 0, 0, 0, 0, 0, 0, 0, 1, 0, 0, 0]",2002-02-12 11:00,32.0,3,1.0,75.0,1.0,3.0,100.9123351677189,"[221.84391954305838, 247.15641954305838, 141.8825, 164.8118667919715, 114.6275]","[(221.84391954305838, 45.0), (247.15641954305838, 5.0), (141.8825, 30.0), (164.8118667919715, 40.0), (114.6275, 80.0)]",1.0,1,5,"[4.5, 0.5, 3.0, 4.0, 8.0]","[221.84391954305838, 247.15641954305838, 141.8825, 164.8118667919715, 114.6275]"
6841,"[15.0, 13.0, 17.0, 7.0, 14.0, 3.0, 1.0, 3.0, 6.0, 7.0, 18.0, 5.0, 2.0, 3.0, 4.0, 10.5, 0.5, 20.0, 4.0, 3.0]","[190.0, 190.75, 174.25, 204.0, 174.25, 219.25, 151.75, 154.0, 192.55248685625125, 194.8508998056449, 181.0, 232.12522605741117, 143.75, 153.75, 164.8118667919715, 115.25, 159.80269941693467, 141.8825, 159.80269941693467, 141.8825]",11,5.0,"[2.0, 3.0, 4.0, 10.5, 0.5, 20.0, 4.0, 3.0]","[15.0, 28.0, 45.0, 52.0, 66.0, 69.0, 70.0, 73.0, 79.0, 86.0, 104.0, 109.0, 111.0, 114.0, 118.0, 128.5, 129.0, 149.0, 153.0, 156.0]","[0.0, 15.0, 28.0, 45.0, 52.0, 66.0, 69.0, 70.0, 73.0, 79.0, 86.0, 104.0, 109.0, 111.0, 114.0, 118.0, 128.5, 129.0, 149.0, 153.0]","[2.0, 1.0, 1.5, 2.0, 1.5, 2.5, 1.0, 1.5, 2.5, 2.0, 1.5, 3.5, 1.0, 2.0, 1.5, 1.0, 2.0, 1.0, 2.0, 1.0]","[9, 5, 4, 4, 4, 4, 4, 9, 3, 4, 4, 3, 4, 2, 3, 2, 3, 3, 3, 3]","[5, 9, 9, 4, 9, 9, 9, 9, 4, 3, 4, 3, 2, 4, 4, 4, 2, 2, 2, 2]","[2.0, 2.0, 0.75, 0.5, 0.75, 0.5, 0.75, 0.5, 0.5, 0.5, 0.5, 0.5, 0.5, 0.5, 0.5, 0.5, 0.25, 0.28, 0.25, 0.25]","[3.0, 3.0, 1.5, 0.75, 1.5, 1.0, 1.25, 1.0, 0.75, 0.75, 1.0, 0.5, 1.0, 0.75, 0.75, 1.0, 0.5, 0.75, 0.5, 0.5]","[0, 0, 0, 0, 0, 0, 0, 0, 0, 0, 0, 0, 0, 0, 0, 0, 0, 0, 0, 0]",2002-02-12 10:00,37.0,6,3.0,109.0,3.0,3.0,439.4377420686678,"[143.75, 153.75, 164.8118667919715, 115.25, 159.80269941693467, 141.8825, 159.80269941693467, 141.8825]","[(143.75, 20.0), (153.75, 30.0), (164.8118667919715, 40.0), (115.25, 105.0), (159.80269941693467, 5.0), (141.8825, 200.0), (159.80269941693467, 40.0), (141.8825, 30.0)]",3.0,1,8,"[2.0, 3.0, 4.0, 10.5, 0.5, 20.0, 4.0, 3.0]","[143.75, 153.75, 164.8118667919715, 115.25, 159.80269941693467, 141.8825, 159.80269941693467, 141.8825]"
6845,"[3.0, 14.0, 11.0, 17.0, 10.0, 7.0, 10.0, 12.0, 11.0]","[274.75, 190.75, 204.0, 158.0, 194.80538713582197, 149.3118667919715, 141.8825, 149.3118667919715, 141.8825]",6,10.0,"[12.0, 11.0]","[3.0, 17.0, 28.0, 45.0, 55.0, 62.0, 72.0, 84.0, 95.0]","[0.0, 3.0, 17.0, 28.0, 45.0, 55.0, 62.0, 72.0, 84.0]","[3.5, 1.0, 2.0, 1.0, 3.0, 1.5, 1.0, 1.5, 1.0]","[4, 5, 4, 4, 3, 3, 3, 3, 3]","[7, 9, 4, 4, 2, 2, 2, 2, 2]","[1.0, 2.0, 0.5, 0.5, 0.5, 0.5, 0.5, 0.25, 0.25]","[2.0, 3.0, 0.75, 1.0, 0.75, 0.75, 0.75, 0.5, 0.5]","[0, 0, 0, 0, 0, 0, 0, 0, 0]",2002-02-12 13:00,41.0,2,1.0,72.0,1.0,3.0,80.0,"[149.3118667919715, 141.8825]","[(149.3118667919715, 120.0), (141.8825, 110.0)]",1.0,1,2,"[12.0, 11.0]","[149.3118667919715, 141.8825]"
6849,"[7.0, 9.0, 6.0, 11.0, 13.0, 15.0, 2.0, 1.0, 1.0, 9.0, 2.0, 9.0, 3.0, 4.0, 17.5, 0.5, 16.0, 1.0, 6.0, 9.0]","[152.25, 175.0, 152.25, 219.25, 196.75, 152.25, 218.75, 190.75, 226.0625, 190.75, 196.75, 152.25, 199.0, 190.75, 158.0, 171.55269941693467, 141.8825, 120.0, 149.3118667919715, 141.8825]",12,3.0,"[4.0, 17.5, 0.5, 16.0, 1.0, 6.0, 9.0]","[7.0, 16.0, 22.0, 33.0, 46.0, 61.0, 63.0, 64.0, 65.0, 74.0, 76.0, 85.0, 88.0, 92.0, 109.5, 110.0, 126.0, 127.0, 133.0, 142.0]","[0.0, 7.0, 16.0, 22.0, 33.0, 46.0, 61.0, 63.0, 64.0, 65.0, 74.0, 76.0, 85.0, 88.0, 92.0, 109.5, 110.0, 126.0, 127.0, 133.0]","[1.0, 2.0, 1.0, 2.5, 2.0, 1.0, 2.5, 1.0, 2.0, 1.0, 2.0, 1.0, 2.0, 1.0, 1.0, 2.0, 1.0, 1.0, 1.5, 1.0]","[9, 9, 9, 4, 4, 9, 7, 5, 4, 5, 4, 9, 4, 5, 4, 3, 3, 0, 3, 3]","[5, 9, 5, 9, 9, 5, 4, 9, 7, 9, 9, 5, 7, 9, 4, 7, 2, 0, 2, 2]","[1.5, 0.75, 1.0, 0.75, 1.0, 1.0, 1.0, 1.5, 1.0, 1.5, 1.0, 1.5, 1.0, 1.0, 0.5, 0.5, 0.25, 1.0, 0.25, 0.5]","[3.0, 1.0, 2.0, 1.0, 1.5, 2.0, 2.0, 2.5, 2.0, 3.0, 2.0, 3.0, 2.0, 2.5, 0.75, 0.5, 0.75, 1.0, 0.75, 1.0]","[0, 0, 0, 0, 0, 0, 0, 0, 1, 0, 0, 0, 0, 0, 0, 0, 0, 0, 0, 0]",2002-02-12 13:00,37.0,3,1.0,88.0,1.0,3.0,100.9123351677189,"[190.75, 158.0, 171.55269941693467, 141.8825, 120.0, 149.3118667919715, 141.8825]","[(190.75, 40.0), (158.0, 175.0), (171.55269941693467, 5.0), (141.8825, 160.0), (120.0, 10.0), (149.3118667919715, 60.0), (141.8825, 90.0)]",1.0,1,7,"[4.0, 17.5, 0.5, 16.0, 1.0, 6.0, 9.0]","[190.75, 158.0, 171.55269941693467, 141.8825, 120.0, 149.3118667919715, 141.8825]"
6881,"[13.0, 15.0, 12.0, 20.0, 1.0, 4.0, 2.0, 2.0, 6.0, 3.0, 12.0, 2.0, 7.5, 1.5, 6.700000000000003, 0.29999999999999716, 13.0, 13.0, 16.30000000000001, 0.6999999999999886]","[190.75, 196.0, 205.375, 152.25, 262.9375, 151.75, 287.4375, 152.25, 174.25, 196.75, 174.25, 196.75, 181.0, 171.0, 164.8118667919715, 264.4375, 149.3118667919715, 141.8825, 141.8825, 198.61519941693467]",6,2.0,"[2.0, 6.0, 3.0, 12.0, 2.0, 7.5, 1.5, 6.700000000000003, 0.29999999999999716, 13.0, 13.0, 16.30000000000001, 0.6999999999999886]","[13.0, 28.0, 40.0, 60.0, 61.0, 65.0, 67.0, 69.0, 75.0, 78.0, 90.0, 92.0, 99.5, 101.0, 107.7, 108.0, 121.0, 134.0, 150.3, 151.0]","[0.0, 13.0, 28.0, 40.0, 60.0, 61.0, 65.0, 67.0, 69.0, 75.0, 78.0, 90.0, 92.0, 99.5, 101.0, 107.7, 108.0, 121.0, 134.0, 150.3]","[1.0, 2.5, 1.5, 1.0, 2.0, 1.0, 3.5, 1.0, 1.5, 2.0, 1.5, 2.0, 1.5, 1.0, 1.5, 1.5, 1.5, 1.0, 1.0, 2.0]","[5, 9, 5, 9, 7, 4, 7, 9, 4, 4, 4, 4, 4, 4, 3, 7, 3, 3, 3, 3]","[9, 9, 9, 5, 9, 9, 4, 5, 9, 9, 9, 9, 4, 5, 4, 4, 2, 2, 2, 7]","[2.0, 1.0, 1.5, 1.0, 0.75, 1.0, 1.0, 1.5, 0.75, 0.5, 0.5, 0.5, 0.5, 1.0, 0.5, 0.5, 0.25, 0.5, 0.25, 0.5]","[4.0, 1.5, 2.5, 2.0, 1.5, 2.0, 2.0, 2.5, 1.0, 0.75, 1.0, 1.0, 1.0, 1.5, 0.75, 1.0, 0.75, 1.0, 0.75, 0.5]","[0, 0, 0, 0, 1, 0, 1, 0, 0, 0, 0, 0, 0, 0, 0, 1, 0, 0, 0, 1]",2002-02-13 10:00,34.0,5,1.0,67.0,2.0,3.0,197.7469839309005,"[152.25, 174.25, 196.75, 174.25, 196.75, 181.0, 171.0, 164.8118667919715, 264.4375, 149.3118667919715, 141.8825, 141.8825, 198.61519941693467]","[(152.25, 20.0), (174.25, 60.0), (196.75, 30.0), (174.25, 120.0), (196.75, 20.0), (181.0, 75.0), (171.0, 15.0), (164.8118667919715, 67.00000000000003), (264.4375, 2.9999999999999716), (149.3118667919715, 130.0), (141.8825, 130.0), (141.8825, 163.0000000000001), (198.61519941693467, 6.999999999999886)]",2.0,1,13,"[2.0, 6.0, 3.0, 12.0, 2.0, 7.5, 1.5, 6.700000000000003, 0.29999999999999716, 13.0, 13.0, 16.30000000000001, 0.6999999999999886]","[152.25, 174.25, 196.75, 174.25, 196.75, 181.0, 171.0, 164.8118667919715, 264.4375, 149.3118667919715, 141.8825, 141.8825, 198.61519941693467]"
6885,"[15.0, 20.0, 15.0, 9.0, 1.0, 4.0, 2.0, 3.0, 15.0, 14.0, 24.0, 13.0, 5.0, 4.0, 21.0, 4.0, 6.0, 2.0, 1.0]","[205.375, 196.0, 175.0, 175.0, 275.9375, 205.375, 281.6875, 190.75, 196.75, 151.75, 196.75, 133.0, 152.25, 281.6875, 141.8825, 292.25, 155.51, 292.25, 120.0]",12,5.0,"[4.0, 21.0, 4.0, 6.0, 2.0, 1.0]","[15.0, 35.0, 50.0, 59.0, 60.0, 64.0, 66.0, 69.0, 84.0, 98.0, 122.0, 135.0, 140.0, 144.0, 165.0, 169.0, 175.0, 177.0, 178.0]","[0.0, 15.0, 35.0, 50.0, 59.0, 60.0, 64.0, 66.0, 69.0, 84.0, 98.0, 122.0, 135.0, 140.0, 144.0, 165.0, 169.0, 175.0, 177.0]","[1.5, 2.5, 2.0, 2.0, 2.5, 1.5, 3.0, 1.0, 2.0, 1.0, 2.0, 1.0, 1.0, 3.0, 1.0, 2.5, 1.0, 3.0, 1.0]","[5, 9, 9, 9, 7, 5, 7, 5, 4, 4, 4, 9, 9, 7, 3, 7, 3, 7, 7]","[9, 9, 9, 9, 4, 9, 4, 9, 9, 9, 9, 9, 5, 4, 2, 7, 3, 7, 7]","[1.5, 0.75, 1.0, 0.75, 1.0, 1.5, 1.0, 1.5, 0.75, 1.0, 0.75, 0.75, 1.0, 1.0, 0.25, 0.5, 0.25, 0.5, 0.5]","[3.0, 1.25, 1.5, 1.25, 1.5, 2.0, 1.5, 3.0, 1.0, 1.5, 1.0, 1.0, 2.0, 1.5, 0.5, 0.75, 0.5, 1.0, 0.75]","[0, 0, 0, 0, 1, 0, 1, 0, 0, 0, 0, 0, 0, 1, 0, 1, 0, 1, 0]",2002-02-13 11:00,39.0,5,1.0,140.0,2.0,3.0,197.7469839309005,"[281.6875, 141.8825, 292.25, 155.51, 292.25, 120.0]","[(281.6875, 40.0), (141.8825, 210.0), (292.25, 40.0), (155.51, 60.0), (292.25, 20.0), (120.0, 10.0)]",2.0,1,6,"[4.0, 21.0, 4.0, 6.0, 2.0, 1.0]","[281.6875, 141.8825, 292.25, 155.51, 292.25, 120.0]"
6889,"[15.0, 20.0, 22.0, 2.0, 3.0, 15.0, 5.0, 1.0, 14.0, 8.0, 10.0, 7.0, 14.0, 13.0, 3.0, 0.0]","[190.75, 219.25, 174.25, 281.6875, 152.25, 151.75, 174.25, 270.1875, 174.25, 250.0, 204.0, 158.0, 149.3118667919715, 114.6275, 149.3118667919715, 140.0]",11,7.0,"[14.0, 13.0, 3.0, 0.0]","[15.0, 35.0, 57.0, 59.0, 62.0, 77.0, 82.0, 83.0, 97.0, 105.0, 115.0, 122.0, 136.0, 149.0, 152.0, 152.0]","[0.0, 15.0, 35.0, 57.0, 59.0, 62.0, 77.0, 82.0, 83.0, 97.0, 105.0, 115.0, 122.0, 136.0, 149.0, 152.0]","[1.0, 2.5, 1.5, 3.0, 1.0, 1.0, 1.5, 2.0, 1.5, 3.0, 2.0, 1.0, 1.5, 1.0, 1.5, 1.0]","[5, 4, 4, 7, 9, 4, 4, 7, 4, 4, 4, 4, 3, 2, 3, 6]","[9, 9, 9, 4, 5, 9, 9, 4, 9, 4, 4, 4, 2, 3, 2, 6]","[1.5, 0.75, 1.0, 1.0, 1.5, 0.75, 0.75, 0.5, 0.75, 0.5, 0.5, 0.75, 0.25, 0.25, 0.25, 1.0]","[3.0, 1.25, 1.5, 2.0, 3.0, 1.5, 1.25, 1.0, 1.0, 0.75, 0.75, 1.0, 0.75, 0.75, 0.5, 2.0]","[0, 0, 0, 1, 0, 0, 0, 1, 0, 0, 0, 0, 0, 0, 0, 0]",2002-02-13 13:00,33.0,2,1.0,122.0,1.0,3.0,80.0,"[149.3118667919715, 114.6275, 149.3118667919715, 140.0]","[(149.3118667919715, 140.0), (114.6275, 130.0), (149.3118667919715, 30.0), (140.0, 0.0)]",1.0,1,4,"[14.0, 13.0, 3.0, 0.0]","[149.3118667919715, 114.6275, 149.3118667919715, 140.0]"
6893,"[16.0, 10.0, 9.0, 22.0, 1.0, 3.0, 3.0, 2.0, 17.0, 4.0, 19.0, 2.0, 13.0, 0.0]","[190.75, 196.0, 154.0, 133.0, 275.9375, 158.0, 281.6875, 190.75, 151.75, 174.25, 151.75, 270.1875, 141.8825, 140.0]",7,2.0,"[17.0, 4.0, 19.0, 2.0, 13.0, 0.0]","[16.0, 26.0, 35.0, 57.0, 58.0, 61.0, 64.0, 66.0, 83.0, 87.0, 106.0, 108.0, 121.0, 121.0]","[0.0, 16.0, 26.0, 35.0, 57.0, 58.0, 61.0, 64.0, 66.0, 83.0, 87.0, 106.0, 108.0, 121.0]","[1.0, 2.5, 1.5, 1.0, 2.5, 1.0, 3.0, 1.0, 1.0, 1.5, 1.0, 2.0, 1.0, 1.0]","[5, 9, 9, 9, 7, 4, 7, 5, 4, 4, 4, 7, 3, 6]","[9, 9, 9, 9, 4, 4, 4, 9, 9, 9, 9, 4, 2, 6]","[1.5, 0.75, 1.0, 1.0, 1.0, 1.0, 1.0, 1.5, 1.0, 0.75, 0.75, 0.5, 0.25, 0.75]","[3.0, 1.5, 1.5, 2.0, 1.5, 2.0, 2.0, 3.0, 2.0, 1.25, 1.25, 0.75, 0.75, 1.25]","[0, 0, 0, 0, 1, 0, 1, 0, 0, 0, 0, 1, 0, 0]",2002-02-13 14:00,36.0,5,2.0,66.0,3.0,3.0,197.7469839309005,"[151.75, 174.25, 151.75, 270.1875, 141.8825, 140.0]","[(151.75, 170.0), (174.25, 40.0), (151.75, 190.0), (270.1875, 20.0), (141.8825, 130.0), (140.0, 0.0)]",3.0,1,6,"[17.0, 4.0, 19.0, 2.0, 13.0, 0.0]","[151.75, 174.25, 151.75, 270.1875, 141.8825, 140.0]"
6937,"[18.0, 23.0, 3.0, 1.0, 4.0, 11.0, 4.0, 6.0, 11.0, 7.0, 6.0, 2.0]","[174.25, 190.75, 171.125, 270.1875, 151.75, 156.1325, 198.61519941693467, 149.3118667919715, 141.8825, 149.3118667919715, 141.8825, 171.55269941693467]",1,23.0,"[3.0, 1.0, 4.0, 11.0, 4.0, 6.0, 11.0, 7.0, 6.0, 2.0]","[18.0, 41.0, 44.0, 45.0, 49.0, 60.0, 64.0, 70.0, 81.0, 88.0, 94.0, 96.0]","[0.0, 18.0, 41.0, 44.0, 45.0, 49.0, 60.0, 64.0, 70.0, 81.0, 88.0, 94.0]","[1.5, 1.0, 1.5, 2.0, 1.0, 1.0, 2.0, 1.5, 1.0, 1.5, 1.0, 2.0]","[4, 5, 9, 7, 4, 3, 3, 3, 3, 3, 3, 3]","[9, 9, 5, 4, 9, 4, 7, 2, 2, 2, 2, 7]","[1.0, 2.0, 2.0, 2.0, 1.0, 0.5, 0.25, 0.25, 0.25, 0.25, 0.25, 0.5]","[1.5, 4.0, 3.0, 3.0, 2.0, 0.75, 0.5, 0.5, 0.5, 0.5, 0.5, 0.5]","[0, 0, 0, 1, 0, 0, 1, 0, 0, 0, 0, 0]",2002-02-26 09:00,38.0,4,2.0,41.0,3.0,2.0,131.83132262060033,"[171.125, 270.1875, 151.75, 156.1325, 198.61519941693467, 149.3118667919715, 141.8825, 149.3118667919715, 141.8825, 171.55269941693467]","[(171.125, 30.0), (270.1875, 10.0), (151.75, 40.0), (156.1325, 110.0), (198.61519941693467, 40.0), (149.3118667919715, 60.0), (141.8825, 110.0), (149.3118667919715, 70.0), (141.8825, 60.0), (171.55269941693467, 20.0)]",3.0,1,10,"[3.0, 1.0, 4.0, 11.0, 4.0, 6.0, 11.0, 7.0, 6.0, 2.0]","[171.125, 270.1875, 151.75, 156.1325, 198.61519941693467, 149.3118667919715, 141.8825, 149.3118667919715, 141.8825, 171.55269941693467]"
6944,"[19.0, 10.0, 18.0, 5.0, 1.0, 1.0, 3.0, 20.700000000000003, 0.29999999999999716, 6.0, 5.0, 11.0, 3.0, 3.0, 1.0, 14.0, 1.0, 15.0, 2.0, 1.0]","[190.75, 196.0, 133.0, 275.9375, 190.75, 264.4375, 190.75, 151.75, 226.0625, 151.75, 260.5625, 151.75, 281.6875, 156.1325, 243.3125, 141.8825, 198.61519941693467, 141.8825, 264.45499561875044, 90.75]",14,1.0,"[14.0, 1.0, 15.0, 2.0, 1.0]","[19.0, 29.0, 47.0, 52.0, 53.0, 54.0, 57.0, 77.7, 78.0, 84.0, 89.0, 100.0, 103.0, 106.0, 107.0, 121.0, 122.0, 137.0, 139.0, 140.0]","[0.0, 19.0, 29.0, 47.0, 52.0, 53.0, 54.0, 57.0, 77.7, 78.0, 84.0, 89.0, 100.0, 103.0, 106.0, 107.0, 121.0, 122.0, 137.0, 139.0]","[1.0, 2.5, 1.0, 2.5, 1.0, 1.5, 1.0, 1.0, 2.0, 1.0, 3.0, 1.0, 3.0, 1.0, 2.5, 1.0, 2.0, 1.0, 2.5, 1.0]","[5, 9, 9, 7, 5, 7, 5, 4, 4, 4, 4, 4, 7, 3, 4, 3, 3, 3, 7, 1]","[9, 9, 9, 4, 9, 4, 9, 9, 7, 9, 7, 9, 4, 4, 7, 2, 7, 2, 3, 0]","[2.0, 1.0, 1.0, 1.0, 1.5, 1.0, 1.0, 0.75, 1.0, 0.75, 1.0, 0.5, 0.5, 0.5, 0.5, 0.25, 0.5, 0.5, 0.5, 0.25]","[3.0, 1.5, 2.0, 1.5, 3.0, 2.0, 2.5, 1.5, 1.0, 1.0, 2.0, 1.0, 1.0, 0.75, 0.75, 0.75, 0.5, 1.0, 0.75, 1.0]","[0, 0, 0, 1, 0, 1, 0, 0, 1, 0, 1, 0, 1, 0, 1, 0, 1, 0, 1, 0]",2002-02-27 11:00,35.0,3,2.0,107.0,2.0,3.0,100.9123351677189,"[141.8825, 198.61519941693467, 141.8825, 264.45499561875044, 90.75]","[(141.8825, 140.0), (198.61519941693467, 10.0), (141.8825, 150.0), (264.45499561875044, 20.0), (90.75, 10.0)]",2.0,1,5,"[14.0, 1.0, 15.0, 2.0, 1.0]","[141.8825, 198.61519941693467, 141.8825, 264.45499561875044, 90.75]"
6948,"[17.0, 11.0, 24.0, 1.0, 1.0, 1.0, 5.0, 5.0, 9.0, 4.799999999999997, 0.20000000000000284, 18.799999999999997, 0.20000000000000284, 11.0, 11.0, 13.0, 11.0, 1.0]","[190.75, 175.0, 190.75, 275.9375, 190.75, 264.4375, 151.75, 196.75, 151.75, 174.25, 270.1875, 156.1325, 264.4375, 141.8825, 174.55248685625125, 167.40359922257957, 159.41582238929536, 167.40359922257957]",3,1.0,"[1.0, 1.0, 5.0, 5.0, 9.0, 4.799999999999997, 0.20000000000000284, 18.799999999999997, 0.20000000000000284, 11.0, 11.0, 13.0, 11.0, 1.0]","[17.0, 28.0, 52.0, 53.0, 54.0, 55.0, 60.0, 65.0, 74.0, 78.8, 79.0, 97.8, 98.0, 109.0, 120.0, 133.0, 144.0, 145.0]","[0.0, 17.0, 28.0, 52.0, 53.0, 54.0, 55.0, 60.0, 65.0, 74.0, 78.8, 79.0, 97.8, 98.0, 109.0, 120.0, 133.0, 144.0]","[1.0, 2.0, 1.0, 2.5, 1.0, 1.5, 1.0, 2.0, 1.0, 1.5, 2.0, 1.0, 1.5, 1.0, 2.5, 2.0, 1.5, 2.0]","[5, 9, 5, 7, 5, 7, 4, 4, 4, 4, 7, 3, 7, 3, 3, 3, 3, 3]","[9, 9, 9, 4, 9, 4, 9, 9, 9, 9, 4, 4, 4, 2, 2, 3, 3, 3]","[3.0, 1.0, 1.5, 1.0, 1.5, 1.0, 1.0, 0.75, 0.75, 0.75, 0.5, 0.5, 0.5, 0.5, 0.25, 0.25, 0.25, 0.25]","[5.0, 2.0, 3.0, 2.0, 3.0, 2.0, 1.5, 1.0, 1.25, 1.0, 1.0, 0.75, 1.0, 0.75, 0.5, 0.5, 0.5, 0.5]","[0, 0, 0, 1, 0, 1, 0, 0, 0, 0, 1, 0, 1, 0, 0, 0, 0, 0]",2002-02-27 12:00,30.0,4,1.0,53.0,2.0,3.0,131.83132262060033,"[190.75, 264.4375, 151.75, 196.75, 151.75, 174.25, 270.1875, 156.1325, 264.4375, 141.8825, 174.55248685625125, 167.40359922257957, 159.41582238929536, 167.40359922257957]","[(190.75, 10.0), (264.4375, 10.0), (151.75, 50.0), (196.75, 50.0), (151.75, 90.0), (174.25, 47.99999999999997), (270.1875, 2.0000000000000284), (156.1325, 187.99999999999997), (264.4375, 2.0000000000000284), (141.8825, 110.0), (174.55248685625125, 110.0), (167.40359922257957, 130.0), (159.41582238929536, 110.0), (167.40359922257957, 10.0)]",2.0,1,14,"[1.0, 1.0, 5.0, 5.0, 9.0, 4.799999999999997, 0.20000000000000284, 18.799999999999997, 0.20000000000000284, 11.0, 11.0, 13.0, 11.0, 1.0]","[190.75, 264.4375, 151.75, 196.75, 151.75, 174.25, 270.1875, 156.1325, 264.4375, 141.8825, 174.55248685625125, 167.40359922257957, 159.41582238929536, 167.40359922257957]"
6952,"[19.0, 2.0, 8.0, 1.0, 4.0, 1.0, 2.5, 0.5, 17.5, 1.5, 8.0, 4.0, 1.0]","[210.0, 204.875, 210.0, 249.3125, 190.75, 275.9375, 151.75, 208.8125, 151.75, 189.80248685625125, 141.8825, 167.40359922257957, 146.6325]",3,1.0,"[4.0, 1.0, 2.5, 0.5, 17.5, 1.5, 8.0, 4.0, 1.0]","[19.0, 21.0, 29.0, 30.0, 34.0, 35.0, 37.5, 38.0, 55.5, 57.0, 65.0, 69.0, 70.0]","[0.0, 19.0, 21.0, 29.0, 30.0, 34.0, 35.0, 37.5, 38.0, 55.5, 57.0, 65.0, 69.0]","[1.0, 1.5, 1.0, 2.0, 1.0, 2.5, 1.0, 1.5, 1.0, 2.5, 1.0, 2.0, 1.0]","[5, 5, 5, 5, 5, 7, 4, 4, 4, 3, 3, 3, 3]","[5, 7, 5, 7, 9, 4, 9, 7, 9, 7, 2, 3, 0]","[3.0, 2.0, 2.0, 2.0, 2.0, 1.0, 1.0, 1.0, 0.5, 0.5, 0.25, 0.25, 0.25]","[5.0, 5.0, 5.0, 2.0, 3.0, 1.0, 1.0, 1.0, 1.0, 0.5, 0.5, 0.5, 1.0]","[0, 0, 0, 1, 0, 1, 0, 1, 0, 0, 0, 0, 0]",2002-02-27 15:00,32.0,3,2.0,30.0,2.0,3.0,100.9123351677189,"[190.75, 275.9375, 151.75, 208.8125, 151.75, 189.80248685625125, 141.8825, 167.40359922257957, 146.6325]","[(190.75, 40.0), (275.9375, 10.0), (151.75, 25.0), (208.8125, 5.0), (151.75, 175.0), (189.80248685625125, 15.0), (141.8825, 80.0), (167.40359922257957, 40.0), (146.6325, 10.0)]",2.0,1,9,"[4.0, 1.0, 2.5, 0.5, 17.5, 1.5, 8.0, 4.0, 1.0]","[190.75, 275.9375, 151.75, 208.8125, 151.75, 189.80248685625125, 141.8825, 167.40359922257957, 146.6325]"
6953,"[6.0, 14.0, 4.0, 7.0, 1.0, 4.0, 2.0, 4.0, 12.5, 0.5, 7.0, 11.0, 5.0, 12.0, 1.5, 0.5]","[220.0, 190.75, 205.375, 190.75, 277.9375, 190.75, 249.3125, 190.75, 190.75, 208.8125, 164.8118667919715, 164.8118667919715, 155.51, 159.41582238929536, 167.40359922257957, 155.51]",7,4.0,"[12.5, 0.5, 7.0, 11.0, 5.0, 12.0, 1.5, 0.5]","[6.0, 20.0, 24.0, 31.0, 32.0, 36.0, 38.0, 42.0, 54.5, 55.0, 62.0, 73.0, 78.0, 90.0, 91.5, 92.0]","[0.0, 6.0, 20.0, 24.0, 31.0, 32.0, 36.0, 38.0, 42.0, 54.5, 55.0, 62.0, 73.0, 78.0, 90.0, 91.5]","[2.0, 1.0, 1.5, 1.0, 2.0, 1.0, 2.0, 1.0, 1.0, 1.5, 1.5, 1.5, 1.0, 1.5, 2.0, 1.0]","[5, 5, 5, 5, 7, 5, 5, 5, 5, 4, 3, 3, 3, 3, 3, 3]","[9, 9, 9, 9, 5, 9, 7, 9, 9, 7, 4, 4, 3, 3, 3, 3]","[2.0, 3.0, 1.0, 2.0, 2.0, 2.0, 2.0, 3.0, 1.5, 1.0, 0.5, 0.5, 0.25, 0.25, 0.25, 0.25]","[4.0, 6.0, 3.0, 4.0, 3.0, 4.0, 3.0, 5.0, 2.5, 2.0, 0.75, 0.75, 0.5, 0.25, 0.25, 0.25]","[0, 0, 0, 0, 1, 0, 1, 0, 0, 1, 0, 0, 0, 0, 0, 0]",2002-02-27 16:00,25.0,3,1.0,42.0,1.0,3.0,100.9123351677189,"[190.75, 208.8125, 164.8118667919715, 164.8118667919715, 155.51, 159.41582238929536, 167.40359922257957, 155.51]","[(190.75, 125.0), (208.8125, 5.0), (164.8118667919715, 70.0), (164.8118667919715, 110.0), (155.51, 50.0), (159.41582238929536, 120.0), (167.40359922257957, 15.0), (155.51, 5.0)]",1.0,1,8,"[12.5, 0.5, 7.0, 11.0, 5.0, 12.0, 1.5, 0.5]","[190.75, 208.8125, 164.8118667919715, 164.8118667919715, 155.51, 159.41582238929536, 167.40359922257957, 155.51]"
7019,"[15.0, 10.0, 20.0, 2.0, 1.6000000000000014, 0.3999999999999986, 6.0, 10.599999999999994, 0.4000000000000057, 4.299999999999997, 0.7000000000000028, 41.0]","[190.75, 205.375, 190.75, 275.9375, 190.75, 270.1875, 159.41582238929536, 156.1325, 275.9375, 141.8825, 101.0, 141.8825]",2,20.0,"[2.0, 1.6000000000000014, 0.3999999999999986, 6.0, 10.599999999999994, 0.4000000000000057, 4.299999999999997, 0.7000000000000028, 41.0]","[15.0, 25.0, 45.0, 47.0, 48.6, 49.0, 55.0, 65.6, 66.0, 70.3, 71.0, 112.0]","[0.0, 15.0, 25.0, 45.0, 47.0, 48.6, 49.0, 55.0, 65.6, 66.0, 70.3, 71.0]","[1.0, 1.5, 1.0, 2.5, 1.0, 2.0, 1.5, 1.0, 2.5, 1.0, 1.0, 1.0]","[5, 5, 5, 7, 5, 7, 3, 3, 7, 3, 2, 3]","[9, 9, 9, 4, 9, 4, 3, 4, 4, 2, 2, 2]","[3.0, 2.0, 2.0, 1.5, 1.5, 1.0, 0.5, 0.5, 1.0, 0.25, 1.0, 0.25]","[5.0, 4.0, 4.0, 2.0, 3.0, 1.5, 0.5, 0.75, 1.0, 0.75, 1.0, 0.75]","[0, 0, 0, 1, 0, 1, 0, 0, 1, 0, 0, 0]",2002-03-20 11:00,36.0,3,1.0,45.0,1.0,3.0,100.9123351677189,"[275.9375, 190.75, 270.1875, 159.41582238929536, 156.1325, 275.9375, 141.8825, 101.0, 141.8825]","[(275.9375, 20.0), (190.75, 16.000000000000014), (270.1875, 3.999999999999986), (159.41582238929536, 60.0), (156.1325, 105.99999999999994), (275.9375, 4.000000000000057), (141.8825, 42.99999999999997), (101.0, 7.000000000000028), (141.8825, 410.0)]",1.0,1,9,"[2.0, 1.6000000000000014, 0.3999999999999986, 6.0, 10.599999999999994, 0.4000000000000057, 4.299999999999997, 0.7000000000000028, 41.0]","[275.9375, 190.75, 270.1875, 159.41582238929536, 156.1325, 275.9375, 141.8825, 101.0, 141.8825]"
7022,"[15.0, 11.0, 28.700000000000003, 0.29999999999999716, 3.299999999999997, 0.7000000000000028, 7.0, 5.0, 7.0, 12.0, 19.0, 12.5, 0.5, 1.0, 3.0, 1.0, 47.0, 1.0]","[272.25, 227.75, 220.0, 298.9375, 205.375, 273.4375, 219.25, 278.6875, 174.25, 205.80538713582197, 169.30269941693467, 202.0738495144293, 155.51, 208.86498685625125, 119.0, 101.0, 119.0, 137.0]",13,1.0,"[3.0, 1.0, 47.0, 1.0]","[15.0, 26.0, 54.7, 55.0, 58.3, 59.0, 66.0, 71.0, 78.0, 90.0, 109.0, 121.5, 122.0, 123.0, 126.0, 127.0, 174.0, 175.0]","[0.0, 15.0, 26.0, 54.7, 55.0, 58.3, 59.0, 66.0, 71.0, 78.0, 90.0, 109.0, 121.5, 122.0, 123.0, 126.0, 127.0, 174.0]","[4.0, 3.0, 2.0, 4.5, 1.5, 3.0, 2.5, 3.5, 1.5, 3.0, 2.0, 3.0, 1.0, 2.5, 1.5, 1.0, 1.5, 2.0]","[9, 9, 5, 7, 5, 7, 4, 7, 4, 3, 3, 3, 3, 3, 2, 2, 2, 2]","[7, 5, 9, 4, 9, 9, 9, 9, 9, 9, 9, 3, 3, 7, 2, 2, 2, 2]","[2.5, 1.0, 1.5, 1.0, 2.0, 1.5, 1.5, 0.75, 1.0, 0.5, 0.25, 0.25, 0.5, 0.5, 0.75, 0.75, 0.75, 0.75]","[2.5, 2.5, 3.0, 1.0, 4.0, 2.5, 3.0, 1.25, 1.5, 1.0, 0.75, 0.5, 0.75, 0.75, 2.0, 2.0, 2.0, 2.0]","[0, 0, 0, 1, 0, 1, 0, 1, 0, 0, 0, 0, 0, 1, 0, 0, 0, 0]",2002-03-20 13:00,38.0,2,2.0,123.0,1.0,3.0,80.0,"[119.0, 101.0, 119.0, 137.0]","[(119.0, 30.0), (101.0, 10.0), (119.0, 470.0), (137.0, 10.0)]",1.0,1,4,"[3.0, 1.0, 47.0, 1.0]","[119.0, 101.0, 119.0, 137.0]"
7030,"[10.0, 13.0, 2.0, 6.0, 0.5, 1.5, 4.0, 13.0, 17.0, 0.5, 0.5, 1.0, 13.0, 9.0, 1.7999999999999972, 0.20000000000000284]","[290.4375, 171.0, 275.9375, 158.0, 275.9375, 171.0, 281.6875, 227.0, 181.0, 204.0, 158.0, 227.0, 204.0, 181.0, 158.0, 164.8118667919715]",3,6.0,"[0.5, 1.5, 4.0, 13.0, 17.0, 0.5, 0.5, 1.0, 13.0, 9.0, 1.7999999999999972, 0.20000000000000284]","[10.0, 23.0, 25.0, 31.0, 31.5, 33.0, 37.0, 50.0, 67.0, 67.5, 68.0, 69.0, 82.0, 91.0, 92.8, 93.0]","[0.0, 10.0, 23.0, 25.0, 31.0, 31.5, 33.0, 37.0, 50.0, 67.0, 67.5, 68.0, 69.0, 82.0, 91.0, 92.8]","[4.0, 1.0, 2.5, 1.0, 2.5, 1.0, 3.0, 2.5, 1.5, 2.0, 1.0, 2.5, 2.0, 1.5, 1.0, 1.5]","[7, 4, 7, 4, 7, 4, 7, 4, 4, 4, 4, 4, 4, 4, 4, 3]","[5, 5, 4, 4, 4, 5, 4, 4, 4, 4, 4, 4, 4, 4, 4, 4]","[2.0, 2.0, 1.0, 2.0, 2.0, 2.0, 1.0, 0.75, 1.0, 1.0, 1.0, 0.75, 0.5, 0.75, 0.75, 0.5]","[3.0, 3.0, 2.0, 3.0, 2.0, 4.0, 2.0, 1.25, 1.5, 1.0, 2.0, 1.0, 1.0, 1.5, 1.0, 1.0]","[1, 0, 1, 0, 1, 0, 1, 0, 0, 0, 0, 0, 0, 0, 0, 0]",2003-01-13 10:00,32.0,6,3.0,31.0,3.0,2.0,439.4377420686678,"[275.9375, 171.0, 281.6875, 227.0, 181.0, 204.0, 158.0, 227.0, 204.0, 181.0, 158.0, 164.8118667919715]","[(275.9375, 5.0), (171.0, 15.0), (281.6875, 40.0), (227.0, 130.0), (181.0, 170.0), (204.0, 5.0), (158.0, 5.0), (227.0, 10.0), (204.0, 130.0), (181.0, 90.0), (158.0, 17.99999999999997), (164.8118667919715, 2.0000000000000284)]",3.0,1,12,"[0.5, 1.5, 4.0, 13.0, 17.0, 0.5, 0.5, 1.0, 13.0, 9.0, 1.7999999999999972, 0.20000000000000284]","[275.9375, 171.0, 281.6875, 227.0, 181.0, 204.0, 158.0, 227.0, 204.0, 181.0, 158.0, 164.8118667919715]"
7031,"[3.0, 20.0, 1.0, 17.0, 3.0, 4.0, 1.0, 6.0, 10.0, 4.0, 1.0, 6.0, 9.0, 12.0, 0.7999999999999972, 0.20000000000000284, 2.799999999999997, 0.10000000000000853, 0.09999999999999432]","[274.75, 210.0, 281.6875, 250.0, 204.0, 227.0, 275.9375, 204.0, 181.0, 158.0, 227.0, 204.0, 191.375, 171.0, 140.0, 204.0, 158.0, 181.0, 140.0]",9,4.0,"[1.0, 6.0, 9.0, 12.0, 0.7999999999999972, 0.20000000000000284, 2.799999999999997, 0.10000000000000853, 0.09999999999999432]","[3.0, 23.0, 24.0, 41.0, 44.0, 48.0, 49.0, 55.0, 65.0, 69.0, 70.0, 76.0, 85.0, 97.0, 97.8, 98.0, 100.8, 100.9, 101.0]","[0.0, 3.0, 23.0, 24.0, 41.0, 44.0, 48.0, 49.0, 55.0, 65.0, 69.0, 70.0, 76.0, 85.0, 97.0, 97.8, 98.0, 100.8, 100.9]","[3.5, 1.0, 3.0, 3.0, 2.0, 2.5, 2.5, 2.0, 1.5, 1.0, 2.5, 2.0, 1.5, 1.0, 1.0, 2.0, 1.0, 1.5, 1.0]","[4, 5, 7, 4, 4, 4, 7, 4, 4, 4, 4, 4, 4, 4, 6, 4, 4, 4, 6]","[7, 5, 4, 4, 4, 4, 4, 4, 4, 4, 4, 4, 5, 5, 6, 4, 4, 4, 6]","[1.0, 2.0, 1.0, 0.5, 1.0, 0.75, 1.0, 1.0, 1.0, 1.0, 1.0, 0.75, 1.0, 1.0, 8.0, 0.5, 0.5, 0.5, 0.5]","[2.0, 4.0, 1.0, 1.0, 1.0, 1.0, 2.0, 2.0, 2.0, 2.0, 1.0, 1.5, 2.0, 2.0, 10.0, 0.5, 0.5, 0.5, 1.0]","[0, 0, 1, 0, 0, 0, 1, 0, 0, 0, 0, 0, 0, 0, 0, 0, 0, 0, 0]",2003-01-13 11:00,36.0,6,3.0,69.0,3.0,2.0,439.4377420686678,"[227.0, 204.0, 191.375, 171.0, 140.0, 204.0, 158.0, 181.0, 140.0]","[(227.0, 10.0), (204.0, 60.0), (191.375, 90.0), (171.0, 120.0), (140.0, 7.999999999999972), (204.0, 2.0000000000000284), (158.0, 27.99999999999997), (181.0, 1.0000000000000853), (140.0, 0.9999999999999432)]",3.0,1,9,"[1.0, 6.0, 9.0, 12.0, 0.7999999999999972, 0.20000000000000284, 2.799999999999997, 0.10000000000000853, 0.09999999999999432]","[227.0, 204.0, 191.375, 171.0, 140.0, 204.0, 158.0, 181.0, 140.0]"
7032,"[36.0, 43.0, 4.0, 17.0, 15.0, 5.0, 10.0, 11.0, 2.0, 4.0, 13.0, 1.0, 12.0, 4.0, 13.800000000000011, 0.09999999999999432, 0.09999999999999432]","[196.0, 272.9777961056527, 243.3125, 241.75, 242.34391954305838, 181.0, 215.51749561875042, 194.8508998056449, 140.0, 192.55248685625125, 175.60395559732385, 204.0, 158.0, 204.0, 158.0, 181.0, 140.0]",7,11.0,"[2.0, 4.0, 13.0, 1.0, 12.0, 4.0, 13.800000000000011, 0.09999999999999432, 0.09999999999999432]","[36.0, 79.0, 83.0, 100.0, 115.0, 120.0, 130.0, 141.0, 143.0, 147.0, 160.0, 161.0, 173.0, 177.0, 190.8, 190.9, 191.0]","[0.0, 36.0, 79.0, 83.0, 100.0, 115.0, 120.0, 130.0, 141.0, 143.0, 147.0, 160.0, 161.0, 173.0, 177.0, 190.8, 190.9]","[2.5, 4.0, 2.5, 3.0, 3.5, 1.5, 2.5, 2.0, 1.0, 2.5, 1.5, 2.0, 1.0, 2.0, 1.0, 1.5, 1.0]","[9, 3, 4, 4, 3, 4, 4, 4, 6, 3, 4, 4, 4, 4, 4, 4, 6]","[9, 3, 7, 9, 4, 4, 3, 3, 6, 4, 3, 4, 4, 4, 4, 4, 6]","[1.0, 0.25, 1.0, 0.75, 0.5, 0.75, 0.5, 0.75, 15.0, 0.5, 0.5, 0.5, 0.5, 0.5, 0.5, 0.5, 0.5]","[1.5, 0.5, 1.0, 1.0, 0.75, 1.5, 1.0, 1.5, 22.0, 1.0, 0.75, 0.5, 1.0, 0.75, 0.5, 0.5, 1.0]","[0, 0, 1, 0, 0, 0, 0, 0, 0, 0, 0, 0, 0, 0, 0, 0, 0]",2003-01-13 13:00,33.0,5,2.0,141.0,3.0,2.0,197.7469839309005,"[140.0, 192.55248685625125, 175.60395559732385, 204.0, 158.0, 204.0, 158.0, 181.0, 140.0]","[(140.0, 20.0), (192.55248685625125, 40.0), (175.60395559732385, 130.0), (204.0, 10.0), (158.0, 120.0), (204.0, 40.0), (158.0, 138.0000000000001), (181.0, 0.9999999999999432), (140.0, 0.9999999999999432)]",3.0,1,9,"[2.0, 4.0, 13.0, 1.0, 12.0, 4.0, 13.800000000000011, 0.09999999999999432, 0.09999999999999432]","[140.0, 192.55248685625125, 175.60395559732385, 204.0, 158.0, 204.0, 158.0, 181.0, 140.0]"
7064,"[5.0, 32.0, 3.0, 20.0, 16.0, 5.5, 0.5, 6.0, 11.0, 1.0, 10.0, 14.0, 3.0, 20.0, 4.0, 1.0, 6.300000000000011, 0.6999999999999886]","[227.75, 242.34391954305838, 281.6875, 219.25, 194.8508998056449, 174.25, 153.5, 176.55269941693467, 164.8118667919715, 214.05538713582197, 176.55269941693467, 149.3118667919715, 181.06998247500167, 159.41582238929536, 155.51, 141.8825, 155.51, 159.41582238929536]",5,5.5,"[0.5, 6.0, 11.0, 1.0, 10.0, 14.0, 3.0, 20.0, 4.0, 1.0, 6.300000000000011, 0.6999999999999886]","[5.0, 37.0, 40.0, 60.0, 76.0, 81.5, 82.0, 88.0, 99.0, 100.0, 110.0, 124.0, 127.0, 147.0, 151.0, 152.0, 158.3, 159.0]","[0.0, 5.0, 37.0, 40.0, 60.0, 76.0, 81.5, 82.0, 88.0, 99.0, 100.0, 110.0, 124.0, 127.0, 147.0, 151.0, 152.0, 158.3]","[3.0, 3.5, 3.0, 2.5, 2.0, 1.5, 1.0, 2.0, 1.5, 3.0, 2.0, 1.5, 2.5, 1.5, 1.0, 1.0, 1.0, 1.5]","[9, 3, 7, 4, 4, 4, 4, 3, 3, 3, 3, 3, 3, 3, 3, 3, 3, 3]","[5, 4, 4, 9, 3, 9, 6, 4, 4, 4, 4, 2, 3, 3, 3, 2, 3, 3]","[1.0, 0.5, 1.0, 0.5, 0.5, 0.75, 2.0, 0.5, 0.5, 0.5, 0.5, 0.5, 0.5, 0.5, 0.25, 0.5, 0.25, 0.25]","[2.5, 0.5, 2.0, 0.75, 0.75, 1.0, 8.0, 0.75, 1.0, 0.75, 1.0, 0.75, 0.5, 0.5, 0.5, 0.5, 0.25, 0.5]","[0, 0, 1, 0, 0, 0, 0, 0, 0, 0, 0, 0, 0, 0, 0, 0, 0, 0]",2003-01-15 12:00,34.0,6,3.0,81.5,3.0,2.0,439.4377420686678,"[153.5, 176.55269941693467, 164.8118667919715, 214.05538713582197, 176.55269941693467, 149.3118667919715, 181.06998247500167, 159.41582238929536, 155.51, 141.8825, 155.51, 159.41582238929536]","[(153.5, 5.0), (176.55269941693467, 60.0), (164.8118667919715, 110.0), (214.05538713582197, 10.0), (176.55269941693467, 100.0), (149.3118667919715, 140.0), (181.06998247500167, 30.0), (159.41582238929536, 200.0), (155.51, 40.0), (141.8825, 10.0), (155.51, 63.000000000000114), (159.41582238929536, 6.999999999999886)]",3.0,1,12,"[0.5, 6.0, 11.0, 1.0, 10.0, 14.0, 3.0, 20.0, 4.0, 1.0, 6.300000000000011, 0.6999999999999886]","[153.5, 176.55269941693467, 164.8118667919715, 214.05538713582197, 176.55269941693467, 149.3118667919715, 181.06998247500167, 159.41582238929536, 155.51, 141.8825, 155.51, 159.41582238929536]"
7065,"[28.0, 28.0, 3.0, 14.0, 3.0, 8.0, 9.5, 0.5, 9.0, 1.0, 4.0, 7.0, 5.0, 5.5, 0.5, 4.0, 1.0, 0.8000000000000114, 0.19999999999998863]","[171.125, 248.5, 133.0, 175.0, 241.75, 196.75, 151.75, 281.6875, 158.0, 140.0, 204.0, 158.0, 204.0, 156.1325, 164.8118667919715, 156.1325, 167.40359922257957, 155.51, 167.40359922257957]",8,9.0,"[1.0, 4.0, 7.0, 5.0, 5.5, 0.5, 4.0, 1.0, 0.8000000000000114, 0.19999999999998863]","[28.0, 56.0, 59.0, 73.0, 76.0, 84.0, 93.5, 94.0, 103.0, 104.0, 108.0, 115.0, 120.0, 125.5, 126.0, 130.0, 131.0, 131.8, 132.0]","[0.0, 28.0, 56.0, 59.0, 73.0, 76.0, 84.0, 93.5, 94.0, 103.0, 104.0, 108.0, 115.0, 120.0, 125.5, 126.0, 130.0, 131.0, 131.8]","[1.5, 3.5, 1.0, 2.0, 3.0, 2.0, 1.0, 3.0, 1.0, 1.0, 2.0, 1.0, 2.0, 1.0, 1.5, 1.0, 2.0, 1.0, 2.0]","[9, 9, 9, 9, 4, 4, 4, 7, 4, 6, 4, 4, 4, 3, 3, 3, 3, 3, 3]","[5, 7, 9, 9, 9, 9, 9, 4, 4, 6, 4, 4, 4, 4, 4, 4, 3, 3, 3]","[1.5, 1.0, 0.75, 1.0, 0.75, 0.75, 0.75, 1.0, 1.0, 6.0, 0.75, 0.75, 0.75, 0.5, 0.25, 0.25, 0.25, 0.25, 0.25]","[2.5, 1.0, 1.0, 1.5, 1.0, 1.0, 1.5, 1.0, 1.0, 12.0, 1.0, 1.25, 1.0, 1.0, 0.5, 0.75, 0.25, 0.25, 0.25]","[0, 0, 0, 0, 0, 0, 0, 1, 0, 0, 0, 0, 0, 0, 0, 0, 0, 0, 0]",2003-01-15 15:00,31.0,2,1.0,103.0,1.0,2.0,80.0,"[140.0, 204.0, 158.0, 204.0, 156.1325, 164.8118667919715, 156.1325, 167.40359922257957, 155.51, 167.40359922257957]","[(140.0, 10.0), (204.0, 40.0), (158.0, 70.0), (204.0, 50.0), (156.1325, 55.0), (164.8118667919715, 5.0), (156.1325, 40.0), (167.40359922257957, 10.0), (155.51, 8.000000000000114), (167.40359922257957, 1.9999999999998863)]",1.0,1,10,"[1.0, 4.0, 7.0, 5.0, 5.5, 0.5, 4.0, 1.0, 0.8000000000000114, 0.19999999999998863]","[140.0, 204.0, 158.0, 204.0, 156.1325, 164.8118667919715, 156.1325, 167.40359922257957, 155.51, 167.40359922257957]"
7066,"[17.0, 19.0, 42.0, 9.0, 1.0, 11.0, 1.0, 9.0, 1.0, 4.0, 4.0, 7.0, 8.0, 9.0, 7.0, 1.0, 4.800000000000011, 0.19999999999998863]","[196.0, 233.59391954305838, 287.4375, 175.0, 243.3125, 175.0, 219.25, 176.55269941693467, 140.0, 176.55269941693467, 158.0, 227.0, 204.0, 158.0, 156.1325, 96.0, 155.51, 167.40359922257957]",7,9.0,"[1.0, 4.0, 4.0, 7.0, 8.0, 9.0, 7.0, 1.0, 4.800000000000011, 0.19999999999998863]","[17.0, 36.0, 78.0, 87.0, 88.0, 99.0, 100.0, 109.0, 110.0, 114.0, 118.0, 125.0, 133.0, 142.0, 149.0, 150.0, 154.8, 155.0]","[0.0, 17.0, 36.0, 78.0, 87.0, 88.0, 99.0, 100.0, 109.0, 110.0, 114.0, 118.0, 125.0, 133.0, 142.0, 149.0, 150.0, 154.8]","[2.5, 3.5, 3.5, 2.0, 2.5, 2.0, 2.5, 2.0, 1.0, 2.0, 1.0, 2.5, 2.0, 1.0, 1.0, 1.0, 1.0, 2.0]","[9, 3, 7, 9, 4, 9, 4, 3, 6, 3, 4, 4, 4, 4, 3, 2, 3, 3]","[9, 9, 4, 9, 7, 9, 9, 4, 6, 4, 4, 4, 4, 4, 4, 1, 3, 3]","[1.0, 0.5, 1.0, 0.75, 1.0, 0.75, 0.75, 0.5, 8.0, 0.5, 0.75, 0.5, 0.5, 0.5, 0.25, 1.0, 0.25, 0.25]","[2.0, 0.75, 1.5, 1.0, 1.0, 1.5, 1.0, 0.75, 12.0, 0.75, 1.25, 1.0, 0.75, 0.75, 0.75, 2.0, 0.5, 0.25]","[0, 0, 1, 0, 1, 0, 0, 0, 0, 0, 0, 0, 0, 0, 0, 0, 0, 0]",2003-01-15 16:00,32.0,7,1.0,109.0,3.0,2.0,878.8754841373355,"[140.0, 176.55269941693467, 158.0, 227.0, 204.0, 158.0, 156.1325, 96.0, 155.51, 167.40359922257957]","[(140.0, 10.0), (176.55269941693467, 40.0), (158.0, 40.0), (227.0, 70.0), (204.0, 80.0), (158.0, 90.0), (156.1325, 70.0), (96.0, 10.0), (155.51, 48.000000000000114), (167.40359922257957, 1.9999999999998863)]",3.0,1,10,"[1.0, 4.0, 4.0, 7.0, 8.0, 9.0, 7.0, 1.0, 4.800000000000011, 0.19999999999998863]","[140.0, 176.55269941693467, 158.0, 227.0, 204.0, 158.0, 156.1325, 96.0, 155.51, 167.40359922257957]"
7099,"[36.5, 0.5, 10.0, 11.0, 1.0, 20.0, 6.0, 14.0, 4.0, 19.0, 7.5, 0.5, 1.0, 1.0, 5.0, 16.0, 20.5, 0.30000000000001137, 0.19999999999998863]","[190.75, 440.0, 259.0, 260.5625, 277.8125, 259.0, 175.0, 259.0, 175.0, 241.75, 151.75, 226.0625, 158.0, 140.0, 227.0, 158.0, 242.34391954305838, 260.5625, 158.0]",12,1.0,"[1.0, 5.0, 16.0, 20.5, 0.30000000000001137, 0.19999999999998863]","[36.5, 37.0, 47.0, 58.0, 59.0, 79.0, 85.0, 99.0, 103.0, 122.0, 129.5, 130.0, 131.0, 132.0, 137.0, 153.0, 173.5, 173.8, 174.0]","[0.0, 36.5, 37.0, 47.0, 58.0, 59.0, 79.0, 85.0, 99.0, 103.0, 122.0, 129.5, 130.0, 131.0, 132.0, 137.0, 153.0, 173.5, 173.8]","[1.0, 6.0, 4.0, 3.0, 3.5, 4.0, 2.0, 4.0, 2.0, 3.0, 1.0, 2.0, 1.0, 1.0, 2.5, 1.0, 3.5, 3.0, 1.0]","[5, 8, 9, 4, 4, 9, 9, 9, 9, 4, 4, 4, 4, 6, 4, 4, 3, 4, 4]","[9, 8, 9, 7, 7, 9, 9, 9, 9, 9, 9, 7, 4, 6, 4, 4, 4, 7, 4]","[2.0, 0.0, 1.0, 1.0, 1.0, 0.5, 0.75, 0.75, 1.0, 0.5, 1.0, 1.0, 1.5, 10.0, 0.5, 0.5, 0.25, 0.5, 0.5]","[3.0, 0.0, 1.5, 2.0, 2.0, 1.0, 1.5, 1.0, 1.5, 1.0, 2.0, 2.0, 2.5, 12.0, 0.75, 1.0, 0.75, 0.5, 0.5]","[0, 0, 0, 1, 1, 0, 0, 0, 0, 0, 0, 1, 0, 0, 0, 0, 0, 1, 0]",2003-01-16 16:00,32.0,4,1.0,131.0,2.0,2.0,131.83132262060033,"[140.0, 227.0, 158.0, 242.34391954305838, 260.5625, 158.0]","[(140.0, 10.0), (227.0, 50.0), (158.0, 160.0), (242.34391954305838, 205.0), (260.5625, 3.0000000000001137), (158.0, 1.9999999999998863)]",2.0,1,6,"[1.0, 5.0, 16.0, 20.5, 0.30000000000001137, 0.19999999999998863]","[140.0, 227.0, 158.0, 242.34391954305838, 260.5625, 158.0]"
7110,"[24.0, 11.0, 1.0, 8.0, 9.0, 0.7000000000000028, 1.2999999999999972, 15.0, 7.0, 3.0, 1.0, 5.200000000000003, 0.7999999999999972, 1.7000000000000028, 0.29999999999999716, 17.0, 29.0, 8.0, 1.0]","[217.0, 190.0, 295.0625, 171.125, 243.3125, 150.5, 177.25, 190.75, 133.0, 295.0625, 199.0, 181.0, 216.0, 158.0, 292.25, 181.06998247500167, 167.40359922257957, 155.51, 96.0]",8,7.0,"[3.0, 1.0, 5.200000000000003, 0.7999999999999972, 1.7000000000000028, 0.29999999999999716, 17.0, 29.0, 8.0, 1.0]","[24.0, 35.0, 36.0, 44.0, 53.0, 53.7, 55.0, 70.0, 77.0, 80.0, 81.0, 86.2, 87.0, 88.7, 89.0, 106.0, 135.0, 143.0, 144.0]","[0.0, 24.0, 35.0, 36.0, 44.0, 53.0, 53.7, 55.0, 70.0, 77.0, 80.0, 81.0, 86.2, 87.0, 88.7, 89.0, 106.0, 135.0, 143.0]","[3.0, 2.0, 4.0, 1.5, 2.5, 1.5, 2.0, 1.0, 1.0, 4.0, 2.0, 1.5, 2.5, 1.0, 3.0, 2.5, 2.0, 1.0, 1.0]","[9, 9, 4, 9, 4, 9, 9, 5, 9, 4, 4, 4, 7, 4, 7, 3, 3, 3, 2]","[9, 5, 7, 5, 7, 6, 7, 9, 9, 7, 7, 4, 7, 4, 7, 3, 3, 3, 1]","[0.75, 2.0, 1.0, 2.0, 1.0, 3.0, 1.0, 1.5, 1.0, 0.75, 0.5, 0.5, 0.5, 0.5, 0.5, 0.25, 0.25, 0.25, 0.25]","[1.5, 4.0, 2.0, 3.0, 2.0, 8.0, 1.0, 2.5, 2.0, 1.5, 0.75, 1.0, 0.75, 1.0, 0.5, 0.5, 0.5, 0.5, 0.5]","[0, 0, 1, 0, 1, 0, 0, 0, 0, 1, 0, 0, 0, 0, 1, 0, 0, 0, 0]",2003-02-07 10:00,32.0,3,1.0,77.0,1.0,3.5,100.9123351677189,"[295.0625, 199.0, 181.0, 216.0, 158.0, 292.25, 181.06998247500167, 167.40359922257957, 155.51, 96.0]","[(295.0625, 30.0), (199.0, 10.0), (181.0, 52.00000000000003), (216.0, 7.999999999999972), (158.0, 17.00000000000003), (292.25, 2.9999999999999716), (181.06998247500167, 170.0), (167.40359922257957, 290.0), (155.51, 80.0), (96.0, 10.0)]",1.0,1,10,"[3.0, 1.0, 5.200000000000003, 0.7999999999999972, 1.7000000000000028, 0.29999999999999716, 17.0, 29.0, 8.0, 1.0]","[295.0625, 199.0, 181.0, 216.0, 158.0, 292.25, 181.06998247500167, 167.40359922257957, 155.51, 96.0]"
7111,"[15.0, 10.0, 13.0, 2.799999999999997, 0.20000000000000284, 31.0, 39.0, 1.0]","[222.25, 210.0, 211.75, 210.0, 292.25, 181.06998247500167, 167.40359922257957, 181.06998247500167]",3,2.799999999999997,"[0.20000000000000284, 31.0, 39.0, 1.0]","[15.0, 25.0, 38.0, 40.8, 41.0, 72.0, 111.0, 112.0]","[0.0, 15.0, 25.0, 38.0, 40.8, 41.0, 72.0, 111.0]","[2.0, 1.0, 2.0, 1.0, 2.0, 2.5, 2.0, 2.5]","[5, 5, 4, 5, 7, 3, 3, 3]","[7, 5, 5, 5, 7, 3, 3, 3]","[4.0, 3.0, 2.0, 4.0, 0.5, 0.25, 0.25, 0.25]","[6.0, 5.0, 4.0, 6.0, 0.5, 0.25, 0.25, 0.5]","[0, 0, 0, 0, 1, 0, 0, 0]",2003-02-07 11:00,22.0,5,1.0,40.8,2.0,3.5,197.7469839309005,"[292.25, 181.06998247500167, 167.40359922257957, 181.06998247500167]","[(292.25, 2.0000000000000284), (181.06998247500167, 310.0), (167.40359922257957, 390.0), (181.06998247500167, 10.0)]",2.0,1,4,"[0.20000000000000284, 31.0, 39.0, 1.0]","[292.25, 181.06998247500167, 167.40359922257957, 181.06998247500167]"
7112,"[28.0, 2.0, 12.0, 3.0, 13.200000000000003, 1.7999999999999972, 1.0, 9.5, 0.5, 15.0, 0.7000000000000028, 0.29999999999999716, 4.799999999999997, 0.20000000000000284, 12.0, 2.0, 14.0, 1.0, 15.0, 5.0, 11.0, 3.0, 0.19999999999998863]","[190.75, 293.1875, 133.0, 293.1875, 152.25, 134.75, 175.0, 133.0, 292.25, 133.0, 156.1325, 292.25, 141.8825, 292.25, 149.3118667919715, 202.0738495144293, 181.06998247500167, 149.3118667919715, 181.06998247500167, 155.51, 159.41582238929536, 167.40359922257957, 114.6275]",4,13.200000000000003,"[1.7999999999999972, 1.0, 9.5, 0.5, 15.0, 0.7000000000000028, 0.29999999999999716, 4.799999999999997, 0.20000000000000284, 12.0, 2.0, 14.0, 1.0, 15.0, 5.0, 11.0, 3.0, 0.19999999999998863]","[28.0, 30.0, 42.0, 45.0, 58.2, 60.0, 61.0, 70.5, 71.0, 86.0, 86.7, 87.0, 91.8, 92.0, 104.0, 106.0, 120.0, 121.0, 136.0, 141.0, 152.0, 155.0, 155.2]","[0.0, 28.0, 30.0, 42.0, 45.0, 58.2, 60.0, 61.0, 70.5, 71.0, 86.0, 86.7, 87.0, 91.8, 92.0, 104.0, 106.0, 120.0, 121.0, 136.0, 141.0, 152.0, 155.0]","[1.0, 4.0, 1.0, 4.0, 1.0, 1.0, 2.0, 1.0, 2.5, 1.0, 1.0, 2.0, 1.0, 2.0, 1.5, 3.0, 2.5, 1.5, 2.5, 1.0, 1.5, 2.0, 1.0]","[5, 7, 9, 7, 9, 9, 9, 9, 7, 9, 3, 7, 3, 7, 3, 3, 3, 3, 3, 3, 3, 3, 2]","[9, 4, 9, 4, 5, 6, 9, 9, 7, 9, 4, 7, 2, 7, 2, 3, 3, 2, 3, 3, 3, 3, 3]","[1.5, 1.0, 1.0, 1.0, 2.0, 15.0, 1.0, 1.0, 1.0, 1.0, 0.5, 0.5, 0.5, 0.5, 0.5, 0.25, 0.25, 0.5, 0.25, 0.25, 0.25, 0.25, 0.25]","[4.0, 2.0, 2.0, 2.0, 3.0, 20.0, 1.5, 2.0, 1.0, 1.5, 1.0, 0.75, 1.0, 0.5, 0.75, 0.5, 0.5, 0.5, 0.5, 0.5, 0.5, 0.5, 0.75]","[0, 1, 0, 1, 0, 0, 0, 0, 1, 0, 0, 1, 0, 1, 0, 0, 0, 0, 0, 0, 0, 0, 0]",2003-02-07 13:00,28.0,3,1.0,58.2,1.0,3.5,100.9123351677189,"[134.75, 175.0, 133.0, 292.25, 133.0, 156.1325, 292.25, 141.8825, 292.25, 149.3118667919715, 202.0738495144293, 181.06998247500167, 149.3118667919715, 181.06998247500167, 155.51, 159.41582238929536, 167.40359922257957, 114.6275]","[(134.75, 17.99999999999997), (175.0, 10.0), (133.0, 95.0), (292.25, 5.0), (133.0, 150.0), (156.1325, 7.000000000000028), (292.25, 2.9999999999999716), (141.8825, 47.99999999999997), (292.25, 2.0000000000000284), (149.3118667919715, 120.0), (202.0738495144293, 20.0), (181.06998247500167, 140.0), (149.3118667919715, 10.0), (181.06998247500167, 150.0), (155.51, 50.0), (159.41582238929536, 110.0), (167.40359922257957, 30.0), (114.6275, 1.9999999999998863)]",1.0,1,18,"[1.7999999999999972, 1.0, 9.5, 0.5, 15.0, 0.7000000000000028, 0.29999999999999716, 4.799999999999997, 0.20000000000000284, 12.0, 2.0, 14.0, 1.0, 15.0, 5.0, 11.0, 3.0, 0.19999999999998863]","[134.75, 175.0, 133.0, 292.25, 133.0, 156.1325, 292.25, 141.8825, 292.25, 149.3118667919715, 202.0738495144293, 181.06998247500167, 149.3118667919715, 181.06998247500167, 155.51, 159.41582238929536, 167.40359922257957, 114.6275]"
7113,"[5.0, 12.0, 3.0, 9.0, 3.0, 14.0, 2.0, 9.0, 3.0, 1.0, 3.0, 2.0, 5.5, 0.5, 7.0, 8.5, 0.5, 17.0, 18.5, 0.5, 1.0]","[290.4375, 152.25, 293.1875, 152.25, 293.1875, 152.25, 246.625, 133.0, 293.1875, 173.0, 133.0, 292.25, 151.75, 148.5, 164.8118667919715, 156.1325, 292.25, 159.41582238929536, 141.8825, 167.40359922257957, 115.25]",11,2.0,"[5.5, 0.5, 7.0, 8.5, 0.5, 17.0, 18.5, 0.5, 1.0]","[5.0, 17.0, 20.0, 29.0, 32.0, 46.0, 48.0, 57.0, 60.0, 61.0, 64.0, 66.0, 71.5, 72.0, 79.0, 87.5, 88.0, 105.0, 123.5, 124.0, 125.0]","[0.0, 5.0, 17.0, 20.0, 29.0, 32.0, 46.0, 48.0, 57.0, 60.0, 61.0, 64.0, 66.0, 71.5, 72.0, 79.0, 87.5, 88.0, 105.0, 123.5, 124.0]","[4.0, 1.0, 4.0, 1.0, 4.0, 1.0, 3.5, 1.0, 4.0, 2.0, 1.0, 3.0, 1.0, 1.0, 1.5, 1.0, 2.0, 1.5, 1.0, 2.0, 1.0]","[7, 9, 7, 9, 7, 9, 9, 9, 7, 7, 9, 7, 4, 4, 3, 3, 7, 3, 3, 3, 2]","[5, 5, 4, 5, 4, 5, 5, 9, 4, 6, 9, 7, 9, 7, 4, 4, 7, 3, 2, 3, 4]","[2.0, 2.0, 1.5, 1.0, 1.0, 1.0, 1.0, 1.0, 1.0, 1.0, 0.5, 0.5, 0.5, 0.5, 0.5, 0.5, 0.5, 0.25, 0.25, 0.25, 0.5]","[3.0, 4.0, 2.0, 2.5, 2.0, 2.0, 2.0, 1.5, 2.0, 8.0, 1.0, 1.0, 0.75, 1.0, 0.75, 0.75, 0.75, 0.5, 0.5, 0.5, 1.0]","[1, 0, 1, 0, 1, 0, 1, 0, 1, 0, 0, 1, 0, 0, 0, 0, 1, 0, 0, 0, 0]",2003-02-07 14:00,31.0,3,1.0,66.0,1.0,3.5,100.9123351677189,"[151.75, 148.5, 164.8118667919715, 156.1325, 292.25, 159.41582238929536, 141.8825, 167.40359922257957, 115.25]","[(151.75, 55.0), (148.5, 5.0), (164.8118667919715, 70.0), (156.1325, 85.0), (292.25, 5.0), (159.41582238929536, 170.0), (141.8825, 185.0), (167.40359922257957, 5.0), (115.25, 10.0)]",1.0,1,9,"[5.5, 0.5, 7.0, 8.5, 0.5, 17.0, 18.5, 0.5, 1.0]","[151.75, 148.5, 164.8118667919715, 156.1325, 292.25, 159.41582238929536, 141.8825, 167.40359922257957, 115.25]"
7114,"[23.0, 1.0, 13.299999999999997, 0.7000000000000028, 12.0, 11.5, 1.0, 0.5, 11.0, 2.700000000000003, 0.29999999999999716, 10.0, 9.0, 5.700000000000003, 0.29999999999999716, 19.0, 11.0, 20.0]","[175.0, 295.0625, 152.25, 295.0625, 152.25, 133.0, 134.75, 226.0625, 154.0, 133.0, 243.3125, 154.0, 159.80269941693467, 149.3118667919715, 157.5618667919715, 149.3118667919715, 141.8825, 155.51]",11,10.0,"[9.0, 5.700000000000003, 0.29999999999999716, 19.0, 11.0, 20.0]","[23.0, 24.0, 37.3, 38.0, 50.0, 61.5, 62.5, 63.0, 74.0, 76.7, 77.0, 87.0, 96.0, 101.7, 102.0, 121.0, 132.0, 152.0]","[0.0, 23.0, 24.0, 37.3, 38.0, 50.0, 61.5, 62.5, 63.0, 74.0, 76.7, 77.0, 87.0, 96.0, 101.7, 102.0, 121.0, 132.0]","[2.0, 4.0, 1.0, 4.0, 1.0, 1.0, 1.0, 2.0, 1.5, 1.0, 2.5, 1.5, 2.0, 1.5, 1.5, 1.5, 1.0, 1.0]","[9, 4, 9, 4, 9, 9, 9, 4, 9, 9, 4, 9, 3, 3, 3, 3, 3, 3]","[9, 7, 5, 7, 5, 9, 6, 7, 9, 9, 7, 9, 2, 2, 7, 2, 2, 3]","[1.0, 1.5, 1.5, 1.0, 1.0, 1.0, 2.0, 1.0, 1.0, 1.0, 0.5, 0.5, 0.5, 0.5, 0.5, 0.5, 0.25, 0.25]","[2.0, 2.0, 4.0, 1.5, 3.0, 1.0, 3.0, 1.0, 1.5, 2.0, 1.0, 1.0, 0.75, 0.75, 0.5, 0.5, 0.5, 0.5]","[0, 1, 0, 1, 0, 0, 0, 1, 0, 0, 1, 0, 0, 0, 0, 0, 0, 0]",2003-02-07 15:00,33.0,5,2.0,87.0,3.0,3.5,197.7469839309005,"[159.80269941693467, 149.3118667919715, 157.5618667919715, 149.3118667919715, 141.8825, 155.51]","[(159.80269941693467, 90.0), (149.3118667919715, 57.00000000000003), (157.5618667919715, 2.9999999999999716), (149.3118667919715, 190.0), (141.8825, 110.0), (155.51, 200.0)]",3.0,1,6,"[9.0, 5.700000000000003, 0.29999999999999716, 19.0, 11.0, 20.0]","[159.80269941693467, 149.3118667919715, 157.5618667919715, 149.3118667919715, 141.8825, 155.51]"
7141,"[20.0, 15.0, 1.0, 20.0, 5.700000000000003, 0.29999999999999716, 4.0, 4.0, 15.0, 20.0, 16.0, 6.0, 6.0, 0.9000000000000057, 0.09999999999999432, 2.0]","[205.375, 190.75, 260.5625, 133.0, 154.0, 243.3125, 175.0, 196.0, 202.0738495144293, 181.06998247500167, 167.40359922257957, 157.3775, 171.0, 210.0, 173.75, 100.25]",7,4.0,"[15.0, 20.0, 16.0, 6.0, 6.0, 0.9000000000000057, 0.09999999999999432, 2.0]","[20.0, 35.0, 36.0, 56.0, 61.7, 62.0, 66.0, 70.0, 85.0, 105.0, 121.0, 127.0, 133.0, 133.9, 134.0, 136.0]","[0.0, 20.0, 35.0, 36.0, 56.0, 61.7, 62.0, 66.0, 70.0, 85.0, 105.0, 121.0, 127.0, 133.0, 133.9, 134.0]","[1.5, 1.0, 3.0, 1.0, 1.5, 2.5, 2.0, 2.5, 3.0, 2.5, 2.0, 1.0, 1.0, 1.0, 1.5, 1.0]","[5, 5, 4, 9, 9, 4, 9, 9, 3, 3, 3, 4, 4, 5, 4, 1]","[9, 9, 7, 9, 9, 7, 9, 9, 3, 3, 3, 3, 5, 5, 7, 4]","[2.0, 2.0, 1.0, 1.0, 0.75, 0.75, 0.5, 0.5, 0.25, 0.25, 0.25, 0.5, 0.75, 1.0, 1.0, 0.75]","[3.0, 3.0, 2.0, 2.0, 1.0, 0.75, 1.0, 1.0, 0.5, 0.5, 0.5, 0.75, 1.5, 1.5, 1.0, 1.5]","[0, 0, 1, 0, 0, 1, 0, 0, 0, 0, 0, 0, 0, 0, 0, 0]",2003-02-17 10:00,33.0,6,3.0,70.0,3.0,1.0,439.4377420686678,"[202.0738495144293, 181.06998247500167, 167.40359922257957, 157.3775, 171.0, 210.0, 173.75, 100.25]","[(202.0738495144293, 150.0), (181.06998247500167, 200.0), (167.40359922257957, 160.0), (157.3775, 60.0), (171.0, 60.0), (210.0, 9.000000000000057), (173.75, 0.9999999999999432), (100.25, 20.0)]",3.0,1,8,"[15.0, 20.0, 16.0, 6.0, 6.0, 0.9000000000000057, 0.09999999999999432, 2.0]","[202.0738495144293, 181.06998247500167, 167.40359922257957, 157.3775, 171.0, 210.0, 173.75, 100.25]"
7142,"[47.0, 8.0, 35.0, 10.799999999999997, 0.20000000000000284, 4.0, 6.0, 29.0, 32.0, 12.0, 5.0, 9.0, 0.9000000000000057, 0.09999999999999432, 2.0]","[154.0, 133.0, 175.0, 196.0, 260.5625, 196.0, 232.12522605741117, 202.0738495144293, 181.06998247500167, 167.40359922257957, 158.0, 143.75, 171.0, 208.8125, 100.25]",6,6.0,"[29.0, 32.0, 12.0, 5.0, 9.0, 0.9000000000000057, 0.09999999999999432, 2.0]","[47.0, 55.0, 90.0, 100.8, 101.0, 105.0, 111.0, 140.0, 172.0, 184.0, 189.0, 198.0, 198.9, 199.0, 201.0]","[0.0, 47.0, 55.0, 90.0, 100.8, 101.0, 105.0, 111.0, 140.0, 172.0, 184.0, 189.0, 198.0, 198.9, 199.0]","[1.5, 1.0, 2.0, 2.5, 3.0, 2.5, 3.5, 3.0, 2.5, 2.0, 1.0, 1.0, 1.0, 1.5, 1.0]","[9, 9, 9, 9, 4, 9, 3, 3, 3, 3, 4, 4, 4, 4, 1]","[9, 9, 9, 9, 7, 9, 3, 3, 3, 3, 4, 2, 5, 7, 4]","[1.0, 1.0, 0.75, 0.5, 1.0, 0.5, 0.25, 0.5, 0.25, 0.25, 0.5, 0.75, 0.75, 0.75, 0.75]","[3.0, 2.0, 1.5, 1.0, 1.0, 0.75, 0.5, 0.5, 0.5, 0.5, 0.75, 1.0, 1.5, 1.0, 1.5]","[0, 0, 0, 0, 1, 0, 0, 0, 0, 0, 0, 0, 0, 1, 0]",2003-02-17 11:00,38.0,6,3.0,111.0,3.0,1.0,439.4377420686678,"[202.0738495144293, 181.06998247500167, 167.40359922257957, 158.0, 143.75, 171.0, 208.8125, 100.25]","[(202.0738495144293, 290.0), (181.06998247500167, 320.0), (167.40359922257957, 120.0), (158.0, 50.0), (143.75, 90.0), (171.0, 9.000000000000057), (208.8125, 0.9999999999999432), (100.25, 20.0)]",3.0,1,8,"[29.0, 32.0, 12.0, 5.0, 9.0, 0.9000000000000057, 0.09999999999999432, 2.0]","[202.0738495144293, 181.06998247500167, 167.40359922257957, 158.0, 143.75, 171.0, 208.8125, 100.25]"
7143,"[25.0, 34.0, 10.0, 14.0, 1.0, 4.0, 20.0, 1.0, 6.700000000000003, 0.29999999999999716, 47.0, 11.0, 11.900000000000006, 0.09999999999999432, 0.5, 1.5]","[152.25, 175.0, 154.0, 133.0, 134.75, 196.0, 133.0, 217.0, 196.0, 292.25, 181.06998247500167, 176.55269941693467, 158.0, 191.5625, 140.0, 100.25]",10,47.0,"[11.0, 11.900000000000006, 0.09999999999999432, 0.5, 1.5]","[25.0, 59.0, 69.0, 83.0, 84.0, 88.0, 108.0, 109.0, 115.7, 116.0, 163.0, 174.0, 185.9, 186.0, 186.5, 188.0]","[0.0, 25.0, 59.0, 69.0, 83.0, 84.0, 88.0, 108.0, 109.0, 115.7, 116.0, 163.0, 174.0, 185.9, 186.0, 186.5]","[1.0, 2.0, 1.5, 1.0, 1.0, 2.5, 1.0, 3.0, 2.5, 3.0, 2.5, 2.0, 1.0, 1.0, 1.0, 1.0]","[9, 9, 9, 9, 9, 9, 9, 9, 9, 7, 3, 3, 4, 4, 6, 1]","[5, 9, 9, 9, 6, 9, 9, 9, 9, 7, 3, 4, 4, 7, 6, 4]","[2.0, 1.5, 1.0, 1.0, 2.0, 0.75, 0.75, 0.5, 0.5, 0.5, 0.25, 0.25, 0.5, 0.5, 6.0, 0.75]","[4.0, 2.5, 2.0, 2.0, 5.0, 1.5, 1.0, 0.75, 1.0, 0.5, 0.5, 0.5, 1.25, 1.0, 9.0, 1.5]","[0, 0, 0, 0, 0, 0, 0, 0, 0, 1, 0, 0, 0, 1, 0, 0]",2003-02-17 12:00,39.0,6,3.0,163.0,3.0,1.0,439.4377420686678,"[176.55269941693467, 158.0, 191.5625, 140.0, 100.25]","[(176.55269941693467, 110.0), (158.0, 119.00000000000006), (191.5625, 0.9999999999999432), (140.0, 5.0), (100.25, 15.0)]",3.0,1,5,"[11.0, 11.900000000000006, 0.09999999999999432, 0.5, 1.5]","[176.55269941693467, 158.0, 191.5625, 140.0, 100.25]"
7144,"[10.0, 11.0, 2.0, 7.0, 13.0, 9.0, 26.0, 17.0, 11.0, 1.0, 6.0, 10.5, 0.5, 10.699999999999989, 0.30000000000001137, 9.699999999999989, 0.30000000000001137, 3.6999999999999886, 0.5, 0.10000000000002274, 0.6999999999999886, 2.0]","[223.875, 133.0, 277.8125, 152.25, 238.0, 154.0, 175.0, 133.0, 152.25, 134.75, 154.0, 133.0, 226.0625, 151.75, 292.25, 158.0, 292.25, 171.0, 210.0, 292.25, 140.0, 100.25]",8,11.0,"[1.0, 6.0, 10.5, 0.5, 10.699999999999989, 0.30000000000001137, 9.699999999999989, 0.30000000000001137, 3.6999999999999886, 0.5, 0.10000000000002274, 0.6999999999999886, 2.0]","[10.0, 21.0, 23.0, 30.0, 43.0, 52.0, 78.0, 95.0, 106.0, 107.0, 113.0, 123.5, 124.0, 134.7, 135.0, 144.7, 145.0, 148.7, 149.2, 149.3, 150.0, 152.0]","[0.0, 10.0, 21.0, 23.0, 30.0, 43.0, 52.0, 78.0, 95.0, 106.0, 107.0, 113.0, 123.5, 124.0, 134.7, 135.0, 144.7, 145.0, 148.7, 149.2, 149.3, 150.0]","[2.5, 1.0, 3.5, 1.0, 3.5, 1.5, 2.0, 1.0, 1.0, 1.0, 1.5, 1.0, 2.0, 1.0, 2.0, 1.0, 2.5, 1.0, 1.0, 1.5, 1.0, 1.0]","[7, 9, 4, 9, 9, 9, 9, 9, 9, 9, 9, 9, 4, 4, 7, 4, 7, 4, 5, 7, 6, 1]","[5, 9, 7, 5, 9, 9, 9, 9, 5, 6, 9, 9, 7, 9, 7, 4, 7, 5, 5, 7, 6, 4]","[2.0, 1.5, 1.0, 2.0, 1.0, 2.0, 1.0, 1.0, 1.0, 3.0, 1.0, 1.0, 0.5, 0.75, 0.5, 0.5, 0.5, 0.75, 1.0, 1.5, 6.0, 0.75]","[4.0, 3.0, 2.0, 4.0, 1.5, 3.0, 2.0, 2.0, 2.0, 10.0, 1.5, 2.0, 1.0, 1.5, 0.5, 1.0, 0.5, 1.5, 2.0, 1.5, 8.0, 1.5]","[0, 0, 1, 0, 0, 0, 0, 0, 0, 0, 0, 0, 1, 0, 1, 0, 1, 0, 0, 1, 0, 0]",2003-02-17 14:00,35.0,6,3.0,106.0,3.0,1.0,439.4377420686678,"[134.75, 154.0, 133.0, 226.0625, 151.75, 292.25, 158.0, 292.25, 171.0, 210.0, 292.25, 140.0, 100.25]","[(134.75, 10.0), (154.0, 60.0), (133.0, 105.0), (226.0625, 5.0), (151.75, 106.99999999999989), (292.25, 3.0000000000001137), (158.0, 96.99999999999989), (292.25, 3.0000000000001137), (171.0, 36.999999999999886), (210.0, 5.0), (292.25, 1.0000000000002274), (140.0, 6.999999999999886), (100.25, 20.0)]",3.0,1,13,"[1.0, 6.0, 10.5, 0.5, 10.699999999999989, 0.30000000000001137, 9.699999999999989, 0.30000000000001137, 3.6999999999999886, 0.5, 0.10000000000002274, 0.6999999999999886, 2.0]","[134.75, 154.0, 133.0, 226.0625, 151.75, 292.25, 158.0, 292.25, 171.0, 210.0, 292.25, 140.0, 100.25]"
7146,"[6.0, 11.0, 3.0, 19.0, 1.0, 25.0, 50.0, 2.0, 11.0, 9.0, 5.0, 19.0, 19.0, 7.5, 1.5, 2.0]","[196.0, 154.0, 196.0, 154.0, 260.5625, 133.0, 175.0, 277.8125, 159.80269941693467, 202.0738495144293, 149.3118667919715, 272.9777961056527, 167.40359922257957, 143.75, 199.0, 115.25]",10,5.0,"[19.0, 19.0, 7.5, 1.5, 2.0]","[6.0, 17.0, 20.0, 39.0, 40.0, 65.0, 115.0, 117.0, 128.0, 137.0, 142.0, 161.0, 180.0, 187.5, 189.0, 191.0]","[0.0, 6.0, 17.0, 20.0, 39.0, 40.0, 65.0, 115.0, 117.0, 128.0, 137.0, 142.0, 161.0, 180.0, 187.5, 189.0]","[2.5, 1.5, 2.5, 1.5, 3.0, 1.0, 2.0, 3.5, 2.0, 3.0, 1.5, 4.0, 2.0, 1.0, 2.0, 1.0]","[9, 9, 9, 9, 4, 9, 9, 4, 3, 3, 3, 3, 3, 4, 4, 2]","[9, 9, 9, 9, 7, 9, 9, 7, 2, 3, 2, 3, 3, 2, 7, 4]","[0.75, 1.0, 1.0, 1.0, 1.0, 1.0, 0.75, 1.0, 0.5, 0.25, 0.5, 0.25, 0.25, 0.75, 0.75, 0.75]","[1.5, 2.0, 1.5, 2.0, 1.5, 2.0, 1.0, 1.0, 0.75, 0.5, 0.75, 0.5, 0.5, 1.5, 1.0, 1.0]","[0, 0, 0, 0, 1, 0, 0, 1, 0, 0, 0, 0, 0, 0, 0, 0]",2003-02-17 16:00,36.0,6,3.0,142.0,3.0,1.0,439.4377420686678,"[272.9777961056527, 167.40359922257957, 143.75, 199.0, 115.25]","[(272.9777961056527, 190.0), (167.40359922257957, 190.0), (143.75, 75.0), (199.0, 15.0), (115.25, 20.0)]",3.0,1,5,"[19.0, 19.0, 7.5, 1.5, 2.0]","[272.9777961056527, 167.40359922257957, 143.75, 199.0, 115.25]"
7175,"[7.0, 7.300000000000001, 0.6999999999999993, 15.3, 0.6999999999999993, 8.5, 0.5, 12.600000000000001, 0.3999999999999986, 3.0, 11.0, 7.0, 8.5, 2.5, 1.5, 0.5, 1.0]","[222.25, 190.75, 277.9375, 152.25, 226.0625, 152.25, 226.0625, 133.0, 243.3125, 133.0, 202.0738495144293, 176.55269941693467, 158.0, 158.0, 191.375, 192.5, 171.0]",5,8.5,"[0.5, 12.600000000000001, 0.3999999999999986, 3.0, 11.0, 7.0, 8.5, 2.5, 1.5, 0.5, 1.0]","[7.0, 14.3, 15.0, 30.3, 31.0, 39.5, 40.0, 52.6, 53.0, 56.0, 67.0, 74.0, 82.5, 85.0, 86.5, 87.0, 88.0]","[0.0, 7.0, 14.3, 15.0, 30.3, 31.0, 39.5, 40.0, 52.6, 53.0, 56.0, 67.0, 74.0, 82.5, 85.0, 86.5, 87.0]","[2.0, 1.0, 2.0, 1.0, 2.0, 1.0, 2.0, 1.0, 2.5, 1.0, 3.0, 2.0, 1.0, 1.0, 1.5, 1.0, 1.0]","[5, 5, 7, 9, 4, 9, 4, 9, 4, 9, 3, 3, 4, 4, 4, 5, 4]","[7, 9, 5, 5, 7, 5, 7, 9, 7, 9, 3, 4, 4, 4, 5, 6, 5]","[3.0, 3.0, 1.0, 2.0, 1.0, 1.5, 1.0, 1.0, 0.75, 0.75, 0.5, 0.5, 0.5, 0.75, 0.75, 2.0, 0.5]","[6.0, 5.0, 2.0, 4.0, 1.5, 2.5, 1.0, 1.0, 1.25, 1.25, 0.5, 0.75, 1.0, 1.25, 1.5, 5.0, 1.0]","[0, 0, 1, 0, 1, 0, 1, 0, 1, 0, 0, 0, 0, 0, 0, 0, 0]",2003-02-18 09:00,35.0,5,1.0,39.5,2.0,1.0,197.7469839309005,"[226.0625, 133.0, 243.3125, 133.0, 202.0738495144293, 176.55269941693467, 158.0, 158.0, 191.375, 192.5, 171.0]","[(226.0625, 5.0), (133.0, 126.00000000000001), (243.3125, 3.999999999999986), (133.0, 30.0), (202.0738495144293, 110.0), (176.55269941693467, 70.0), (158.0, 85.0), (158.0, 25.0), (191.375, 15.0), (192.5, 5.0), (171.0, 10.0)]",2.0,1,11,"[0.5, 12.600000000000001, 0.3999999999999986, 3.0, 11.0, 7.0, 8.5, 2.5, 1.5, 0.5, 1.0]","[226.0625, 133.0, 243.3125, 133.0, 202.0738495144293, 176.55269941693467, 158.0, 158.0, 191.375, 192.5, 171.0]"
7176,"[10.0, 22.0, 3.0, 29.5, 1.5, 12.0, 2.0, 6.799999999999997, 0.20000000000000284, 7.0, 6.0, 27.700000000000003, 0.29999999999999716, 7.0, 1.3000000000000114, 0.6999999999999886, 1.0]","[222.25, 154.0, 243.3125, 152.25, 277.8125, 133.0, 295.0625, 176.55269941693467, 292.25, 192.55248685625125, 176.55269941693467, 202.0738495144293, 292.25, 158.0, 277.8125, 192.5, 158.0]",10,6.0,"[27.700000000000003, 0.29999999999999716, 7.0, 1.3000000000000114, 0.6999999999999886, 1.0]","[10.0, 32.0, 35.0, 64.5, 66.0, 78.0, 80.0, 86.8, 87.0, 94.0, 100.0, 127.7, 128.0, 135.0, 136.3, 137.0, 138.0]","[0.0, 10.0, 32.0, 35.0, 64.5, 66.0, 78.0, 80.0, 86.8, 87.0, 94.0, 100.0, 127.7, 128.0, 135.0, 136.3, 137.0]","[2.0, 1.5, 2.5, 1.0, 3.5, 1.0, 4.0, 2.0, 3.0, 2.5, 2.0, 3.0, 4.0, 1.0, 3.5, 1.0, 1.0]","[5, 9, 4, 9, 4, 9, 4, 3, 7, 3, 3, 3, 7, 4, 4, 5, 4]","[7, 9, 7, 5, 7, 9, 7, 4, 7, 4, 4, 3, 7, 4, 7, 6, 4]","[2.0, 1.0, 1.5, 1.5, 1.0, 1.0, 1.0, 0.5, 0.5, 0.5, 0.5, 0.5, 1.0, 0.5, 1.0, 2.0, 0.5]","[4.0, 2.0, 3.0, 3.0, 2.0, 1.5, 2.0, 0.75, 0.5, 0.75, 0.75, 0.5, 1.0, 1.0, 1.5, 6.0, 1.0]","[0, 0, 1, 0, 1, 0, 1, 0, 1, 0, 0, 0, 1, 0, 1, 0, 0]",2003-02-18 10:00,36.0,6,2.0,100.0,3.0,1.0,439.4377420686678,"[202.0738495144293, 292.25, 158.0, 277.8125, 192.5, 158.0]","[(202.0738495144293, 277.0), (292.25, 2.9999999999999716), (158.0, 70.0), (277.8125, 13.000000000000114), (192.5, 6.999999999999886), (158.0, 10.0)]",3.0,1,6,"[27.700000000000003, 0.29999999999999716, 7.0, 1.3000000000000114, 0.6999999999999886, 1.0]","[202.0738495144293, 292.25, 158.0, 277.8125, 192.5, 158.0]"
7177,"[8.0, 8.0, 7.0, 22.0, 8.0, 12.0, 18.0, 4.0, 8.0, 2.0, 1.0, 3.5999999999999943, 0.4000000000000057, 6.5, 2.5, 1.5, 2.5]","[152.25, 208.875, 152.25, 190.0, 190.75, 190.0, 190.75, 208.875, 190.75, 196.75, 190.75, 273.0, 295.0625, 171.0, 176.55269941693467, 210.0, 143.75]",10,1.0,"[3.5999999999999943, 0.4000000000000057, 6.5, 2.5, 1.5, 2.5]","[8.0, 16.0, 23.0, 45.0, 53.0, 65.0, 83.0, 87.0, 95.0, 97.0, 98.0, 101.6, 102.0, 108.5, 111.0, 112.5, 115.0]","[0.0, 8.0, 16.0, 23.0, 45.0, 53.0, 65.0, 83.0, 87.0, 95.0, 97.0, 98.0, 101.6, 102.0, 108.5, 111.0, 112.5]","[1.0, 2.5, 1.0, 2.0, 1.0, 2.0, 1.0, 2.5, 1.0, 2.0, 1.0, 3.5, 4.0, 1.0, 2.0, 1.0, 1.0]","[9, 9, 9, 9, 5, 9, 5, 9, 5, 4, 5, 4, 4, 4, 3, 5, 4]","[5, 5, 5, 5, 9, 5, 9, 5, 9, 9, 9, 4, 7, 5, 4, 5, 2]","[2.0, 1.5, 2.0, 2.0, 2.0, 1.5, 2.0, 1.0, 2.0, 1.0, 1.5, 0.5, 1.0, 0.75, 0.5, 1.0, 0.5]","[4.0, 2.5, 3.0, 3.0, 3.0, 2.5, 6.0, 2.0, 3.0, 1.5, 2.5, 1.0, 1.0, 1.25, 1.0, 2.0, 1.0]","[0, 0, 0, 0, 0, 0, 0, 0, 0, 0, 0, 0, 1, 0, 0, 0, 0]",2003-02-18 11:00,32.0,4,2.0,98.0,3.0,1.0,131.83132262060033,"[273.0, 295.0625, 171.0, 176.55269941693467, 210.0, 143.75]","[(273.0, 35.99999999999994), (295.0625, 4.000000000000057), (171.0, 65.0), (176.55269941693467, 25.0), (210.0, 15.0), (143.75, 25.0)]",3.0,1,6,"[3.5999999999999943, 0.4000000000000057, 6.5, 2.5, 1.5, 2.5]","[273.0, 295.0625, 171.0, 176.55269941693467, 210.0, 143.75]"
7178,"[55.0, 12.0, 1.0, 1.0, 54.0, 1.0, 1.0, 47.0, 1.0, 11.0, 13.599999999999994, 0.4000000000000057, 7.0, 7.0, 9.0, 9.0, 1.0, 2.0]","[259.0, 190.0, 277.8125, 152.25, 238.0, 175.0, 277.8125, 242.34391954305838, 292.25, 232.12522605741117, 181.06998247500167, 292.25, 181.06998247500167, 174.55248685625125, 149.3118667919715, 101.0, 148.5, 171.0]",13,7.0,"[9.0, 9.0, 1.0, 2.0]","[55.0, 67.0, 68.0, 69.0, 123.0, 124.0, 125.0, 172.0, 173.0, 184.0, 197.6, 198.0, 205.0, 212.0, 221.0, 230.0, 231.0, 233.0]","[0.0, 55.0, 67.0, 68.0, 69.0, 123.0, 124.0, 125.0, 172.0, 173.0, 184.0, 197.6, 198.0, 205.0, 212.0, 221.0, 230.0, 231.0]","[4.0, 2.0, 3.5, 1.0, 3.5, 2.0, 3.5, 3.5, 4.0, 3.5, 2.5, 3.5, 2.5, 2.5, 1.5, 1.0, 1.0, 1.0]","[9, 9, 4, 9, 9, 9, 4, 3, 7, 3, 3, 7, 3, 3, 3, 2, 4, 4]","[9, 5, 7, 5, 9, 9, 7, 4, 7, 3, 3, 7, 3, 2, 2, 2, 7, 5]","[0.75, 1.5, 1.0, 2.0, 0.75, 1.0, 1.0, 0.5, 0.5, 0.5, 0.5, 0.5, 0.5, 0.5, 0.5, 1.0, 1.0, 1.0]","[1.25, 3.0, 1.5, 3.0, 1.25, 2.0, 1.0, 0.75, 1.0, 0.5, 0.5, 0.5, 0.5, 0.75, 1.0, 1.0, 1.0, 2.0]","[0, 0, 1, 0, 0, 0, 1, 0, 1, 0, 0, 1, 0, 0, 0, 0, 0, 0]",2003-02-18 12:00,34.0,5,2.0,212.0,3.0,1.0,197.7469839309005,"[149.3118667919715, 101.0, 148.5, 171.0]","[(149.3118667919715, 90.0), (101.0, 90.0), (148.5, 10.0), (171.0, 20.0)]",3.0,1,4,"[9.0, 9.0, 1.0, 2.0]","[149.3118667919715, 101.0, 148.5, 171.0]"
7179,"[34.0, 33.0, 6.0, 17.0, 12.5, 0.5, 50.0, 37.0, 12.0, 5.0, 4.5, 0.5, 1.0]","[175.0, 154.0, 196.0, 175.0, 205.80538713582197, 292.25, 232.12522605741117, 181.06998247500167, 167.40359922257957, 158.0, 171.0, 192.5, 158.0]",6,50.0,"[37.0, 12.0, 5.0, 4.5, 0.5, 1.0]","[34.0, 67.0, 73.0, 90.0, 102.5, 103.0, 153.0, 190.0, 202.0, 207.0, 211.5, 212.0, 213.0]","[0.0, 34.0, 67.0, 73.0, 90.0, 102.5, 103.0, 153.0, 190.0, 202.0, 207.0, 211.5, 212.0]","[2.0, 1.5, 2.5, 2.0, 3.0, 4.0, 3.5, 2.5, 2.0, 1.0, 1.0, 1.0, 1.0]","[9, 9, 9, 9, 3, 7, 3, 3, 3, 4, 4, 5, 4]","[9, 9, 9, 9, 9, 7, 3, 3, 3, 4, 5, 6, 4]","[2.0, 1.0, 1.0, 0.5, 0.5, 0.5, 0.25, 0.25, 0.25, 0.5, 0.75, 2.0, 0.5]","[4.0, 2.0, 2.0, 1.0, 1.0, 1.0, 0.5, 0.5, 0.5, 1.0, 1.5, 4.0, 1.0]","[0, 0, 0, 0, 0, 1, 0, 0, 0, 0, 0, 0, 0]",2003-02-18 14:00,36.0,6,3.0,153.0,3.0,1.0,439.4377420686678,"[181.06998247500167, 167.40359922257957, 158.0, 171.0, 192.5, 158.0]","[(181.06998247500167, 370.0), (167.40359922257957, 120.0), (158.0, 50.0), (171.0, 45.0), (192.5, 5.0), (158.0, 10.0)]",3.0,1,6,"[37.0, 12.0, 5.0, 4.5, 0.5, 1.0]","[181.06998247500167, 167.40359922257957, 158.0, 171.0, 192.5, 158.0]"
7180,"[25.0, 7.5, 0.5, 11.0, 12.0, 12.5, 0.5, 1.0, 26.0, 3.0, 12.0, 4.799999999999997, 0.20000000000000284, 11.5, 0.5, 24.80000000000001, 0.19999999999998863, 0.5, 1.5]","[208.875, 152.25, 277.8125, 152.25, 175.0, 133.0, 134.75, 226.0625, 133.0, 219.25, 204.0, 175.60395559732385, 292.25, 164.8118667919715, 159.41582238929536, 156.1325, 208.8125, 140.0, 143.75]",12,0.20000000000000284,"[11.5, 0.5, 24.80000000000001, 0.19999999999998863, 0.5, 1.5]","[25.0, 32.5, 33.0, 44.0, 56.0, 68.5, 69.0, 70.0, 96.0, 99.0, 111.0, 115.8, 116.0, 127.5, 128.0, 152.8, 153.0, 153.5, 155.0]","[0.0, 25.0, 32.5, 33.0, 44.0, 56.0, 68.5, 69.0, 70.0, 96.0, 99.0, 111.0, 115.8, 116.0, 127.5, 128.0, 152.8, 153.0, 153.5]","[2.5, 1.0, 3.5, 1.0, 2.0, 1.0, 1.0, 2.0, 1.0, 2.5, 2.0, 1.5, 2.0, 1.5, 1.5, 1.0, 1.5, 1.0, 1.0]","[9, 9, 4, 9, 9, 9, 9, 4, 9, 4, 4, 4, 7, 3, 3, 3, 4, 6, 4]","[5, 5, 7, 5, 9, 9, 6, 7, 9, 9, 4, 3, 7, 4, 3, 4, 7, 6, 2]","[1.5, 2.0, 1.0, 2.0, 1.5, 1.5, 2.0, 1.0, 1.0, 0.75, 0.5, 0.5, 0.5, 0.25, 0.25, 0.25, 0.5, 5.0, 0.5]","[2.5, 4.0, 2.0, 3.0, 2.5, 3.0, 4.0, 1.5, 2.0, 1.25, 0.75, 1.0, 1.0, 0.75, 0.5, 0.75, 0.75, 10.0, 1.0]","[0, 0, 1, 0, 0, 0, 0, 1, 0, 0, 0, 0, 1, 0, 0, 0, 1, 0, 0]",2003-02-18 15:00,38.0,6,3.0,116.0,3.0,1.0,439.4377420686678,"[164.8118667919715, 159.41582238929536, 156.1325, 208.8125, 140.0, 143.75]","[(164.8118667919715, 115.0), (159.41582238929536, 5.0), (156.1325, 248.0000000000001), (208.8125, 1.9999999999998863), (140.0, 5.0), (143.75, 15.0)]",3.0,1,6,"[11.5, 0.5, 24.80000000000001, 0.19999999999998863, 0.5, 1.5]","[164.8118667919715, 159.41582238929536, 156.1325, 208.8125, 140.0, 143.75]"
7181,"[22.0, 2.0, 16.0, 5.0, 21.0, 1.0, 2.5, 0.5, 22.0, 1.0, 4.0, 8.0, 6.0, 9.0, 5.299999999999997, 0.20000000000000284, 0.5, 1.0]","[152.25, 190.0, 152.25, 284.1875, 152.25, 277.9375, 133.0, 226.0625, 174.25, 192.55248685625125, 164.8118667919715, 176.55269941693467, 204.0, 175.60395559732385, 171.0, 208.8125, 140.0, 143.75]",10,4.0,"[8.0, 6.0, 9.0, 5.299999999999997, 0.20000000000000284, 0.5, 1.0]","[22.0, 24.0, 40.0, 45.0, 66.0, 67.0, 69.5, 70.0, 92.0, 93.0, 97.0, 105.0, 111.0, 120.0, 125.3, 125.5, 126.0, 127.0]","[0.0, 22.0, 24.0, 40.0, 45.0, 66.0, 67.0, 69.5, 70.0, 92.0, 93.0, 97.0, 105.0, 111.0, 120.0, 125.3, 125.5, 126.0]","[1.0, 2.0, 1.0, 3.0, 1.0, 2.0, 1.0, 2.0, 1.5, 2.5, 1.5, 2.0, 2.0, 1.5, 1.0, 1.5, 1.0, 1.0]","[9, 9, 9, 7, 9, 7, 9, 4, 4, 3, 3, 3, 4, 4, 4, 4, 6, 4]","[5, 5, 5, 5, 5, 5, 9, 7, 9, 4, 4, 4, 4, 3, 5, 7, 6, 2]","[3.0, 2.0, 2.0, 2.0, 1.5, 1.0, 1.0, 0.5, 0.5, 0.5, 0.5, 0.25, 0.5, 0.5, 0.75, 0.5, 6.0, 0.5]","[5.0, 3.0, 4.0, 3.0, 3.0, 2.0, 1.5, 1.0, 1.0, 0.75, 1.0, 0.5, 0.75, 0.75, 1.5, 0.5, 8.0, 1.0]","[0, 1, 0, 1, 0, 1, 0, 1, 0, 0, 0, 0, 0, 0, 0, 1, 0, 0]",2003-02-18 16:00,36.0,5,3.0,97.0,3.0,1.0,197.7469839309005,"[176.55269941693467, 204.0, 175.60395559732385, 171.0, 208.8125, 140.0, 143.75]","[(176.55269941693467, 80.0), (204.0, 60.0), (175.60395559732385, 90.0), (171.0, 52.99999999999997), (208.8125, 2.0000000000000284), (140.0, 5.0), (143.75, 10.0)]",3.0,1,7,"[8.0, 6.0, 9.0, 5.299999999999997, 0.20000000000000284, 0.5, 1.0]","[176.55269941693467, 204.0, 175.60395559732385, 171.0, 208.8125, 140.0, 143.75]"
7206,"[17.0, 13.0, 12.0, 13.0, 17.0, 13.0, 44.0, 9.0, 5.800000000000011, 0.39999999999997726, 0.5, 0.30000000000001137]","[235.0, 171.125, 238.0, 196.0, 154.0, 238.0, 190.75, 278.73334707923954, 171.0, 226.0625, 192.5, 164.8118667919715]",6,44.0,"[9.0, 5.800000000000011, 0.39999999999997726, 0.5, 0.30000000000001137]","[17.0, 30.0, 42.0, 55.0, 72.0, 85.0, 129.0, 138.0, 143.8, 144.2, 144.7, 145.0]","[0.0, 17.0, 30.0, 42.0, 55.0, 72.0, 85.0, 129.0, 138.0, 143.8, 144.2, 144.7]","[2.0, 1.5, 3.5, 2.5, 1.5, 3.5, 1.0, 4.0, 1.0, 2.0, 1.0, 1.5]","[5, 9, 9, 9, 9, 9, 5, 3, 4, 4, 5, 3]","[5, 5, 9, 9, 9, 9, 9, 4, 5, 7, 6, 4]","[3.0, 2.0, 0.75, 0.75, 1.0, 1.0, 2.0, 0.5, 1.0, 0.5, 2.0, 0.5]","[5.0, 3.0, 1.5, 1.5, 2.0, 1.5, 3.0, 0.75, 2.0, 0.5, 5.0, 1.0]","[0, 0, 0, 0, 0, 0, 0, 0, 0, 1, 0, 0]",2003-02-20 10:00,42.0,4,2.0,129.0,3.0,1.0,131.83132262060033,"[278.73334707923954, 171.0, 226.0625, 192.5, 164.8118667919715]","[(278.73334707923954, 90.0), (171.0, 58.000000000000114), (226.0625, 3.9999999999997726), (192.5, 5.0), (164.8118667919715, 3.0000000000001137)]",3.0,1,5,"[9.0, 5.800000000000011, 0.39999999999997726, 0.5, 0.30000000000001137]","[278.73334707923954, 171.0, 226.0625, 192.5, 164.8118667919715]"
7207,"[20.0, 25.0, 29.0, 2.0, 5.5, 0.5, 11.5, 0.5, 16.0, 5.0, 0.29999999999999716, 0.7000000000000028]","[152.25, 227.75, 171.125, 260.5625, 152.25, 292.25, 158.0, 243.3125, 164.8118667919715, 156.1325, 171.0, 199.0]",1,25.0,"[29.0, 2.0, 5.5, 0.5, 11.5, 0.5, 16.0, 5.0, 0.29999999999999716, 0.7000000000000028]","[20.0, 45.0, 74.0, 76.0, 81.5, 82.0, 93.5, 94.0, 110.0, 115.0, 115.3, 116.0]","[0.0, 20.0, 45.0, 74.0, 76.0, 81.5, 82.0, 93.5, 94.0, 110.0, 115.0, 115.3]","[1.0, 3.0, 1.5, 3.0, 1.0, 2.0, 1.0, 2.5, 1.5, 1.0, 1.0, 2.0]","[9, 9, 9, 4, 9, 7, 4, 4, 3, 3, 4, 4]","[5, 5, 5, 7, 5, 7, 4, 7, 4, 4, 5, 7]","[2.0, 1.0, 1.0, 1.0, 1.0, 1.0, 0.75, 0.5, 0.5, 0.5, 1.0, 0.5]","[3.0, 1.5, 2.0, 2.0, 2.0, 1.0, 1.5, 1.0, 0.75, 0.75, 2.0, 0.75]","[0, 0, 0, 1, 0, 1, 0, 1, 0, 0, 0, 0]",2003-02-20 11:00,32.0,6,3.0,45.0,3.0,1.0,439.4377420686678,"[171.125, 260.5625, 152.25, 292.25, 158.0, 243.3125, 164.8118667919715, 156.1325, 171.0, 199.0]","[(171.125, 290.0), (260.5625, 20.0), (152.25, 55.0), (292.25, 5.0), (158.0, 115.0), (243.3125, 5.0), (164.8118667919715, 160.0), (156.1325, 50.0), (171.0, 2.9999999999999716), (199.0, 7.000000000000028)]",3.0,1,10,"[29.0, 2.0, 5.5, 0.5, 11.5, 0.5, 16.0, 5.0, 0.29999999999999716, 0.7000000000000028]","[171.125, 260.5625, 152.25, 292.25, 158.0, 243.3125, 164.8118667919715, 156.1325, 171.0, 199.0]"
7208,"[38.0, 22.0, 13.0, 7.0, 21.0, 14.0, 25.0, 1.0, 4.0, 19.80000000000001, 0.19999999999998863, 4.0, 0.8000000000000114, 0.19999999999998863, 9.0, 1.0, 6.0, 5.0, 0.19999999999998863, 0.700000000000017, 0.09999999999999432]","[152.25, 259.0, 217.0, 196.0, 175.0, 154.0, 133.0, 134.75, 171.125, 133.0, 275.9375, 158.0, 152.25, 260.5625, 158.0, 181.0, 158.0, 158.0, 181.0, 171.0, 148.5]",12,0.8000000000000114,"[0.19999999999998863, 9.0, 1.0, 6.0, 5.0, 0.19999999999998863, 0.700000000000017, 0.09999999999999432]","[38.0, 60.0, 73.0, 80.0, 101.0, 115.0, 140.0, 141.0, 145.0, 164.8, 165.0, 169.0, 169.8, 170.0, 179.0, 180.0, 186.0, 191.0, 191.2, 191.9, 192.0]","[0.0, 38.0, 60.0, 73.0, 80.0, 101.0, 115.0, 140.0, 141.0, 145.0, 164.8, 165.0, 169.0, 169.8, 170.0, 179.0, 180.0, 186.0, 191.0, 191.2, 191.9]","[1.0, 4.0, 3.0, 2.5, 2.0, 1.5, 1.0, 1.0, 1.5, 1.0, 2.5, 1.0, 1.0, 3.0, 1.0, 1.5, 1.0, 1.0, 1.5, 1.0, 1.0]","[9, 9, 9, 9, 9, 9, 9, 9, 9, 9, 7, 4, 9, 4, 4, 4, 4, 4, 4, 4, 4]","[5, 9, 9, 9, 9, 9, 9, 6, 5, 9, 4, 4, 5, 7, 4, 4, 4, 4, 4, 5, 7]","[2.0, 0.5, 0.5, 0.75, 0.75, 1.0, 1.0, 2.0, 1.5, 1.0, 0.5, 1.0, 2.0, 0.5, 0.5, 0.5, 0.5, 0.75, 0.5, 0.5, 0.5]","[5.0, 1.0, 1.0, 1.0, 1.25, 1.5, 2.0, 4.0, 2.5, 2.0, 0.5, 1.5, 3.0, 0.75, 1.0, 0.75, 0.75, 1.0, 1.0, 1.0, 0.5]","[0, 0, 0, 0, 0, 0, 0, 0, 0, 0, 1, 0, 0, 1, 0, 0, 0, 0, 0, 0, 0]",2003-02-20 12:00,40.0,4,2.0,169.8,3.0,1.0,131.83132262060033,"[260.5625, 158.0, 181.0, 158.0, 158.0, 181.0, 171.0, 148.5]","[(260.5625, 1.9999999999998863), (158.0, 90.0), (181.0, 10.0), (158.0, 60.0), (158.0, 50.0), (181.0, 1.9999999999998863), (171.0, 7.0000000000001705), (148.5, 0.9999999999999432)]",3.0,1,8,"[0.19999999999998863, 9.0, 1.0, 6.0, 5.0, 0.19999999999998863, 0.700000000000017, 0.09999999999999432]","[260.5625, 158.0, 181.0, 158.0, 158.0, 181.0, 171.0, 148.5]"
7210,"[4.0, 6.0, 25.0, 10.0, 15.0, 12.299999999999997, 0.7000000000000028, 1.0, 10.5, 0.5, 21.0, 0.20000000000000284, 8.599999999999994, 0.20000000000000284, 11.0, 16.0, 1.0, 1.5999999999999943, 0.4000000000000057, 1.0]","[295.0625, 171.125, 238.0, 175.0, 154.0, 152.25, 134.75, 175.0, 133.0, 292.25, 133.0, 226.0625, 196.75, 243.3125, 176.55269941693467, 164.8118667919715, 243.3125, 148.5, 157.5, 158.0]",9,0.5,"[21.0, 0.20000000000000284, 8.599999999999994, 0.20000000000000284, 11.0, 16.0, 1.0, 1.5999999999999943, 0.4000000000000057, 1.0]","[4.0, 10.0, 35.0, 45.0, 60.0, 72.3, 73.0, 74.0, 84.5, 85.0, 106.0, 106.2, 114.8, 115.0, 126.0, 142.0, 143.0, 144.6, 145.0, 146.0]","[0.0, 4.0, 10.0, 35.0, 45.0, 60.0, 72.3, 73.0, 74.0, 84.5, 85.0, 106.0, 106.2, 114.8, 115.0, 126.0, 142.0, 143.0, 144.6, 145.0]","[4.0, 1.5, 3.5, 2.0, 1.5, 1.0, 1.0, 2.0, 1.0, 2.5, 1.0, 2.0, 2.0, 2.5, 2.0, 1.5, 2.5, 1.0, 1.0, 1.0]","[4, 9, 9, 9, 9, 9, 9, 9, 9, 7, 9, 4, 4, 4, 3, 3, 4, 4, 6, 4]","[7, 5, 9, 9, 9, 5, 6, 9, 9, 7, 9, 7, 9, 7, 4, 4, 7, 7, 5, 4]","[1.0, 2.0, 1.0, 1.0, 1.0, 1.0, 2.0, 0.75, 0.75, 1.0, 0.75, 0.5, 0.5, 0.5, 0.5, 0.5, 0.5, 1.0, 2.0, 0.5]","[2.0, 3.0, 1.5, 1.5, 2.0, 2.0, 5.0, 1.5, 1.0, 1.0, 1.0, 0.75, 1.0, 0.5, 0.75, 0.5, 1.0, 1.0, 4.0, 1.0]","[1, 0, 0, 0, 0, 0, 0, 0, 0, 1, 0, 1, 0, 1, 0, 0, 1, 0, 0, 0]",2003-02-20 14:00,34.0,6,3.0,85.0,3.0,1.0,439.4377420686678,"[133.0, 226.0625, 196.75, 243.3125, 176.55269941693467, 164.8118667919715, 243.3125, 148.5, 157.5, 158.0]","[(133.0, 210.0), (226.0625, 2.0000000000000284), (196.75, 85.99999999999994), (243.3125, 2.0000000000000284), (176.55269941693467, 110.0), (164.8118667919715, 160.0), (243.3125, 10.0), (148.5, 15.999999999999943), (157.5, 4.000000000000057), (158.0, 10.0)]",3.0,1,10,"[21.0, 0.20000000000000284, 8.599999999999994, 0.20000000000000284, 11.0, 16.0, 1.0, 1.5999999999999943, 0.4000000000000057, 1.0]","[133.0, 226.0625, 196.75, 243.3125, 176.55269941693467, 164.8118667919715, 243.3125, 148.5, 157.5, 158.0]"
7211,"[12.0, 15.0, 15.0, 22.0, 13.0, 25.0, 19.0, 2.0, 9.0, 6.699999999999989, 0.30000000000001137, 16.0, 15.5, 2.5, 2.0]","[142.5, 177.25, 133.0, 300.0, 224.25, 152.25, 152.25, 204.0, 171.0, 158.0, 226.0625, 158.0, 158.0, 158.0, 156.1325]",6,19.0,"[2.0, 9.0, 6.699999999999989, 0.30000000000001137, 16.0, 15.5, 2.5, 2.0]","[12.0, 27.0, 42.0, 64.0, 77.0, 102.0, 121.0, 123.0, 132.0, 138.7, 139.0, 155.0, 170.5, 173.0, 175.0]","[0.0, 12.0, 27.0, 42.0, 64.0, 77.0, 102.0, 121.0, 123.0, 132.0, 138.7, 139.0, 155.0, 170.5, 173.0]","[1.0, 2.0, 1.0, 4.0, 2.5, 1.0, 1.0, 2.0, 1.0, 1.0, 2.0, 1.0, 1.0, 1.0, 1.0]","[7, 9, 9, 4, 4, 9, 9, 4, 4, 4, 4, 4, 4, 4, 3]","[5, 7, 9, 7, 7, 5, 5, 4, 5, 4, 7, 4, 4, 4, 4]","[2.0, 2.0, 1.0, 1.0, 1.5, 1.5, 1.5, 1.0, 1.0, 0.5, 0.5, 0.5, 0.5, 0.5, 0.25]","[3.0, 3.0, 2.0, 1.5, 3.0, 3.0, 2.5, 1.5, 2.0, 1.0, 1.0, 0.75, 1.0, 0.75, 0.75]","[0, 0, 0, 0, 0, 0, 0, 0, 0, 0, 1, 0, 0, 0, 0]",2003-02-20 16:00,32.0,5,2.0,121.0,3.0,1.0,197.7469839309005,"[204.0, 171.0, 158.0, 226.0625, 158.0, 158.0, 158.0, 156.1325]","[(204.0, 20.0), (171.0, 90.0), (158.0, 66.99999999999989), (226.0625, 3.0000000000001137), (158.0, 160.0), (158.0, 155.0), (158.0, 25.0), (156.1325, 20.0)]",3.0,1,8,"[2.0, 9.0, 6.699999999999989, 0.30000000000001137, 16.0, 15.5, 2.5, 2.0]","[204.0, 171.0, 158.0, 226.0625, 158.0, 158.0, 158.0, 156.1325]"
7212,"[12.0, 16.0, 4.0, 24.0, 1.0, 17.0, 6.0, 5.0, 13.0, 23.0, 1.7999999999999972, 0.20000000000000284]","[190.0, 152.25, 208.875, 152.25, 226.0625, 152.25, 160.75, 181.0, 157.3775, 156.1325, 143.75, 156.1325]",5,17.0,"[6.0, 5.0, 13.0, 23.0, 1.7999999999999972, 0.20000000000000284]","[12.0, 28.0, 32.0, 56.0, 57.0, 74.0, 80.0, 85.0, 98.0, 121.0, 122.8, 123.0]","[0.0, 12.0, 28.0, 32.0, 56.0, 57.0, 74.0, 80.0, 85.0, 98.0, 121.0, 122.8]","[2.0, 1.0, 2.5, 1.0, 2.0, 1.0, 1.5, 1.5, 1.0, 1.0, 1.0, 1.0]","[9, 9, 9, 9, 4, 9, 9, 4, 4, 3, 4, 3]","[5, 5, 5, 5, 7, 5, 4, 4, 3, 4, 2, 4]","[2.5, 2.0, 2.0, 1.5, 1.5, 1.0, 1.0, 0.75, 0.5, 0.25, 0.5, 0.5]","[4.0, 4.0, 3.0, 3.0, 2.5, 2.5, 1.5, 1.0, 0.75, 0.75, 1.5, 0.5]","[0, 0, 1, 0, 1, 0, 0, 0, 0, 0, 0, 0]",2003-02-20 16:00,37.0,5,2.0,74.0,3.0,1.0,197.7469839309005,"[160.75, 181.0, 157.3775, 156.1325, 143.75, 156.1325]","[(160.75, 60.0), (181.0, 50.0), (157.3775, 130.0), (156.1325, 230.0), (143.75, 17.99999999999997), (156.1325, 2.0000000000000284)]",3.0,1,6,"[6.0, 5.0, 13.0, 23.0, 1.7999999999999972, 0.20000000000000284]","[160.75, 181.0, 157.3775, 156.1325, 143.75, 156.1325]"
7228,"[10.0, 5.0, 5.0, 45.0, 13.0, 2.0, 44.0, 4.0, 22.0, 16.69999999999999, 0.30000000000001137, 11.0, 14.0, 1.0, 0.19999999999998863]","[286.8125, 232.12522605741117, 292.25, 326.42346393368337, 272.9777961056527, 292.25, 272.9777961056527, 181.06998247500167, 232.12522605741117, 167.40359922257957, 292.25, 175.60395559732385, 158.0, 192.55248685625125, 140.0]",10,0.30000000000001137,"[11.0, 14.0, 1.0, 0.19999999999998863]","[10.0, 15.0, 20.0, 65.0, 78.0, 80.0, 124.0, 128.0, 150.0, 166.7, 167.0, 178.0, 192.0, 193.0, 193.2]","[0.0, 10.0, 15.0, 20.0, 65.0, 78.0, 80.0, 124.0, 128.0, 150.0, 166.7, 167.0, 178.0, 192.0, 193.0]","[4.0, 3.5, 2.0, 4.5, 4.0, 3.5, 4.0, 2.5, 3.5, 2.0, 2.0, 1.5, 1.0, 2.5, 1.0]","[5, 3, 7, 3, 3, 7, 3, 3, 3, 3, 7, 4, 4, 3, 6]","[7, 3, 7, 3, 3, 7, 3, 3, 3, 3, 7, 3, 4, 4, 6]","[1.0, 0.5, 1.0, 0.25, 0.25, 1.0, 0.25, 0.5, 0.25, 0.5, 0.5, 0.5, 0.5, 1.5, 1.0]","[2.0, 0.5, 2.0, 0.25, 0.5, 1.0, 0.5, 0.5, 0.5, 0.5, 0.5, 1.0, 0.75, 1.5, 2.0]","[1, 0, 1, 0, 0, 1, 0, 0, 0, 0, 1, 0, 0, 0, 0]",2002-12-11 12:00,38.0,7,3.0,167.0,3.0,1.0,878.8754841373355,"[175.60395559732385, 158.0, 192.55248685625125, 140.0]","[(175.60395559732385, 110.0), (158.0, 140.0), (192.55248685625125, 10.0), (140.0, 1.9999999999998863)]",3.0,1,4,"[11.0, 14.0, 1.0, 0.19999999999998863]","[175.60395559732385, 158.0, 192.55248685625125, 140.0]"
7228,"[10.0, 5.0, 5.0, 45.0, 13.0, 2.0, 44.0, 4.0, 22.0, 16.69999999999999, 0.30000000000001137, 11.0, 14.0, 1.0, 0.19999999999998863]","[286.8125, 232.12522605741117, 292.25, 326.42346393368337, 272.9777961056527, 292.25, 272.9777961056527, 181.06998247500167, 232.12522605741117, 167.40359922257957, 292.25, 175.60395559732385, 158.0, 192.55248685625125, 140.0]",10,0.30000000000001137,"[11.0, 14.0, 1.0, 0.19999999999998863]","[10.0, 15.0, 20.0, 65.0, 78.0, 80.0, 124.0, 128.0, 150.0, 166.7, 167.0, 178.0, 192.0, 193.0, 193.2]","[0.0, 10.0, 15.0, 20.0, 65.0, 78.0, 80.0, 124.0, 128.0, 150.0, 166.7, 167.0, 178.0, 192.0, 193.0]","[4.0, 3.5, 2.0, 4.5, 4.0, 3.5, 4.0, 2.5, 3.5, 2.0, 2.0, 1.5, 1.0, 2.5, 1.0]","[5, 3, 7, 3, 3, 7, 3, 3, 3, 3, 7, 4, 4, 3, 6]","[7, 3, 7, 3, 3, 7, 3, 3, 3, 3, 7, 3, 4, 4, 6]","[1.0, 0.5, 1.0, 0.25, 0.25, 1.0, 0.25, 0.5, 0.25, 0.5, 0.5, 0.5, 0.5, 1.5, 1.0]","[2.0, 0.5, 2.0, 0.25, 0.5, 1.0, 0.5, 0.5, 0.5, 0.5, 0.5, 1.0, 0.75, 1.5, 2.0]","[1, 0, 1, 0, 0, 1, 0, 0, 0, 0, 1, 0, 0, 0, 0]",2002-12-11 12:00,38.0,7,3.0,167.0,3.0,1.0,878.8754841373355,"[175.60395559732385, 158.0, 192.55248685625125, 140.0]","[(175.60395559732385, 110.0), (158.0, 140.0), (192.55248685625125, 10.0), (140.0, 1.9999999999998863)]",3.0,1,4,"[11.0, 14.0, 1.0, 0.19999999999998863]","[175.60395559732385, 158.0, 192.55248685625125, 140.0]"
7228,"[10.0, 5.0, 5.0, 45.0, 13.0, 2.0, 44.0, 4.0, 22.0, 16.69999999999999, 0.30000000000001137, 11.0, 14.0, 1.0, 0.19999999999998863]","[286.8125, 232.12522605741117, 292.25, 326.42346393368337, 272.9777961056527, 292.25, 272.9777961056527, 181.06998247500167, 232.12522605741117, 167.40359922257957, 292.25, 175.60395559732385, 158.0, 192.55248685625125, 140.0]",10,0.30000000000001137,"[11.0, 14.0, 1.0, 0.19999999999998863]","[10.0, 15.0, 20.0, 65.0, 78.0, 80.0, 124.0, 128.0, 150.0, 166.7, 167.0, 178.0, 192.0, 193.0, 193.2]","[0.0, 10.0, 15.0, 20.0, 65.0, 78.0, 80.0, 124.0, 128.0, 150.0, 166.7, 167.0, 178.0, 192.0, 193.0]","[4.0, 3.5, 2.0, 4.5, 4.0, 3.5, 4.0, 2.5, 3.5, 2.0, 2.0, 1.5, 1.0, 2.5, 1.0]","[5, 3, 7, 3, 3, 7, 3, 3, 3, 3, 7, 4, 4, 3, 6]","[7, 3, 7, 3, 3, 7, 3, 3, 3, 3, 7, 3, 4, 4, 6]","[1.0, 0.5, 1.0, 0.25, 0.25, 1.0, 0.25, 0.5, 0.25, 0.5, 0.5, 0.5, 0.5, 1.5, 1.0]","[2.0, 0.5, 2.0, 0.25, 0.5, 1.0, 0.5, 0.5, 0.5, 0.5, 0.5, 1.0, 0.75, 1.5, 2.0]","[1, 0, 1, 0, 0, 1, 0, 0, 0, 0, 1, 0, 0, 0, 0]",2002-12-11 12:00,38.0,7,3.0,167.0,3.0,1.0,878.8754841373355,"[175.60395559732385, 158.0, 192.55248685625125, 140.0]","[(175.60395559732385, 110.0), (158.0, 140.0), (192.55248685625125, 10.0), (140.0, 1.9999999999998863)]",3.0,1,4,"[11.0, 14.0, 1.0, 0.19999999999998863]","[175.60395559732385, 158.0, 192.55248685625125, 140.0]"
7228,"[10.0, 5.0, 5.0, 45.0, 13.0, 2.0, 44.0, 4.0, 22.0, 16.69999999999999, 0.30000000000001137, 11.0, 14.0, 1.0, 0.19999999999998863]","[286.8125, 232.12522605741117, 292.25, 326.42346393368337, 272.9777961056527, 292.25, 272.9777961056527, 181.06998247500167, 232.12522605741117, 167.40359922257957, 292.25, 175.60395559732385, 158.0, 192.55248685625125, 140.0]",10,0.30000000000001137,"[11.0, 14.0, 1.0, 0.19999999999998863]","[10.0, 15.0, 20.0, 65.0, 78.0, 80.0, 124.0, 128.0, 150.0, 166.7, 167.0, 178.0, 192.0, 193.0, 193.2]","[0.0, 10.0, 15.0, 20.0, 65.0, 78.0, 80.0, 124.0, 128.0, 150.0, 166.7, 167.0, 178.0, 192.0, 193.0]","[4.0, 3.5, 2.0, 4.5, 4.0, 3.5, 4.0, 2.5, 3.5, 2.0, 2.0, 1.5, 1.0, 2.5, 1.0]","[5, 3, 7, 3, 3, 7, 3, 3, 3, 3, 7, 4, 4, 3, 6]","[7, 3, 7, 3, 3, 7, 3, 3, 3, 3, 7, 3, 4, 4, 6]","[1.0, 0.5, 1.0, 0.25, 0.25, 1.0, 0.25, 0.5, 0.25, 0.5, 0.5, 0.5, 0.5, 1.5, 1.0]","[2.0, 0.5, 2.0, 0.25, 0.5, 1.0, 0.5, 0.5, 0.5, 0.5, 0.5, 1.0, 0.75, 1.5, 2.0]","[1, 0, 1, 0, 0, 1, 0, 0, 0, 0, 1, 0, 0, 0, 0]",2002-12-11 12:00,38.0,7,3.0,167.0,3.0,1.0,878.8754841373355,"[175.60395559732385, 158.0, 192.55248685625125, 140.0]","[(175.60395559732385, 110.0), (158.0, 140.0), (192.55248685625125, 10.0), (140.0, 1.9999999999998863)]",3.0,1,4,"[11.0, 14.0, 1.0, 0.19999999999998863]","[175.60395559732385, 158.0, 192.55248685625125, 140.0]"
7229,"[30.0, 19.0, 9.0, 2.0, 7.5, 2.5, 27.0, 25.5, 0.5, 14.5, 0.5, 15.0, 0.8000000000000114, 0.19999999999998863]","[174.25, 292.25, 129.5, 292.25, 202.0738495144293, 216.0, 232.12522605741117, 167.40359922257957, 192.55248685625125, 156.1325, 167.40359922257957, 157.3775, 214.05538713582197, 140.0]",9,14.5,"[0.5, 15.0, 0.8000000000000114, 0.19999999999998863]","[30.0, 49.0, 58.0, 60.0, 67.5, 70.0, 97.0, 122.5, 123.0, 137.5, 138.0, 153.0, 153.8, 154.0]","[0.0, 30.0, 49.0, 58.0, 60.0, 67.5, 70.0, 97.0, 122.5, 123.0, 137.5, 138.0, 153.0, 153.8]","[1.5, 3.5, 1.0, 3.5, 3.0, 2.5, 3.5, 2.0, 2.5, 1.0, 2.0, 1.0, 3.0, 1.0]","[4, 7, 7, 7, 3, 7, 3, 3, 3, 3, 3, 4, 3, 6]","[9, 7, 4, 7, 3, 7, 3, 3, 4, 4, 3, 3, 4, 6]","[1.0, 1.0, 1.0, 1.0, 0.5, 0.75, 0.25, 0.25, 0.25, 0.25, 0.25, 0.25, 0.25, 1.0]","[1.5, 2.0, 2.0, 1.5, 0.5, 1.5, 0.5, 5.0, 0.5, 0.75, 0.5, 0.75, 0.5, 2.0]","[0, 1, 0, 1, 0, 0, 0, 0, 0, 0, 0, 0, 0, 0]",2002-12-11 15:00,34.0,4,2.0,137.5,3.0,1.0,131.83132262060033,"[167.40359922257957, 157.3775, 214.05538713582197, 140.0]","[(167.40359922257957, 5.0), (157.3775, 150.0), (214.05538713582197, 8.000000000000114), (140.0, 1.9999999999998863)]",3.0,1,4,"[0.5, 15.0, 0.8000000000000114, 0.19999999999998863]","[167.40359922257957, 157.3775, 214.05538713582197, 140.0]"
7237,"[30.0, 55.0, 50.0, 15.0, 18.0, 2.0, 12.0, 6.5, 0.30000000000001137, 0.19999999999998863]","[394.2882093093874, 326.42346393368337, 272.9777961056527, 214.05538713582197, 194.8508998056449, 157.3775, 175.60395559732385, 115.25, 194.8508998056449, 140.0]",2,50.0,"[15.0, 18.0, 2.0, 12.0, 6.5, 0.30000000000001137, 0.19999999999998863]","[30.0, 85.0, 135.0, 150.0, 168.0, 170.0, 182.0, 188.5, 188.8, 189.0]","[0.0, 30.0, 85.0, 135.0, 150.0, 168.0, 170.0, 182.0, 188.5, 188.8]","[5.0, 4.5, 4.0, 3.0, 2.0, 1.0, 1.5, 1.0, 2.0, 1.0]","[3, 3, 3, 3, 4, 4, 4, 2, 4, 6]","[3, 3, 3, 4, 3, 3, 3, 4, 3, 6]","[0.25, 0.25, 0.25, 0.25, 0.25, 0.5, 0.5, 0.5, 0.25, 2.0]","[0.5, 0.25, 0.5, 0.5, 0.75, 1.0, 0.75, 2.0, 0.5, 3.0]","[0, 0, 0, 0, 0, 0, 0, 0, 0, 0]",2002-12-12 12:00,41.0,6,3.0,135.0,3.0,1.0,439.4377420686678,"[214.05538713582197, 194.8508998056449, 157.3775, 175.60395559732385, 115.25, 194.8508998056449, 140.0]","[(214.05538713582197, 150.0), (194.8508998056449, 180.0), (157.3775, 20.0), (175.60395559732385, 120.0), (115.25, 65.0), (194.8508998056449, 3.0000000000001137), (140.0, 1.9999999999998863)]",3.0,1,7,"[15.0, 18.0, 2.0, 12.0, 6.5, 0.30000000000001137, 0.19999999999998863]","[214.05538713582197, 194.8508998056449, 157.3775, 175.60395559732385, 115.25, 194.8508998056449, 140.0]"
73450,"[2.0, 8.0, 19.0, 2.0, 29.0, 9.0, 1.0, 12.0, 6.0, 5.0]","[248.5, 273.0, 242.34391954305838, 192.55248685625125, 181.06998247500167, 187.25, 269.7059623786073, 174.55248685625125, 86.0, 114.10395559732385]",6,1.0,"[12.0, 6.0, 5.0]","[2.0, 10.0, 29.0, 31.0, 60.0, 69.0, 70.0, 82.0, 88.0, 93.0]","[0.0, 2.0, 10.0, 29.0, 31.0, 60.0, 69.0, 70.0, 82.0, 88.0]","[3.0, 3.5, 3.5, 2.5, 2.5, 2.0, 3.0, 2.5, 1.0, 1.5]","[7, 4, 3, 3, 3, 4, 7, 3, 1, 1]","[4, 4, 4, 4, 3, 2, 3, 2, 2, 3]","[1.0, 1.0, 0.75, 1.0, 0.25, 1.0, 1.0, 0.5, 1.0, 0.5]","[2.0, 1.0, 1.5, 1.0, 0.5, 1.5, 1.0, 1.0, 2.0, 2.0]","[0, 0, 0, 0, 0, 0, 1, 0, 0, 0]",2009-10-19 09:00,34.0,4,2.0,70.0,3.0,1.0,131.83132262060033,"[174.55248685625125, 86.0, 114.10395559732385]","[(174.55248685625125, 120.0), (86.0, 60.0), (114.10395559732385, 50.0)]",3.0,1,3,"[12.0, 6.0, 5.0]","[174.55248685625125, 86.0, 114.10395559732385]"
73451,"[3.0, 7.0, 35.0, 7.0, 16.0, 4.0, 1.0, 8.0, 9.0, 2.0, 1.0]","[270.1875, 275.9375, 214.05538713582197, 192.55248685625125, 202.0738495144293, 175.60395559732385, 281.6875, 176.55269941693467, 143.75, 281.6875, 157.3775]",3,7.0,"[16.0, 4.0, 1.0, 8.0, 9.0, 2.0, 1.0]","[3.0, 10.0, 45.0, 52.0, 68.0, 72.0, 73.0, 81.0, 90.0, 92.0, 93.0]","[0.0, 3.0, 10.0, 45.0, 52.0, 68.0, 72.0, 73.0, 81.0, 90.0, 92.0]","[2.0, 2.5, 3.0, 2.5, 3.0, 1.5, 3.0, 2.0, 1.0, 3.0, 1.0]","[7, 7, 3, 3, 3, 4, 7, 3, 4, 7, 4]","[4, 4, 4, 4, 3, 3, 4, 4, 2, 4, 3]","[1.0, 1.0, 0.5, 0.5, 0.25, 0.5, 0.5, 0.5, 1.0, 1.0, 2.0]","[2.5, 2.0, 0.5, 0.5, 0.75, 1.0, 1.0, 0.5, 1.5, 1.5, 2.0]","[1, 1, 0, 0, 0, 0, 1, 0, 0, 1, 0]",2009-10-20 09:00,34.0,5,2.0,52.0,3.0,1.0,197.7469839309005,"[202.0738495144293, 175.60395559732385, 281.6875, 176.55269941693467, 143.75, 281.6875, 157.3775]","[(202.0738495144293, 160.0), (175.60395559732385, 40.0), (281.6875, 10.0), (176.55269941693467, 80.0), (143.75, 90.0), (281.6875, 20.0), (157.3775, 10.0)]",3.0,1,7,"[16.0, 4.0, 1.0, 8.0, 9.0, 2.0, 1.0]","[202.0738495144293, 175.60395559732385, 281.6875, 176.55269941693467, 143.75, 281.6875, 157.3775]"
73452,"[2.0, 8.0, 29.0, 5.0, 20.5, 0.5, 10.0, 3.0, 2.0]","[281.6875, 262.78130651435276, 202.0738495144293, 214.05538713582197, 181.06998247500167, 287.4375, 176.55269941693467, 158.0, 292.25]",5,0.5,"[10.0, 3.0, 2.0]","[2.0, 10.0, 39.0, 44.0, 64.5, 65.0, 75.0, 78.0, 80.0]","[0.0, 2.0, 10.0, 39.0, 44.0, 64.5, 65.0, 75.0, 78.0]","[3.0, 3.5, 3.0, 3.0, 2.5, 3.5, 2.0, 1.0, 3.0]","[7, 4, 3, 3, 3, 7, 3, 4, 7]","[4, 3, 3, 4, 3, 4, 4, 4, 7]","[1.0, 0.5, 0.25, 0.5, 0.5, 1.0, 0.5, 1.0, 1.0]","[2.0, 1.5, 0.75, 1.0, 0.5, 1.5, 1.0, 1.5, 2.0]","[1, 0, 0, 0, 0, 1, 0, 0, 1]",2009-10-21 09:00,34.0,5,2.0,65.0,3.0,2.0,197.7469839309005,"[176.55269941693467, 158.0, 292.25]","[(176.55269941693467, 100.0), (158.0, 30.0), (292.25, 20.0)]",3.0,1,3,"[10.0, 3.0, 2.0]","[176.55269941693467, 158.0, 292.25]"
73453,"[4.0, 8.0, 21.0, 9.0, 3.0, 18.0, 3.0, 0.5, 9.5, 3.0, 3.0]","[275.9375, 214.05538713582197, 214.05538713582197, 181.06998247500167, 164.8118667919715, 192.55248685625125, 175.60395559732385, 292.25, 176.55269941693467, 156.1325, 269.7059623786073]",6,3.0,"[0.5, 9.5, 3.0, 3.0]","[4.0, 12.0, 33.0, 42.0, 45.0, 63.0, 66.0, 66.5, 76.0, 79.0, 82.0]","[0.0, 4.0, 12.0, 33.0, 42.0, 45.0, 63.0, 66.0, 66.5, 76.0, 79.0]","[2.5, 3.0, 3.0, 2.5, 1.5, 2.5, 1.5, 3.0, 2.0, 1.0, 3.0]","[7, 3, 3, 3, 3, 3, 4, 7, 3, 3, 7]","[4, 4, 4, 3, 4, 4, 3, 7, 4, 4, 3]","[1.0, 0.5, 1.0, 0.75, 0.5, 0.5, 1.0, 1.0, 0.25, 0.5, 0.5]","[2.5, 0.5, 1.0, 1.5, 0.5, 1.0, 2.0, 1.5, 1.0, 0.5, 1.0]","[1, 0, 0, 0, 0, 0, 0, 1, 0, 0, 1]",2009-10-22 09:00,33.0,3,1.0,66.0,1.0,2.0,100.9123351677189,"[292.25, 176.55269941693467, 156.1325, 269.7059623786073]","[(292.25, 5.0), (176.55269941693467, 95.0), (156.1325, 30.0), (269.7059623786073, 30.0)]",1.0,1,4,"[0.5, 9.5, 3.0, 3.0]","[292.25, 176.55269941693467, 156.1325, 269.7059623786073]"
73454,"[4.0, 17.0, 27.0, 4.0, 12.0, 3.5, 0.5, 10.0, 3.0, 2.5, 1.5]","[281.0625, 215.51749561875042, 214.05538713582197, 175.60395559732385, 238.01846237860732, 175.60395559732385, 287.4375, 192.55248685625125, 181.0, 287.4375, 129.10395559732385]",5,3.5,"[0.5, 10.0, 3.0, 2.5, 1.5]","[4.0, 21.0, 48.0, 52.0, 64.0, 67.5, 68.0, 78.0, 81.0, 83.5, 85.0]","[0.0, 4.0, 21.0, 48.0, 52.0, 64.0, 67.5, 68.0, 78.0, 81.0, 83.5]","[2.5, 2.5, 3.0, 1.5, 3.0, 1.5, 3.5, 2.5, 1.5, 3.5, 1.5]","[7, 4, 3, 4, 4, 4, 7, 3, 4, 7, 2]","[5, 3, 4, 3, 3, 3, 4, 4, 4, 4, 3]","[1.0, 0.5, 0.25, 0.5, 0.5, 0.75, 1.0, 0.5, 1.0, 1.0, 0.5]","[2.0, 1.0, 0.5, 0.5, 1.0, 1.5, 1.5, 0.5, 1.0, 2.0, 1.0]","[1, 0, 0, 0, 0, 0, 1, 0, 0, 1, 0]",2009-10-23 09:00,33.0,3,2.0,67.5,2.0,2.0,100.9123351677189,"[287.4375, 192.55248685625125, 181.0, 287.4375, 129.10395559732385]","[(287.4375, 5.0), (192.55248685625125, 100.0), (181.0, 30.0), (287.4375, 25.0), (129.10395559732385, 15.0)]",2.0,1,5,"[0.5, 10.0, 3.0, 2.5, 1.5]","[287.4375, 192.55248685625125, 181.0, 287.4375, 129.10395559732385]"
73462,"[12.0, 13.0, 4.0, 1.0, 9.0, 4.0, 6.0, 3.0, 2.0, 8.0, 8.0, 6.0, 6.0, 5.5, 0.5]","[252.5, 215.51749561875042, 215.51749561875042, 287.4375, 214.05538713582197, 194.8508998056449, 241.75, 158.0, 281.6875, 214.05538713582197, 174.55248685625125, 159.80269941693467, 202.0738495144293, 101.0, 159.41582238929536]",11,6.0,"[6.0, 5.5, 0.5]","[12.0, 25.0, 29.0, 30.0, 39.0, 43.0, 49.0, 52.0, 54.0, 62.0, 70.0, 76.0, 82.0, 87.5, 88.0]","[0.0, 12.0, 25.0, 29.0, 30.0, 39.0, 43.0, 49.0, 52.0, 54.0, 62.0, 70.0, 76.0, 82.0, 87.5]","[3.0, 2.5, 2.5, 3.5, 3.0, 2.0, 3.0, 1.0, 3.0, 3.0, 2.5, 2.0, 3.0, 1.0, 1.5]","[4, 4, 4, 7, 3, 4, 4, 4, 7, 3, 3, 3, 3, 2, 3]","[5, 3, 3, 4, 4, 3, 9, 4, 4, 4, 2, 2, 3, 2, 3]","[1.0, 1.0, 1.0, 1.0, 0.5, 1.0, 1.0, 1.0, 1.0, 1.0, 0.5, 0.25, 0.25, 1.0, 0.5]","[2.5, 1.0, 1.5, 2.0, 1.0, 1.5, 1.0, 2.0, 1.0, 2.0, 1.0, 1.0, 0.5, 2.0, 1.0]","[0, 0, 0, 1, 0, 0, 0, 0, 1, 0, 0, 0, 0, 0, 0]",2009-11-12 09:00,38.0,4,1.0,76.0,2.0,1.0,131.83132262060033,"[202.0738495144293, 101.0, 159.41582238929536]","[(202.0738495144293, 60.0), (101.0, 55.0), (159.41582238929536, 5.0)]",2.0,1,3,"[6.0, 5.5, 0.5]","[202.0738495144293, 101.0, 159.41582238929536]"
74191,"[5.0, 31.0, 8.0, 9.0, 7.0, 9.0, 3.0, 2.0, 2.799999999999997, 0.20000000000000284]","[211.75, 241.75, 191.375, 287.4375, 214.05538713582197, 181.06998247500167, 164.8118667919715, 292.25, 115.25, 140.0]",2,8.0,"[9.0, 7.0, 9.0, 3.0, 2.0, 2.799999999999997, 0.20000000000000284]","[5.0, 36.0, 44.0, 53.0, 60.0, 69.0, 72.0, 74.0, 76.8, 77.0]","[0.0, 5.0, 36.0, 44.0, 53.0, 60.0, 69.0, 72.0, 74.0, 76.8]","[2.0, 3.0, 1.5, 3.5, 3.0, 2.5, 1.5, 3.5, 1.0, 1.5]","[4, 4, 4, 7, 3, 3, 3, 7, 2, 6]","[5, 9, 5, 4, 4, 3, 4, 7, 4, 6]","[2.0, 1.0, 2.0, 1.0, 1.0, 0.25, 0.5, 1.0, 1.0, 1.0]","[3.0, 1.0, 2.0, 1.0, 1.0, 0.75, 0.5, 1.0, 2.0, 1.5]","[0, 0, 0, 1, 0, 0, 0, 1, 0, 0]",2009-11-19 09:00,36.0,4,1.0,44.0,2.0,1.0,131.83132262060033,"[287.4375, 214.05538713582197, 181.06998247500167, 164.8118667919715, 292.25, 115.25, 140.0]","[(287.4375, 90.0), (214.05538713582197, 70.0), (181.06998247500167, 90.0), (164.8118667919715, 30.0), (292.25, 20.0), (115.25, 27.99999999999997), (140.0, 2.0000000000000284)]",2.0,1,7,"[9.0, 7.0, 9.0, 3.0, 2.0, 2.799999999999997, 0.20000000000000284]","[287.4375, 214.05538713582197, 181.06998247500167, 164.8118667919715, 292.25, 115.25, 140.0]"
74197,"[20.0, 5.0, 4.0, 2.0, 3.0, 16.0, 10.0, 5.0, 5.0, 5.5, 0.5, 1.0, 6.0, 1.0]","[220.0, 212.125, 287.4375, 204.0, 293.1875, 238.01846237860732, 192.55248685625125, 194.8508998056449, 287.4375, 156.1325, 269.7059623786073, 137.0, 119.0, 176.55269941693467]",7,5.0,"[5.0, 5.5, 0.5, 1.0, 6.0, 1.0]","[20.0, 25.0, 29.0, 31.0, 34.0, 50.0, 60.0, 65.0, 70.0, 75.5, 76.0, 77.0, 83.0, 84.0]","[0.0, 20.0, 25.0, 29.0, 31.0, 34.0, 50.0, 60.0, 65.0, 70.0, 75.5, 76.0, 77.0, 83.0]","[2.0, 1.5, 3.5, 2.0, 4.0, 3.0, 2.5, 2.0, 3.5, 1.0, 3.0, 2.0, 1.5, 2.0]","[5, 5, 7, 4, 7, 4, 3, 4, 7, 3, 7, 2, 2, 3]","[9, 4, 4, 4, 4, 3, 4, 3, 4, 4, 3, 2, 2, 4]","[1.0, 2.0, 0.75, 1.0, 1.0, 0.5, 0.5, 1.0, 1.0, 0.5, 0.25, 1.0, 1.0, 0.5]","[2.5, 2.0, 2.0, 1.0, 1.5, 1.0, 1.0, 1.5, 1.0, 0.5, 0.5, 2.0, 1.5, 0.5]","[0, 0, 1, 0, 1, 0, 0, 0, 1, 0, 1, 0, 0, 0]",2009-11-27 10:00,36.0,4,1.0,65.0,2.0,1.0,131.83132262060033,"[287.4375, 156.1325, 269.7059623786073, 137.0, 119.0, 176.55269941693467]","[(287.4375, 50.0), (156.1325, 55.0), (269.7059623786073, 5.0), (137.0, 10.0), (119.0, 60.0), (176.55269941693467, 10.0)]",2.0,1,6,"[5.0, 5.5, 0.5, 1.0, 6.0, 1.0]","[287.4375, 156.1325, 269.7059623786073, 137.0, 119.0, 176.55269941693467]"
74209,"[8.0, 2.0, 9.0, 1.0, 30.0, 23.0, 2.0]","[197.0, 292.25, 210.0, 287.4375, 149.3118667919715, 105.75, 90.75]",2,9.0,"[1.0, 30.0, 23.0, 2.0]","[8.0, 10.0, 19.0, 20.0, 50.0, 73.0, 75.0]","[0.0, 8.0, 10.0, 19.0, 20.0, 50.0, 73.0]","[1.0, 3.5, 1.0, 3.5, 1.5, 1.0, 1.0]","[5, 7, 5, 7, 3, 2, 1]","[4, 7, 5, 4, 2, 0, 0]","[2.0, 2.0, 2.0, 1.0, 0.5, 1.0, 1.0]","[4.0, 2.0, 3.0, 2.0, 1.0, 2.0, 3.0]","[0, 1, 0, 1, 0, 0, 0]",2009-12-01 15:00,22.0,4,3.0,19.0,3.0,3.0,131.83132262060033,"[287.4375, 149.3118667919715, 105.75, 90.75]","[(287.4375, 10.0), (149.3118667919715, 300.0), (105.75, 230.0), (90.75, 20.0)]",3.0,1,4,"[1.0, 30.0, 23.0, 2.0]","[287.4375, 149.3118667919715, 105.75, 90.75]"
74216,"[27.0, 21.0, 24.0, 1.0]","[187.5, 192.55248685625125, 159.41582238929536, 180.26846237860732]",0,27.0,"[21.0, 24.0, 1.0]","[27.0, 48.0, 72.0, 73.0]","[0.0, 27.0, 48.0, 72.0]","[1.0, 2.5, 1.5, 3.0]","[5, 3, 3, 2]","[7, 4, 3, 3]","[1.0, 0.75, 0.2, 0.5]","[3.0, 0.75, 0.2, 0.5]","[0, 0, 0, 0]",2009-12-03 11:00,38.0,5,1.0,27.0,2.0,2.0,197.7469839309005,"[192.55248685625125, 159.41582238929536, 180.26846237860732]","[(192.55248685625125, 210.0), (159.41582238929536, 240.0), (180.26846237860732, 10.0)]",2.0,1,3,"[21.0, 24.0, 1.0]","[192.55248685625125, 159.41582238929536, 180.26846237860732]"
74217,"[15.0, 13.0, 3.0, 18.0, 8.0, 8.0, 4.0, 1.0, 6.0, 2.0, 26.0, 15.0, 1.0]","[222.5, 249.25, 227.25, 246.625, 232.125, 293.1875, 204.0, 281.6875, 205.80538713582197, 167.40359922257957, 181.06998247500167, 101.0, 159.80269941693467]",7,1.0,"[6.0, 2.0, 26.0, 15.0, 1.0]","[15.0, 28.0, 31.0, 49.0, 57.0, 65.0, 69.0, 70.0, 76.0, 78.0, 104.0, 119.0, 120.0]","[0.0, 15.0, 28.0, 31.0, 49.0, 57.0, 65.0, 69.0, 70.0, 76.0, 78.0, 104.0, 119.0]","[1.5, 3.0, 2.0, 3.5, 2.5, 4.0, 2.0, 3.0, 3.0, 2.0, 2.5, 1.0, 2.0]","[5, 5, 5, 9, 4, 7, 4, 7, 3, 3, 3, 2, 3]","[5, 9, 4, 5, 5, 4, 4, 4, 9, 3, 3, 2, 2]","[2.0, 2.0, 2.0, 2.0, 2.0, 0.5, 2.0, 1.0, 0.5, 0.25, 0.5, 1.0, 0.5]","[4.0, 3.0, 5.0, 3.0, 3.0, 1.0, 2.0, 1.0, 1.0, 0.75, 0.5, 1.5, 0.5]","[0, 0, 0, 0, 0, 1, 0, 1, 0, 0, 0, 0, 0]",2009-12-03 11:00,35.0,5,1.0,70.0,2.0,2.0,197.7469839309005,"[205.80538713582197, 167.40359922257957, 181.06998247500167, 101.0, 159.80269941693467]","[(205.80538713582197, 60.0), (167.40359922257957, 20.0), (181.06998247500167, 260.0), (101.0, 150.0), (159.80269941693467, 10.0)]",2.0,1,5,"[6.0, 2.0, 26.0, 15.0, 1.0]","[205.80538713582197, 167.40359922257957, 181.06998247500167, 101.0, 159.80269941693467]"
74218,"[19.0, 1.0, 29.0, 32.0]","[171.0, 292.25, 181.06998247500167, 155.51]",0,19.0,"[1.0, 29.0, 32.0]","[19.0, 20.0, 49.0, 81.0]","[0.0, 19.0, 20.0, 49.0]","[1.0, 3.0, 2.5, 1.0]","[4, 7, 3, 3]","[5, 7, 3, 3]","[2.0, 1.0, 0.5, 0.25]","[3.0, 2.0, 0.5, 0.5]","[0, 1, 0, 0]",2009-12-03 11:00,41.0,3,1.0,19.0,1.0,2.0,100.9123351677189,"[292.25, 181.06998247500167, 155.51]","[(292.25, 10.0), (181.06998247500167, 290.0), (155.51, 320.0)]",1.0,1,3,"[1.0, 29.0, 32.0]","[292.25, 181.06998247500167, 155.51]"
74219,"[50.0, 28.0, 1.0, 11.0, 8.0, 15.0, 2.0]","[238.0, 280.0, 248.5, 202.0738495144293, 181.06998247500167, 101.0, 137.0]",3,11.0,"[8.0, 15.0, 2.0]","[50.0, 78.0, 79.0, 90.0, 98.0, 113.0, 115.0]","[0.0, 50.0, 78.0, 79.0, 90.0, 98.0, 113.0]","[3.5, 3.5, 3.0, 3.0, 2.5, 1.0, 2.0]","[9, 7, 7, 3, 3, 2, 2]","[9, 7, 4, 3, 3, 2, 2]","[0.5, 1.0, 0.5, 0.25, 0.25, 1.0, 0.5]","[0.5, 1.0, 1.0, 0.25, 0.5, 1.0, 1.0]","[0, 0, 0, 0, 0, 0, 0]",2009-12-03 11:00,30.0,5,2.0,90.0,3.0,1.0,197.7469839309005,"[181.06998247500167, 101.0, 137.0]","[(181.06998247500167, 80.0), (101.0, 150.0), (137.0, 20.0)]",3.0,1,3,"[8.0, 15.0, 2.0]","[181.06998247500167, 101.0, 137.0]"
74225,"[69.0, 5.0, 29.0, 2.0, 2.0, 1.0, 52.0, 5.5, 0.5]","[241.75, 278.73334707923954, 167.40359922257957, 286.75, 292.25, 176.55269941693467, 101.0, 96.0, 120.0]",3,2.0,"[2.0, 1.0, 52.0, 5.5, 0.5]","[69.0, 74.0, 103.0, 105.0, 107.0, 108.0, 160.0, 165.5, 166.0]","[0.0, 69.0, 74.0, 103.0, 105.0, 107.0, 108.0, 160.0, 165.5]","[3.0, 4.0, 2.0, 4.0, 4.0, 2.0, 1.0, 1.0, 1.0]","[4, 3, 3, 4, 7, 3, 2, 2, 0]","[9, 4, 3, 9, 7, 4, 2, 1, 0]","[0.5, 1.0, 0.5, 1.5, 1.0, 1.0, 1.5, 2.0, 2.0]","[1.0, 2.5, 1.0, 2.0, 1.5, 1.5, 2.0, 2.0, 3.0]","[0, 0, 0, 0, 1, 0, 0, 0, 0]",2009-12-03 12:00,34.0,5,1.0,105.0,2.0,2.0,197.7469839309005,"[292.25, 176.55269941693467, 101.0, 96.0, 120.0]","[(292.25, 20.0), (176.55269941693467, 10.0), (101.0, 520.0), (96.0, 55.0), (120.0, 5.0)]",2.0,1,5,"[2.0, 1.0, 52.0, 5.5, 0.5]","[292.25, 176.55269941693467, 101.0, 96.0, 120.0]"
74228,"[12.0, 2.0, 14.0, 2.0, 9.0, 1.0, 43.0]","[211.75, 283.9375, 181.0, 292.25, 238.01846237860732, 221.84391954305838, 137.0]",3,2.0,"[9.0, 1.0, 43.0]","[12.0, 14.0, 28.0, 30.0, 39.0, 40.0, 83.0]","[0.0, 12.0, 14.0, 28.0, 30.0, 39.0, 40.0]","[2.0, 4.0, 1.5, 4.5, 3.0, 3.5, 2.0]","[4, 7, 4, 7, 4, 3, 2]","[5, 9, 4, 7, 3, 2, 2]","[1.5, 1.0, 1.0, 1.0, 0.25, 0.25, 1.0]","[4.0, 2.0, 2.0, 1.0, 1.0, 1.0, 2.0]","[0, 1, 0, 1, 0, 0, 0]",2009-12-03 14:00,32.0,4,2.0,30.0,3.0,2.0,131.83132262060033,"[238.01846237860732, 221.84391954305838, 137.0]","[(238.01846237860732, 90.0), (221.84391954305838, 10.0), (137.0, 430.0)]",3.0,1,3,"[9.0, 1.0, 43.0]","[238.01846237860732, 221.84391954305838, 137.0]"
74230,"[25.0, 25.0, 1.0, 15.0, 1.0, 30.0, 11.0, 4.0]","[264.25, 241.75, 313.1875, 204.0, 298.9375, 159.80269941693467, 101.0, 173.0]",3,15.0,"[1.0, 30.0, 11.0, 4.0]","[25.0, 50.0, 51.0, 66.0, 67.0, 97.0, 108.0, 112.0]","[0.0, 25.0, 50.0, 51.0, 66.0, 67.0, 97.0, 108.0]","[3.5, 3.0, 5.0, 2.0, 4.5, 2.0, 1.0, 3.0]","[4, 4, 7, 4, 7, 3, 2, 2]","[9, 9, 8, 4, 4, 2, 2, 2]","[0.5, 0.75, 1.0, 1.0, 1.0, 0.25, 0.75, 1.0]","[1.0, 1.25, 1.5, 1.5, 1.0, 1.0, 1.5, 2.0]","[0, 0, 1, 0, 1, 0, 0, 0]",2009-12-03 11:00,40.0,3,3.0,66.0,2.0,2.0,100.9123351677189,"[298.9375, 159.80269941693467, 101.0, 173.0]","[(298.9375, 10.0), (159.80269941693467, 300.0), (101.0, 110.0), (173.0, 40.0)]",2.0,1,4,"[1.0, 30.0, 11.0, 4.0]","[298.9375, 159.80269941693467, 101.0, 173.0]"
74231,"[17.0, 1.0, 15.0, 1.0, 1.0, 8.0, 1.0, 30.0, 13.0]","[211.75, 281.6875, 174.25, 293.1875, 158.0, 167.40359922257957, 161.51749561875042, 144.6008998056449, 114.6275]",2,15.0,"[1.0, 1.0, 8.0, 1.0, 30.0, 13.0]","[17.0, 18.0, 33.0, 34.0, 35.0, 43.0, 44.0, 74.0, 87.0]","[0.0, 17.0, 18.0, 33.0, 34.0, 35.0, 43.0, 44.0, 74.0]","[2.0, 3.0, 1.5, 4.0, 1.0, 2.0, 2.5, 2.0, 1.0]","[4, 7, 4, 7, 4, 3, 2, 2, 2]","[5, 4, 9, 4, 4, 3, 3, 3, 3]","[2.0, 1.0, 1.0, 1.0, 1.0, 0.75, 0.5, 0.5, 1.0]","[3.0, 2.0, 1.5, 1.0, 1.0, 1.0, 1.0, 1.0, 2.0]","[0, 1, 0, 1, 0, 0, 0, 0, 0]",2009-12-03 14:00,33.0,3,2.0,33.0,2.0,2.0,100.9123351677189,"[293.1875, 158.0, 167.40359922257957, 161.51749561875042, 144.6008998056449, 114.6275]","[(293.1875, 10.0), (158.0, 10.0), (167.40359922257957, 80.0), (161.51749561875042, 10.0), (144.6008998056449, 300.0), (114.6275, 130.0)]",2.0,1,6,"[1.0, 1.0, 8.0, 1.0, 30.0, 13.0]","[293.1875, 158.0, 167.40359922257957, 161.51749561875042, 144.6008998056449, 114.6275]"
74251,"[7.0, 4.0, 25.0, 2.0, 12.0, 7.0, 3.0, 2.0, 3.0, 17.0, 2.0, 9.0, 13.0, 14.0, 1.0]","[220.0, 227.75, 220.0, 287.3125, 227.25, 205.375, 290.4375, 160.75, 204.0, 272.9777961056527, 176.55269941693467, 181.06998247500167, 167.40359922257957, 164.8118667919715, 154.80269941693467]",9,17.0,"[2.0, 9.0, 13.0, 14.0, 1.0]","[7.0, 11.0, 36.0, 38.0, 50.0, 57.0, 60.0, 62.0, 65.0, 82.0, 84.0, 93.0, 106.0, 120.0, 121.0]","[0.0, 7.0, 11.0, 36.0, 38.0, 50.0, 57.0, 60.0, 62.0, 65.0, 82.0, 84.0, 93.0, 106.0, 120.0]","[2.0, 3.0, 2.0, 3.5, 2.0, 1.5, 4.0, 1.5, 2.0, 4.0, 2.0, 2.5, 2.0, 1.5, 2.0]","[5, 9, 5, 7, 5, 5, 7, 9, 4, 3, 3, 3, 3, 3, 3]","[9, 5, 9, 5, 4, 9, 5, 4, 4, 3, 4, 3, 3, 4, 1]","[2.0, 2.0, 2.0, 2.5, 1.0, 1.0, 1.0, 1.0, 1.0, 0.25, 1.0, 0.5, 0.5, 1.0, 0.5]","[3.0, 3.0, 2.0, 3.0, 3.0, 2.5, 2.0, 1.0, 1.5, 0.75, 1.5, 0.5, 0.75, 1.0, 1.5]","[0, 0, 0, 1, 0, 0, 1, 0, 0, 0, 0, 0, 0, 0, 0]",2009-12-11 10:00,36.0,6,3.0,82.0,3.0,2.0,439.4377420686678,"[176.55269941693467, 181.06998247500167, 167.40359922257957, 164.8118667919715, 154.80269941693467]","[(176.55269941693467, 20.0), (181.06998247500167, 90.0), (167.40359922257957, 130.0), (164.8118667919715, 140.0), (154.80269941693467, 10.0)]",3.0,1,5,"[2.0, 9.0, 13.0, 14.0, 1.0]","[176.55269941693467, 181.06998247500167, 167.40359922257957, 164.8118667919715, 154.80269941693467]"
74280,"[33.0, 1.0, 18.799999999999997, 0.20000000000000284, 22.0, 2.0, 7.0, 13.5, 0.5]","[133.0, 273.4375, 192.55248685625125, 144.5, 176.55269941693467, 159.41582238929536, 141.8825, 101.0, 125.25]",2,18.799999999999997,"[0.20000000000000284, 22.0, 2.0, 7.0, 13.5, 0.5]","[33.0, 34.0, 52.8, 53.0, 75.0, 77.0, 84.0, 97.5, 98.0]","[0.0, 33.0, 34.0, 52.8, 53.0, 75.0, 77.0, 84.0, 97.5]","[1.0, 3.0, 2.5, 1.0, 2.0, 1.5, 1.0, 1.0, 1.0]","[9, 7, 3, 6, 3, 3, 3, 2, 6]","[9, 9, 4, 4, 4, 3, 2, 2, 1]","[1.5, 1.0, 0.5, 1.0, 0.5, 0.25, 0.5, 1.0, 2.0]","[2.0, 1.5, 0.75, 2.0, 0.75, 0.5, 1.0, 3.0, 4.0]","[0, 1, 0, 0, 0, 0, 0, 0, 0]",2009-12-15 10:00,35.0,4,2.0,52.8,3.0,2.0,131.83132262060033,"[144.5, 176.55269941693467, 159.41582238929536, 141.8825, 101.0, 125.25]","[(144.5, 2.0000000000000284), (176.55269941693467, 220.0), (159.41582238929536, 20.0), (141.8825, 70.0), (101.0, 135.0), (125.25, 5.0)]",3.0,1,6,"[0.20000000000000284, 22.0, 2.0, 7.0, 13.5, 0.5]","[144.5, 176.55269941693467, 159.41582238929536, 141.8825, 101.0, 125.25]"
74316,"[8.0, 12.0, 13.0, 6.0, 3.0, 1.0, 12.0, 18.0, 28.0, 15.700000000000003, 0.29999999999999716, 1.5, 0.5]","[292.25, 217.0, 133.0, 293.1875, 175.0, 275.9375, 202.0738495144293, 181.06998247500167, 176.55269941693467, 143.75, 264.4375, 171.0, 140.0]",7,18.0,"[28.0, 15.700000000000003, 0.29999999999999716, 1.5, 0.5]","[8.0, 20.0, 33.0, 39.0, 42.0, 43.0, 55.0, 73.0, 101.0, 116.7, 117.0, 118.5, 119.0]","[0.0, 8.0, 20.0, 33.0, 39.0, 42.0, 43.0, 55.0, 73.0, 101.0, 116.7, 117.0, 118.5]","[2.5, 3.0, 1.0, 4.0, 2.0, 2.5, 3.0, 2.5, 2.0, 1.0, 1.5, 1.0, 1.0]","[7, 9, 9, 7, 9, 7, 3, 3, 3, 4, 7, 4, 6]","[7, 9, 9, 4, 9, 4, 3, 3, 4, 2, 4, 5, 6]","[1.5, 1.0, 1.0, 1.5, 0.75, 1.0, 0.5, 0.5, 0.25, 0.5, 0.5, 0.75, 5.0]","[2.5, 1.0, 1.5, 2.0, 1.0, 1.0, 0.5, 0.5, 0.5, 1.0, 0.75, 1.0, 8.0]","[1, 0, 0, 1, 0, 1, 0, 0, 0, 0, 1, 0, 0]",2009-12-17 15:00,31.0,6,3.0,73.0,3.0,1.0,439.4377420686678,"[176.55269941693467, 143.75, 264.4375, 171.0, 140.0]","[(176.55269941693467, 280.0), (143.75, 157.00000000000003), (264.4375, 2.9999999999999716), (171.0, 15.0), (140.0, 5.0)]",3.0,1,5,"[28.0, 15.700000000000003, 0.29999999999999716, 1.5, 0.5]","[176.55269941693467, 143.75, 264.4375, 171.0, 140.0]"
74317,"[10.0, 15.0, 2.0, 13.0, 7.5, 1.5, 5.0, 1.0, 10.0, 21.0, 5.0, 11.0, 18.5, 1.0, 0.5]","[217.0, 175.0, 293.1875, 196.0, 154.0, 287.4375, 196.0, 270.1875, 272.9777961056527, 164.8118667919715, 176.55269941693467, 165.5, 143.75, 140.0, 90.75]",9,21.0,"[5.0, 11.0, 18.5, 1.0, 0.5]","[10.0, 25.0, 27.0, 40.0, 47.5, 49.0, 54.0, 55.0, 65.0, 86.0, 91.0, 102.0, 120.5, 121.5, 122.0]","[0.0, 10.0, 25.0, 27.0, 40.0, 47.5, 49.0, 54.0, 55.0, 65.0, 86.0, 91.0, 102.0, 120.5, 121.5]","[3.0, 2.0, 4.0, 2.5, 1.5, 3.5, 2.5, 2.0, 4.0, 1.5, 2.0, 1.5, 1.0, 1.0, 1.0]","[9, 9, 7, 9, 9, 7, 9, 7, 3, 3, 3, 4, 4, 6, 1]","[9, 9, 4, 9, 9, 4, 9, 4, 3, 4, 4, 2, 2, 6, 0]","[1.0, 1.0, 1.0, 0.75, 0.75, 1.0, 0.75, 0.75, 0.25, 0.5, 0.5, 0.5, 0.5, 8.0, 0.75]","[2.0, 2.0, 2.0, 1.5, 1.5, 1.5, 0.75, 1.0, 0.5, 0.75, 0.5, 1.0, 1.0, 8.0, 1.0]","[0, 0, 1, 0, 0, 1, 0, 1, 0, 0, 0, 0, 0, 0, 0]",2009-12-18 13:00,38.0,6,3.0,86.0,3.0,1.0,439.4377420686678,"[176.55269941693467, 165.5, 143.75, 140.0, 90.75]","[(176.55269941693467, 50.0), (165.5, 110.0), (143.75, 185.0), (140.0, 10.0), (90.75, 5.0)]",3.0,1,5,"[5.0, 11.0, 18.5, 1.0, 0.5]","[176.55269941693467, 165.5, 143.75, 140.0, 90.75]"
74319,"[10.0, 15.0, 27.0, 2.0, 24.0, 6.0, 2.0, 8.0, 3.0, 8.0, 15.0, 5.0, 6.0]","[196.75, 219.25, 252.5, 287.3125, 227.0, 196.75, 281.6875, 238.01846237860732, 174.25, 204.0, 181.0, 171.0, 167.40359922257957]",8,3.0,"[8.0, 15.0, 5.0, 6.0]","[10.0, 25.0, 52.0, 54.0, 78.0, 84.0, 86.0, 94.0, 97.0, 105.0, 120.0, 125.0, 131.0]","[0.0, 10.0, 25.0, 52.0, 54.0, 78.0, 84.0, 86.0, 94.0, 97.0, 105.0, 120.0, 125.0]","[2.0, 2.5, 3.0, 3.5, 2.5, 2.0, 3.0, 3.0, 1.5, 2.0, 1.5, 1.0, 2.0]","[4, 4, 4, 7, 4, 4, 7, 4, 4, 4, 4, 4, 3]","[9, 9, 5, 5, 4, 9, 4, 3, 9, 4, 4, 5, 3]","[2.0, 1.0, 1.0, 1.0, 1.0, 1.0, 1.0, 0.5, 1.0, 1.0, 1.0, 1.0, 0.25]","[3.0, 2.0, 1.5, 2.0, 1.5, 2.0, 2.0, 1.0, 1.5, 2.0, 2.0, 3.0, 0.25]","[0, 0, 0, 1, 0, 0, 1, 0, 0, 0, 0, 0, 0]",2009-12-21 12:00,38.0,4,2.0,97.0,3.0,2.3,131.83132262060033,"[204.0, 181.0, 171.0, 167.40359922257957]","[(204.0, 80.0), (181.0, 150.0), (171.0, 50.0), (167.40359922257957, 60.0)]",3.0,1,4,"[8.0, 15.0, 5.0, 6.0]","[204.0, 181.0, 171.0, 167.40359922257957]"
74422,"[20.0, 10.0, 2.0, 25.0, 3.0, 40.0, 10.0, 19.0, 1.0, 9.0, 1.0]","[210.0, 181.0, 287.3125, 211.75, 281.6875, 204.0, 205.80538713582197, 164.8118667919715, 140.0, 176.55269941693467, 143.8775]",7,19.0,"[1.0, 9.0, 1.0]","[20.0, 30.0, 32.0, 57.0, 60.0, 100.0, 110.0, 129.0, 130.0, 139.0, 140.0]","[0.0, 20.0, 30.0, 32.0, 57.0, 60.0, 100.0, 110.0, 129.0, 130.0, 139.0]","[1.0, 1.5, 3.5, 2.0, 3.0, 2.0, 3.0, 1.5, 1.0, 2.0, 1.0]","[5, 4, 7, 4, 7, 4, 3, 3, 6, 3, 6]","[5, 4, 5, 5, 4, 4, 9, 4, 6, 4, 3]","[2.0, 99.0, 99.0, 99.0, 99.0, 99.0, 99.0, 99.0, 2.0, 99.0, 0.5]","[6.0, 99.0, 99.0, 99.0, 99.0, 99.0, 99.0, 99.0, 4.0, 99.0, 4.0]","[0, 0, 1, 0, 1, 0, 0, 0, 0, 0, 0]",2010-01-07 12:00,36.0,2,1.0,129.0,1.0,2.0,80.0,"[140.0, 176.55269941693467, 143.8775]","[(140.0, 10.0), (176.55269941693467, 90.0), (143.8775, 10.0)]",1.0,1,3,"[1.0, 9.0, 1.0]","[140.0, 176.55269941693467, 143.8775]"
74458,"[3.0, 3.0, 4.0, 6.0, 12.0, 5.0, 22.0, 11.0, 4.0, 9.0, 1.0, 3.5, 0.5]","[210.0, 290.4375, 210.0, 290.4375, 197.0, 281.6875, 197.0, 181.0, 227.0, 158.0, 281.6875, 86.0, 140.0]",7,11.0,"[4.0, 9.0, 1.0, 3.5, 0.5]","[3.0, 6.0, 10.0, 16.0, 28.0, 33.0, 55.0, 66.0, 70.0, 79.0, 80.0, 83.5, 84.0]","[0.0, 3.0, 6.0, 10.0, 16.0, 28.0, 33.0, 55.0, 66.0, 70.0, 79.0, 80.0, 83.5]","[1.0, 4.0, 1.0, 4.0, 1.0, 3.0, 1.0, 1.5, 2.5, 1.0, 3.0, 1.0, 1.0]","[5, 7, 5, 7, 5, 7, 5, 4, 4, 4, 7, 1, 6]","[5, 5, 5, 5, 4, 4, 4, 4, 4, 4, 4, 2, 6]","[3.0, 1.0, 3.0, 2.5, 2.0, 1.5, 2.0, 2.0, 1.0, 1.0, 1.0, 1.0, 1.0]","[5.0, 3.0, 5.0, 4.0, 4.0, 3.0, 4.0, 3.0, 1.5, 2.5, 2.0, 1.5, 2.0]","[0, 1, 0, 1, 0, 1, 0, 0, 0, 0, 1, 0, 0]",2010-01-14 10:00,35.0,3,2.0,66.0,2.0,2.0,100.9123351677189,"[227.0, 158.0, 281.6875, 86.0, 140.0]","[(227.0, 40.0), (158.0, 90.0), (281.6875, 10.0), (86.0, 35.0), (140.0, 5.0)]",2.0,1,5,"[4.0, 9.0, 1.0, 3.5, 0.5]","[227.0, 158.0, 281.6875, 86.0, 140.0]"
74563,"[4.0, 18.0, 23.0, 17.0, 3.0, 14.0, 11.0, 5.0, 4.0, 9.0, 8.0, 2.0, 14.0, 2.8000000000000114, 0.19999999999998863]","[224.75, 152.25, 154.0, 154.0, 287.4375, 154.0, 133.0, 181.0, 158.0, 204.0, 158.0, 213.55538713582197, 157.3775, 101.0, 125.25]",10,8.0,"[2.0, 14.0, 2.8000000000000114, 0.19999999999998863]","[4.0, 22.0, 45.0, 62.0, 65.0, 79.0, 90.0, 95.0, 99.0, 108.0, 116.0, 118.0, 132.0, 134.8, 135.0]","[0.0, 4.0, 22.0, 45.0, 62.0, 65.0, 79.0, 90.0, 95.0, 99.0, 108.0, 116.0, 118.0, 132.0, 134.8]","[3.0, 1.0, 1.5, 1.5, 3.5, 1.5, 1.0, 1.5, 1.0, 2.0, 1.0, 3.0, 1.0, 1.0, 1.0]","[9, 9, 9, 9, 7, 9, 9, 4, 4, 4, 4, 3, 4, 2, 6]","[7, 5, 9, 9, 4, 9, 9, 4, 4, 4, 4, 7, 3, 2, 1]","[1.5, 2.0, 0.75, 0.75, 0.75, 0.75, 0.75, 0.75, 0.75, 0.75, 0.75, 0.5, 0.5, 1.0, 1.0]","[2.0, 3.0, 1.25, 1.25, 1.0, 1.0, 1.5, 1.25, 1.0, 1.0, 1.0, 0.75, 1.0, 2.0, 2.0]","[0, 0, 0, 0, 1, 0, 0, 0, 0, 0, 0, 0, 0, 0, 0]",2010-01-27 11:00,37.0,3,2.0,116.0,2.0,1.0,100.9123351677189,"[213.55538713582197, 157.3775, 101.0, 125.25]","[(213.55538713582197, 20.0), (157.3775, 140.0), (101.0, 28.000000000000114), (125.25, 1.9999999999998863)]",2.0,1,4,"[2.0, 14.0, 2.8000000000000114, 0.19999999999998863]","[213.55538713582197, 157.3775, 101.0, 125.25]"
74582,"[26.0, 38.0, 4.0, 45.0, 47.0, 14.0]","[190.75, 217.0, 175.0, 217.0, 133.0, 81.0]",4,47.0,[14.0],"[26.0, 64.0, 68.0, 113.0, 160.0, 174.0]","[0.0, 26.0, 64.0, 68.0, 113.0, 160.0]","[1.0, 3.0, 2.0, 3.0, 1.0, 1.0]","[5, 9, 9, 9, 9, 1]","[9, 9, 9, 9, 9, 1]","[2.0, 1.0, 1.0, 1.5, 1.0, 2.0]","[2.0, 2.0, 2.0, 2.0, 2.0, 2.0]","[0, 0, 0, 0, 0, 0]",2010-01-28 11:00,32.0,1,1.0,160.0,1.0,2.0,0.0,[81.0],"[(81.0, 140.0)]",1.0,1,1,[14.0],[81.0]
74689,"[50.0, 30.0, 12.0, 2.5, 0.5, 10.0, 9.0, 3.0, 13.0]","[208.875, 191.375, 158.0, 158.0, 264.4375, 158.0, 164.8118667919715, 141.8825, 101.0]",3,2.5,"[0.5, 10.0, 9.0, 3.0, 13.0]","[50.0, 80.0, 92.0, 94.5, 95.0, 105.0, 114.0, 117.0, 130.0]","[0.0, 50.0, 80.0, 92.0, 94.5, 95.0, 105.0, 114.0, 117.0]","[2.5, 1.5, 1.0, 1.0, 1.5, 1.0, 1.5, 1.0, 1.0]","[9, 4, 4, 4, 7, 4, 3, 3, 2]","[5, 5, 4, 4, 4, 4, 4, 2, 2]","[1.0, 1.5, 1.0, 1.5, 1.0, 0.75, 0.5, 0.5, 1.0]","[3.0, 3.0, 1.5, 2.0, 2.0, 1.0, 0.75, 1.0, 2.0]","[0, 0, 0, 0, 1, 0, 0, 0, 0]",2010-02-08 10:00,32.0,3,2.0,94.5,2.0,3.3,100.9123351677189,"[264.4375, 158.0, 164.8118667919715, 141.8825, 101.0]","[(264.4375, 5.0), (158.0, 100.0), (164.8118667919715, 90.0), (141.8825, 30.0), (101.0, 130.0)]",2.0,1,5,"[0.5, 10.0, 9.0, 3.0, 13.0]","[264.4375, 158.0, 164.8118667919715, 141.8825, 101.0]"
74699,"[15.0, 18.0, 24.299999999999997, 0.7000000000000028, 17.0, 5.0, 2.5, 0.5, 13.0, 18.900000000000006, 0.09999999999999432]","[208.875, 154.0, 152.25, 264.4375, 133.0, 133.0, 133.0, 133.0, 167.40359922257957, 101.0, 140.0]",4,17.0,"[5.0, 2.5, 0.5, 13.0, 18.900000000000006, 0.09999999999999432]","[15.0, 33.0, 57.3, 58.0, 75.0, 80.0, 82.5, 83.0, 96.0, 114.9, 115.0]","[0.0, 15.0, 33.0, 57.3, 58.0, 75.0, 80.0, 82.5, 83.0, 96.0, 114.9]","[2.5, 1.5, 1.0, 1.5, 1.0, 1.0, 1.0, 1.0, 2.0, 1.0, 1.0]","[9, 9, 9, 7, 9, 9, 9, 9, 3, 2, 6]","[5, 9, 5, 4, 9, 9, 9, 9, 3, 2, 6]","[2.0, 1.5, 1.5, 1.0, 1.5, 1.0, 0.75, 1.0, 0.5, 0.75, 0.5]","[4.0, 2.5, 2.5, 1.5, 2.5, 1.5, 1.25, 1.5, 0.5, 1.5, 1.0]","[0, 0, 0, 1, 0, 0, 0, 0, 0, 0, 0]",2010-02-09 14:00,23.0,3,1.0,75.0,1.0,3.0,100.9123351677189,"[133.0, 133.0, 133.0, 167.40359922257957, 101.0, 140.0]","[(133.0, 50.0), (133.0, 25.0), (133.0, 5.0), (167.40359922257957, 130.0), (101.0, 189.00000000000006), (140.0, 0.9999999999999432)]",1.0,1,6,"[5.0, 2.5, 0.5, 13.0, 18.900000000000006, 0.09999999999999432]","[133.0, 133.0, 133.0, 167.40359922257957, 101.0, 140.0]"
74700,"[15.0, 1.0, 14.0, 18.0, 11.0, 17.0, 7.0, 7.0]","[182.25, 292.25, 217.0, 171.0, 273.0, 250.0, 211.75, 272.9777961056527]",5,17.0,"[7.0, 7.0]","[15.0, 16.0, 30.0, 48.0, 59.0, 76.0, 83.0, 90.0]","[0.0, 15.0, 16.0, 30.0, 48.0, 59.0, 76.0, 83.0]","[2.0, 4.0, 3.0, 1.0, 3.5, 3.0, 2.0, 4.0]","[9, 7, 9, 4, 4, 4, 4, 3]","[4, 7, 9, 5, 4, 4, 5, 3]","[1.0, 1.0, 1.0, 2.0, 1.0, 1.0, 2.0, 0.25]","[2.0, 1.0, 1.0, 3.0, 1.0, 1.5, 3.0, 0.5]","[0, 1, 0, 0, 0, 0, 0, 0]",2010-02-09 14:00,40.0,6,3.0,76.0,3.0,3.0,439.4377420686678,"[211.75, 272.9777961056527]","[(211.75, 70.0), (272.9777961056527, 70.0)]",3.0,1,2,"[7.0, 7.0]","[211.75, 272.9777961056527]"
74701,"[9.0, 6.0, 11.0, 20.0, 24.0, 2.700000000000003, 0.29999999999999716, 1.0, 5.0, 11.0, 4.0, 8.0, 13.0]","[227.25, 286.75, 264.25, 171.0, 158.0, 158.0, 181.0, 194.8508998056449, 194.8508998056449, 161.51749561875042, 202.0738495144293, 96.0, 96.0]",5,2.700000000000003,"[0.29999999999999716, 1.0, 5.0, 11.0, 4.0, 8.0, 13.0]","[9.0, 15.0, 26.0, 46.0, 70.0, 72.7, 73.0, 74.0, 79.0, 90.0, 94.0, 102.0, 115.0]","[0.0, 9.0, 15.0, 26.0, 46.0, 70.0, 72.7, 73.0, 74.0, 79.0, 90.0, 94.0, 102.0]","[2.0, 4.0, 3.5, 1.0, 1.0, 1.0, 1.5, 2.0, 2.0, 2.5, 3.0, 1.0, 1.0]","[5, 4, 4, 4, 4, 4, 4, 4, 4, 2, 3, 2, 2]","[4, 9, 9, 5, 4, 4, 4, 3, 3, 3, 3, 1, 1]","[1.0, 1.0, 1.0, 1.0, 1.0, 1.0, 1.0, 0.25, 0.25, 0.25, 0.25, 0.25, 0.5]","[3.0, 2.0, 2.0, 2.5, 2.0, 2.5, 1.5, 0.75, 1.0, 1.0, 0.25, 1.0, 1.5]","[0, 0, 0, 0, 0, 0, 0, 0, 0, 0, 0, 0, 0]",2010-02-09 10:00,25.0,4,1.0,72.7,2.0,3.0,131.83132262060033,"[181.0, 194.8508998056449, 194.8508998056449, 161.51749561875042, 202.0738495144293, 96.0, 96.0]","[(181.0, 2.9999999999999716), (194.8508998056449, 10.0), (194.8508998056449, 50.0), (161.51749561875042, 110.0), (202.0738495144293, 40.0), (96.0, 80.0), (96.0, 130.0)]",2.0,1,7,"[0.29999999999999716, 1.0, 5.0, 11.0, 4.0, 8.0, 13.0]","[181.0, 194.8508998056449, 194.8508998056449, 161.51749561875042, 202.0738495144293, 96.0, 96.0]"
74703,"[5.0, 37.5, 0.5, 22.0, 4.700000000000003, 0.29999999999999716, 16.0, 6.0]","[287.4375, 152.25, 270.1875, 152.25, 133.0, 134.75, 167.40359922257957, 141.8825]",3,22.0,"[4.700000000000003, 0.29999999999999716, 16.0, 6.0]","[5.0, 42.5, 43.0, 65.0, 69.7, 70.0, 86.0, 92.0]","[0.0, 5.0, 42.5, 43.0, 65.0, 69.7, 70.0, 86.0]","[3.5, 1.0, 2.0, 1.0, 1.0, 1.0, 2.0, 1.0]","[7, 9, 7, 9, 9, 9, 3, 3]","[4, 5, 4, 5, 9, 6, 3, 2]","[1.5, 2.0, 1.5, 2.0, 0.75, 3.0, 0.25, 0.5]","[2.5, 4.0, 2.0, 3.0, 1.0, 3.0, 0.5, 0.75]","[1, 0, 1, 0, 0, 0, 0, 0]",2010-02-04 12:00,25.0,2,1.0,65.0,1.0,3.0,80.0,"[133.0, 134.75, 167.40359922257957, 141.8825]","[(133.0, 47.00000000000003), (134.75, 2.9999999999999716), (167.40359922257957, 160.0), (141.8825, 60.0)]",1.0,1,4,"[4.700000000000003, 0.29999999999999716, 16.0, 6.0]","[133.0, 134.75, 167.40359922257957, 141.8825]"
74704,"[12.0, 21.0, 14.0, 1.0, 10.0, 13.0, 1.0, 5.0, 16.0, 16.0]","[278.125, 175.0, 152.25, 143.0, 196.0, 154.0, 133.0, 158.0, 175.60395559732385, 114.6275]",6,1.0,"[5.0, 16.0, 16.0]","[12.0, 33.0, 47.0, 48.0, 58.0, 71.0, 72.0, 77.0, 93.0, 109.0]","[0.0, 12.0, 33.0, 47.0, 48.0, 58.0, 71.0, 72.0, 77.0, 93.0]","[3.5, 2.0, 1.0, 1.5, 2.5, 1.5, 1.0, 1.0, 1.5, 1.0]","[7, 9, 9, 6, 9, 9, 9, 4, 4, 2]","[5, 9, 5, 7, 9, 9, 9, 4, 3, 3]","[1.5, 1.0, 1.0, 2.0, 1.0, 1.0, 1.0, 0.75, 0.5, 0.5]","[2.0, 1.5, 2.0, 6.0, 2.0, 1.5, 2.0, 1.0, 0.75, 1.0]","[0, 0, 0, 0, 0, 0, 0, 0, 0, 0]",2010-02-08 14:00,25.0,3,1.0,72.0,1.0,3.0,100.9123351677189,"[158.0, 175.60395559732385, 114.6275]","[(158.0, 50.0), (175.60395559732385, 160.0), (114.6275, 160.0)]",1.0,1,3,"[5.0, 16.0, 16.0]","[158.0, 175.60395559732385, 114.6275]"
74709,"[18.0, 23.0, 14.0, 3.0, 20.0, 6.0, 2.0, 6.0, 13.0, 23.5, 0.5, 1.0]","[133.0, 196.0, 196.75, 289.1875, 133.0, 154.0, 242.34391954305838, 157.3775, 167.40359922257957, 114.6275, 174.55248685625125, 81.0]",7,6.0,"[13.0, 23.5, 0.5, 1.0]","[18.0, 41.0, 55.0, 58.0, 78.0, 84.0, 86.0, 92.0, 105.0, 128.5, 129.0, 130.0]","[0.0, 18.0, 41.0, 55.0, 58.0, 78.0, 84.0, 86.0, 92.0, 105.0, 128.5, 129.0]","[1.0, 2.5, 2.0, 4.5, 1.0, 1.5, 3.5, 1.0, 2.0, 1.0, 2.5, 1.0]","[9, 9, 4, 7, 9, 9, 3, 4, 3, 2, 3, 1]","[9, 9, 9, 9, 9, 9, 4, 3, 3, 3, 2, 1]","[1.0, 1.0, 1.0, 0.5, 1.0, 0.5, 0.25, 0.5, 0.25, 0.25, 0.25, 1.0]","[2.0, 2.0, 3.0, 1.0, 2.0, 1.0, 1.0, 1.25, 0.5, 1.0, 0.5, 1.0]","[0, 0, 0, 1, 0, 0, 0, 0, 0, 0, 0, 0]",2010-02-10 10:00,25.0,5,3.0,92.0,3.0,3.0,197.7469839309005,"[167.40359922257957, 114.6275, 174.55248685625125, 81.0]","[(167.40359922257957, 130.0), (114.6275, 235.0), (174.55248685625125, 5.0), (81.0, 10.0)]",3.0,1,4,"[13.0, 23.5, 0.5, 1.0]","[167.40359922257957, 114.6275, 174.55248685625125, 81.0]"
74710,"[31.0, 16.0, 14.0, 5.0, 20.0, 1.0, 2.0]","[171.0, 171.0, 204.0, 214.05538713582197, 134.5, 194.80538713582197, 90.75]",0,31.0,"[16.0, 14.0, 5.0, 20.0, 1.0, 2.0]","[31.0, 47.0, 61.0, 66.0, 86.0, 87.0, 89.0]","[0.0, 31.0, 47.0, 61.0, 66.0, 86.0, 87.0]","[1.0, 1.0, 2.0, 3.0, 1.5, 3.0, 1.0]","[4, 4, 4, 3, 2, 3, 1]","[5, 5, 4, 4, 4, 2, 0]","[2.0, 1.5, 1.0, 0.25, 1.0, 0.5, 1.0]","[3.0, 2.5, 1.0, 1.0, 1.0, 0.75, 2.0]","[0, 0, 0, 0, 0, 0, 0]",2010-02-10 13:00,32.0,3,1.0,31.0,1.0,3.0,100.9123351677189,"[171.0, 204.0, 214.05538713582197, 134.5, 194.80538713582197, 90.75]","[(171.0, 160.0), (204.0, 140.0), (214.05538713582197, 50.0), (134.5, 200.0), (194.80538713582197, 10.0), (90.75, 20.0)]",1.0,1,6,"[16.0, 14.0, 5.0, 20.0, 1.0, 2.0]","[171.0, 204.0, 214.05538713582197, 134.5, 194.80538713582197, 90.75]"
74727,"[2.0, 27.0, 15.0, 11.0, 12.0, 1.0, 8.0, 0.20000000000000284]","[313.1875, 171.0, 158.0, 194.8508998056449, 156.1325, 292.25, 101.0, 140.0]",2,15.0,"[11.0, 12.0, 1.0, 8.0, 0.20000000000000284]","[2.0, 29.0, 44.0, 55.0, 67.0, 68.0, 76.0, 76.2]","[0.0, 2.0, 29.0, 44.0, 55.0, 67.0, 68.0, 76.0]","[5.0, 1.0, 1.0, 2.0, 1.0, 5.0, 1.0, 1.0]","[7, 4, 4, 4, 3, 7, 2, 6]","[8, 5, 4, 3, 4, 7, 2, 6]","[1.0, 1.0, 1.0, 0.5, 0.25, 0.5, 0.25, 1.0]","[5.0, 4.0, 2.0, 1.0, 1.0, 1.5, 1.0, 2.0]","[1, 0, 0, 0, 0, 1, 0, 0]",2010-02-12 10:00,25.0,4,1.0,44.0,2.0,3.0,131.83132262060033,"[194.8508998056449, 156.1325, 292.25, 101.0, 140.0]","[(194.8508998056449, 110.0), (156.1325, 120.0), (292.25, 10.0), (101.0, 80.0), (140.0, 2.0000000000000284)]",2.0,1,5,"[11.0, 12.0, 1.0, 8.0, 0.20000000000000284]","[194.8508998056449, 156.1325, 292.25, 101.0, 140.0]"
74795,"[27.0, 18.0, 22.0, 17.0, 11.0, 13.0, 2.0, 7.0, 11.0, 5.0, 1.0]","[222.5, 281.0625, 205.375, 191.375, 190.75, 210.0, 281.6875, 181.0, 158.0, 156.1325, 140.0]",4,11.0,"[13.0, 2.0, 7.0, 11.0, 5.0, 1.0]","[27.0, 45.0, 67.0, 84.0, 95.0, 108.0, 110.0, 117.0, 128.0, 133.0, 134.0]","[0.0, 27.0, 45.0, 67.0, 84.0, 95.0, 108.0, 110.0, 117.0, 128.0, 133.0]","[1.5, 2.5, 1.5, 1.5, 1.0, 1.0, 3.0, 1.5, 1.0, 1.0, 1.0]","[5, 7, 5, 4, 5, 5, 7, 4, 4, 3, 6]","[5, 5, 9, 5, 9, 5, 4, 4, 4, 4, 6]","[2.0, 2.0, 2.0, 2.0, 1.0, 1.0, 1.0, 1.0, 1.0, 1.0, 2.0]","[5.0, 4.0, 4.0, 3.0, 3.0, 3.0, 3.0, 2.0, 2.0, 1.0, 6.0]","[0, 1, 0, 0, 0, 0, 1, 0, 0, 0, 0]",2010-02-16 11:00,40.0,4,3.0,95.0,3.0,2.0,131.83132262060033,"[210.0, 281.6875, 181.0, 158.0, 156.1325, 140.0]","[(210.0, 130.0), (281.6875, 20.0), (181.0, 70.0), (158.0, 110.0), (156.1325, 50.0), (140.0, 10.0)]",3.0,1,6,"[13.0, 2.0, 7.0, 11.0, 5.0, 1.0]","[210.0, 281.6875, 181.0, 158.0, 156.1325, 140.0]"
74805,"[58.0, 4.0, 8.0, 2.0, 23.0, 25.0, 1.0, 1.0, 2.0, 0.7000000000000028, 0.29999999999999716]","[197.0, 292.25, 191.375, 292.25, 214.05538713582197, 156.1325, 272.9777961056527, 101.0, 272.9777961056527, 140.0, 140.0]",3,2.0,"[23.0, 25.0, 1.0, 1.0, 2.0, 0.7000000000000028, 0.29999999999999716]","[58.0, 62.0, 70.0, 72.0, 95.0, 120.0, 121.0, 122.0, 124.0, 124.7, 125.0]","[0.0, 58.0, 62.0, 70.0, 72.0, 95.0, 120.0, 121.0, 122.0, 124.0, 124.7]","[1.0, 4.0, 1.5, 4.5, 3.0, 1.0, 4.0, 1.0, 4.0, 1.0, 1.5]","[5, 7, 4, 7, 3, 3, 3, 2, 3, 6, 6]","[4, 7, 5, 7, 4, 4, 3, 2, 3, 6, 6]","[1.5, 2.0, 1.5, 2.0, 0.25, 0.25, 0.5, 1.5, 0.25, 2.0, 2.0]","[3.0, 3.0, 2.5, 2.0, 0.5, 1.0, 0.5, 1.5, 0.5, 2.0, 2.0]","[0, 1, 0, 1, 0, 0, 0, 0, 0, 0, 0]",2010-02-16 12:00,39.0,4,1.0,72.0,2.0,2.3,131.83132262060033,"[214.05538713582197, 156.1325, 272.9777961056527, 101.0, 272.9777961056527, 140.0, 140.0]","[(214.05538713582197, 230.0), (156.1325, 250.0), (272.9777961056527, 10.0), (101.0, 10.0), (272.9777961056527, 20.0), (140.0, 7.000000000000028), (140.0, 2.9999999999999716)]",2.0,1,7,"[23.0, 25.0, 1.0, 1.0, 2.0, 0.7000000000000028, 0.29999999999999716]","[214.05538713582197, 156.1325, 272.9777961056527, 101.0, 272.9777961056527, 140.0, 140.0]"
74810,"[15.0, 11.0, 31.0, 11.0, 14.0, 4.0, 0.5, 3.5, 15.0, 18.799999999999997, 0.20000000000000284]","[171.125, 154.0, 152.25, 154.0, 158.0, 133.0, 160.75, 151.75, 194.8508998056449, 158.0, 140.0]",6,0.5,"[3.5, 15.0, 18.799999999999997, 0.20000000000000284]","[15.0, 26.0, 57.0, 68.0, 82.0, 86.0, 86.5, 90.0, 105.0, 123.8, 124.0]","[0.0, 15.0, 26.0, 57.0, 68.0, 82.0, 86.0, 86.5, 90.0, 105.0, 123.8]","[1.5, 1.5, 1.0, 1.5, 1.0, 1.0, 1.5, 1.0, 2.0, 1.0, 1.0]","[9, 9, 9, 9, 4, 9, 9, 4, 4, 4, 6]","[5, 9, 5, 9, 4, 9, 4, 9, 3, 4, 6]","[2.0, 1.0, 1.5, 1.0, 1.25, 1.0, 1.0, 0.75, 0.5, 0.5, 1.0]","[3.0, 2.0, 2.5, 2.0, 2.0, 1.5, 1.5, 1.5, 0.75, 1.0, 2.0]","[0, 0, 0, 0, 0, 0, 0, 0, 0, 0, 0]",2010-02-16 13:00,30.0,3,2.0,86.5,2.0,2.0,100.9123351677189,"[151.75, 194.8508998056449, 158.0, 140.0]","[(151.75, 35.0), (194.8508998056449, 150.0), (158.0, 187.99999999999997), (140.0, 2.0000000000000284)]",2.0,1,4,"[3.5, 15.0, 18.799999999999997, 0.20000000000000284]","[151.75, 194.8508998056449, 158.0, 140.0]"
74846,"[8.0, 24.0, 2.0, 16.0, 23.0, 10.0, 3.0, 3.0, 3.0, 11.0, 3.0, 3.0, 0.5, 0.5]","[284.1875, 222.5, 284.1875, 196.75, 247.5, 205.375, 281.6875, 205.375, 281.0625, 210.0, 194.8508998056449, 143.75, 192.55248685625125, 81.0]",5,10.0,"[3.0, 3.0, 3.0, 11.0, 3.0, 3.0, 0.5, 0.5]","[8.0, 32.0, 34.0, 50.0, 73.0, 83.0, 86.0, 89.0, 92.0, 103.0, 106.0, 109.0, 109.5, 110.0]","[0.0, 8.0, 32.0, 34.0, 50.0, 73.0, 83.0, 86.0, 89.0, 92.0, 103.0, 106.0, 109.0, 109.5]","[3.0, 1.5, 3.0, 2.0, 2.5, 1.5, 3.0, 1.5, 2.5, 1.0, 2.0, 1.0, 2.5, 1.0]","[7, 5, 7, 4, 5, 5, 7, 5, 7, 5, 4, 4, 3, 1]","[5, 5, 5, 9, 5, 9, 4, 9, 5, 5, 3, 2, 4, 1]","[2.0, 2.0, 2.0, 1.0, 2.0, 2.0, 1.0, 1.0, 1.0, 2.0, 1.0, 1.0, 0.5, 1.0]","[4.0, 5.0, 2.0, 2.0, 2.0, 4.0, 1.5, 3.0, 3.0, 3.0, 1.0, 2.0, 0.5, 3.0]","[1, 0, 1, 0, 0, 0, 1, 0, 1, 0, 0, 0, 0, 0]",2010-02-24 10:00,37.0,4,1.0,83.0,2.0,2.0,131.83132262060033,"[281.6875, 205.375, 281.0625, 210.0, 194.8508998056449, 143.75, 192.55248685625125, 81.0]","[(281.6875, 30.0), (205.375, 30.0), (281.0625, 30.0), (210.0, 110.0), (194.8508998056449, 30.0), (143.75, 30.0), (192.55248685625125, 5.0), (81.0, 5.0)]",2.0,1,8,"[3.0, 3.0, 3.0, 11.0, 3.0, 3.0, 0.5, 0.5]","[281.6875, 205.375, 281.0625, 210.0, 194.8508998056449, 143.75, 192.55248685625125, 81.0]"
74851,"[15.0, 5.0, 6.0, 16.0, 23.0, 7.0, 1.5, 0.5, 2.0, 6.0, 0.5, 0.5]","[298.9375, 227.25, 293.1875, 171.0, 227.0, 174.25, 158.0, 144.5, 272.9777961056527, 159.41582238929536, 232.12522605741117, 140.0]",3,16.0,"[23.0, 7.0, 1.5, 0.5, 2.0, 6.0, 0.5, 0.5]","[115.0, 120.0, 126.0, 142.0, 165.0, 172.0, 173.5, 174.0, 176.0, 182.0, 182.5, 183.0]","[100.0, 115.0, 120.0, 126.0, 142.0, 165.0, 172.0, 173.5, 174.0, 176.0, 182.0, 182.5]","[4.5, 2.0, 4.0, 1.0, 2.5, 1.5, 1.0, 1.0, 4.0, 1.5, 3.5, 1.0]","[7, 5, 7, 4, 4, 4, 4, 6, 3, 3, 3, 6]","[4, 4, 4, 5, 4, 9, 4, 4, 3, 3, 3, 6]","[1.0, 1.0, 1.0, 1.0, 0.5, 0.5, 0.5, 1.0, 0.25, 0.25, 0.25, 0.5]","[2.5, 3.0, 2.5, 3.0, 1.25, 0.5, 1.0, 3.0, 0.5, 0.5, 0.5, 2.0]","[1, 0, 1, 0, 0, 0, 0, 0, 0, 0, 0, 0]",2010-02-24 14:00,28.0,4,1.0,142.0,2.0,3.0,131.83132262060033,"[227.0, 174.25, 158.0, 144.5, 272.9777961056527, 159.41582238929536, 232.12522605741117, 140.0]","[(227.0, 230.0), (174.25, 70.0), (158.0, 15.0), (144.5, 5.0), (272.9777961056527, 20.0), (159.41582238929536, 60.0), (232.12522605741117, 5.0), (140.0, 5.0)]",2.0,1,8,"[23.0, 7.0, 1.5, 0.5, 2.0, 6.0, 0.5, 0.5]","[227.0, 174.25, 158.0, 144.5, 272.9777961056527, 159.41582238929536, 232.12522605741117, 140.0]"
74861,"[16.0, 16.0, 18.5, 0.5, 12.200000000000003, 0.7999999999999972, 5.5, 0.5, 7.0, 10.0, 3.5, 1.0, 0.5]","[175.0, 133.0, 152.25, 275.9375, 133.0, 270.1875, 133.0, 292.25, 154.0, 156.1325, 120.0, 292.25, 143.0]",3,0.5,"[12.200000000000003, 0.7999999999999972, 5.5, 0.5, 7.0, 10.0, 3.5, 1.0, 0.5]","[16.0, 32.0, 50.5, 51.0, 63.2, 64.0, 69.5, 70.0, 77.0, 87.0, 90.5, 91.5, 92.0]","[0.0, 16.0, 32.0, 50.5, 51.0, 63.2, 64.0, 69.5, 70.0, 77.0, 87.0, 90.5, 91.5]","[2.0, 1.0, 1.0, 2.5, 1.0, 2.0, 1.0, 2.5, 1.5, 1.0, 1.0, 3.0, 1.5]","[9, 9, 9, 7, 9, 7, 9, 7, 9, 3, 7, 7, 6]","[9, 9, 5, 4, 9, 4, 9, 7, 9, 4, 7, 7, 7]","[1.0, 1.5, 2.0, 1.5, 1.5, 1.0, 0.75, 1.0, 0.75, 0.5, 1.0, 1.0, 1.0]","[2.0, 2.0, 3.0, 2.0, 3.0, 2.0, 1.5, 1.5, 1.0, 0.75, 1.5, 1.5, 2.0]","[0, 0, 0, 1, 0, 1, 0, 1, 0, 0, 0, 1, 0]",2010-02-25 14:00,30.0,5,2.0,51.0,3.0,3.0,197.7469839309005,"[133.0, 270.1875, 133.0, 292.25, 154.0, 156.1325, 120.0, 292.25, 143.0]","[(133.0, 122.00000000000003), (270.1875, 7.999999999999972), (133.0, 55.0), (292.25, 5.0), (154.0, 70.0), (156.1325, 100.0), (120.0, 35.0), (292.25, 10.0), (143.0, 5.0)]",3.0,1,9,"[12.200000000000003, 0.7999999999999972, 5.5, 0.5, 7.0, 10.0, 3.5, 1.0, 0.5]","[133.0, 270.1875, 133.0, 292.25, 154.0, 156.1325, 120.0, 292.25, 143.0]"
74883,"[8.0, 2.0, 28.0, 1.0, 19.0, 25.0, 17.0, 10.0]","[190.75, 440.0, 210.0, 283.9375, 227.25, 181.0, 174.55248685625125, 101.0]",5,25.0,"[17.0, 10.0]","[8.0, 10.0, 38.0, 39.0, 58.0, 83.0, 100.0, 110.0]","[0.0, 8.0, 10.0, 38.0, 39.0, 58.0, 83.0, 100.0]","[1.0, 6.0, 1.0, 4.0, 2.0, 1.5, 2.5, 1.0]","[5, 8, 5, 7, 5, 4, 3, 2]","[9, 8, 5, 9, 4, 4, 2, 2]","[2.0, nan, 2.0, 1.0, 2.0, 0.75, 0.25, 1.0]","[3.0, nan, 3.0, 2.0, 3.0, 1.5, 0.5, 2.0]","[0, 0, 0, 1, 0, 0, 0, 0]",2010-02-28 10:00,36.0,2,1.0,83.0,1.0,3.0,80.0,"[174.55248685625125, 101.0]","[(174.55248685625125, 170.0), (101.0, 100.0)]",1.0,1,2,"[17.0, 10.0]","[174.55248685625125, 101.0]"
74938,"[13.0, 25.0, 1.0, 2.0, 1.0, 27.0, 14.0, 5.0, 4.0, 4.0, 5.0, 3.0, 1.0]","[175.0, 154.0, 270.1875, 154.0, 270.1875, 139.25, 175.0, 158.0, 287.4375, 292.25, 159.41582238929536, 292.25, 96.0]",5,27.0,"[14.0, 5.0, 4.0, 4.0, 5.0, 3.0, 1.0]","[13.0, 38.0, 39.0, 41.0, 42.0, 69.0, 83.0, 88.0, 92.0, 96.0, 101.0, 104.0, 105.0]","[0.0, 13.0, 38.0, 39.0, 41.0, 42.0, 69.0, 83.0, 88.0, 92.0, 96.0, 101.0, 104.0]","[2.0, 1.5, 2.0, 1.5, 2.0, 1.0, 2.0, 1.0, 3.5, 4.0, 1.5, 3.0, 1.0]","[9, 9, 7, 9, 7, 9, 9, 4, 7, 7, 3, 7, 2]","[9, 9, 4, 9, 4, 4, 9, 4, 4, 7, 3, 7, 1]","[1.5, 1.0, 1.0, 1.5, 1.0, 1.0, 1.0, 0.75, 1.0, 1.0, 0.25, 1.0, 0.75]","[2.0, 1.5, 1.5, 2.0, 1.5, 2.0, 1.25, 1.0, 2.0, 1.5, 0.5, 1.5, 1.5]","[0, 0, 1, 0, 1, 0, 0, 0, 1, 1, 0, 1, 0]",2010-03-03 09:00,30.0,5,2.0,69.0,3.0,3.0,197.7469839309005,"[175.0, 158.0, 287.4375, 292.25, 159.41582238929536, 292.25, 96.0]","[(175.0, 140.0), (158.0, 50.0), (287.4375, 40.0), (292.25, 40.0), (159.41582238929536, 50.0), (292.25, 30.0), (96.0, 10.0)]",3.0,1,7,"[14.0, 5.0, 4.0, 4.0, 5.0, 3.0, 1.0]","[175.0, 158.0, 287.4375, 292.25, 159.41582238929536, 292.25, 96.0]"
74960,"[28.0, 17.0, 5.0, 5.0, 5.0, 1.0, 8.0, 3.0, 15.0, 3.0, 8.0, 2.0, 15.0, 11.0, 3.0, 11.0, 2.0, 16.0, 2.0, 14.0]","[217.0, 208.875, 171.125, 294.4375, 154.0, 289.1875, 238.0, 196.0, 314.81759795026255, 154.0, 326.42346393368337, 169.30269941693467, 272.9777961056527, 326.42346393368337, 176.55269941693467, 232.12522605741117, 129.10395559732385, 272.9777961056527, 114.6275, 232.12522605741117]",17,16.0,"[2.0, 14.0]","[28.0, 45.0, 50.0, 55.0, 60.0, 61.0, 69.0, 72.0, 87.0, 90.0, 98.0, 100.0, 115.0, 126.0, 129.0, 140.0, 142.0, 158.0, 160.0, 174.0]","[0.0, 28.0, 45.0, 50.0, 55.0, 60.0, 61.0, 69.0, 72.0, 87.0, 90.0, 98.0, 100.0, 115.0, 126.0, 129.0, 140.0, 142.0, 158.0, 160.0]","[3.0, 2.5, 1.5, 5.0, 1.5, 4.5, 3.5, 2.5, 4.5, 1.5, 4.5, 2.0, 4.0, 4.5, 2.0, 3.5, 1.5, 4.0, 1.0, 3.5]","[9, 9, 9, 7, 9, 7, 9, 9, 3, 9, 3, 3, 3, 3, 3, 3, 2, 3, 2, 3]","[9, 5, 5, 9, 9, 9, 9, 9, 9, 9, 3, 9, 3, 3, 4, 3, 3, 3, 3, 3]","[1.0, 1.0, 1.0, 1.0, 1.0, 1.0, 1.0, 1.0, 0.25, 0.5, 0.25, 0.25, 0.25, 0.25, 0.25, 0.25, 0.25, 0.25, 0.25, 0.25]","[2.5, 4.0, 3.0, 2.0, 3.0, 2.0, 1.5, 2.0, 1.0, 1.0, 0.5, 0.5, 0.5, 0.5, 1.0, 0.25, 0.5, 0.25, 1.0, 0.5]","[0, 0, 0, 1, 0, 1, 0, 0, 0, 0, 0, 0, 0, 0, 0, 0, 0, 0, 0, 0]",2010-03-08 12:00,25.0,2,1.0,158.0,1.0,2.0,80.0,"[114.6275, 232.12522605741117]","[(114.6275, 20.0), (232.12522605741117, 140.0)]",1.0,1,2,"[2.0, 14.0]","[114.6275, 232.12522605741117]"
75048,"[10.0, 38.0, 7.0, 2.0, 4.5, 0.5, 15.5, 0.5, 10.0, 4.0, 9.0, 15.0]","[290.4375, 205.375, 152.25, 296.6875, 190.75, 296.6875, 154.0, 171.0, 181.0, 158.0, 155.35395559732385, 81.0]",7,0.5,"[10.0, 4.0, 9.0, 15.0]","[10.0, 48.0, 55.0, 57.0, 61.5, 62.0, 77.5, 78.0, 88.0, 92.0, 101.0, 116.0]","[0.0, 10.0, 48.0, 55.0, 57.0, 61.5, 62.0, 77.5, 78.0, 88.0, 92.0, 101.0]","[4.0, 1.5, 1.0, 5.0, 1.0, 5.0, 1.5, 1.0, 1.5, 1.0, 1.5, 1.0]","[7, 5, 9, 7, 5, 7, 9, 4, 4, 4, 9, 1]","[5, 9, 5, 5, 9, 5, 9, 5, 4, 4, 3, 1]","[2.0, 1.0, 2.0, 2.0, 2.0, 2.0, 1.0, 1.5, 1.0, 0.75, 0.5, 1.5]","[6.0, 4.0, 3.0, 5.0, 5.0, 4.0, 2.0, 3.0, 2.0, 1.75, 1.0, 2.5]","[1, 0, 0, 1, 0, 1, 0, 0, 0, 0, 0, 0]",2010-03-15 11:00,28.0,6,2.0,78.0,3.0,2.0,439.4377420686678,"[181.0, 158.0, 155.35395559732385, 81.0]","[(181.0, 100.0), (158.0, 40.0), (155.35395559732385, 90.0), (81.0, 150.0)]",3.0,1,4,"[10.0, 4.0, 9.0, 15.0]","[181.0, 158.0, 155.35395559732385, 81.0]"
75049,"[1.0, 30.0, 7.0, 19.0, 7.0, 2.0, 5.0, 11.0]","[296.6875, 205.375, 171.125, 152.25, 289.1875, 139.25, 292.25, 81.0]",5,2.0,"[5.0, 11.0]","[1.0, 31.0, 38.0, 57.0, 64.0, 66.0, 71.0, 82.0]","[0.0, 1.0, 31.0, 38.0, 57.0, 64.0, 66.0, 71.0]","[5.0, 1.5, 1.5, 1.0, 4.5, 1.0, 4.0, 1.0]","[7, 5, 9, 9, 7, 9, 7, 1]","[5, 9, 5, 5, 9, 4, 7, 1]","[2.0, 2.0, 2.5, 1.5, 1.0, 0.5, 1.0, 1.0]","[4.0, 5.0, 5.0, 5.0, 2.5, 1.5, 1.5, 2.0]","[1, 0, 0, 0, 1, 0, 1, 0]",2010-03-15 12:00,30.0,2,2.0,66.0,1.0,2.0,80.0,"[292.25, 81.0]","[(292.25, 50.0), (81.0, 110.0)]",1.0,1,2,"[5.0, 11.0]","[292.25, 81.0]"
75059,"[27.0, 25.5, 0.5, 18.0, 2.0, 5.0, 9.0, 10.0, 2.0, 3.5, 2.5, 5.0, 3.5, 1.5]","[196.0, 175.0, 275.9375, 154.0, 133.0, 154.0, 182.25, 151.75, 292.25, 154.0, 292.25, 159.41582238929536, 157.5618667919715, 114.6275]",4,2.0,"[5.0, 9.0, 10.0, 2.0, 3.5, 2.5, 5.0, 3.5, 1.5]","[27.0, 52.5, 53.0, 71.0, 73.0, 78.0, 87.0, 97.0, 99.0, 102.5, 105.0, 110.0, 113.5, 115.0]","[0.0, 27.0, 52.5, 53.0, 71.0, 73.0, 78.0, 87.0, 97.0, 99.0, 102.5, 105.0, 110.0, 113.5]","[2.5, 2.0, 2.5, 1.5, 1.0, 1.5, 2.0, 1.0, 3.0, 1.5, 3.5, 1.5, 1.5, 1.0]","[9, 9, 7, 9, 9, 9, 9, 4, 7, 9, 7, 3, 3, 2]","[9, 9, 4, 9, 9, 9, 4, 9, 7, 9, 7, 3, 7, 3]","[1.0, 1.0, 1.0, 1.5, 1.5, 1.0, 0.75, 0.75, 1.0, 0.75, 1.0, 0.5, 0.5, 0.75]","[2.0, 1.5, 2.0, 2.0, 2.5, 2.0, 1.0, 1.25, 1.5, 0.75, 1.0, 0.5, 0.75, 1.0]","[0, 0, 1, 0, 0, 0, 0, 0, 1, 0, 1, 0, 0, 0]",2010-03-12 14:00,26.0,5,2.0,73.0,3.0,2.0,197.7469839309005,"[154.0, 182.25, 151.75, 292.25, 154.0, 292.25, 159.41582238929536, 157.5618667919715, 114.6275]","[(154.0, 50.0), (182.25, 90.0), (151.75, 100.0), (292.25, 20.0), (154.0, 35.0), (292.25, 25.0), (159.41582238929536, 50.0), (157.5618667919715, 35.0), (114.6275, 15.0)]",3.0,1,9,"[5.0, 9.0, 10.0, 2.0, 3.5, 2.5, 5.0, 3.5, 1.5]","[154.0, 182.25, 151.75, 292.25, 154.0, 292.25, 159.41582238929536, 157.5618667919715, 114.6275]"
75068,"[8.0, 27.0, 25.0, 5.0, 15.0, 3.0, 6.0, 3.0, 8.0, 2.0, 16.0, 2.0]","[242.375, 222.5, 190.75, 227.25, 210.0, 194.8508998056449, 171.0, 241.75, 219.25, 176.55269941693467, 81.0, 114.10395559732385]",6,6.0,"[3.0, 8.0, 2.0, 16.0, 2.0]","[8.0, 35.0, 60.0, 65.0, 80.0, 83.0, 89.0, 92.0, 100.0, 102.0, 118.0, 120.0]","[0.0, 8.0, 35.0, 60.0, 65.0, 80.0, 83.0, 89.0, 92.0, 100.0, 102.0, 118.0]","[2.5, 1.5, 1.0, 2.0, 1.0, 2.0, 1.0, 3.0, 2.5, 2.0, 1.0, 1.5]","[5, 5, 5, 5, 5, 4, 4, 4, 4, 3, 1, 1]","[4, 5, 9, 4, 5, 3, 5, 9, 9, 4, 1, 3]","[1.0, 1.0, 2.0, 1.0, 2.0, 1.0, 1.0, 1.0, 1.0, 0.5, 1.0, 0.5]","[3.0, 3.0, 4.0, 2.0, 3.0, 1.0, 3.0, 1.0, 2.0, 0.5, 2.0, 0.5]","[0, 0, 0, 0, 0, 0, 0, 0, 0, 0, 0, 0]",2010-03-17 11:00,34.0,4,1.0,89.0,2.0,2.0,131.83132262060033,"[241.75, 219.25, 176.55269941693467, 81.0, 114.10395559732385]","[(241.75, 30.0), (219.25, 80.0), (176.55269941693467, 20.0), (81.0, 160.0), (114.10395559732385, 20.0)]",2.0,1,5,"[3.0, 8.0, 2.0, 16.0, 2.0]","[241.75, 219.25, 176.55269941693467, 81.0, 114.10395559732385]"
75069,"[20.0, 1.0, 16.0, 6.0, 2.0, 20.0, 1.0, 9.0, 11.5, 0.5, 6.0, 2.0, 4.0, 3.0, 2.5, 0.5, 7.5, 1.0, 0.5, 5.0, 2.0, 5.0, 5.0, 1.0]","[211.75, 440.0, 280.0, 151.75, 292.25, 232.125, 440.0, 175.0, 217.0, 440.0, 196.75, 292.25, 196.75, 293.1875, 196.75, 292.25, 171.0, 292.25, 151.75, 292.25, 144.6008998056449, 96.0, 148.75, 110.25]",15,0.5,"[7.5, 1.0, 0.5, 5.0, 2.0, 5.0, 5.0, 1.0]","[20.0, 21.0, 37.0, 43.0, 45.0, 65.0, 66.0, 75.0, 86.5, 87.0, 93.0, 95.0, 99.0, 102.0, 104.5, 105.0, 112.5, 113.5, 114.0, 119.0, 121.0, 126.0, 131.0, 132.0]","[0.0, 20.0, 21.0, 37.0, 43.0, 45.0, 65.0, 66.0, 75.0, 86.5, 87.0, 93.0, 95.0, 99.0, 102.0, 104.5, 105.0, 112.5, 113.5, 114.0, 119.0, 121.0, 126.0, 131.0]","[2.0, 6.0, 4.5, 1.0, 3.5, 2.5, 6.0, 2.0, 3.0, 6.0, 2.0, 3.5, 2.0, 4.0, 2.0, 2.5, 1.0, 3.5, 1.0, 3.5, 2.0, 1.0, 2.0, 1.0]","[4, 8, 9, 4, 7, 4, 8, 9, 9, 8, 4, 7, 4, 7, 4, 7, 4, 7, 4, 7, 2, 2, 2, 7]","[5, 8, 9, 9, 7, 5, 8, 9, 9, 8, 9, 7, 9, 4, 9, 7, 5, 7, 9, 7, 3, 1, 7, 1]","[2.0, nan, 0.25, 1.5, 1.0, 1.0, nan, 1.0, 0.25, nan, 1.0, 1.0, 0.5, 0.5, 0.5, 0.5, 1.0, 1.0, 0.75, 1.0, 0.5, 1.0, 0.5, 1.0]","[4.0, nan, 0.5, 3.0, 2.0, 1.5, nan, 2.0, 0.5, nan, 2.0, 2.0, 1.25, 1.0, 1.0, 1.5, 1.25, 2.0, 1.25, 1.5, 1.0, 2.0, 1.0, 2.0]","[0, 0, 0, 0, 1, 0, 0, 0, 0, 0, 0, 1, 0, 1, 0, 1, 0, 1, 0, 1, 0, 0, 0, 0]",2010-03-17 10:00,26.0,5,2.0,105.0,3.0,2.0,197.7469839309005,"[171.0, 292.25, 151.75, 292.25, 144.6008998056449, 96.0, 148.75, 110.25]","[(171.0, 75.0), (292.25, 10.0), (151.75, 5.0), (292.25, 50.0), (144.6008998056449, 20.0), (96.0, 50.0), (148.75, 50.0), (110.25, 10.0)]",3.0,1,8,"[7.5, 1.0, 0.5, 5.0, 2.0, 5.0, 5.0, 1.0]","[171.0, 292.25, 151.75, 292.25, 144.6008998056449, 96.0, 148.75, 110.25]"
75086,"[14.0, 8.0, 8.0, 1.0, 18.0, 2.0, 22.0, 10.5, 1.5, 7.0, 6.5, 0.5, 1.0, 7.0, 1.5, 0.5]","[152.25, 190.0, 152.25, 270.1875, 152.25, 275.9375, 171.125, 152.25, 293.1875, 158.0, 176.55269941693467, 157.3775, 269.7059623786073, 115.25, 287.4375, 143.75]",11,0.5,"[1.0, 7.0, 1.5, 0.5]","[14.0, 22.0, 30.0, 31.0, 49.0, 51.0, 73.0, 83.5, 85.0, 92.0, 98.5, 99.0, 100.0, 107.0, 108.5, 109.0]","[0.0, 14.0, 22.0, 30.0, 31.0, 49.0, 51.0, 73.0, 83.5, 85.0, 92.0, 98.5, 99.0, 100.0, 107.0, 108.5]","[1.0, 2.0, 1.0, 2.0, 1.0, 2.5, 1.5, 1.0, 4.0, 1.0, 2.0, 1.0, 3.0, 1.0, 3.5, 1.0]","[9, 9, 9, 7, 9, 7, 9, 9, 7, 4, 3, 4, 7, 2, 7, 4]","[5, 5, 5, 4, 5, 4, 5, 5, 4, 4, 4, 3, 3, 4, 4, 2]","[2.0, 2.5, 2.0, 2.0, 2.0, 1.0, 1.25, 1.0, 0.75, 0.75, 0.5, 0.5, 0.5, 0.75, 0.5, 0.75]","[3.0, 4.0, 4.0, 2.0, 3.0, 2.0, 2.5, 2.0, 1.0, 1.5, 0.75, 0.75, 0.5, 1.0, 0.75, 1.0]","[0, 0, 0, 1, 0, 1, 0, 0, 1, 0, 0, 0, 1, 0, 1, 0]",2010-03-18 12:00,30.0,2,2.0,99.0,1.0,2.0,80.0,"[269.7059623786073, 115.25, 287.4375, 143.75]","[(269.7059623786073, 10.0), (115.25, 70.0), (287.4375, 15.0), (143.75, 5.0)]",1.0,1,4,"[1.0, 7.0, 1.5, 0.5]","[269.7059623786073, 115.25, 287.4375, 143.75]"
75383,"[11.0, 18.0, 1.0, 13.0, 2.0, 4.0, 7.0, 1.0, 21.0, 16.0, 22.0, 9.0]","[241.75, 217.0, 292.25, 205.80538713582197, 292.25, 205.80538713582197, 292.25, 151.75, 194.80538713582197, 144.6008998056449, 101.0, 81.0]",6,7.0,"[1.0, 21.0, 16.0, 22.0, 9.0]","[11.0, 29.0, 30.0, 43.0, 45.0, 49.0, 56.0, 57.0, 78.0, 94.0, 116.0, 125.0]","[0.0, 11.0, 29.0, 30.0, 43.0, 45.0, 49.0, 56.0, 57.0, 78.0, 94.0, 116.0]","[3.0, 3.0, 4.5, 3.0, 4.0, 3.0, 4.0, 1.0, 3.0, 2.0, 1.0, 1.0]","[4, 9, 7, 3, 7, 3, 7, 4, 3, 2, 2, 1]","[9, 9, 7, 9, 7, 9, 7, 9, 2, 3, 2, 1]","[1.0, 0.5, 1.0, 0.5, 1.0, 0.5, 1.0, 0.5, 0.5, 0.5, 1.0, 1.0]","[2.0, 1.5, 1.0, 1.0, 2.0, 1.0, 2.0, 1.5, 1.0, 1.0, 1.0, 3.0]","[0, 0, 1, 0, 1, 0, 1, 0, 0, 0, 0, 0]",2010-11-24 12:00,40.0,3,1.0,56.0,1.0,2.0,100.9123351677189,"[151.75, 194.80538713582197, 144.6008998056449, 101.0, 81.0]","[(151.75, 10.0), (194.80538713582197, 210.0), (144.6008998056449, 160.0), (101.0, 220.0), (81.0, 90.0)]",1.0,1,5,"[1.0, 21.0, 16.0, 22.0, 9.0]","[151.75, 194.80538713582197, 144.6008998056449, 101.0, 81.0]"
75414,"[23.0, 15.0, 12.0, 33.0, 12.0, 13.0, 5.0]","[293.1875, 214.05538713582197, 192.55248685625125, 159.80269941693467, 156.1325, 159.41582238929536, 96.0]",3,33.0,"[12.0, 13.0, 5.0]","[23.0, 38.0, 50.0, 83.0, 95.0, 108.0, 113.0]","[0.0, 23.0, 38.0, 50.0, 83.0, 95.0, 108.0]","[4.0, 3.0, 2.5, 2.0, 1.0, 1.5, 1.0]","[7, 3, 3, 3, 3, 3, 2]","[4, 4, 4, 2, 4, 3, 1]","[1.0, 0.5, 0.5, 0.5, 0.5, 0.25, 1.5]","[2.0, 0.75, 0.75, 1.0, 1.0, 0.25, 2.5]","[1, 0, 0, 0, 0, 0, 0]",2010-11-30 10:00,30.0,2,2.0,83.0,1.0,2.0,80.0,"[156.1325, 159.41582238929536, 96.0]","[(156.1325, 120.0), (159.41582238929536, 130.0), (96.0, 50.0)]",1.0,1,3,"[12.0, 13.0, 5.0]","[156.1325, 159.41582238929536, 96.0]"
75423,"[15.0, 8.0, 12.0, 5.0, 13.5, 0.5, 6.0, 10.0, 12.0, 25.0, 1.0]","[292.25, 241.75, 175.0, 293.1875, 204.0, 140.0, 202.0738495144293, 156.1325, 141.8825, 101.0, 96.0]",4,13.5,"[0.5, 6.0, 10.0, 12.0, 25.0, 1.0]","[15.0, 23.0, 35.0, 40.0, 53.5, 54.0, 60.0, 70.0, 82.0, 107.0, 108.0]","[0.0, 15.0, 23.0, 35.0, 40.0, 53.5, 54.0, 60.0, 70.0, 82.0, 107.0]","[4.5, 3.0, 2.0, 4.0, 2.0, 1.0, 3.0, 1.0, 1.0, 1.0, 1.0]","[7, 4, 9, 7, 4, 6, 3, 3, 3, 2, 2]","[7, 9, 9, 4, 4, 6, 3, 4, 2, 2, 1]","[2.0, 1.5, 0.75, 1.0, 0.5, 2.0, 0.2, 0.5, 0.5, 1.0, 1.0]","[4.0, 1.5, 1.0, 1.0, 1.0, 3.0, 0.5, 0.5, 0.5, 1.0, 1.0]","[1, 0, 0, 1, 0, 0, 0, 0, 0, 0, 0]",2010-12-02 10:00,36.0,4,2.0,53.5,3.0,2.0,131.83132262060033,"[140.0, 202.0738495144293, 156.1325, 141.8825, 101.0, 96.0]","[(140.0, 5.0), (202.0738495144293, 60.0), (156.1325, 100.0), (141.8825, 120.0), (101.0, 250.0), (96.0, 10.0)]",3.0,1,6,"[0.5, 6.0, 10.0, 12.0, 25.0, 1.0]","[140.0, 202.0738495144293, 156.1325, 141.8825, 101.0, 96.0]"
75424,"[5.0, 21.0, 1.0, 1.0, 2.0, 31.5, 0.5, 14.0, 1.0, 17.0, 3.0, 10.0, 7.0]","[171.0, 196.0, 292.25, 176.55269941693467, 292.25, 164.8118667919715, 181.06998247500167, 164.8118667919715, 181.06998247500167, 101.0, 159.41582238929536, 114.6275, 101.0]",6,0.5,"[14.0, 1.0, 17.0, 3.0, 10.0, 7.0]","[5.0, 26.0, 27.0, 28.0, 30.0, 61.5, 62.0, 76.0, 77.0, 94.0, 97.0, 107.0, 114.0]","[0.0, 5.0, 26.0, 27.0, 28.0, 30.0, 61.5, 62.0, 76.0, 77.0, 94.0, 97.0, 107.0]","[1.0, 2.5, 3.5, 2.0, 4.0, 1.5, 2.5, 1.5, 2.5, 1.0, 1.5, 1.0, 1.0]","[4, 9, 7, 3, 7, 3, 3, 3, 3, 2, 3, 2, 2]","[5, 9, 7, 4, 7, 4, 3, 4, 3, 2, 3, 3, 2]","[1.0, 0.75, 1.0, 0.75, 0.75, 0.5, 0.5, 0.5, 0.5, 0.5, 0.5, 0.5, 0.5]","[2.0, 1.0, 1.0, 0.75, 1.5, 0.75, 0.5, 1.0, 0.5, 1.0, 0.5, 1.0, 1.0]","[0, 0, 1, 0, 1, 0, 0, 0, 0, 0, 0, 0, 0]",2010-12-02 11:00,32.0,4,2.0,62.0,3.0,2.0,131.83132262060033,"[164.8118667919715, 181.06998247500167, 101.0, 159.41582238929536, 114.6275, 101.0]","[(164.8118667919715, 140.0), (181.06998247500167, 10.0), (101.0, 170.0), (159.41582238929536, 30.0), (114.6275, 100.0), (101.0, 70.0)]",3.0,1,6,"[14.0, 1.0, 17.0, 3.0, 10.0, 7.0]","[164.8118667919715, 181.06998247500167, 101.0, 159.41582238929536, 114.6275, 101.0]"
75428,"[3.0, 15.0, 10.0, 22.0, 8.0, 12.0, 15.0, 3.0]","[292.25, 298.9375, 217.0, 227.0, 227.0, 167.40359922257957, 101.0, 104.0]",4,8.0,"[12.0, 15.0, 3.0]","[3.0, 18.0, 28.0, 50.0, 58.0, 70.0, 85.0, 88.0]","[0.0, 3.0, 18.0, 28.0, 50.0, 58.0, 70.0, 85.0]","[2.5, 4.5, 3.0, 2.5, 2.5, 2.0, 1.0, 1.5]","[7, 7, 9, 4, 4, 3, 2, 1]","[7, 4, 9, 4, 4, 3, 2, 2]","[2.0, 1.0, 1.0, 1.0, 0.5, 0.5, 1.0, 1.0]","[3.0, 2.5, 1.0, 3.0, 1.0, 0.5, 3.0, 2.0]","[1, 1, 0, 0, 0, 0, 0, 0]",2010-12-02 11:00,38.0,5,3.0,58.0,3.0,2.0,197.7469839309005,"[167.40359922257957, 101.0, 104.0]","[(167.40359922257957, 120.0), (101.0, 150.0), (104.0, 30.0)]",3.0,1,3,"[12.0, 15.0, 3.0]","[167.40359922257957, 101.0, 104.0]"
75430,"[23.0, 39.0, 21.0, 62.0, 15.0, 10.0, 14.0]","[250.0, 202.0738495144293, 202.0738495144293, 202.0738495144293, 114.6275, 137.0, 86.0]",4,15.0,"[10.0, 14.0]","[23.0, 62.0, 83.0, 145.0, 160.0, 170.0, 184.0]","[0.0, 23.0, 62.0, 83.0, 145.0, 160.0, 170.0]","[3.0, 3.0, 3.0, 3.0, 1.0, 2.0, 1.0]","[4, 3, 3, 3, 2, 2, 1]","[4, 3, 3, 3, 3, 2, 2]","[1.0, 0.5, 0.5, 0.2, 0.5, 1.0, 1.0]","[2.0, 0.5, 0.5, 0.5, 1.0, 1.0, 1.0]","[0, 0, 0, 0, 0, 0, 0]",2010-12-02 11:00,38.0,2,1.0,160.0,1.0,2.0,80.0,"[137.0, 86.0]","[(137.0, 100.0), (86.0, 140.0)]",1.0,1,2,"[10.0, 14.0]","[137.0, 86.0]"
75433,"[18.0, 44.0, 36.0, 22.0, 22.0, 16.0]","[222.25, 250.0, 176.55269941693467, 144.6008998056449, 119.0, 86.0]",3,22.0,"[22.0, 16.0]","[18.0, 62.0, 98.0, 120.0, 142.0, 158.0]","[0.0, 18.0, 62.0, 98.0, 120.0, 142.0]","[2.0, 3.0, 2.0, 2.0, 1.5, 1.0]","[5, 4, 3, 2, 2, 1]","[7, 4, 4, 3, 2, 2]","[2.0, 1.0, 0.5, 0.5, 1.0, 1.5]","[2.0, 1.0, 0.5, 1.0, 1.0, 1.5]","[0, 0, 0, 0, 0, 0]",2010-12-02 12:00,32.0,3,2.0,120.0,2.0,2.0,100.9123351677189,"[119.0, 86.0]","[(119.0, 220.0), (86.0, 160.0)]",2.0,1,2,"[22.0, 16.0]","[119.0, 86.0]"
75434,"[37.5, 0.5, 14.0, 3.0, 24.0, 11.0, 13.0, 4.0, 19.0, 5.0]","[217.0, 292.25, 238.0, 292.25, 192.55248685625125, 250.0, 204.0, 238.01846237860732, 149.3118667919715, 86.0]",6,13.0,"[4.0, 19.0, 5.0]","[37.5, 38.0, 52.0, 55.0, 79.0, 90.0, 103.0, 107.0, 126.0, 131.0]","[0.0, 37.5, 38.0, 52.0, 55.0, 79.0, 90.0, 103.0, 107.0, 126.0]","[3.0, 3.0, 3.5, 4.0, 2.5, 3.0, 2.0, 3.0, 1.5, 1.0]","[9, 7, 9, 7, 3, 4, 4, 4, 3, 1]","[9, 7, 9, 7, 4, 4, 4, 3, 2, 2]","[0.5, 0.5, 0.5, 1.0, 0.5, 0.7, 0.75, 0.5, 0.5, 0.5]","[0.5, 0.5, 0.75, 1.0, 0.75, 1.0, 1.0, 0.75, 0.75, 1.0]","[0, 1, 0, 1, 0, 0, 0, 0, 0, 0]",2010-12-02 11:00,41.0,2,1.0,103.0,1.0,2.0,80.0,"[238.01846237860732, 149.3118667919715, 86.0]","[(238.01846237860732, 40.0), (149.3118667919715, 190.0), (86.0, 50.0)]",1.0,1,3,"[4.0, 19.0, 5.0]","[238.01846237860732, 149.3118667919715, 86.0]"
75437,"[9.0, 11.0, 6.0, 47.0, 16.0]","[227.0, 296.0, 292.25, 238.01846237860732, 101.0]",3,47.0,[16.0],"[9.0, 20.0, 26.0, 73.0, 89.0]","[0.0, 9.0, 20.0, 26.0, 73.0]","[2.5, 4.0, 5.0, 3.0, 1.0]","[4, 4, 7, 4, 2]","[4, 4, 7, 3, 2]","[1.0, 0.5, 1.0, 0.5, 0.75]","[1.5, 0.5, 1.5, 0.5, 0.75]","[0, 0, 1, 0, 0]",2010-12-02 15:00,33.0,4,2.0,73.0,3.0,2.0,131.83132262060033,[101.0],"[(101.0, 160.0)]",3.0,1,1,[16.0],[101.0]
75445,"[20.0, 14.5, 0.5, 17.0, 2.0, 1.0, 17.0, 13.0, 2.0, 20.0, 13.0, 7.0]","[160.75, 182.25, 292.25, 176.55269941693467, 173.75, 281.6875, 176.55269941693467, 156.1325, 167.40359922257957, 156.1325, 159.41582238929536, 146.6325]",7,13.0,"[2.0, 20.0, 13.0, 7.0]","[20.0, 34.5, 35.0, 52.0, 54.0, 55.0, 72.0, 85.0, 87.0, 107.0, 120.0, 127.0]","[0.0, 20.0, 34.5, 35.0, 52.0, 54.0, 55.0, 72.0, 85.0, 87.0, 107.0, 120.0]","[1.5, 2.0, 3.0, 2.0, 1.5, 3.0, 2.0, 1.0, 2.0, 1.0, 1.5, 1.0]","[9, 9, 7, 3, 4, 7, 3, 3, 3, 3, 3, 3]","[4, 4, 7, 4, 7, 4, 4, 4, 3, 4, 3, 0]","[1.0, 1.0, 1.0, 0.5, 1.0, 1.0, 0.5, 0.5, 0.5, 0.5, 0.5, 0.25]","[1.5, 1.5, 1.5, 1.0, 1.5, 2.0, 0.75, 1.0, 0.5, 0.75, 0.5, 0.75]","[0, 0, 1, 0, 0, 1, 0, 0, 0, 0, 0, 0]",2010-12-07 14:00,40.0,4,2.0,85.0,3.0,2.0,131.83132262060033,"[167.40359922257957, 156.1325, 159.41582238929536, 146.6325]","[(167.40359922257957, 20.0), (156.1325, 200.0), (159.41582238929536, 130.0), (146.6325, 70.0)]",3.0,1,4,"[2.0, 20.0, 13.0, 7.0]","[167.40359922257957, 156.1325, 159.41582238929536, 146.6325]"
75448,"[10.0, 4.0, 6.0, 13.0, 10.0, 2.0, 10.0, 15.0, 11.0, 4.0]","[292.25, 189.0, 292.25, 176.55269941693467, 156.1325, 167.40359922257957, 156.1325, 159.41582238929536, 141.8825, 146.6325]",4,10.0,"[2.0, 10.0, 15.0, 11.0, 4.0]","[10.0, 14.0, 20.0, 33.0, 43.0, 45.0, 55.0, 70.0, 81.0, 85.0]","[0.0, 10.0, 14.0, 20.0, 33.0, 43.0, 45.0, 55.0, 70.0, 81.0]","[4.0, 2.0, 3.5, 2.0, 1.0, 2.0, 1.0, 1.5, 1.0, 1.0]","[7, 7, 7, 3, 3, 3, 3, 3, 3, 3]","[7, 4, 7, 4, 4, 3, 4, 3, 2, 0]","[1.5, 1.0, 1.0, 0.5, 0.5, 0.5, 0.5, 0.5, 0.5, 0.25]","[3.0, 1.5, 2.0, 0.75, 1.0, 0.5, 0.75, 0.5, 0.75, 0.5]","[1, 0, 1, 0, 0, 0, 0, 0, 0, 0]",2010-12-07 11:00,32.0,6,3.0,43.0,3.0,2.0,439.4377420686678,"[167.40359922257957, 156.1325, 159.41582238929536, 141.8825, 146.6325]","[(167.40359922257957, 20.0), (156.1325, 100.0), (159.41582238929536, 150.0), (141.8825, 110.0), (146.6325, 40.0)]",3.0,1,5,"[2.0, 10.0, 15.0, 11.0, 4.0]","[167.40359922257957, 156.1325, 159.41582238929536, 141.8825, 146.6325]"
75453,"[21.0, 4.0, 9.0, 24.0, 42.0, 18.0]","[204.0, 292.25, 158.0, 143.75, 115.25, 167.40359922257957]",1,4.0,"[9.0, 24.0, 42.0, 18.0]","[21.0, 25.0, 34.0, 58.0, 100.0, 118.0]","[0.0, 21.0, 25.0, 34.0, 58.0, 100.0]","[2.0, 3.0, 1.0, 1.0, 1.0, 2.0]","[4, 7, 4, 4, 2, 3]","[4, 7, 4, 2, 4, 3]","[1.0, 1.5, 1.0, 1.0, 0.75, 0.25]","[1.5, 2.0, 1.25, 1.0, 1.0, 0.25]","[0, 1, 0, 0, 0, 0]",2010-12-07 11:00,36.0,6,3.0,25.0,3.0,2.0,439.4377420686678,"[158.0, 143.75, 115.25, 167.40359922257957]","[(158.0, 90.0), (143.75, 240.0), (115.25, 420.0), (167.40359922257957, 180.0)]",3.0,1,4,"[9.0, 24.0, 42.0, 18.0]","[158.0, 143.75, 115.25, 167.40359922257957]"
75455,"[20.0, 10.0, 15.0, 10.0, 12.0, 1.0, 2.0]","[287.4375, 227.0, 158.0, 158.0, 155.51, 181.06998247500167, 155.51]",1,10.0,"[15.0, 10.0, 12.0, 1.0, 2.0]","[20.0, 30.0, 45.0, 55.0, 67.0, 68.0, 70.0]","[0.0, 20.0, 30.0, 45.0, 55.0, 67.0, 68.0]","[3.5, 2.5, 1.0, 1.0, 1.0, 2.5, 1.0]","[7, 4, 4, 4, 3, 3, 3]","[4, 4, 4, 4, 3, 3, 3]","[1.5, 1.0, 1.0, 0.75, 0.5, 0.25, 0.25]","[3.0, 1.5, 1.25, 1.0, 0.5, 0.25, 0.25]","[1, 0, 0, 0, 0, 0, 0]",2010-12-07 14:00,32.0,4,2.0,30.0,3.0,2.0,131.83132262060033,"[158.0, 158.0, 155.51, 181.06998247500167, 155.51]","[(158.0, 150.0), (158.0, 100.0), (155.51, 120.0), (181.06998247500167, 10.0), (155.51, 20.0)]",3.0,1,5,"[15.0, 10.0, 12.0, 1.0, 2.0]","[158.0, 158.0, 155.51, 181.06998247500167, 155.51]"
75456,"[27.0, 24.0, 43.0, 24.0, 6.0, 9.0]","[296.0, 292.25, 204.0, 114.6275, 155.51, 141.8825]",2,43.0,"[24.0, 6.0, 9.0]","[27.0, 51.0, 94.0, 118.0, 124.0, 133.0]","[0.0, 27.0, 51.0, 94.0, 118.0, 124.0]","[4.0, 3.0, 2.0, 1.0, 1.0, 1.0]","[4, 7, 4, 2, 3, 3]","[4, 7, 4, 3, 3, 2]","[1.0, 1.0, 1.0, 0.75, 0.5, 0.25]","[1.0, 1.0, 1.0, 0.75, 0.5, 0.5]","[0, 1, 0, 0, 0, 0]",2010-12-07 14:00,34.0,5,2.0,94.0,3.0,2.0,197.7469839309005,"[114.6275, 155.51, 141.8825]","[(114.6275, 240.0), (155.51, 60.0), (141.8825, 90.0)]",3.0,1,3,"[24.0, 6.0, 9.0]","[114.6275, 155.51, 141.8825]"
75459,"[14.0, 16.0, 1.0, 4.0, 9.0, 26.0, 16.0, 1.0]","[304.6875, 175.0, 292.25, 133.0, 169.30269941693467, 181.06998247500167, 114.6275, 167.40359922257957]",2,1.0,"[4.0, 9.0, 26.0, 16.0, 1.0]","[14.0, 30.0, 31.0, 35.0, 44.0, 70.0, 86.0, 87.0]","[0.0, 14.0, 30.0, 31.0, 35.0, 44.0, 70.0, 86.0]","[5.0, 2.0, 4.0, 1.0, 2.0, 2.5, 1.0, 2.0]","[7, 9, 7, 9, 3, 3, 2, 3]","[4, 9, 7, 9, 9, 3, 3, 3]","[1.0, 1.0, 1.0, 0.5, 0.5, 0.5, 0.25, 0.5]","[3.0, 1.0, 1.0, 1.0, 1.0, 0.5, 1.0, 1.0]","[1, 0, 1, 0, 0, 0, 0, 0]",2010-12-07 14:00,30.0,6,2.0,31.0,3.0,2.0,439.4377420686678,"[133.0, 169.30269941693467, 181.06998247500167, 114.6275, 167.40359922257957]","[(133.0, 40.0), (169.30269941693467, 90.0), (181.06998247500167, 260.0), (114.6275, 160.0), (167.40359922257957, 10.0)]",3.0,1,5,"[4.0, 9.0, 26.0, 16.0, 1.0]","[133.0, 169.30269941693467, 181.06998247500167, 114.6275, 167.40359922257957]"
75466,"[18.0, 22.0, 19.0, 3.0, 1.0, 8.0]","[158.0, 262.78130651435276, 214.05538713582197, 141.8825, 232.12522605741117, 86.0]",0,18.0,"[22.0, 19.0, 3.0, 1.0, 8.0]","[18.0, 40.0, 59.0, 62.0, 63.0, 71.0]","[0.0, 18.0, 40.0, 59.0, 62.0, 63.0]","[1.0, 3.5, 3.0, 1.0, 3.5, 1.0]","[4, 4, 3, 3, 3, 1]","[4, 3, 4, 2, 3, 2]","[1.0, 0.75, 0.75, 0.5, 0.25, 2.0]","[2.0, 0.75, 0.75, 0.75, 0.25, 2.0]","[0, 0, 0, 0, 0, 0]",2010-12-09 09:00,35.0,5,3.0,18.0,3.0,2.0,197.7469839309005,"[262.78130651435276, 214.05538713582197, 141.8825, 232.12522605741117, 86.0]","[(262.78130651435276, 220.0), (214.05538713582197, 190.0), (141.8825, 30.0), (232.12522605741117, 10.0), (86.0, 80.0)]",3.0,1,5,"[22.0, 19.0, 3.0, 1.0, 8.0]","[262.78130651435276, 214.05538713582197, 141.8825, 232.12522605741117, 86.0]"
75469,"[20.0, 3.0, 1.0, 19.0, 23.0, 17.5, 1.5, 1.0]","[308.0, 199.0, 293.1875, 175.60395559732385, 202.0738495144293, 181.06998247500167, 232.12522605741117, 96.0]",2,1.0,"[19.0, 23.0, 17.5, 1.5, 1.0]","[20.0, 23.0, 24.0, 43.0, 66.0, 83.5, 85.0, 86.0]","[0.0, 20.0, 23.0, 24.0, 43.0, 66.0, 83.5, 85.0]","[4.0, 2.0, 4.0, 1.5, 3.0, 2.5, 3.5, 1.0]","[7, 4, 7, 4, 3, 3, 3, 2]","[4, 7, 4, 3, 3, 3, 3, 1]","[1.0, 1.0, 1.0, 0.5, 0.5, 0.5, 0.5, 1.0]","[2.0, 1.5, 2.0, 1.0, 0.5, 0.5, 0.5, 1.0]","[0, 0, 1, 0, 0, 0, 0, 0]",2010-12-09 11:00,32.0,4,1.0,24.0,2.0,2.0,131.83132262060033,"[175.60395559732385, 202.0738495144293, 181.06998247500167, 232.12522605741117, 96.0]","[(175.60395559732385, 190.0), (202.0738495144293, 230.0), (181.06998247500167, 175.0), (232.12522605741117, 15.0), (96.0, 10.0)]",2.0,1,5,"[19.0, 23.0, 17.5, 1.5, 1.0]","[175.60395559732385, 202.0738495144293, 181.06998247500167, 232.12522605741117, 96.0]"
75472,"[25.0, 23.0, 1.0, 11.0, 4.0, 21.0]","[241.75, 154.0, 292.25, 196.75, 292.25, 101.0]",4,4.0,[21.0],"[25.0, 48.0, 49.0, 60.0, 64.0, 85.0]","[0.0, 25.0, 48.0, 49.0, 60.0, 64.0]","[3.0, 1.5, 3.0, 2.0, 4.0, 1.0]","[4, 9, 7, 4, 7, 2]","[9, 9, 7, 9, 7, 2]","[1.0, 0.5, 1.0, 0.5, 1.0, 0.5]","[2.0, 1.0, 2.0, 1.0, 2.0, 0.5]","[0, 0, 1, 0, 1, 0]",2010-12-09 10:00,34.0,2,2.0,64.0,1.0,2.0,80.0,[101.0],"[(101.0, 210.0)]",1.0,1,1,[21.0],[101.0]
75536,"[19.0, 15.0, 15.0, 12.0, 12.599999999999994, 0.4000000000000057, 9.0, 10.0, 2.0, 13.0, 3.0, 4.0, 5.0]","[274.375, 171.0, 158.0, 215.51749561875042, 175.60395559732385, 292.25, 159.80269941693467, 141.8825, 159.80269941693467, 141.8825, 174.55248685625125, 159.41582238929536, 232.12522605741117]",4,12.599999999999994,"[0.4000000000000057, 9.0, 10.0, 2.0, 13.0, 3.0, 4.0, 5.0]","[19.0, 34.0, 49.0, 61.0, 73.6, 74.0, 83.0, 93.0, 95.0, 108.0, 111.0, 115.0, 120.0]","[0.0, 19.0, 34.0, 49.0, 61.0, 73.6, 74.0, 83.0, 93.0, 95.0, 108.0, 111.0, 115.0]","[3.5, 1.0, 1.0, 2.5, 1.5, 3.0, 2.0, 1.0, 2.0, 1.0, 2.5, 1.5, 3.5]","[5, 4, 4, 4, 4, 7, 3, 3, 3, 3, 3, 3, 3]","[7, 5, 4, 3, 3, 7, 2, 2, 2, 2, 2, 3, 3]","[1.5, 1.0, 1.0, 0.5, 0.5, 0.5, 0.5, 0.5, 0.5, 0.5, 0.5, 0.25, 0.5]","[2.5, 2.0, 1.5, 0.75, 1.0, 0.75, 0.75, 1.0, 0.75, 1.0, 0.75, 0.5, 0.5]","[0, 0, 0, 0, 0, 1, 0, 0, 0, 0, 0, 0, 0]",2010-12-21 14:00,31.0,4,3.0,73.6,3.0,2.0,131.83132262060033,"[292.25, 159.80269941693467, 141.8825, 159.80269941693467, 141.8825, 174.55248685625125, 159.41582238929536, 232.12522605741117]","[(292.25, 4.000000000000057), (159.80269941693467, 90.0), (141.8825, 100.0), (159.80269941693467, 20.0), (141.8825, 130.0), (174.55248685625125, 30.0), (159.41582238929536, 40.0), (232.12522605741117, 50.0)]",3.0,1,8,"[0.4000000000000057, 9.0, 10.0, 2.0, 13.0, 3.0, 4.0, 5.0]","[292.25, 159.80269941693467, 141.8825, 159.80269941693467, 141.8825, 174.55248685625125, 159.41582238929536, 232.12522605741117]"
75537,"[25.0, 1.0, 10.0, 30.0, 14.0, 13.200000000000003, 0.20000000000000284, 0.3999999999999915, 0.20000000000000284, 18.0, 5.0, 2.0]","[181.0, 293.1875, 173.75, 181.0, 176.55269941693467, 158.0, 292.25, 194.8508998056449, 292.25, 149.3118667919715, 156.1325, 232.12522605741117]",5,13.200000000000003,"[0.20000000000000284, 0.3999999999999915, 0.20000000000000284, 18.0, 5.0, 2.0]","[25.0, 26.0, 36.0, 66.0, 80.0, 93.2, 93.4, 93.8, 94.0, 112.0, 117.0, 119.0]","[0.0, 25.0, 26.0, 36.0, 66.0, 80.0, 93.2, 93.4, 93.8, 94.0, 112.0, 117.0]","[1.5, 4.0, 1.5, 1.5, 2.0, 1.0, 3.0, 2.0, 4.0, 1.5, 1.0, 3.5]","[4, 7, 4, 4, 3, 4, 7, 4, 7, 3, 3, 3]","[4, 4, 7, 4, 4, 4, 7, 3, 7, 2, 4, 3]","[1.0, 1.0, 1.0, 0.75, 0.5, 0.5, 0.75, 0.5, 0.75, 0.5, 0.25, 0.25]","[2.0, 2.0, 2.0, 1.25, 1.0, 1.0, 1.0, 1.0, 1.0, 1.0, 0.5, 0.5]","[0, 1, 0, 0, 0, 0, 1, 0, 1, 0, 0, 0]",2010-12-20 15:00,32.0,4,2.0,93.2,3.0,2.0,131.83132262060033,"[292.25, 194.8508998056449, 292.25, 149.3118667919715, 156.1325, 232.12522605741117]","[(292.25, 2.0000000000000284), (194.8508998056449, 3.9999999999999147), (292.25, 2.0000000000000284), (149.3118667919715, 180.0), (156.1325, 50.0), (232.12522605741117, 20.0)]",3.0,1,6,"[0.20000000000000284, 0.3999999999999915, 0.20000000000000284, 18.0, 5.0, 2.0]","[292.25, 194.8508998056449, 292.25, 149.3118667919715, 156.1325, 232.12522605741117]"
75540,"[21.0, 14.0, 2.0, 21.0, 18.0, 23.0, 6.0, 1.0, 1.0]","[308.0, 203.75, 287.4375, 196.75, 174.25, 138.6275, 155.51, 272.9777961056527, 114.6275]",3,21.0,"[18.0, 23.0, 6.0, 1.0, 1.0]","[21.0, 35.0, 37.0, 58.0, 76.0, 99.0, 105.0, 106.0, 107.0]","[0.0, 21.0, 35.0, 37.0, 58.0, 76.0, 99.0, 105.0, 106.0]","[4.0, 2.5, 3.5, 2.0, 1.5, 1.0, 1.0, 4.0, 1.0]","[7, 9, 7, 4, 4, 9, 3, 3, 2]","[4, 4, 4, 9, 9, 3, 3, 3, 3]","[2.0, 1.0, 1.0, 1.0, 0.5, 0.5, 0.25, 0.25, 0.5]","[4.0, 1.5, 2.0, 2.0, 1.25, 1.0, 0.5, 0.75, 0.5]","[0, 0, 1, 0, 0, 0, 0, 0, 0]",2010-12-23 10:00,37.0,4,2.0,58.0,3.0,2.0,131.83132262060033,"[174.25, 138.6275, 155.51, 272.9777961056527, 114.6275]","[(174.25, 180.0), (138.6275, 230.0), (155.51, 60.0), (272.9777961056527, 10.0), (114.6275, 10.0)]",3.0,1,5,"[18.0, 23.0, 6.0, 1.0, 1.0]","[174.25, 138.6275, 155.51, 272.9777961056527, 114.6275]"
75542,"[15.0, 10.0, 5.0, 17.0, 2.0, 5.0, 4.0, 6.0, 13.0]","[171.0, 269.48334707923954, 182.25, 181.06998247500167, 213.26846237860732, 272.9777961056527, 155.51, 202.0738495144293, 272.9777961056527]",2,5.0,"[17.0, 2.0, 5.0, 4.0, 6.0, 13.0]","[15.0, 25.0, 30.0, 47.0, 49.0, 54.0, 58.0, 64.0, 77.0]","[0.0, 15.0, 25.0, 30.0, 47.0, 49.0, 54.0, 58.0, 64.0]","[1.0, 4.0, 2.0, 2.5, 3.0, 4.0, 1.0, 3.0, 4.0]","[4, 3, 9, 3, 9, 3, 3, 3, 3]","[5, 9, 4, 3, 3, 3, 3, 3, 3]","[1.5, 0.25, 1.0, 0.25, 0.25, 0.25, 0.25, 0.25, 0.25]","[3.0, 0.75, 1.0, 0.5, 1.0, 0.5, 0.5, 0.25, 0.25]","[0, 0, 0, 0, 0, 0, 0, 0, 0]",2010-12-23 11:00,31.0,5,2.0,30.0,3.0,2.0,197.7469839309005,"[181.06998247500167, 213.26846237860732, 272.9777961056527, 155.51, 202.0738495144293, 272.9777961056527]","[(181.06998247500167, 170.0), (213.26846237860732, 20.0), (272.9777961056527, 50.0), (155.51, 40.0), (202.0738495144293, 60.0), (272.9777961056527, 130.0)]",3.0,1,6,"[17.0, 2.0, 5.0, 4.0, 6.0, 13.0]","[181.06998247500167, 213.26846237860732, 272.9777961056527, 155.51, 202.0738495144293, 272.9777961056527]"
75573,"[34.0, 5.0, 5.0, 3.0, 19.0, 4.0, 14.0, 5.0, 1.0, 8.0, 0.5, 0.5]","[227.0, 293.1875, 227.0, 273.0, 227.0, 158.0, 203.75, 139.25, 236.5313065143528, 143.75, 202.0738495144293, 140.0]",5,4.0,"[14.0, 5.0, 1.0, 8.0, 0.5, 0.5]","[34.0, 39.0, 44.0, 47.0, 66.0, 70.0, 84.0, 89.0, 90.0, 98.0, 98.5, 99.0]","[0.0, 34.0, 39.0, 44.0, 47.0, 66.0, 70.0, 84.0, 89.0, 90.0, 98.0, 98.5]","[2.5, 4.0, 2.5, 3.5, 2.5, 1.0, 2.5, 1.0, 3.5, 1.0, 3.0, 1.0]","[4, 7, 4, 4, 4, 4, 9, 9, 9, 4, 3, 6]","[4, 4, 4, 4, 4, 4, 4, 4, 3, 2, 3, 6]","[1.0, 1.0, 1.0, 0.5, 0.5, 0.5, 0.5, 0.5, 0.25, 0.5, 0.25, 1.0]","[3.0, 2.0, 1.5, 1.5, 2.0, 1.5, 1.0, 1.5, 1.0, 1.0, 0.25, 4.0]","[0, 1, 0, 0, 0, 0, 0, 0, 0, 0, 0, 0]",2010-12-30 11:00,31.0,5,2.0,70.0,3.0,2.0,197.7469839309005,"[203.75, 139.25, 236.5313065143528, 143.75, 202.0738495144293, 140.0]","[(203.75, 140.0), (139.25, 50.0), (236.5313065143528, 10.0), (143.75, 80.0), (202.0738495144293, 5.0), (140.0, 5.0)]",3.0,1,6,"[14.0, 5.0, 1.0, 8.0, 0.5, 0.5]","[203.75, 139.25, 236.5313065143528, 143.75, 202.0738495144293, 140.0]"
75576,"[69.5, 0.5, 25.5, 0.5, 20.0, 1.0, 13.0, 25.0, 5.0, 1.0, 6.5, 0.5]","[273.0, 171.0, 227.0, 181.0, 250.0, 176.55269941693467, 273.0, 202.0738495144293, 181.06998247500167, 272.9777961056527, 114.6275, 140.0]",6,13.0,"[25.0, 5.0, 1.0, 6.5, 0.5]","[69.5, 70.0, 95.5, 96.0, 116.0, 117.0, 130.0, 155.0, 160.0, 161.0, 167.5, 168.0]","[0.0, 69.5, 70.0, 95.5, 96.0, 116.0, 117.0, 130.0, 155.0, 160.0, 161.0, 167.5]","[3.5, 1.0, 2.5, 1.5, 3.0, 2.0, 3.5, 3.0, 2.5, 4.0, 1.0, 1.0]","[4, 4, 4, 4, 4, 3, 4, 3, 3, 3, 2, 6]","[4, 5, 4, 4, 4, 4, 4, 3, 3, 3, 3, 6]","[1.0, 1.5, 1.5, 1.5, 0.5, 0.5, 0.5, 0.25, 0.25, 0.5, 1.0, 1.0]","[1.25, 2.0, 2.0, 1.5, 1.0, 1.0, 1.0, 0.5, 0.25, 0.5, 1.5, 3.0]","[0, 0, 0, 0, 0, 0, 0, 0, 0, 0, 0, 0]",2010-12-30 11:00,39.0,6,2.0,130.0,3.0,2.0,439.4377420686678,"[202.0738495144293, 181.06998247500167, 272.9777961056527, 114.6275, 140.0]","[(202.0738495144293, 250.0), (181.06998247500167, 50.0), (272.9777961056527, 10.0), (114.6275, 65.0), (140.0, 5.0)]",3.0,1,5,"[25.0, 5.0, 1.0, 6.5, 0.5]","[202.0738495144293, 181.06998247500167, 272.9777961056527, 114.6275, 140.0]"
75606,"[24.0, 4.0, 13.0, 1.0, 57.0, 2.0, 1.0, 8.0, 11.700000000000003, 0.29999999999999716]","[219.25, 292.25, 219.25, 292.25, 181.0, 215.51749561875042, 194.8508998056449, 214.05538713582197, 101.0, 140.0]",4,57.0,"[2.0, 1.0, 8.0, 11.700000000000003, 0.29999999999999716]","[24.0, 28.0, 41.0, 42.0, 99.0, 101.0, 102.0, 110.0, 121.7, 122.0]","[0.0, 24.0, 28.0, 41.0, 42.0, 99.0, 101.0, 102.0, 110.0, 121.7]","[2.5, 4.0, 2.5, 5.0, 1.5, 2.5, 2.0, 3.0, 1.0, 1.0]","[4, 7, 4, 7, 4, 4, 4, 3, 2, 6]","[9, 7, 9, 7, 4, 3, 3, 4, 2, 6]","[1.0, 0.25, 1.0, 2.0, 1.0, 0.5, 0.5, 0.5, 0.75, 3.0]","[1.5, 0.5, 1.25, 2.0, 2.0, 0.75, 1.0, 1.0, 1.0, 3.0]","[0, 1, 0, 1, 0, 0, 0, 0, 0, 0]",2010-12-31 11:00,37.0,5,3.0,99.0,3.0,2.0,197.7469839309005,"[215.51749561875042, 194.8508998056449, 214.05538713582197, 101.0, 140.0]","[(215.51749561875042, 20.0), (194.8508998056449, 10.0), (214.05538713582197, 80.0), (101.0, 117.00000000000003), (140.0, 2.9999999999999716)]",3.0,1,5,"[2.0, 1.0, 8.0, 11.700000000000003, 0.29999999999999716]","[215.51749561875042, 194.8508998056449, 214.05538713582197, 101.0, 140.0]"
75681,"[10.0, 22.0, 23.0, 25.0, 2.0, 13.0, 7.0, 4.5, 0.5, 17.0, 1.0]","[175.0, 278.6875, 227.0, 204.0, 273.0, 204.0, 250.0, 101.0, 292.25, 114.6275, 96.0]",8,0.5,"[17.0, 1.0]","[10.0, 32.0, 55.0, 80.0, 82.0, 95.0, 102.0, 106.5, 107.0, 124.0, 125.0]","[0.0, 10.0, 32.0, 55.0, 80.0, 82.0, 95.0, 102.0, 106.5, 107.0, 124.0]","[2.0, 3.5, 2.5, 2.0, 3.5, 2.0, 3.0, 1.0, 3.0, 1.0, 1.0]","[9, 7, 4, 4, 4, 4, 4, 2, 7, 2, 2]","[9, 9, 4, 4, 4, 4, 4, 2, 7, 3, 1]","[1.0, 1.0, 0.75, 0.75, 0.5, 0.5, 0.75, 0.5, 0.5, 0.25, 1.5]","[2.0, 2.0, 1.25, 1.25, 0.5, 1.0, 0.75, 0.5, 1.0, 1.0, 3.0]","[0, 1, 0, 0, 0, 0, 0, 0, 1, 0, 0]",2011-01-14 10:00,34.0,2,2.0,107.0,1.0,2.0,80.0,"[114.6275, 96.0]","[(114.6275, 170.0), (96.0, 10.0)]",1.0,1,2,"[17.0, 1.0]","[114.6275, 96.0]"
75740,"[27.0, 21.0, 25.0, 36.0, 2.0, 7.0, 4.0, 13.0, 6.0, 5.0, 3.0, 6.0, 13.0, 4.0, 1.5, 0.5]","[210.0, 210.0, 212.125, 219.25, 204.0, 227.0, 196.75, 250.0, 181.0, 241.75, 191.375, 241.75, 165.5, 174.25, 143.75, 140.0]",10,3.0,"[6.0, 13.0, 4.0, 1.5, 0.5]","[27.0, 48.0, 73.0, 109.0, 111.0, 118.0, 122.0, 135.0, 141.0, 146.0, 149.0, 155.0, 168.0, 172.0, 173.5, 174.0]","[0.0, 27.0, 48.0, 73.0, 109.0, 111.0, 118.0, 122.0, 135.0, 141.0, 146.0, 149.0, 155.0, 168.0, 172.0, 173.5]","[1.0, 1.0, 1.5, 2.5, 2.0, 2.5, 2.0, 3.0, 1.5, 3.0, 1.5, 3.0, 1.5, 1.5, 1.0, 1.5]","[5, 5, 5, 4, 4, 4, 4, 4, 4, 4, 4, 4, 4, 4, 4, 6]","[5, 5, 4, 9, 4, 4, 9, 4, 4, 9, 5, 9, 2, 9, 2, 6]","[2.0, 2.0, 2.0, 1.0, 1.0, 1.0, 1.0, 1.0, 1.0, 1.0, 2.0, 1.0, 1.0, 0.5, 0.5, 2.0]","[5.0, 3.0, 2.0, 2.0, 2.5, 2.0, 1.0, 1.5, 3.0, 3.0, 3.0, 2.0, 1.0, 1.5, 0.5, 5.0]","[0, 0, 0, 0, 0, 0, 0, 0, 0, 0, 0, 0, 0, 0, 0, 0]",2011-01-18 10:00,40.0,4,1.0,149.0,2.0,1.0,131.83132262060033,"[241.75, 165.5, 174.25, 143.75, 140.0]","[(241.75, 60.0), (165.5, 130.0), (174.25, 40.0), (143.75, 15.0), (140.0, 5.0)]",2.0,1,5,"[6.0, 13.0, 4.0, 1.5, 0.5]","[241.75, 165.5, 174.25, 143.75, 140.0]"
75773,"[12.0, 13.0, 40.0, 20.0, 4.0, 6.0, 9.0, 5.0, 17.0, 15.0, 11.0, 11.0, 4.0, 1.0]","[210.0, 234.625, 220.0, 250.0, 252.5, 203.75, 286.75, 264.25, 232.125, 204.0, 227.0, 96.0, 104.0, 90.75]",8,17.0,"[15.0, 11.0, 11.0, 4.0, 1.0]","[12.0, 25.0, 65.0, 85.0, 89.0, 95.0, 104.0, 109.0, 126.0, 141.0, 152.0, 163.0, 167.0, 168.0]","[0.0, 12.0, 25.0, 65.0, 85.0, 89.0, 95.0, 104.0, 109.0, 126.0, 141.0, 152.0, 163.0, 167.0]","[1.0, 2.5, 2.0, 3.0, 3.0, 2.5, 4.0, 3.5, 2.5, 2.0, 2.5, 1.0, 1.5, 1.0]","[5, 5, 5, 4, 4, 9, 4, 4, 4, 4, 4, 2, 1, 1]","[5, 9, 9, 4, 5, 4, 9, 9, 5, 4, 4, 1, 2, 0]","[2.0, 2.0, 2.0, 1.0, 1.5, 1.0, 1.0, 1.0, 1.0, 1.0, 1.0, 1.0, 1.0, 1.0]","[5.0, 3.0, 3.0, 2.0, 2.0, 1.5, 1.5, 1.0, 2.0, 2.0, 1.0, 1.5, 1.0, 4.0]","[0, 0, 0, 0, 0, 0, 0, 0, 0, 0, 0, 0, 0, 0]",2011-01-24 10:00,38.0,5,2.0,126.0,3.0,2.0,197.7469839309005,"[204.0, 227.0, 96.0, 104.0, 90.75]","[(204.0, 150.0), (227.0, 110.0), (96.0, 110.0), (104.0, 40.0), (90.75, 10.0)]",3.0,1,5,"[15.0, 11.0, 11.0, 4.0, 1.0]","[204.0, 227.0, 96.0, 104.0, 90.75]"
75784,"[5.0, 18.0, 5.0, 32.0, 8.0, 27.0, 10.0, 1.0, 3.5, 0.5, 13.0, 4.599999999999994, 0.4000000000000057, 2.0]","[284.1875, 175.0, 293.1875, 203.75, 203.75, 217.0, 158.0, 158.0, 182.25, 270.1875, 158.0, 158.0, 254.1875, 90.75]",7,1.0,"[3.5, 0.5, 13.0, 4.599999999999994, 0.4000000000000057, 2.0]","[5.0, 23.0, 28.0, 60.0, 68.0, 95.0, 105.0, 106.0, 109.5, 110.0, 123.0, 127.6, 128.0, 130.0]","[0.0, 5.0, 23.0, 28.0, 60.0, 68.0, 95.0, 105.0, 106.0, 109.5, 110.0, 123.0, 127.6, 128.0]","[3.0, 2.0, 4.0, 2.5, 2.5, 3.0, 1.0, 1.0, 2.0, 2.0, 1.0, 1.0, 2.5, 1.0]","[7, 9, 7, 9, 9, 9, 4, 4, 9, 7, 4, 4, 7, 1]","[5, 9, 4, 4, 4, 9, 4, 4, 4, 4, 4, 4, 6, 0]","[1.5, 1.0, 1.0, 1.0, 0.75, 0.5, 1.0, 0.75, 0.5, 0.5, 0.5, 0.75, 1.0, 1.0]","[2.5, 2.0, 2.0, 2.0, 1.5, 1.0, 1.5, 1.5, 1.0, 1.0, 1.25, 1.25, 2.0, 2.0]","[1, 0, 1, 0, 0, 0, 0, 0, 0, 1, 0, 0, 1, 0]",2011-01-25 10:00,34.0,6,3.0,106.0,3.0,1.0,439.4377420686678,"[182.25, 270.1875, 158.0, 158.0, 254.1875, 90.75]","[(182.25, 35.0), (270.1875, 5.0), (158.0, 130.0), (158.0, 45.99999999999994), (254.1875, 4.000000000000057), (90.75, 20.0)]",3.0,1,6,"[3.5, 0.5, 13.0, 4.599999999999994, 0.4000000000000057, 2.0]","[182.25, 270.1875, 158.0, 158.0, 254.1875, 90.75]"
75832,"[5.0, 30.0, 2.0, 16.0, 17.0, 1.0, 3.0, 3.0, 6.0, 0.5, 1.5, 5.0, 11.0, 2.0, 0.7999999999999972, 0.20000000000000284]","[201.0, 171.125, 287.4375, 175.0, 133.0, 293.1875, 154.0, 298.9375, 158.0, 292.25, 158.0, 293.1875, 114.6275, 292.25, 143.75, 140.0]",10,1.5,"[5.0, 11.0, 2.0, 0.7999999999999972, 0.20000000000000284]","[5.0, 35.0, 37.0, 53.0, 70.0, 71.0, 74.0, 77.0, 83.0, 83.5, 85.0, 90.0, 101.0, 103.0, 103.8, 104.0]","[0.0, 5.0, 35.0, 37.0, 53.0, 70.0, 71.0, 74.0, 77.0, 83.0, 83.5, 85.0, 90.0, 101.0, 103.0, 103.8]","[2.5, 1.5, 3.5, 2.0, 1.0, 4.0, 1.5, 4.5, 1.0, 3.0, 1.0, 4.0, 1.0, 3.0, 1.0, 1.0]","[9, 9, 7, 9, 9, 7, 9, 7, 4, 7, 4, 7, 2, 7, 4, 6]","[7, 5, 4, 9, 9, 4, 9, 4, 4, 7, 4, 4, 3, 7, 2, 6]","[1.5, 1.5, 1.0, 0.75, 0.75, 0.75, 1.0, 1.0, 0.75, 1.0, 0.75, 1.0, 0.5, 0.5, 0.5, 1.0]","[2.0, 2.5, 1.5, 1.25, 1.5, 1.25, 2.0, 2.0, 1.5, 2.0, 1.5, 2.0, 1.0, 1.0, 1.0, 2.0]","[0, 0, 1, 0, 0, 1, 0, 1, 0, 1, 0, 1, 0, 1, 0, 0]",2011-01-28 15:00,35.0,2,1.0,85.0,1.0,1.0,80.0,"[293.1875, 114.6275, 292.25, 143.75, 140.0]","[(293.1875, 50.0), (114.6275, 110.0), (292.25, 20.0), (143.75, 7.999999999999972), (140.0, 2.0000000000000284)]",1.0,1,5,"[5.0, 11.0, 2.0, 0.7999999999999972, 0.20000000000000284]","[293.1875, 114.6275, 292.25, 143.75, 140.0]"
76040,"[55.0, 18.0, 22.0, 1.0, 9.0, 9.799999999999997, 0.20000000000000284]","[205.375, 273.4375, 190.75, 190.75, 143.75, 101.0, 81.0]",3,1.0,"[9.0, 9.799999999999997, 0.20000000000000284]","[55.0, 73.0, 95.0, 96.0, 105.0, 114.8, 115.0]","[0.0, 55.0, 73.0, 95.0, 96.0, 105.0, 114.8]","[1.5, 3.0, 1.0, 1.0, 1.0, 1.0, 1.0]","[5, 7, 5, 5, 4, 2, 1]","[9, 9, 9, 9, 2, 2, 1]","[1.5, 1.0, 1.0, 1.0, 0.5, 1.0, 2.0]","[3.0, 1.0, 1.5, 2.0, 1.0, 1.5, 3.0]","[0, 1, 0, 0, 0, 0, 0]",2011-02-28 10:00,32.0,2,1.0,96.0,1.0,3.0,80.0,"[143.75, 101.0, 81.0]","[(143.75, 90.0), (101.0, 97.99999999999997), (81.0, 2.0000000000000284)]",1.0,1,3,"[9.0, 9.799999999999997, 0.20000000000000284]","[143.75, 101.0, 81.0]"
76043,"[40.0, 18.0, 18.0, 10.0, 11.0]","[260.0, 222.5, 171.0, 129.10395559732385, 81.0]",2,18.0,"[10.0, 11.0]","[40.0, 58.0, 76.0, 86.0, 97.0]","[0.0, 40.0, 58.0, 76.0, 86.0]","[3.0, 1.5, 1.0, 1.5, 1.0]","[5, 5, 4, 2, 1]","[5, 5, 5, 3, 1]","[2.0, 2.0, 1.0, 0.5, 2.0]","[3.0, 3.0, 1.5, 1.0, 3.0]","[0, 0, 0, 0, 0]",2011-02-28 11:00,38.0,2,2.0,76.0,1.0,3.0,80.0,"[129.10395559732385, 81.0]","[(129.10395559732385, 100.0), (81.0, 110.0)]",1.0,1,2,"[10.0, 11.0]","[129.10395559732385, 81.0]"
76045,"[35.0, 11.0, 6.0, 10.0, 6.0, 4.0, 2.0, 10.0, 3.0, 11.0, 8.0, 2.5, 0.5]","[242.375, 197.0, 181.0, 197.0, 171.125, 152.25, 196.75, 171.0, 139.25, 181.06998247500167, 96.0, 149.3118667919715, 81.0]",8,3.0,"[11.0, 8.0, 2.5, 0.5]","[35.0, 46.0, 52.0, 62.0, 68.0, 72.0, 74.0, 84.0, 87.0, 98.0, 106.0, 108.5, 109.0]","[0.0, 35.0, 46.0, 52.0, 62.0, 68.0, 72.0, 74.0, 84.0, 87.0, 98.0, 106.0, 108.5]","[2.5, 1.0, 1.5, 1.0, 1.5, 1.0, 2.0, 1.0, 1.0, 2.5, 1.0, 1.5, 1.0]","[5, 5, 4, 5, 9, 9, 4, 4, 9, 3, 2, 3, 1]","[4, 4, 4, 4, 5, 5, 9, 5, 4, 3, 1, 2, 1]","[2.0, 1.5, 1.0, 2.0, 1.0, 1.0, 1.0, 1.0, 1.0, 0.25, 0.5, 0.25, 1.0]","[5.0, 5.0, 2.5, 4.0, 2.5, 2.0, 2.5, 2.5, 1.5, 0.5, 1.0, 1.0, 4.0]","[0, 0, 0, 0, 0, 0, 0, 0, 0, 0, 0, 0, 0]",2011-02-28 12:00,26.0,4,2.0,87.0,3.0,3.0,131.83132262060033,"[181.06998247500167, 96.0, 149.3118667919715, 81.0]","[(181.06998247500167, 110.0), (96.0, 80.0), (149.3118667919715, 25.0), (81.0, 5.0)]",3.0,1,4,"[11.0, 8.0, 2.5, 0.5]","[181.06998247500167, 96.0, 149.3118667919715, 81.0]"
76076,"[15.0, 33.0, 5.0, 18.0, 3.0, 1.0, 9.0, 8.0, 12.0, 13.0, 2.0, 12.0, 11.5, 0.5]","[171.125, 238.0, 203.75, 217.0, 171.0, 246.75, 152.25, 238.0, 171.125, 171.0, 197.0, 114.6275, 96.0, 181.06998247500167]",6,9.0,"[8.0, 12.0, 13.0, 2.0, 12.0, 11.5, 0.5]","[15.0, 48.0, 53.0, 71.0, 74.0, 75.0, 84.0, 92.0, 104.0, 117.0, 119.0, 131.0, 142.5, 143.0]","[0.0, 15.0, 48.0, 53.0, 71.0, 74.0, 75.0, 84.0, 92.0, 104.0, 117.0, 119.0, 131.0, 142.5]","[1.5, 3.5, 2.5, 3.0, 1.0, 3.5, 1.0, 3.5, 1.5, 1.0, 1.0, 1.0, 1.0, 2.5]","[9, 9, 9, 9, 4, 9, 9, 9, 9, 4, 5, 2, 2, 3]","[5, 9, 4, 9, 5, 4, 5, 9, 5, 5, 4, 3, 1, 3]","[2.0, 1.0, 1.0, 1.0, 2.0, 1.0, 1.5, 1.0, 1.5, 1.5, 2.0, 0.25, 0.5, 0.5]","[6.0, 1.5, 2.0, 2.0, 4.0, 2.0, 3.0, 2.0, 4.0, 3.0, 5.0, 1.0, 0.75, 0.5]","[0, 0, 0, 0, 0, 0, 0, 0, 0, 0, 0, 0, 0, 0]",2011-03-02 13:00,36.0,3,2.0,84.0,2.0,3.0,100.9123351677189,"[238.0, 171.125, 171.0, 197.0, 114.6275, 96.0, 181.06998247500167]","[(238.0, 80.0), (171.125, 120.0), (171.0, 130.0), (197.0, 20.0), (114.6275, 120.0), (96.0, 115.0), (181.06998247500167, 5.0)]",2.0,1,7,"[8.0, 12.0, 13.0, 2.0, 12.0, 11.5, 0.5]","[238.0, 171.125, 171.0, 197.0, 114.6275, 96.0, 181.06998247500167]"
76082,"[20.0, 7.0, 28.0, 24.0, 1.0, 18.0, 16.5, 0.5, 9.5, 0.5]","[252.5, 301.0, 212.125, 259.0, 176.55269941693467, 232.12522605741117, 159.41582238929536, 272.9777961056527, 159.41582238929536, 272.9777961056527]",2,28.0,"[24.0, 1.0, 18.0, 16.5, 0.5, 9.5, 0.5]","[20.0, 27.0, 55.0, 79.0, 80.0, 98.0, 114.5, 115.0, 124.5, 125.0]","[0.0, 20.0, 27.0, 55.0, 79.0, 80.0, 98.0, 114.5, 115.0, 124.5]","[3.0, 5.0, 1.5, 4.0, 2.0, 3.5, 1.5, 4.0, 1.5, 4.0]","[4, 9, 5, 9, 3, 3, 3, 3, 3, 3]","[5, 9, 4, 9, 4, 3, 3, 3, 3, 3]","[1.5, 1.5, 2.0, 1.0, 0.5, 0.25, 0.5, 0.5, 0.5, 0.5]","[3.0, 2.0, 3.0, 1.0, 0.75, 0.5, 0.5, 0.5, 0.5, 0.5]","[0, 0, 0, 0, 0, 0, 0, 0, 0, 0]",2011-03-03 09:00,32.0,2,1.0,55.0,1.0,3.0,80.0,"[259.0, 176.55269941693467, 232.12522605741117, 159.41582238929536, 272.9777961056527, 159.41582238929536, 272.9777961056527]","[(259.0, 240.0), (176.55269941693467, 10.0), (232.12522605741117, 180.0), (159.41582238929536, 165.0), (272.9777961056527, 5.0), (159.41582238929536, 95.0), (272.9777961056527, 5.0)]",1.0,1,7,"[24.0, 1.0, 18.0, 16.5, 0.5, 9.5, 0.5]","[259.0, 176.55269941693467, 232.12522605741117, 159.41582238929536, 272.9777961056527, 159.41582238929536, 272.9777961056527]"
76118,"[55.0, 20.0, 15.0, 27.0, 7.0, 4.0, 18.0, 1.0, 7.0, 0.5, 0.5]","[197.0, 203.75, 219.25, 273.0, 190.75, 264.25, 252.5, 196.75, 158.0, 222.5, 140.0]",3,27.0,"[7.0, 4.0, 18.0, 1.0, 7.0, 0.5, 0.5]","[55.0, 75.0, 90.0, 117.0, 124.0, 128.0, 146.0, 147.0, 154.0, 154.5, 155.0]","[0.0, 55.0, 75.0, 90.0, 117.0, 124.0, 128.0, 146.0, 147.0, 154.0, 154.5]","[1.0, 2.5, 2.5, 3.5, 1.0, 3.5, 3.0, 2.0, 1.0, 3.0, 2.0]","[5, 9, 4, 4, 5, 4, 4, 4, 4, 4, 6]","[4, 4, 9, 4, 9, 9, 5, 9, 4, 6, 6]","[2.0, 1.5, 1.0, 0.5, 1.5, 0.5, 1.0, 1.0, 1.0, 1.0, 1.0]","[5.0, 2.5, 3.0, 1.0, 4.0, 1.5, 3.0, 1.5, 2.0, 2.0, 4.0]","[0, 0, 0, 0, 0, 0, 0, 0, 0, 0, 0]",2011-03-08 10:00,33.0,5,3.0,117.0,3.0,2.0,197.7469839309005,"[190.75, 264.25, 252.5, 196.75, 158.0, 222.5, 140.0]","[(190.75, 70.0), (264.25, 40.0), (252.5, 180.0), (196.75, 10.0), (158.0, 70.0), (222.5, 5.0), (140.0, 5.0)]",3.0,1,7,"[7.0, 4.0, 18.0, 1.0, 7.0, 0.5, 0.5]","[190.75, 264.25, 252.5, 196.75, 158.0, 222.5, 140.0]"
76175,"[4.0, 65.0, 34.0, 2.0, 8.0, 6.0]","[296.0, 160.75, 139.25, 292.25, 154.0, 294.4375]",2,34.0,"[2.0, 8.0, 6.0]","[4.0, 69.0, 103.0, 105.0, 113.0, 119.0]","[0.0, 4.0, 69.0, 103.0, 105.0, 113.0]","[4.5, 1.5, 1.0, 5.0, 1.5, 5.0]","[9, 9, 9, 7, 9, 7]","[7, 4, 4, 7, 9, 9]","[1.0, 1.5, 1.5, 1.0, 0.5, 1.0]","[2.0, 4.0, 3.0, 2.0, 1.5, 1.5]","[0, 0, 0, 1, 0, 1]",2011-03-15 09:00,37.0,3,2.0,103.0,2.0,1.0,100.9123351677189,"[292.25, 154.0, 294.4375]","[(292.25, 20.0), (154.0, 80.0), (294.4375, 60.0)]",2.0,1,3,"[2.0, 8.0, 6.0]","[292.25, 154.0, 294.4375]"
76223,"[31.0, 21.0, 22.0, 3.0, 4.0, 1.0, 23.0, 4.5, 0.5]","[208.875, 171.125, 139.25, 196.0, 138.6275, 240.25, 181.06998247500167, 141.8825, 135.0]",2,22.0,"[3.0, 4.0, 1.0, 23.0, 4.5, 0.5]","[31.0, 52.0, 74.0, 77.0, 81.0, 82.0, 105.0, 109.5, 110.0]","[0.0, 31.0, 52.0, 74.0, 77.0, 81.0, 82.0, 105.0, 109.5]","[2.5, 1.5, 1.0, 2.5, 1.0, 3.0, 2.5, 1.0, 1.0]","[9, 9, 9, 9, 9, 7, 3, 3, 6]","[5, 5, 4, 9, 3, 9, 3, 2, 7]","[2.0, 1.5, 1.0, 0.5, 0.25, 0.5, 0.25, 0.25, 0.5]","[5.0, 4.0, 3.0, 1.0, 1.0, 1.0, 0.5, 0.75, 1.5]","[0, 0, 0, 0, 0, 0, 0, 0, 0]",2011-03-23 10:00,26.0,2,1.0,74.0,1.0,3.0,80.0,"[196.0, 138.6275, 240.25, 181.06998247500167, 141.8825, 135.0]","[(196.0, 30.0), (138.6275, 40.0), (240.25, 10.0), (181.06998247500167, 230.0), (141.8825, 45.0), (135.0, 5.0)]",1.0,1,6,"[3.0, 4.0, 1.0, 23.0, 4.5, 0.5]","[196.0, 138.6275, 240.25, 181.06998247500167, 141.8825, 135.0]"
7643,"[16.0, 8.0, 16.0, 48.0, 13.0, 19.0, 10.0, 8.0, 17.0, 4.0, 1.0, 0.09999999999999432]","[171.55269941693467, 189.80248685625125, 292.25, 181.06998247500167, 292.25, 167.40359922257957, 149.3118667919715, 167.40359922257957, 141.8825, 176.55269941693467, 156.1325, 140.0]",4,13.0,"[19.0, 10.0, 8.0, 17.0, 4.0, 1.0, 0.09999999999999432]","[16.0, 24.0, 40.0, 88.0, 101.0, 120.0, 130.0, 138.0, 155.0, 159.0, 160.0, 160.1]","[0.0, 16.0, 24.0, 40.0, 88.0, 101.0, 120.0, 130.0, 138.0, 155.0, 159.0, 160.0]","[2.0, 2.5, 1.5, 2.5, 4.0, 2.0, 1.5, 2.0, 1.0, 2.0, 1.0, 1.0]","[3, 3, 7, 3, 7, 3, 3, 3, 3, 3, 3, 6]","[7, 7, 7, 3, 7, 3, 2, 3, 2, 4, 4, 6]","[0.5, 0.5, 1.0, 0.25, 1.0, 0.5, 0.5, 0.25, 0.25, 0.25, 0.25, 1.0]","[0.5, 0.75, 1.5, 0.5, 1.5, 0.5, 0.5, 0.25, 0.5, 0.5, 0.5, 1.5]","[0, 0, 1, 0, 1, 0, 0, 0, 0, 0, 0, 0]",2002-11-28 10:00,35.0,6,3.0,101.0,3.0,1.0,439.4377420686678,"[167.40359922257957, 149.3118667919715, 167.40359922257957, 141.8825, 176.55269941693467, 156.1325, 140.0]","[(167.40359922257957, 190.0), (149.3118667919715, 100.0), (167.40359922257957, 80.0), (141.8825, 170.0), (176.55269941693467, 40.0), (156.1325, 10.0), (140.0, 0.9999999999999432)]",3.0,1,7,"[19.0, 10.0, 8.0, 17.0, 4.0, 1.0, 0.09999999999999432]","[167.40359922257957, 149.3118667919715, 167.40359922257957, 141.8825, 176.55269941693467, 156.1325, 140.0]"
76430,"[55.0, 5.0, 15.0, 5.0, 20.0, 3.0, 1.0, 2.0, 7.0, 7.0, 1.0]","[286.75, 232.125, 259.0, 196.75, 259.0, 152.25, 308.0, 159.41582238929536, 181.06998247500167, 159.80269941693467, 101.0]",5,3.0,"[1.0, 2.0, 7.0, 7.0, 1.0]","[55.0, 60.0, 75.0, 80.0, 100.0, 103.0, 104.0, 106.0, 113.0, 120.0, 121.0]","[0.0, 55.0, 60.0, 75.0, 80.0, 100.0, 103.0, 104.0, 106.0, 113.0, 120.0]","[4.0, 2.5, 4.0, 2.0, 4.0, 1.0, 4.0, 1.5, 2.5, 2.0, 1.0]","[4, 4, 9, 4, 9, 9, 7, 3, 3, 3, 2]","[9, 5, 9, 9, 9, 5, 4, 3, 3, 2, 2]","[0.5, 2.0, 1.5, 1.5, 0.75, 1.5, 1.0, 0.25, 0.25, 0.25, 0.75]","[1.0, 3.0, 2.0, 2.0, 1.0, 2.5, 1.0, 0.25, 0.25, 1.0, 1.5]","[0, 0, 0, 0, 0, 0, 0, 0, 0, 0, 0]",2011-12-05 10:00,32.0,2,2.0,103.0,1.0,2.0,80.0,"[308.0, 159.41582238929536, 181.06998247500167, 159.80269941693467, 101.0]","[(308.0, 10.0), (159.41582238929536, 20.0), (181.06998247500167, 70.0), (159.80269941693467, 70.0), (101.0, 10.0)]",1.0,1,5,"[1.0, 2.0, 7.0, 7.0, 1.0]","[308.0, 159.41582238929536, 181.06998247500167, 159.80269941693467, 101.0]"
76431,"[5.0, 11.0, 11.0, 13.0, 30.0, 10.0, 10.0]","[220.0, 292.25, 292.25, 167.40359922257957, 149.3118667919715, 149.3118667919715, 99.0]",3,13.0,"[30.0, 10.0, 10.0]","[5.0, 16.0, 27.0, 40.0, 70.0, 80.0, 90.0]","[0.0, 5.0, 16.0, 27.0, 40.0, 70.0, 80.0]","[2.0, 4.5, 5.0, 2.0, 1.5, 1.5, 1.5]","[5, 7, 7, 3, 3, 3, 1]","[9, 7, 7, 3, 2, 2, 1]","[2.0, 2.0, 1.5, 0.5, 1.0, 0.5, 1.0]","[3.0, 2.0, 2.0, 1.0, 1.0, 0.5, 1.0]","[0, 1, 1, 0, 0, 0, 0]",2011-12-08 11:00,26.0,3,2.0,40.0,2.0,2.0,100.9123351677189,"[149.3118667919715, 149.3118667919715, 99.0]","[(149.3118667919715, 300.0), (149.3118667919715, 100.0), (99.0, 100.0)]",2.0,1,3,"[30.0, 10.0, 10.0]","[149.3118667919715, 149.3118667919715, 99.0]"
76433,"[30.0, 10.0, 5.0, 14.0, 1.0, 8.0, 2.0, 30.0, 10.0, 36.0]","[257.0, 220.0, 312.0, 181.75, 344.0, 235.0, 292.25, 167.40359922257957, 159.41582238929536, 144.6008998056449]",6,2.0,"[30.0, 10.0, 36.0]","[30.0, 40.0, 45.0, 59.0, 60.0, 68.0, 70.0, 100.0, 110.0, 146.0]","[0.0, 30.0, 40.0, 45.0, 59.0, 60.0, 68.0, 70.0, 100.0, 110.0]","[4.0, 2.0, 4.0, 2.0, 4.5, 2.0, 5.0, 2.0, 1.5, 2.0]","[4, 5, 7, 7, 7, 5, 7, 3, 3, 2]","[6, 9, 7, 9, 7, 5, 7, 3, 3, 3]","[1.5, 1.5, 1.0, 1.0, 1.5, 1.0, 1.5, 0.5, 0.5, 0.5]","[1.5, 1.5, 1.0, 1.5, 1.5, 1.5, 1.5, 0.5, 0.5, 0.5]","[0, 0, 0, 0, 0, 0, 1, 0, 0, 0]",2011-12-08 11:00,33.0,3,2.0,70.0,2.0,2.0,100.9123351677189,"[167.40359922257957, 159.41582238929536, 144.6008998056449]","[(167.40359922257957, 300.0), (159.41582238929536, 100.0), (144.6008998056449, 360.0)]",2.0,1,3,"[30.0, 10.0, 36.0]","[167.40359922257957, 159.41582238929536, 144.6008998056449]"
76435,"[78.0, 9.0, 2.0, 5.0, 2.0, 29.0, 33.0]","[319.0, 181.0, 259.0, 158.0, 238.0, 144.6008998056449, 174.55248685625125]",5,29.0,[33.0],"[78.0, 87.0, 89.0, 94.0, 96.0, 125.0, 158.0]","[0.0, 78.0, 87.0, 89.0, 94.0, 96.0, 125.0]","[4.5, 1.5, 4.0, 1.0, 3.5, 2.0, 2.5]","[4, 4, 9, 4, 9, 2, 3]","[4, 4, 9, 4, 9, 3, 2]","[0.75, 1.5, 1.0, 1.5, 1.5, 0.75, 0.5]","[0.75, 1.5, 1.5, 2.0, 1.5, 0.75, 0.5]","[0, 0, 0, 0, 0, 0, 0]",2011-12-08 11:00,35.0,4,2.0,125.0,3.0,2.0,131.83132262060033,[174.55248685625125],"[(174.55248685625125, 330.0)]",3.0,1,1,[33.0],[174.55248685625125]
76436,"[5.0, 7.0, 1.0, 29.0, 5.0, 2.0, 5.0, 0.5, 0.5, 21.0, 15.0, 17.0, 12.0, 3.5, 0.5]","[175.0, 259.0, 296.6875, 265.5, 220.0, 210.0, 294.4375, 190.0, 164.8118667919715, 149.3118667919715, 159.41582238929536, 159.80269941693467, 180.26846237860732, 159.80269941693467, 141.8825]",10,15.0,"[17.0, 12.0, 3.5, 0.5]","[5.0, 12.0, 13.0, 42.0, 47.0, 49.0, 54.0, 54.5, 55.0, 76.0, 91.0, 108.0, 120.0, 123.5, 124.0]","[0.0, 5.0, 12.0, 13.0, 42.0, 47.0, 49.0, 54.0, 54.5, 55.0, 76.0, 91.0, 108.0, 120.0, 123.5]","[2.0, 4.0, 5.0, 4.0, 2.0, 1.0, 5.0, 2.0, 1.5, 1.5, 1.5, 2.0, 3.0, 2.0, 1.0]","[9, 9, 7, 9, 5, 5, 7, 9, 3, 3, 3, 3, 2, 3, 3]","[9, 9, 5, 5, 9, 5, 9, 5, 4, 2, 3, 2, 3, 2, 2]","[1.0, 2.0, 3.0, 2.0, 2.0, 2.0, 1.5, 1.5, 0.5, 0.5, 0.25, 0.25, 0.5, 0.5, 0.25]","[2.0, 3.0, 4.0, 4.0, 3.0, 3.0, 2.5, 2.0, 1.0, 0.75, 0.5, 0.5, 0.75, 0.5, 0.5]","[0, 0, 1, 0, 0, 0, 1, 0, 0, 0, 0, 0, 0, 0, 0]",2011-12-08 11:00,20.0,4,1.0,91.0,2.0,2.0,131.83132262060033,"[159.80269941693467, 180.26846237860732, 159.80269941693467, 141.8825]","[(159.80269941693467, 170.0), (180.26846237860732, 120.0), (159.80269941693467, 35.0), (141.8825, 5.0)]",2.0,1,4,"[17.0, 12.0, 3.5, 0.5]","[159.80269941693467, 180.26846237860732, 159.80269941693467, 141.8825]"
7644,"[15.0, 15.0, 2.0, 10.0, 9.0, 9.0, 2.0, 1.0, 11.0, 6.0, 20.0, 10.0, 14.0, 7.0, 13.0, 2.0, 3.0, 0.09999999999999432]","[151.75, 196.75, 292.25, 219.25, 199.0, 181.06998247500167, 159.25, 292.25, 202.0738495144293, 181.06998247500167, 159.80269941693467, 141.8825, 202.0738495144293, 167.40359922257957, 155.51, 164.8118667919715, 156.1325, 140.0]",6,2.0,"[1.0, 11.0, 6.0, 20.0, 10.0, 14.0, 7.0, 13.0, 2.0, 3.0, 0.09999999999999432]","[15.0, 30.0, 32.0, 42.0, 51.0, 60.0, 62.0, 63.0, 74.0, 80.0, 100.0, 110.0, 124.0, 131.0, 144.0, 146.0, 149.0, 149.1]","[0.0, 15.0, 30.0, 32.0, 42.0, 51.0, 60.0, 62.0, 63.0, 74.0, 80.0, 100.0, 110.0, 124.0, 131.0, 144.0, 146.0, 149.0]","[1.0, 2.0, 4.0, 2.5, 2.0, 2.5, 1.5, 2.5, 3.0, 2.5, 2.0, 1.0, 3.0, 2.0, 1.0, 1.5, 1.0, 1.0]","[4, 4, 7, 4, 4, 3, 7, 7, 3, 3, 3, 3, 3, 3, 3, 3, 3, 6]","[9, 9, 7, 9, 7, 3, 4, 7, 3, 3, 2, 2, 3, 3, 3, 4, 4, 6]","[0.75, 1.0, 1.0, 0.5, 0.5, 0.5, 0.5, 0.5, 0.25, 0.25, 0.25, 0.25, 0.25, 0.25, 0.25, 0.25, 0.5, 1.0]","[1.25, 1.0, 1.5, 1.0, 0.75, 0.5, 1.0, 1.0, 0.25, 0.5, 0.5, 0.75, 0.25, 0.25, 0.5, 0.5, 1.0, 2.0]","[0, 0, 1, 0, 0, 0, 0, 1, 0, 0, 0, 0, 0, 0, 0, 0, 0, 0]",2002-11-28 12:00,32.0,6,3.0,62.0,3.0,2.0,439.4377420686678,"[292.25, 202.0738495144293, 181.06998247500167, 159.80269941693467, 141.8825, 202.0738495144293, 167.40359922257957, 155.51, 164.8118667919715, 156.1325, 140.0]","[(292.25, 10.0), (202.0738495144293, 110.0), (181.06998247500167, 60.0), (159.80269941693467, 200.0), (141.8825, 100.0), (202.0738495144293, 140.0), (167.40359922257957, 70.0), (155.51, 130.0), (164.8118667919715, 20.0), (156.1325, 30.0), (140.0, 0.9999999999999432)]",3.0,1,11,"[1.0, 11.0, 6.0, 20.0, 10.0, 14.0, 7.0, 13.0, 2.0, 3.0, 0.09999999999999432]","[292.25, 202.0738495144293, 181.06998247500167, 159.80269941693467, 141.8825, 202.0738495144293, 167.40359922257957, 155.51, 164.8118667919715, 156.1325, 140.0]"
7645,"[16.0, 7.0, 8.0, 6.0, 2.5, 0.5, 28.0, 7.0, 10.5, 1.5, 17.0, 24.0, 14.0]","[158.0618667919715, 292.25, 181.06998247500167, 292.25, 184.0, 292.25, 232.12522605741117, 202.0738495144293, 181.06998247500167, 292.25, 159.80269941693467, 129.10395559732385, 86.0]",9,1.5,"[17.0, 24.0, 14.0]","[16.0, 23.0, 31.0, 37.0, 39.5, 40.0, 68.0, 75.0, 85.5, 87.0, 104.0, 128.0, 142.0]","[0.0, 16.0, 23.0, 31.0, 37.0, 39.5, 40.0, 68.0, 75.0, 85.5, 87.0, 104.0, 128.0]","[1.5, 3.5, 2.5, 3.5, 2.0, 3.0, 3.5, 3.0, 2.5, 3.0, 2.0, 1.5, 1.0]","[3, 7, 3, 7, 7, 7, 3, 3, 3, 7, 3, 2, 1]","[9, 7, 3, 7, 7, 7, 3, 3, 3, 7, 2, 3, 2]","[0.5, 1.0, 0.5, 1.0, 1.0, 0.5, 0.25, 0.5, 0.5, 0.75, 0.5, 0.25, 0.75]","[1.0, 2.0, 0.5, 2.0, 1.5, 1.0, 0.5, 0.5, 0.5, 1.0, 0.75, 0.75, 1.5]","[0, 1, 0, 1, 0, 1, 0, 0, 0, 1, 0, 0, 0]",2002-12-03 12:00,31.0,6,3.0,87.0,3.0,2.0,439.4377420686678,"[159.80269941693467, 129.10395559732385, 86.0]","[(159.80269941693467, 170.0), (129.10395559732385, 240.0), (86.0, 140.0)]",3.0,1,3,"[17.0, 24.0, 14.0]","[159.80269941693467, 129.10395559732385, 86.0]"
7646,"[22.0, 21.0, 12.0, 5.0, 7.0, 15.0, 10.0, 7.0, 12.799999999999997, 0.20000000000000284, 18.0, 13.5, 1.5]","[216.0, 232.12522605741117, 292.25, 189.80248685625125, 292.25, 202.0738495144293, 167.40359922257957, 167.40359922257957, 159.41582238929536, 110.75, 149.3118667919715, 114.6275, 86.0]",7,7.0,"[12.799999999999997, 0.20000000000000284, 18.0, 13.5, 1.5]","[22.0, 43.0, 55.0, 60.0, 67.0, 82.0, 92.0, 99.0, 111.8, 112.0, 130.0, 143.5, 145.0]","[0.0, 22.0, 43.0, 55.0, 60.0, 67.0, 82.0, 92.0, 99.0, 111.8, 112.0, 130.0, 143.5]","[2.5, 3.5, 4.0, 2.5, 4.0, 3.0, 2.0, 2.0, 1.5, 1.0, 1.5, 1.0, 1.0]","[7, 3, 7, 3, 7, 3, 3, 3, 3, 2, 3, 2, 1]","[7, 3, 7, 7, 7, 3, 3, 3, 3, 6, 2, 3, 2]","[1.0, 0.25, 1.0, 0.5, 1.0, 0.5, 0.5, 0.25, 0.25, 1.0, 0.25, 0.5, 1.0]","[1.0, 0.5, 2.0, 0.75, 1.5, 0.5, 0.5, 0.5, 0.5, 2.0, 0.5, 0.75, 2.0]","[0, 0, 1, 0, 1, 0, 0, 0, 0, 0, 0, 0, 0]",2002-12-05 10:00,37.0,6,3.0,99.0,3.0,1.0,439.4377420686678,"[159.41582238929536, 110.75, 149.3118667919715, 114.6275, 86.0]","[(159.41582238929536, 127.99999999999997), (110.75, 2.0000000000000284), (149.3118667919715, 180.0), (114.6275, 135.0), (86.0, 15.0)]",3.0,1,5,"[12.799999999999997, 0.20000000000000284, 18.0, 13.5, 1.5]","[159.41582238929536, 110.75, 149.3118667919715, 114.6275, 86.0]"
7647,"[19.0, 13.0, 1.0, 28.0, 4.0, 27.0, 12.0, 9.0, 3.0, 1.0, 10.700000000000003, 0.29999999999999716, 12.0, 17.0, 11.699999999999989, 0.30000000000001137, 0.5, 1.5, 1.5, 0.5]","[199.0, 278.25, 189.0, 278.73334707923954, 248.5, 242.34391954305838, 250.0, 227.0, 173.75, 292.25, 192.55248685625125, 292.25, 192.55248685625125, 194.8508998056449, 158.0, 208.8125, 158.0, 140.0, 96.0, 149.3118667919715]",8,3.0,"[1.0, 10.700000000000003, 0.29999999999999716, 12.0, 17.0, 11.699999999999989, 0.30000000000001137, 0.5, 1.5, 1.5, 0.5]","[19.0, 32.0, 33.0, 61.0, 65.0, 92.0, 104.0, 113.0, 116.0, 117.0, 127.7, 128.0, 140.0, 157.0, 168.7, 169.0, 169.5, 171.0, 172.5, 173.0]","[0.0, 19.0, 32.0, 33.0, 61.0, 65.0, 92.0, 104.0, 113.0, 116.0, 117.0, 127.7, 128.0, 140.0, 157.0, 168.7, 169.0, 169.5, 171.0, 172.5]","[2.0, 3.5, 2.0, 4.0, 3.0, 3.5, 3.0, 2.5, 1.5, 4.0, 2.5, 3.0, 2.5, 2.0, 1.0, 1.5, 1.0, 1.0, 1.0, 1.5]","[4, 7, 7, 3, 7, 3, 4, 4, 4, 7, 3, 7, 3, 4, 4, 4, 4, 6, 2, 3]","[7, 4, 4, 4, 4, 4, 4, 4, 7, 7, 4, 7, 4, 3, 4, 7, 4, 6, 1, 2]","[1.0, 1.0, 1.0, 0.25, 1.0, 0.5, 0.5, 0.75, 0.75, 1.0, 0.5, 0.5, 0.25, 0.5, 0.5, 0.5, 0.5, 12.0, 0.5, 0.5]","[1.0, 2.0, 2.0, 0.75, 1.0, 0.5, 1.0, 1.0, 1.5, 1.0, 0.75, 0.5, 0.5, 0.75, 0.75, 1.0, 1.0, 15.0, 1.5, 0.5]","[0, 0, 0, 0, 0, 0, 0, 0, 0, 1, 0, 1, 0, 0, 0, 1, 0, 0, 0, 0]",2002-12-16 10:00,35.0,6,3.0,116.0,3.0,1.0,439.4377420686678,"[292.25, 192.55248685625125, 292.25, 192.55248685625125, 194.8508998056449, 158.0, 208.8125, 158.0, 140.0, 96.0, 149.3118667919715]","[(292.25, 10.0), (192.55248685625125, 107.00000000000003), (292.25, 2.9999999999999716), (192.55248685625125, 120.0), (194.8508998056449, 170.0), (158.0, 116.99999999999989), (208.8125, 3.0000000000001137), (158.0, 5.0), (140.0, 15.0), (96.0, 15.0), (149.3118667919715, 5.0)]",3.0,1,11,"[1.0, 10.700000000000003, 0.29999999999999716, 12.0, 17.0, 11.699999999999989, 0.30000000000001137, 0.5, 1.5, 1.5, 0.5]","[292.25, 192.55248685625125, 292.25, 192.55248685625125, 194.8508998056449, 158.0, 208.8125, 158.0, 140.0, 96.0, 149.3118667919715]"
7650,"[27.0, 3.0, 25.0, 5.0, 30.0, 7.0, 8.0, 10.0, 10.0, 15.0, 9.800000000000011, 0.19999999999998863, 2.0, 14.0, 8.0, 10.0, 5.0, 1.0]","[174.25, 292.25, 242.34391954305838, 227.0, 272.9777961056527, 250.0, 204.0, 272.9777961056527, 214.05538713582197, 204.0, 158.0, 171.55269941693467, 140.0, 141.8825, 221.84391954305838, 159.80269941693467, 174.55248685625125, 141.8825]",11,0.19999999999998863,"[2.0, 14.0, 8.0, 10.0, 5.0, 1.0]","[27.0, 30.0, 55.0, 60.0, 90.0, 97.0, 105.0, 115.0, 125.0, 140.0, 149.8, 150.0, 152.0, 166.0, 174.0, 184.0, 189.0, 190.0]","[0.0, 27.0, 30.0, 55.0, 60.0, 90.0, 97.0, 105.0, 115.0, 125.0, 140.0, 149.8, 150.0, 152.0, 166.0, 174.0, 184.0, 189.0]","[1.5, 4.0, 3.5, 2.5, 4.0, 3.0, 2.0, 4.0, 3.0, 2.0, 1.0, 2.0, 1.0, 1.0, 3.5, 2.0, 2.5, 1.0]","[4, 7, 3, 4, 3, 4, 4, 3, 3, 4, 4, 3, 6, 3, 3, 3, 3, 3]","[9, 7, 4, 4, 3, 4, 4, 3, 4, 4, 4, 7, 6, 2, 2, 2, 2, 2]","[1.0, 1.0, 0.5, 0.75, 0.25, 0.75, 0.5, 0.25, 0.5, 0.5, 0.5, 0.5, 12.0, 0.25, 0.5, 0.5, 0.25, 0.25]","[2.0, 2.0, 0.75, 1.0, 0.5, 1.0, 1.0, 0.5, 0.5, 0.75, 1.0, 0.5, 15.0, 0.75, 0.75, 1.0, 0.5, 0.75]","[0, 1, 0, 0, 0, 0, 0, 0, 0, 0, 0, 0, 0, 0, 0, 0, 0, 0]",2003-01-03 13:00,41.0,2,1.0,150.0,1.0,3.0,80.0,"[140.0, 141.8825, 221.84391954305838, 159.80269941693467, 174.55248685625125, 141.8825]","[(140.0, 20.0), (141.8825, 140.0), (221.84391954305838, 80.0), (159.80269941693467, 100.0), (174.55248685625125, 50.0), (141.8825, 10.0)]",1.0,1,6,"[2.0, 14.0, 8.0, 10.0, 5.0, 1.0]","[140.0, 141.8825, 221.84391954305838, 159.80269941693467, 174.55248685625125, 141.8825]"
76520,"[18.0, 25.0, 7.0, 10.0, 14.0, 5.0]","[157.3775, 202.0738495144293, 167.40359922257957, 149.3118667919715, 141.8825, 90.75]",0,18.0,"[25.0, 7.0, 10.0, 14.0, 5.0]","[18.0, 43.0, 50.0, 60.0, 74.0, 79.0]","[0.0, 18.0, 43.0, 50.0, 60.0, 74.0]","[1.0, 3.0, 2.0, 1.5, 1.0, 1.0]","[4, 3, 3, 3, 3, 1]","[3, 3, 3, 2, 2, 0]","[0.75, 0.5, 0.25, 0.25, 0.5, 0.75]","[1.0, 0.5, 0.5, 0.5, 0.75, 1.25]","[0, 0, 0, 0, 0, 0]",2011-12-20 11:00,33.0,6,3.0,18.0,3.0,2.0,439.4377420686678,"[202.0738495144293, 167.40359922257957, 149.3118667919715, 141.8825, 90.75]","[(202.0738495144293, 250.0), (167.40359922257957, 70.0), (149.3118667919715, 100.0), (141.8825, 140.0), (90.75, 50.0)]",3.0,1,5,"[25.0, 7.0, 10.0, 14.0, 5.0]","[202.0738495144293, 167.40359922257957, 149.3118667919715, 141.8825, 90.75]"
76524,"[20.0, 17.0, 15.0, 2.0, 16.0, 9.0, 3.0, 14.0, 4.0, 16.0, 3.5, 0.5]","[249.25, 287.4375, 171.0, 287.3125, 202.0738495144293, 149.3118667919715, 86.0, 149.3118667919715, 167.40359922257957, 141.8825, 86.0, 134.75]",4,16.0,"[9.0, 3.0, 14.0, 4.0, 16.0, 3.5, 0.5]","[20.0, 37.0, 52.0, 54.0, 70.0, 79.0, 82.0, 96.0, 100.0, 116.0, 119.5, 120.0]","[0.0, 20.0, 37.0, 52.0, 54.0, 70.0, 79.0, 82.0, 96.0, 100.0, 116.0, 119.5]","[3.0, 3.5, 1.0, 3.5, 3.0, 1.5, 1.0, 1.5, 2.0, 1.0, 1.0, 1.5]","[5, 7, 4, 7, 3, 3, 1, 3, 3, 3, 1, 6]","[9, 4, 5, 5, 3, 2, 2, 2, 3, 2, 2, 2]","[1.0, 2.0, 2.0, 2.0, 0.25, 0.5, 1.0, 0.5, 0.25, 0.5, 1.0, 2.0]","[3.0, 3.0, 4.0, 4.0, 0.25, 0.5, 3.0, 0.5, 0.5, 0.5, 2.0, 3.0]","[0, 1, 0, 1, 0, 0, 0, 0, 0, 0, 0, 0]",2011-12-23 12:00,40.0,5,2.0,70.0,3.0,3.0,197.7469839309005,"[149.3118667919715, 86.0, 149.3118667919715, 167.40359922257957, 141.8825, 86.0, 134.75]","[(149.3118667919715, 90.0), (86.0, 30.0), (149.3118667919715, 140.0), (167.40359922257957, 40.0), (141.8825, 160.0), (86.0, 35.0), (134.75, 5.0)]",3.0,1,7,"[9.0, 3.0, 14.0, 4.0, 16.0, 3.5, 0.5]","[149.3118667919715, 86.0, 149.3118667919715, 167.40359922257957, 141.8825, 86.0, 134.75]"
76528,"[12.0, 40.0, 17.0, 13.0, 1.0, 19.5, 0.5]","[133.0, 86.0, 86.0, 86.0, 81.0, 86.0, 81.0]",4,1.0,"[19.5, 0.5]","[12.0, 52.0, 69.0, 82.0, 83.0, 102.5, 103.0]","[0.0, 12.0, 52.0, 69.0, 82.0, 83.0, 102.5]","[1.0, 1.0, 1.0, 1.0, 1.0, 1.0, 1.0]","[9, 1, 1, 1, 1, 1, 1]","[9, 2, 2, 2, 1, 2, 1]","[1.0, 1.0, 1.0, 1.0, 2.0, 1.0, 2.0]","[2.0, 1.5, 1.5, 2.0, 5.0, 1.5, 3.0]","[0, 0, 0, 0, 0, 0, 0]",2011-12-23 10:00,32.0,4,2.0,83.0,3.0,3.0,131.83132262060033,"[86.0, 81.0]","[(86.0, 195.0), (81.0, 5.0)]",3.0,1,2,"[19.5, 0.5]","[86.0, 81.0]"
7653,"[4.0, 10.0, 5.5, 0.5, 9.0, 9.5, 1.5, 4.0]","[235.0, 274.375, 210.0, 208.8125, 158.0, 155.51, 181.06998247500167, 81.0]",2,5.5,"[0.5, 9.0, 9.5, 1.5, 4.0]","[4.0, 14.0, 19.5, 20.0, 29.0, 38.5, 40.0, 44.0]","[0.0, 4.0, 14.0, 19.5, 20.0, 29.0, 38.5, 40.0]","[2.0, 3.5, 1.0, 1.5, 1.0, 1.0, 2.5, 1.0]","[5, 5, 5, 4, 4, 3, 3, 1]","[5, 7, 5, 7, 4, 3, 3, 1]","[2.5, 2.0, 1.5, 1.0, 0.75, 0.25, 0.25, 2.0]","[4.0, 3.0, 2.5, 2.0, 1.5, 0.5, 0.25, 4.0]","[0, 0, 0, 1, 0, 0, 0, 0]",2005-11-27 13:00,30.0,2,1.0,19.5,1.0,1.0,80.0,"[208.8125, 158.0, 155.51, 181.06998247500167, 81.0]","[(208.8125, 5.0), (158.0, 90.0), (155.51, 95.0), (181.06998247500167, 15.0), (81.0, 40.0)]",1.0,1,5,"[0.5, 9.0, 9.5, 1.5, 4.0]","[208.8125, 158.0, 155.51, 181.06998247500167, 81.0]"
7655,"[6.7, 0.2999999999999998, 8.0, 15.0, 5.0, 10.700000000000003, 0.29999999999999716, 4.0]","[210.0, 254.1875, 181.0, 158.0, 194.8508998056449, 158.0, 164.8118667919715, 81.0]",3,15.0,"[5.0, 10.700000000000003, 0.29999999999999716, 4.0]","[6.7, 7.0, 15.0, 30.0, 35.0, 45.7, 46.0, 50.0]","[0.0, 6.7, 7.0, 15.0, 30.0, 35.0, 45.7, 46.0]","[1.0, 1.5, 1.5, 1.0, 2.0, 1.0, 1.5, 1.0]","[5, 7, 4, 4, 4, 4, 3, 1]","[5, 6, 4, 4, 3, 4, 4, 1]","[2.0, 2.0, 1.0, 1.0, 0.5, 0.5, 0.25, 2.0]","[3.0, 2.0, 2.0, 2.0, 1.0, 1.0, 0.5, 3.0]","[0, 1, 0, 0, 0, 0, 0, 0]",2005-12-01 11:00,40.0,4,2.0,30.0,3.0,1.0,131.83132262060033,"[194.8508998056449, 158.0, 164.8118667919715, 81.0]","[(194.8508998056449, 50.0), (158.0, 107.00000000000003), (164.8118667919715, 2.9999999999999716), (81.0, 40.0)]",3.0,1,4,"[5.0, 10.700000000000003, 0.29999999999999716, 4.0]","[194.8508998056449, 158.0, 164.8118667919715, 81.0]"
76597,"[14.0, 4.0, 22.0, 14.0, 24.0, 1.0, 18.0, 2.0, 21.5, 0.5, 14.5, 0.5]","[196.75, 176.55269941693467, 184.80248685625125, 202.0738495144293, 167.40359922257957, 155.51, 149.3118667919715, 137.0, 104.0, 90.75, 141.8825, 129.10395559732385]",5,1.0,"[18.0, 2.0, 21.5, 0.5, 14.5, 0.5]","[14.0, 18.0, 40.0, 54.0, 78.0, 79.0, 97.0, 99.0, 120.5, 121.0, 135.5, 136.0]","[0.0, 14.0, 18.0, 40.0, 54.0, 78.0, 79.0, 97.0, 99.0, 120.5, 121.0, 135.5]","[2.0, 2.0, 2.5, 3.0, 2.0, 1.0, 1.5, 2.0, 1.5, 1.0, 1.0, 1.5]","[4, 3, 3, 3, 3, 3, 3, 2, 1, 1, 3, 2]","[9, 4, 9, 3, 3, 3, 2, 2, 2, 0, 2, 3]","[1.0, 0.5, 0.25, 0.5, 0.5, 0.5, 0.5, 1.0, 1.0, 1.0, 0.5, 0.5]","[1.5, 1.5, 0.5, 1.0, 0.75, 0.5, 0.5, 1.0, 2.0, 2.0, 1.5, 1.5]","[0, 0, 0, 0, 0, 0, 0, 0, 0, 0, 0, 0]",2012-01-02 09:00,36.0,2,1.0,79.0,1.0,3.0,80.0,"[149.3118667919715, 137.0, 104.0, 90.75, 141.8825, 129.10395559732385]","[(149.3118667919715, 180.0), (137.0, 20.0), (104.0, 215.0), (90.75, 5.0), (141.8825, 145.0), (129.10395559732385, 5.0)]",1.0,1,6,"[18.0, 2.0, 21.5, 0.5, 14.5, 0.5]","[149.3118667919715, 137.0, 104.0, 90.75, 141.8825, 129.10395559732385]"
7660,"[16.0, 9.0, 33.0, 13.099999999999994, 0.9000000000000057, 3.0, 4.0, 3.0, 12.5, 1.0, 0.5]","[174.25, 241.75, 196.75, 151.75, 140.0, 181.06998247500167, 141.8825, 149.3118667919715, 114.6275, 86.0, 140.0]",3,13.099999999999994,"[0.9000000000000057, 3.0, 4.0, 3.0, 12.5, 1.0, 0.5]","[16.0, 25.0, 58.0, 71.1, 72.0, 75.0, 79.0, 82.0, 94.5, 95.5, 96.0]","[0.0, 16.0, 25.0, 58.0, 71.1, 72.0, 75.0, 79.0, 82.0, 94.5, 95.5]","[1.5, 3.0, 2.0, 1.0, 1.0, 2.5, 1.0, 1.5, 1.0, 1.0, 1.0]","[4, 4, 4, 4, 6, 3, 3, 3, 2, 1, 6]","[9, 9, 9, 9, 6, 3, 2, 2, 3, 2, 6]","[1.0, 0.75, 0.5, 0.5, 8.0, 0.25, 0.5, 0.25, 0.5, 2.0, 4.0]","[2.0, 1.0, 0.75, 1.0, 10.0, 0.5, 1.0, 0.75, 0.75, 2.0, 6.0]","[0, 0, 0, 0, 0, 0, 0, 0, 0, 0, 0]",2006-01-06 14:00,30.0,2,1.0,71.1,1.0,2.0,80.0,"[140.0, 181.06998247500167, 141.8825, 149.3118667919715, 114.6275, 86.0, 140.0]","[(140.0, 9.000000000000057), (181.06998247500167, 30.0), (141.8825, 40.0), (149.3118667919715, 30.0), (114.6275, 125.0), (86.0, 10.0), (140.0, 5.0)]",1.0,1,7,"[0.9000000000000057, 3.0, 4.0, 3.0, 12.5, 1.0, 0.5]","[140.0, 181.06998247500167, 141.8825, 149.3118667919715, 114.6275, 86.0, 140.0]"
7661,"[6.0, 26.799999999999997, 0.20000000000000284, 7.0, 38.0, 10.799999999999997, 1.2000000000000028, 6.0, 8.0, 2.0, 10.0, 12.800000000000011, 0.19999999999998863]","[190.75, 154.0, 226.0625, 133.0, 219.25, 196.75, 140.0, 202.0738495144293, 141.8825, 181.06998247500167, 159.41582238929536, 114.6275, 140.0]",5,10.799999999999997,"[1.2000000000000028, 6.0, 8.0, 2.0, 10.0, 12.800000000000011, 0.19999999999998863]","[6.0, 32.8, 33.0, 40.0, 78.0, 88.8, 90.0, 96.0, 104.0, 106.0, 116.0, 128.8, 129.0]","[0.0, 6.0, 32.8, 33.0, 40.0, 78.0, 88.8, 90.0, 96.0, 104.0, 106.0, 116.0, 128.8]","[1.0, 1.5, 2.0, 1.0, 2.5, 2.0, 1.0, 3.0, 1.0, 2.5, 1.5, 1.0, 1.0]","[5, 9, 4, 9, 4, 4, 6, 3, 3, 3, 3, 2, 6]","[9, 9, 7, 9, 9, 9, 6, 3, 2, 3, 3, 3, 6]","[2.0, 1.5, 1.0, 1.0, 0.5, 0.75, 10.0, 0.25, 0.5, 0.5, 0.25, 0.5, 2.0]","[4.0, 2.0, 1.5, 2.0, 1.0, 1.5, 10.0, 0.5, 1.0, 0.5, 0.5, 1.0, 2.0]","[0, 0, 1, 0, 0, 0, 0, 0, 0, 0, 0, 0, 0]",2006-01-08 14:00,31.0,2,1.0,88.8,1.0,3.0,80.0,"[140.0, 202.0738495144293, 141.8825, 181.06998247500167, 159.41582238929536, 114.6275, 140.0]","[(140.0, 12.000000000000028), (202.0738495144293, 60.0), (141.8825, 80.0), (181.06998247500167, 20.0), (159.41582238929536, 100.0), (114.6275, 128.0000000000001), (140.0, 1.9999999999998863)]",1.0,1,7,"[1.2000000000000028, 6.0, 8.0, 2.0, 10.0, 12.800000000000011, 0.19999999999998863]","[140.0, 202.0738495144293, 141.8825, 181.06998247500167, 159.41582238929536, 114.6275, 140.0]"
76622,"[13.0, 12.0, 4.0, 6.0, 5.0, 7.0, 8.0, 29.0, 59.0, 12.0, 3.0]","[196.75, 241.75, 293.1875, 250.0, 196.75, 238.01846237860732, 181.06998247500167, 202.0738495144293, 159.80269941693467, 86.0, 129.6008998056449]",4,5.0,"[7.0, 8.0, 29.0, 59.0, 12.0, 3.0]","[13.0, 25.0, 29.0, 35.0, 40.0, 47.0, 55.0, 84.0, 143.0, 155.0, 158.0]","[0.0, 13.0, 25.0, 29.0, 35.0, 40.0, 47.0, 55.0, 84.0, 143.0, 155.0]","[2.0, 3.0, 4.0, 3.0, 2.0, 3.0, 2.5, 3.0, 2.0, 1.0, 2.0]","[4, 4, 7, 4, 4, 4, 3, 3, 3, 1, 1]","[9, 9, 4, 4, 9, 3, 3, 3, 2, 2, 3]","[1.0, 1.0, 1.0, 0.5, 1.0, 0.5, 0.25, 0.5, 0.5, 1.0, 1.0]","[2.0, 1.5, 2.0, 1.5, 1.5, 1.0, 0.5, 0.5, 1.0, 2.0, 2.0]","[0, 0, 1, 0, 0, 0, 0, 0, 0, 0, 0]",2012-01-07 11:00,38.0,2,1.0,40.0,1.0,3.0,80.0,"[238.01846237860732, 181.06998247500167, 202.0738495144293, 159.80269941693467, 86.0, 129.6008998056449]","[(238.01846237860732, 70.0), (181.06998247500167, 80.0), (202.0738495144293, 290.0), (159.80269941693467, 590.0), (86.0, 120.0), (129.6008998056449, 30.0)]",1.0,1,6,"[7.0, 8.0, 29.0, 59.0, 12.0, 3.0]","[238.01846237860732, 181.06998247500167, 202.0738495144293, 159.80269941693467, 86.0, 129.6008998056449]"
7663,"[5.0, 18.0, 13.0, 10.0, 6.0, 1.0, 1.0, 9.200000000000003, 0.7999999999999972, 25.0]","[152.25, 151.75, 204.0, 181.0, 158.0, 158.0, 181.0, 158.0, 140.0, 141.8825]",7,9.200000000000003,"[0.7999999999999972, 25.0]","[5.0, 23.0, 36.0, 46.0, 52.0, 53.0, 54.0, 63.2, 64.0, 89.0]","[0.0, 5.0, 23.0, 36.0, 46.0, 52.0, 53.0, 54.0, 63.2, 64.0]","[1.0, 1.0, 2.0, 1.5, 1.0, 1.0, 1.5, 1.0, 1.0, 1.0]","[9, 4, 4, 4, 4, 4, 4, 4, 6, 3]","[5, 9, 4, 4, 4, 4, 4, 4, 6, 2]","[2.0, 1.5, 0.75, 0.5, 0.75, 1.0, 0.75, 0.75, 6.0, 0.25]","[3.0, 2.5, 1.0, 0.75, 1.0, 1.5, 1.0, 1.25, 6.0, 0.75]","[0, 0, 0, 0, 0, 0, 0, 0, 0, 0]",2006-01-20 12:00,32.0,3,2.0,63.2,2.0,3.0,100.9123351677189,"[140.0, 141.8825]","[(140.0, 7.999999999999972), (141.8825, 250.0)]",2.0,1,2,"[0.7999999999999972, 25.0]","[140.0, 141.8825]"
7669,"[1.0, 6.0, 20.0, 12.5, 1.5, 15.5, 0.5, 15.0, 9.5, 0.4000000000000057, 0.09999999999999432, 11.0, 16.799999999999997, 0.20000000000000284]","[152.25, 175.0, 151.75, 151.75, 174.25, 151.75, 153.5, 181.0, 158.0, 115.25, 171.55269941693467, 141.8825, 141.8825, 140.0]",5,15.5,"[0.5, 15.0, 9.5, 0.4000000000000057, 0.09999999999999432, 11.0, 16.799999999999997, 0.20000000000000284]","[1.0, 7.0, 27.0, 39.5, 41.0, 56.5, 57.0, 72.0, 81.5, 81.9, 82.0, 93.0, 109.8, 110.0]","[0.0, 1.0, 7.0, 27.0, 39.5, 41.0, 56.5, 57.0, 72.0, 81.5, 81.9, 82.0, 93.0, 109.8]","[1.0, 2.0, 1.0, 1.0, 1.5, 1.0, 1.0, 1.5, 1.0, 1.0, 2.0, 1.0, 1.0, 1.0]","[9, 9, 4, 4, 4, 4, 4, 4, 4, 2, 3, 3, 3, 6]","[5, 9, 9, 9, 9, 9, 6, 4, 4, 4, 7, 2, 2, 6]","[2.0, 1.0, 1.0, 1.25, 0.75, 1.0, 1.0, 0.75, 0.75, 0.5, 0.25, 0.5, 0.5, 2.0]","[3.0, 2.0, 2.0, 2.0, 1.25, 2.0, 2.0, 1.5, 1.25, 1.1, 0.25, 1.0, 1.25, 4.0]","[0, 0, 0, 0, 0, 0, 0, 0, 0, 0, 0, 0, 0, 0]",2006-02-14 14:00,32.0,6,3.0,56.5,3.0,2.0,439.4377420686678,"[153.5, 181.0, 158.0, 115.25, 171.55269941693467, 141.8825, 141.8825, 140.0]","[(153.5, 5.0), (181.0, 150.0), (158.0, 95.0), (115.25, 4.000000000000057), (171.55269941693467, 0.9999999999999432), (141.8825, 110.0), (141.8825, 167.99999999999997), (140.0, 2.0000000000000284)]",3.0,1,8,"[0.5, 15.0, 9.5, 0.4000000000000057, 0.09999999999999432, 11.0, 16.799999999999997, 0.20000000000000284]","[153.5, 181.0, 158.0, 115.25, 171.55269941693467, 141.8825, 141.8825, 140.0]"
7671,"[8.0, 10.0, 10.0, 2.0, 8.0, 21.0, 9.0, 8.099999999999994, 0.4000000000000057, 0.5, 1.0, 1.0, 5.5, 0.5, 12.200000000000003, 0.7999999999999972]","[190.75, 152.25, 133.0, 199.0, 151.75, 158.0, 194.8508998056449, 156.1325, 86.0, 149.3118667919715, 141.8825, 167.40359922257957, 141.8825, 174.55248685625125, 141.8825, 140.0]",5,21.0,"[9.0, 8.099999999999994, 0.4000000000000057, 0.5, 1.0, 1.0, 5.5, 0.5, 12.200000000000003, 0.7999999999999972]","[8.0, 18.0, 28.0, 30.0, 38.0, 59.0, 68.0, 76.1, 76.5, 77.0, 78.0, 79.0, 84.5, 85.0, 97.2, 98.0]","[0.0, 8.0, 18.0, 28.0, 30.0, 38.0, 59.0, 68.0, 76.1, 76.5, 77.0, 78.0, 79.0, 84.5, 85.0, 97.2]","[1.0, 1.0, 1.0, 2.0, 1.0, 1.0, 2.0, 1.0, 1.0, 1.5, 1.0, 2.0, 1.0, 2.5, 1.0, 1.0]","[5, 9, 9, 4, 4, 4, 4, 3, 1, 3, 3, 3, 3, 3, 3, 6]","[9, 5, 9, 7, 9, 4, 3, 4, 2, 2, 2, 3, 2, 2, 2, 6]","[2.0, 2.0, 1.5, 1.5, 1.5, 1.0, 0.5, 0.5, 1.0, 0.5, 0.5, 0.5, 0.5, 0.5, 0.5, 10.0]","[3.0, 3.0, 2.5, 2.5, 2.0, 1.5, 0.75, 0.75, 3.0, 0.75, 1.0, 0.5, 1.0, 0.5, 0.75, 12.0]","[0, 0, 0, 0, 0, 0, 0, 0, 0, 0, 0, 0, 0, 0, 0, 0]",2006-02-23 11:00,35.0,5,1.0,59.0,2.0,3.0,197.7469839309005,"[194.8508998056449, 156.1325, 86.0, 149.3118667919715, 141.8825, 167.40359922257957, 141.8825, 174.55248685625125, 141.8825, 140.0]","[(194.8508998056449, 90.0), (156.1325, 80.99999999999994), (86.0, 4.000000000000057), (149.3118667919715, 5.0), (141.8825, 10.0), (167.40359922257957, 10.0), (141.8825, 55.0), (174.55248685625125, 5.0), (141.8825, 122.00000000000003), (140.0, 7.999999999999972)]",2.0,1,10,"[9.0, 8.099999999999994, 0.4000000000000057, 0.5, 1.0, 1.0, 5.5, 0.5, 12.200000000000003, 0.7999999999999972]","[194.8508998056449, 156.1325, 86.0, 149.3118667919715, 141.8825, 167.40359922257957, 141.8825, 174.55248685625125, 141.8825, 140.0]"
7674,"[20.0, 31.5, 0.5, 9.0, 1.0, 9.0, 7.5, 1.0, 0.5, 8.0, 17.0, 4.5, 0.5, 7.0, 3.0, 1.0, 2.0, 6.199999999999989, 0.8000000000000114, 2.0, 10.0, 4.0]","[152.25, 152.25, 134.75, 160.75, 196.75, 174.25, 174.25, 158.0, 224.25, 204.0, 158.0, 176.55269941693467, 138.75, 202.0738495144293, 232.12522605741117, 141.8825, 159.80269941693467, 141.8825, 153.5, 149.3118667919715, 101.0, 90.75]",7,1.0,"[0.5, 8.0, 17.0, 4.5, 0.5, 7.0, 3.0, 1.0, 2.0, 6.199999999999989, 0.8000000000000114, 2.0, 10.0, 4.0]","[20.0, 51.5, 52.0, 61.0, 62.0, 71.0, 78.5, 79.5, 80.0, 88.0, 105.0, 109.5, 110.0, 117.0, 120.0, 121.0, 123.0, 129.2, 130.0, 132.0, 142.0, 146.0]","[0.0, 20.0, 51.5, 52.0, 61.0, 62.0, 71.0, 78.5, 79.5, 80.0, 88.0, 105.0, 109.5, 110.0, 117.0, 120.0, 121.0, 123.0, 129.2, 130.0, 132.0, 142.0]","[1.0, 1.0, 1.0, 1.5, 2.0, 1.5, 1.5, 1.0, 2.5, 2.0, 1.0, 2.0, 1.0, 3.0, 3.5, 1.0, 2.0, 1.0, 1.0, 1.5, 1.0, 1.0]","[9, 9, 9, 9, 4, 4, 4, 4, 4, 4, 4, 3, 4, 3, 3, 3, 3, 3, 4, 3, 2, 1]","[5, 5, 6, 4, 9, 9, 9, 4, 7, 4, 4, 4, 1, 3, 3, 2, 2, 2, 6, 2, 2, 0]","[2.0, 1.5, 1.5, 1.0, 0.75, 1.0, 0.75, 1.0, 0.5, 0.75, 0.75, 0.5, 1.0, 0.25, 0.5, 0.5, 0.5, 0.5, 1.0, 0.5, 0.75, 0.75]","[4.0, 2.5, 3.5, 2.0, 1.0, 1.5, 1.5, 2.0, 1.0, 1.0, 1.25, 0.75, 2.0, 0.5, 0.5, 0.75, 0.75, 1.0, 8.0, 1.0, 1.5, 2.0]","[0, 0, 0, 0, 0, 0, 0, 0, 0, 0, 0, 0, 0, 0, 0, 0, 0, 0, 0, 0, 0, 0]",2006-03-01 11:00,29.0,4,1.0,79.5,2.0,3.0,131.83132262060033,"[224.25, 204.0, 158.0, 176.55269941693467, 138.75, 202.0738495144293, 232.12522605741117, 141.8825, 159.80269941693467, 141.8825, 153.5, 149.3118667919715, 101.0, 90.75]","[(224.25, 5.0), (204.0, 80.0), (158.0, 170.0), (176.55269941693467, 45.0), (138.75, 5.0), (202.0738495144293, 70.0), (232.12522605741117, 30.0), (141.8825, 10.0), (159.80269941693467, 20.0), (141.8825, 61.999999999999886), (153.5, 8.000000000000114), (149.3118667919715, 20.0), (101.0, 100.0), (90.75, 40.0)]",2.0,1,14,"[0.5, 8.0, 17.0, 4.5, 0.5, 7.0, 3.0, 1.0, 2.0, 6.199999999999989, 0.8000000000000114, 2.0, 10.0, 4.0]","[224.25, 204.0, 158.0, 176.55269941693467, 138.75, 202.0738495144293, 232.12522605741117, 141.8825, 159.80269941693467, 141.8825, 153.5, 149.3118667919715, 101.0, 90.75]"
76783,"[10.0, 21.0, 2.0, 43.0, 27.0, 7.0, 11.0, 0.7999999999999972, 0.20000000000000284, 17.0, 10.0, 6.0, 18.0]","[242.375, 293.25, 241.75, 236.5313065143528, 213.26846237860732, 175.0, 205.80538713582197, 133.0, 292.25, 181.06998247500167, 159.80269941693467, 96.0, 141.8825]",7,0.7999999999999972,"[0.20000000000000284, 17.0, 10.0, 6.0, 18.0]","[10.0, 31.0, 33.0, 76.0, 103.0, 110.0, 121.0, 121.8, 122.0, 139.0, 149.0, 155.0, 173.0]","[0.0, 10.0, 31.0, 33.0, 76.0, 103.0, 110.0, 121.0, 121.8, 122.0, 139.0, 149.0, 155.0]","[2.5, 4.0, 3.0, 3.5, 3.0, 2.0, 3.0, 1.0, 4.0, 2.5, 2.0, 1.0, 1.0]","[5, 4, 4, 9, 9, 9, 3, 9, 7, 3, 3, 2, 3]","[4, 5, 9, 3, 3, 9, 9, 9, 7, 3, 2, 1, 2]","[2.5, 1.5, 1.0, 0.5, 0.5, 0.5, 0.25, 0.5, 0.5, 0.25, 0.25, 0.5, 0.25]","[5.0, 4.0, 2.0, 0.75, 0.75, 1.0, 0.5, 1.0, 0.5, 0.25, 0.75, 1.25, 0.75]","[0, 0, 0, 0, 0, 0, 0, 0, 1, 0, 0, 0, 0]",2012-01-26 11:00,35.0,5,2.0,121.8,3.0,2.0,197.7469839309005,"[292.25, 181.06998247500167, 159.80269941693467, 96.0, 141.8825]","[(292.25, 2.0000000000000284), (181.06998247500167, 170.0), (159.80269941693467, 100.0), (96.0, 60.0), (141.8825, 180.0)]",3.0,1,5,"[0.20000000000000284, 17.0, 10.0, 6.0, 18.0]","[292.25, 181.06998247500167, 159.80269941693467, 96.0, 141.8825]"
7679,"[20.0, 9.0, 10.0, 10.0, 9.5, 0.5, 2.0, 12.0, 1.0, 1.0, 9.0, 6.0, 1.0, 9.700000000000003, 0.29999999999999716, 7.0, 7.5, 0.5, 5.0, 2.0, 4.0, 8.0, 14.0, 1.0, 12.699999999999989, 0.30000000000001137]","[152.25, 171.125, 171.125, 196.0, 152.25, 134.75, 196.0, 133.0, 133.0, 196.0, 175.0, 154.0, 133.0, 219.25, 158.0, 196.75, 151.75, 134.75, 158.0, 176.55269941693467, 149.3118667919715, 202.0738495144293, 141.8825, 275.9375, 141.8825, 157.5618667919715]",16,7.5,"[0.5, 5.0, 2.0, 4.0, 8.0, 14.0, 1.0, 12.699999999999989, 0.30000000000001137]","[20.0, 29.0, 39.0, 49.0, 58.5, 59.0, 61.0, 73.0, 74.0, 75.0, 84.0, 90.0, 91.0, 100.7, 101.0, 108.0, 115.5, 116.0, 121.0, 123.0, 127.0, 135.0, 149.0, 150.0, 162.7, 163.0]","[0.0, 20.0, 29.0, 39.0, 49.0, 58.5, 59.0, 61.0, 73.0, 74.0, 75.0, 84.0, 90.0, 91.0, 100.7, 101.0, 108.0, 115.5, 116.0, 121.0, 123.0, 127.0, 135.0, 149.0, 150.0, 162.7]","[1.0, 1.5, 1.5, 2.5, 1.0, 1.0, 2.5, 1.0, 1.0, 2.5, 2.0, 1.5, 1.0, 2.5, 1.0, 2.0, 1.0, 1.0, 1.0, 2.0, 1.5, 3.0, 1.0, 2.5, 1.0, 1.5]","[9, 9, 9, 9, 9, 9, 9, 9, 9, 9, 9, 9, 9, 4, 4, 4, 4, 9, 4, 3, 3, 3, 3, 7, 3, 3]","[5, 5, 5, 9, 5, 6, 9, 9, 9, 9, 9, 9, 9, 9, 4, 9, 9, 6, 4, 4, 2, 3, 2, 4, 2, 7]","[1.5, 1.5, 1.5, 1.0, 2.0, 3.0, 0.75, 1.0, 1.5, 0.75, 1.0, 1.0, 2.0, 0.5, 1.0, 0.5, 0.5, 1.0, 0.5, 0.5, 0.5, 0.25, 0.5, 0.5, 0.5, 0.5]","[3.0, 3.0, 2.5, 2.0, 3.0, 6.0, 1.5, 2.0, 2.5, 1.0, 1.5, 2.0, 3.0, 1.0, 2.0, 1.0, 1.0, 3.0, 1.0, 0.75, 1.0, 0.5, 1.0, 1.0, 0.75, 0.5]","[0, 0, 0, 0, 0, 0, 0, 0, 0, 0, 0, 0, 0, 0, 0, 0, 0, 0, 0, 0, 0, 0, 0, 1, 0, 0]",2006-03-16 11:00,27.0,3,1.0,115.5,1.0,3.0,100.9123351677189,"[134.75, 158.0, 176.55269941693467, 149.3118667919715, 202.0738495144293, 141.8825, 275.9375, 141.8825, 157.5618667919715]","[(134.75, 5.0), (158.0, 50.0), (176.55269941693467, 20.0), (149.3118667919715, 40.0), (202.0738495144293, 80.0), (141.8825, 140.0), (275.9375, 10.0), (141.8825, 126.99999999999989), (157.5618667919715, 3.0000000000001137)]",1.0,1,9,"[0.5, 5.0, 2.0, 4.0, 8.0, 14.0, 1.0, 12.699999999999989, 0.30000000000001137]","[134.75, 158.0, 176.55269941693467, 149.3118667919715, 202.0738495144293, 141.8825, 275.9375, 141.8825, 157.5618667919715]"
76827,"[47.0, 3.0, 14.0, 20.0, 6.0, 25.0, 11.0, 11.0, 14.0, 19.0, 3.0, 6.800000000000011, 0.19999999999998863]","[233.59391954305838, 196.0, 232.12522605741117, 184.80248685625125, 202.0738495144293, 232.12522605741117, 181.06998247500167, 232.12522605741117, 159.80269941693467, 149.3118667919715, 153.75, 115.25, 140.0]",8,14.0,"[19.0, 3.0, 6.800000000000011, 0.19999999999998863]","[47.0, 50.0, 64.0, 84.0, 90.0, 115.0, 126.0, 137.0, 151.0, 170.0, 173.0, 179.8, 180.0]","[0.0, 47.0, 50.0, 64.0, 84.0, 90.0, 115.0, 126.0, 137.0, 151.0, 170.0, 173.0, 179.8]","[3.5, 2.5, 3.5, 2.5, 3.0, 3.5, 2.5, 3.5, 2.0, 1.5, 2.0, 1.0, 1.0]","[3, 9, 3, 3, 3, 3, 3, 3, 3, 3, 2, 2, 6]","[9, 9, 3, 9, 3, 3, 3, 3, 2, 2, 4, 4, 6]","[0.5, 0.5, 0.5, 0.5, 0.5, 0.5, 0.5, 0.25, 0.5, 0.5, 0.5, 0.5, 1.0]","[0.75, 1.0, 0.5, 0.75, 0.5, 0.5, 0.5, 0.5, 0.75, 1.0, 0.75, 1.0, 2.0]","[0, 0, 0, 0, 0, 0, 0, 0, 0, 0, 0, 0, 0]",2012-01-30 14:00,33.0,4,2.0,151.0,3.0,2.0,131.83132262060033,"[149.3118667919715, 153.75, 115.25, 140.0]","[(149.3118667919715, 190.0), (153.75, 30.0), (115.25, 68.00000000000011), (140.0, 1.9999999999998863)]",3.0,1,4,"[19.0, 3.0, 6.800000000000011, 0.19999999999998863]","[149.3118667919715, 153.75, 115.25, 140.0]"
77000,"[36.0, 22.0, 12.0, 18.0, 12.0, 15.0, 5.0, 12.0, 8.0, 2.0]","[286.75, 217.0, 241.75, 219.25, 192.55248685625125, 174.25, 225.25, 159.80269941693467, 101.0, 81.0]",5,15.0,"[5.0, 12.0, 8.0, 2.0]","[36.0, 58.0, 70.0, 88.0, 100.0, 115.0, 120.0, 132.0, 140.0, 142.0]","[0.0, 36.0, 58.0, 70.0, 88.0, 100.0, 115.0, 120.0, 132.0, 140.0]","[4.0, 3.0, 3.0, 2.5, 2.5, 1.5, 3.0, 2.0, 1.0, 1.0]","[4, 9, 4, 4, 3, 4, 9, 3, 2, 1]","[9, 9, 9, 9, 4, 9, 4, 2, 2, 1]","[1.0, 1.0, 1.0, 1.0, 0.5, 1.0, 1.0, 0.25, 1.0, 2.0]","[1.5, 1.0, 1.0, 2.0, 1.0, 1.0, 1.5, 1.0, 2.0, 3.0]","[0, 0, 0, 0, 0, 0, 0, 0, 0, 0]",2012-02-21 10:00,26.0,4,1.0,115.0,2.0,3.0,131.83132262060033,"[225.25, 159.80269941693467, 101.0, 81.0]","[(225.25, 50.0), (159.80269941693467, 120.0), (101.0, 80.0), (81.0, 20.0)]",2.0,1,4,"[5.0, 12.0, 8.0, 2.0]","[225.25, 159.80269941693467, 101.0, 81.0]"
77037,"[30.0, 48.0, 8.0, 8.0, 12.0, 2.4000000000000057, 0.5999999999999943, 2.0, 0.5, 1.5, 7.0, 10.0, 17.0, 2.0, 3.0, 8.0]","[326.42346393368337, 272.9777961056527, 175.60395559732385, 214.05538713582197, 194.8508998056449, 158.0, 153.5, 158.0, 153.5, 158.0, 202.0738495144293, 141.8825, 179.67748685625125, 114.6275, 149.3118667919715, 114.6275]",11,10.0,"[17.0, 2.0, 3.0, 8.0]","[130.0, 178.0, 186.0, 194.0, 206.0, 208.4, 209.0, 211.0, 211.5, 213.0, 220.0, 230.0, 247.0, 249.0, 252.0, 260.0]","[100.0, 130.0, 178.0, 186.0, 194.0, 206.0, 208.4, 209.0, 211.0, 211.5, 213.0, 220.0, 230.0, 247.0, 249.0, 252.0]","[4.5, 4.0, 1.5, 3.0, 2.0, 1.0, 1.0, 1.0, 1.0, 1.0, 3.0, 1.0, 2.5, 1.0, 1.5, 1.0]","[3, 3, 4, 3, 4, 4, 4, 4, 4, 4, 3, 3, 3, 2, 3, 2]","[3, 3, 3, 4, 3, 4, 6, 4, 6, 4, 3, 2, 0, 3, 2, 3]","[0.25, 0.25, 0.5, 0.5, 0.5, 0.75, 1.0, 0.75, 1.0, 0.5, 0.25, 0.25, 0.25, 0.5, 0.5, 0.5]","[0.25, 0.5, 1.0, 0.75, 0.75, 1.25, 6.0, 1.25, 5.0, 1.0, 0.5, 0.75, 0.5, 1.0, 0.75, 1.0]","[0, 0, 0, 0, 0, 0, 0, 0, 0, 0, 0, 0, 0, 0, 0, 0]",2012-02-17 10:00,20.0,3,2.0,230.0,2.0,3.0,100.9123351677189,"[179.67748685625125, 114.6275, 149.3118667919715, 114.6275]","[(179.67748685625125, 170.0), (114.6275, 20.0), (149.3118667919715, 30.0), (114.6275, 80.0)]",2.0,1,4,"[17.0, 2.0, 3.0, 8.0]","[179.67748685625125, 114.6275, 149.3118667919715, 114.6275]"
77158,"[11.0, 22.0, 10.0, 30.0, 9.0, 23.0, 12.0, 3.0, 7.0, 5.599999999999994, 0.4000000000000057, 14.0, 3.0, 9.0, 3.0]","[235.0, 252.5, 260.0, 225.25, 264.25, 238.01846237860732, 250.0, 191.375, 242.34391954305838, 196.75, 281.6875, 129.10395559732385, 96.0, 114.0, 81.0]",7,3.0,"[7.0, 5.599999999999994, 0.4000000000000057, 14.0, 3.0, 9.0, 3.0]","[11.0, 33.0, 43.0, 73.0, 82.0, 105.0, 117.0, 120.0, 127.0, 132.6, 133.0, 147.0, 150.0, 159.0, 162.0]","[0.0, 11.0, 33.0, 43.0, 73.0, 82.0, 105.0, 117.0, 120.0, 127.0, 132.6, 133.0, 147.0, 150.0, 159.0]","[2.0, 3.0, 3.0, 3.0, 3.5, 3.0, 3.0, 1.5, 3.5, 2.0, 3.0, 1.5, 1.0, 1.5, 1.0]","[5, 4, 5, 9, 4, 4, 4, 4, 3, 4, 7, 2, 2, 2, 1]","[5, 5, 5, 4, 9, 3, 4, 5, 4, 9, 4, 3, 1, 1, 1]","[2.0, 1.0, 1.0, 1.0, 1.0, 0.5, 1.0, 1.0, 0.5, 1.0, 1.0, 0.5, 1.0, 1.0, 2.0]","[2.0, 2.0, 2.0, 1.0, 1.0, 1.5, 3.0, 2.0, 1.0, 1.5, 1.0, 1.0, 3.0, 3.0, 4.0]","[0, 0, 0, 0, 0, 0, 0, 0, 0, 0, 1, 0, 0, 0, 0]",2012-03-09 11:00,37.0,2,1.0,120.0,1.0,2.0,80.0,"[242.34391954305838, 196.75, 281.6875, 129.10395559732385, 96.0, 114.0, 81.0]","[(242.34391954305838, 70.0), (196.75, 55.99999999999994), (281.6875, 4.000000000000057), (129.10395559732385, 140.0), (96.0, 30.0), (114.0, 90.0), (81.0, 30.0)]",1.0,1,7,"[7.0, 5.599999999999994, 0.4000000000000057, 14.0, 3.0, 9.0, 3.0]","[242.34391954305838, 196.75, 281.6875, 129.10395559732385, 96.0, 114.0, 81.0]"
77474,"[12.0, 16.0, 22.0, 2.0, 10.0, 2.0, 3.0, 2.0, 6.5, 0.5]","[184.0, 169.625, 120.0, 284.1875, 292.25, 189.0, 129.10395559732385, 96.0, 114.10395559732385, 90.75]",2,22.0,"[2.0, 10.0, 2.0, 3.0, 2.0, 6.5, 0.5]","[12.0, 28.0, 50.0, 52.0, 62.0, 64.0, 67.0, 69.0, 75.5, 76.0]","[0.0, 12.0, 28.0, 50.0, 52.0, 62.0, 64.0, 67.0, 69.0, 75.5]","[2.0, 1.5, 1.0, 3.0, 4.0, 2.0, 1.5, 1.0, 1.5, 1.0]","[7, 7, 7, 7, 7, 7, 2, 2, 1, 1]","[7, 5, 7, 5, 7, 4, 3, 1, 3, 0]","[1.0, 2.0, 1.0, 2.0, 1.0, 1.0, 0.5, 1.0, 0.5, 1.0]","[2.0, 4.0, 3.0, 3.0, 2.0, 2.0, 0.5, 1.0, 1.0, 3.0]","[0, 0, 0, 1, 1, 0, 0, 0, 0, 0]",2012-05-08 09:00,38.0,4,1.0,50.0,2.0,1.0,131.83132262060033,"[284.1875, 292.25, 189.0, 129.10395559732385, 96.0, 114.10395559732385, 90.75]","[(284.1875, 20.0), (292.25, 100.0), (189.0, 20.0), (129.10395559732385, 30.0), (96.0, 20.0), (114.10395559732385, 65.0), (90.75, 5.0)]",2.0,1,7,"[2.0, 10.0, 2.0, 3.0, 2.0, 6.5, 0.5]","[284.1875, 292.25, 189.0, 129.10395559732385, 96.0, 114.10395559732385, 90.75]"
77572,"[9.0, 3.0, 4.5, 3.5, 4.300000000000001, 2.5, 0.1999999999999993, 16.0, 10.0, 1.0]","[151.75, 275.9375, 139.25, 275.9375, 152.25, 190.75, 292.25, 159.41582238929536, 96.0, 81.0]",4,4.300000000000001,"[2.5, 0.1999999999999993, 16.0, 10.0, 1.0]","[9.0, 12.0, 16.5, 20.0, 24.3, 26.8, 27.0, 43.0, 53.0, 54.0]","[0.0, 9.0, 12.0, 16.5, 20.0, 24.3, 26.8, 27.0, 43.0, 53.0]","[1.0, 2.5, 1.0, 2.5, 1.0, 1.0, 2.5, 1.5, 1.0, 1.0]","[4, 7, 9, 7, 9, 5, 7, 3, 2, 1]","[9, 4, 4, 4, 5, 9, 7, 3, 1, 1]","[1.5, 1.5, 0.75, 1.5, 1.0, 1.25, 0.25, 0.25, 0.75, 2.0]","[2.5, 2.5, 1.5, 2.0, 1.5, 1.75, 0.5, 0.5, 2.5, 4.0]","[0, 1, 0, 1, 0, 0, 1, 0, 0, 0]",2012-11-30 12:00,31.0,2,2.0,24.3,1.0,2.0,80.0,"[190.75, 292.25, 159.41582238929536, 96.0, 81.0]","[(190.75, 25.0), (292.25, 1.999999999999993), (159.41582238929536, 160.0), (96.0, 100.0), (81.0, 10.0)]",1.0,1,5,"[2.5, 0.1999999999999993, 16.0, 10.0, 1.0]","[190.75, 292.25, 159.41582238929536, 96.0, 81.0]"
77573,"[18.0, 2.0, 15.0, 13.0, 12.0]","[174.25, 275.9375, 197.0, 129.10395559732385, 96.0]",2,15.0,"[13.0, 12.0]","[18.0, 20.0, 35.0, 48.0, 60.0]","[0.0, 18.0, 20.0, 35.0, 48.0]","[1.5, 2.5, 1.0, 1.5, 1.0]","[4, 7, 5, 2, 2]","[9, 4, 4, 3, 1]","[1.0, 1.0, 1.0, 0.5, 1.0]","[2.0, 1.5, 2.0, 1.0, 2.0]","[0, 1, 0, 0, 0]",2012-11-30 12:00,33.0,3,2.0,35.0,2.0,2.0,100.9123351677189,"[129.10395559732385, 96.0]","[(129.10395559732385, 130.0), (96.0, 120.0)]",2.0,1,2,"[13.0, 12.0]","[129.10395559732385, 96.0]"
77598,"[24.0, 13.0, 7.0, 1.0, 8.0, 2.0, 13.0]","[175.0, 250.0, 204.0, 281.6875, 158.0, 167.40359922257957, 101.0]",4,8.0,"[2.0, 13.0]","[24.0, 37.0, 44.0, 45.0, 53.0, 55.0, 68.0]","[0.0, 24.0, 37.0, 44.0, 45.0, 53.0, 55.0]","[2.0, 3.0, 2.0, 3.0, 1.0, 2.0, 1.0]","[9, 4, 4, 7, 4, 3, 2]","[9, 4, 4, 4, 4, 3, 2]","[1.0, 0.5, 1.0, 1.0, 1.0, 0.25, 0.5]","[1.0, 1.0, 1.5, 1.5, 1.0, 0.5, 1.0]","[0, 0, 0, 1, 0, 0, 0]",2012-12-04 11:00,30.0,2,3.0,53.0,1.0,3.0,80.0,"[167.40359922257957, 101.0]","[(167.40359922257957, 20.0), (101.0, 130.0)]",1.0,1,2,"[2.0, 13.0]","[167.40359922257957, 101.0]"
77599,"[20.0, 10.0, 10.0, 11.0, 3.0, 4.0, 2.0]","[171.0, 227.0, 151.75, 159.80269941693467, 194.80538713582197, 128.625, 159.80269941693467]",2,10.0,"[11.0, 3.0, 4.0, 2.0]","[20.0, 30.0, 40.0, 51.0, 54.0, 58.0, 60.0]","[0.0, 20.0, 30.0, 40.0, 51.0, 54.0, 58.0]","[1.0, 2.5, 1.0, 2.0, 3.0, 1.5, 2.0]","[4, 4, 4, 3, 3, 0, 3]","[5, 4, 9, 2, 2, 1, 2]","[1.5, 1.0, 1.0, 0.25, 0.25, 1.0, 0.25]","[1.5, 1.0, 1.0, 0.25, 0.25, 2.0, 0.5]","[0, 0, 0, 0, 0, 0, 0]",2012-12-04 11:00,37.0,2,1.0,40.0,1.0,3.0,80.0,"[159.80269941693467, 194.80538713582197, 128.625, 159.80269941693467]","[(159.80269941693467, 110.0), (194.80538713582197, 30.0), (128.625, 40.0), (159.80269941693467, 20.0)]",1.0,1,4,"[11.0, 3.0, 4.0, 2.0]","[159.80269941693467, 194.80538713582197, 128.625, 159.80269941693467]"
77626,"[25.0, 17.0, 13.0, 20.0, 7.0, 13.0, 3.0]","[304.6875, 214.05538713582197, 232.12522605741117, 159.80269941693467, 174.55248685625125, 105.75, 194.80538713582197]",3,20.0,"[7.0, 13.0, 3.0]","[25.0, 42.0, 55.0, 75.0, 82.0, 95.0, 98.0]","[0.0, 25.0, 42.0, 55.0, 75.0, 82.0, 95.0]","[5.0, 3.0, 3.5, 2.0, 2.5, 1.0, 3.0]","[7, 3, 3, 3, 3, 2, 3]","[4, 4, 3, 2, 2, 0, 2]","[2.0, 0.25, 0.25, 0.25, 0.25, 0.5, 0.25]","[3.0, 1.0, 0.25, 1.0, 1.0, 1.5, 0.5]","[1, 0, 0, 0, 0, 0, 0]",2012-12-06 10:00,32.0,2,1.0,75.0,1.0,3.0,80.0,"[174.55248685625125, 105.75, 194.80538713582197]","[(174.55248685625125, 70.0), (105.75, 130.0), (194.80538713582197, 30.0)]",1.0,1,3,"[7.0, 13.0, 3.0]","[174.55248685625125, 105.75, 194.80538713582197]"
77643,"[20.0, 10.0, 15.0, 5.0, 10.0, 30.0, 12.0]","[304.6875, 158.0, 181.0, 176.55269941693467, 155.51, 159.41582238929536, 101.0]",2,15.0,"[5.0, 10.0, 30.0, 12.0]","[20.0, 30.0, 45.0, 50.0, 60.0, 90.0, 102.0]","[0.0, 20.0, 30.0, 45.0, 50.0, 60.0, 90.0]","[5.0, 1.0, 1.5, 2.0, 1.0, 1.5, 1.0]","[7, 4, 4, 3, 3, 3, 2]","[4, 4, 4, 4, 3, 3, 2]","[0.5, 0.5, 0.5, 0.5, 0.25, 0.25, 0.5]","[2.0, 1.0, 0.75, 0.5, 0.25, 0.25, 1.0]","[1, 0, 0, 0, 0, 0, 0]",2012-12-11 11:00,29.0,3,2.0,45.0,2.0,3.0,100.9123351677189,"[176.55269941693467, 155.51, 159.41582238929536, 101.0]","[(176.55269941693467, 50.0), (155.51, 100.0), (159.41582238929536, 300.0), (101.0, 120.0)]",2.0,1,4,"[5.0, 10.0, 30.0, 12.0]","[176.55269941693467, 155.51, 159.41582238929536, 101.0]"
77645,"[5.0, 24.0, 17.0, 2.0, 17.0, 7.0]","[283.9375, 196.0, 204.0, 181.0, 242.34391954305838, 129.10395559732385]",2,17.0,"[2.0, 17.0, 7.0]","[5.0, 29.0, 46.0, 48.0, 65.0, 72.0]","[0.0, 5.0, 29.0, 46.0, 48.0, 65.0]","[4.0, 2.5, 2.0, 1.5, 3.5, 1.5]","[7, 9, 4, 4, 3, 2]","[9, 9, 4, 4, 4, 3]","[1.0, 0.5, 0.8, 0.5, 0.5, 0.5]","[3.0, 1.0, 0.8, 0.5, 0.5, 0.5]","[1, 0, 0, 0, 0, 0]",2012-12-11 10:00,34.0,5,2.0,46.0,3.0,3.0,197.7469839309005,"[181.0, 242.34391954305838, 129.10395559732385]","[(181.0, 20.0), (242.34391954305838, 170.0), (129.10395559732385, 70.0)]",3.0,1,3,"[2.0, 17.0, 7.0]","[181.0, 242.34391954305838, 129.10395559732385]"
77646,"[13.0, 3.0, 6.0, 4.0, 6.0, 1.0, 1.0, 24.0, 5.0, 25.0]","[191.375, 292.25, 191.375, 292.25, 171.0, 210.0, 292.25, 176.55269941693467, 167.40359922257957, 96.0]",5,1.0,"[1.0, 24.0, 5.0, 25.0]","[13.0, 16.0, 22.0, 26.0, 32.0, 33.0, 34.0, 58.0, 63.0, 88.0]","[0.0, 13.0, 16.0, 22.0, 26.0, 32.0, 33.0, 34.0, 58.0, 63.0]","[1.5, 3.0, 1.5, 2.5, 1.0, 1.0, 2.0, 2.0, 2.0, 1.0]","[4, 7, 4, 7, 4, 5, 7, 3, 3, 2]","[5, 7, 5, 7, 5, 5, 7, 4, 3, 1]","[1.0, 1.0, 1.5, 1.0, 1.5, 2.0, 0.5, 0.5, 0.25, 0.5]","[2.0, 2.0, 2.5, 2.0, 2.0, 4.0, 1.0, 0.75, 0.5, 0.75]","[0, 1, 0, 1, 0, 0, 1, 0, 0, 0]",2012-12-11 10:00,38.0,3,2.0,33.0,2.0,3.0,100.9123351677189,"[292.25, 176.55269941693467, 167.40359922257957, 96.0]","[(292.25, 10.0), (176.55269941693467, 240.0), (167.40359922257957, 50.0), (96.0, 250.0)]",2.0,1,4,"[1.0, 24.0, 5.0, 25.0]","[292.25, 176.55269941693467, 167.40359922257957, 96.0]"
77652,"[12.0, 20.0, 2.0, 6.0, 20.0, 35.0]","[204.0, 159.41582238929536, 167.40359922257957, 159.41582238929536, 155.51, 114.6275]",4,20.0,[35.0],"[12.0, 32.0, 34.0, 40.0, 60.0, 95.0]","[0.0, 12.0, 32.0, 34.0, 40.0, 60.0]","[2.0, 1.5, 2.0, 1.5, 1.0, 1.0]","[4, 3, 3, 3, 3, 2]","[4, 3, 3, 3, 3, 3]","[0.75, 0.5, 0.25, 0.25, 0.25, 0.5]","[1.0, 0.75, 0.5, 0.5, 0.5, 0.75]","[0, 0, 0, 0, 0, 0]",2012-12-11 11:00,31.0,4,2.0,60.0,3.0,3.0,131.83132262060033,[114.6275],"[(114.6275, 350.0)]",3.0,1,1,[35.0],[114.6275]
77653,"[22.0, 19.0, 4.0, 25.0, 2.0, 13.0, 20.0, 47.0]","[260.0, 252.5, 293.25, 211.75, 292.25, 176.55269941693467, 167.40359922257957, 96.0]",2,4.0,"[25.0, 2.0, 13.0, 20.0, 47.0]","[22.0, 41.0, 45.0, 70.0, 72.0, 85.0, 105.0, 152.0]","[0.0, 22.0, 41.0, 45.0, 70.0, 72.0, 85.0, 105.0]","[3.0, 3.0, 4.0, 2.0, 4.0, 2.0, 2.0, 1.0]","[5, 4, 4, 4, 7, 3, 3, 2]","[5, 5, 5, 5, 7, 4, 3, 1]","[2.0, 1.5, 2.0, 1.5, 1.0, 0.5, 0.2, 0.5]","[4.0, 2.0, 2.5, 2.0, 1.5, 0.75, 0.5, 1.0]","[0, 0, 0, 0, 1, 0, 0, 0]",2012-12-11 11:00,36.0,2,1.0,45.0,1.0,3.0,80.0,"[211.75, 292.25, 176.55269941693467, 167.40359922257957, 96.0]","[(211.75, 250.0), (292.25, 20.0), (176.55269941693467, 130.0), (167.40359922257957, 200.0), (96.0, 470.0)]",1.0,1,5,"[25.0, 2.0, 13.0, 20.0, 47.0]","[211.75, 292.25, 176.55269941693467, 167.40359922257957, 96.0]"
77654,"[14.0, 6.0, 17.0, 18.0, 27.0]","[190.0, 181.0, 156.1325, 101.0, 96.0]",1,6.0,"[17.0, 18.0, 27.0]","[14.0, 20.0, 37.0, 55.0, 82.0]","[0.0, 14.0, 20.0, 37.0, 55.0]","[2.0, 1.5, 1.0, 1.0, 1.0]","[9, 4, 3, 2, 2]","[5, 4, 4, 2, 1]","[1.0, 1.0, 0.2, 1.0, 1.0]","[2.0, 1.5, 0.5, 1.0, 1.0]","[0, 0, 0, 0, 0]",2012-12-11 12:00,30.0,4,2.0,20.0,3.0,3.0,131.83132262060033,"[156.1325, 101.0, 96.0]","[(156.1325, 170.0), (101.0, 180.0), (96.0, 270.0)]",3.0,1,3,"[17.0, 18.0, 27.0]","[156.1325, 101.0, 96.0]"
77655,"[9.0, 15.0, 12.0, 25.0, 19.0, 10.5, 0.5]","[177.25, 238.01846237860732, 232.12522605741117, 144.6008998056449, 119.0, 96.0, 101.0]",0,9.0,"[15.0, 12.0, 25.0, 19.0, 10.5, 0.5]","[9.0, 24.0, 36.0, 61.0, 80.0, 90.5, 91.0]","[0.0, 9.0, 24.0, 36.0, 61.0, 80.0, 90.5]","[2.0, 3.0, 3.5, 2.0, 1.5, 1.0, 1.0]","[9, 4, 3, 2, 2, 2, 2]","[7, 3, 3, 3, 2, 1, 2]","[1.0, 0.5, 0.25, 0.75, 0.25, 0.5, 0.25]","[1.5, 1.0, 0.5, 1.0, 0.5, 0.5, 0.5]","[0, 0, 0, 0, 0, 0, 0]",2012-12-11 11:00,28.0,3,2.0,9.0,2.0,3.0,100.9123351677189,"[238.01846237860732, 232.12522605741117, 144.6008998056449, 119.0, 96.0, 101.0]","[(238.01846237860732, 150.0), (232.12522605741117, 120.0), (144.6008998056449, 250.0), (119.0, 190.0), (96.0, 105.0), (101.0, 5.0)]",2.0,1,6,"[15.0, 12.0, 25.0, 19.0, 10.5, 0.5]","[238.01846237860732, 232.12522605741117, 144.6008998056449, 119.0, 96.0, 101.0]"
77657,"[35.0, 5.0, 37.0, 11.0, 27.0]","[158.0, 293.1875, 159.80269941693467, 137.0, 101.0]",2,37.0,"[11.0, 27.0]","[35.0, 40.0, 77.0, 88.0, 115.0]","[0.0, 35.0, 40.0, 77.0, 88.0]","[1.0, 4.0, 2.0, 2.0, 1.0]","[4, 7, 3, 2, 2]","[4, 4, 2, 2, 2]","[2.0, 1.0, 0.5, 0.5, 0.5]","[2.0, 2.0, 0.5, 0.5, 1.0]","[0, 1, 0, 0, 0]",2012-12-11 14:00,36.0,3,1.0,77.0,1.0,3.0,100.9123351677189,"[137.0, 101.0]","[(137.0, 110.0), (101.0, 270.0)]",1.0,1,2,"[11.0, 27.0]","[137.0, 101.0]"
77666,"[12.0, 1.0, 14.0, 1.0, 5.0, 4.0, 9.0, 14.0, 20.0]","[191.375, 281.0625, 210.0, 277.9375, 215.51749561875042, 158.0, 194.8508998056449, 165.5, 114.6275]",5,4.0,"[9.0, 14.0, 20.0]","[12.0, 13.0, 27.0, 28.0, 33.0, 37.0, 46.0, 60.0, 80.0]","[0.0, 12.0, 13.0, 27.0, 28.0, 33.0, 37.0, 46.0, 60.0]","[1.5, 2.5, 1.0, 2.0, 2.5, 1.0, 2.0, 1.5, 1.0]","[4, 7, 5, 7, 4, 4, 4, 4, 2]","[5, 5, 5, 5, 3, 4, 3, 2, 3]","[1.0, 2.0, 2.0, 1.5, 0.5, 0.75, 0.5, 0.75, 0.5]","[2.0, 2.0, 3.0, 2.0, 0.75, 1.0, 0.75, 1.0, 1.0]","[0, 1, 0, 1, 0, 0, 0, 0, 0]",2012-12-11 14:00,33.0,3,1.0,37.0,1.0,3.0,100.9123351677189,"[194.8508998056449, 165.5, 114.6275]","[(194.8508998056449, 90.0), (165.5, 140.0), (114.6275, 200.0)]",1.0,1,3,"[9.0, 14.0, 20.0]","[194.8508998056449, 165.5, 114.6275]"
77722,"[8.0, 5.0, 2.0, 14.0, 7.0, 12.0, 13.0]","[272.875, 171.0, 284.1875, 171.0, 158.0, 167.40359922257957, 141.8825]",2,2.0,"[14.0, 7.0, 12.0, 13.0]","[8.0, 13.0, 15.0, 29.0, 36.0, 48.0, 61.0]","[0.0, 8.0, 13.0, 15.0, 29.0, 36.0, 48.0]","[3.5, 1.0, 3.0, 1.0, 1.0, 2.0, 1.0]","[4, 4, 7, 4, 4, 3, 3]","[5, 5, 5, 5, 4, 3, 2]","[1.5, 1.5, 1.0, 1.5, 0.5, 0.25, 0.25]","[3.0, 4.0, 3.0, 3.0, 1.0, 0.25, 0.5]","[0, 0, 1, 0, 0, 0, 0]",2012-12-16 11:00,28.0,4,1.0,15.0,2.0,3.0,131.83132262060033,"[171.0, 158.0, 167.40359922257957, 141.8825]","[(171.0, 140.0), (158.0, 70.0), (167.40359922257957, 120.0), (141.8825, 130.0)]",2.0,1,4,"[14.0, 7.0, 12.0, 13.0]","[171.0, 158.0, 167.40359922257957, 141.8825]"
77765,"[7.0, 8.0, 1.0, 1.0, 2.0, 1.0, 1.0, 5.0, 8.0, 10.0, 23.0, 3.0, 5.0, 3.5, 0.5, 15.799999999999997, 0.20000000000000284]","[133.0, 287.4375, 171.0, 281.6875, 197.0, 235.0, 281.6875, 174.25, 194.8508998056449, 194.8508998056449, 181.06998247500167, 167.40359922257957, 232.12522605741117, 155.51, 159.41582238929536, 114.6275, 96.0]",1,8.0,"[1.0, 1.0, 2.0, 1.0, 1.0, 5.0, 8.0, 10.0, 23.0, 3.0, 5.0, 3.5, 0.5, 15.799999999999997, 0.20000000000000284]","[7.0, 15.0, 16.0, 17.0, 19.0, 20.0, 21.0, 26.0, 34.0, 44.0, 67.0, 70.0, 75.0, 78.5, 79.0, 94.8, 95.0]","[0.0, 7.0, 15.0, 16.0, 17.0, 19.0, 20.0, 21.0, 26.0, 34.0, 44.0, 67.0, 70.0, 75.0, 78.5, 79.0, 94.8]","[1.0, 3.5, 1.0, 3.0, 1.0, 2.0, 3.0, 1.5, 2.0, 2.0, 2.5, 2.0, 3.5, 1.0, 1.5, 1.0, 1.0]","[9, 7, 4, 7, 5, 5, 7, 4, 4, 4, 3, 3, 3, 3, 3, 2, 2]","[9, 4, 5, 4, 4, 5, 4, 9, 3, 3, 3, 3, 3, 3, 3, 3, 1]","[1.0, 0.75, 1.0, 1.0, 1.0, 2.0, 0.75, 0.75, 0.75, 0.75, 0.5, 0.25, 0.25, 0.25, 0.25, 0.25, 1.0]","[2.0, 1.25, 3.0, 2.0, 3.0, 4.0, 1.0, 1.25, 1.0, 1.25, 0.75, 0.5, 0.75, 0.5, 0.5, 0.75, 2.0]","[0, 1, 0, 1, 0, 0, 1, 0, 0, 0, 0, 0, 0, 0, 0, 0, 0]",2012-12-18 14:00,32.0,4,2.0,15.0,3.0,3.0,131.83132262060033,"[171.0, 281.6875, 197.0, 235.0, 281.6875, 174.25, 194.8508998056449, 194.8508998056449, 181.06998247500167, 167.40359922257957, 232.12522605741117, 155.51, 159.41582238929536, 114.6275, 96.0]","[(171.0, 10.0), (281.6875, 10.0), (197.0, 20.0), (235.0, 10.0), (281.6875, 10.0), (174.25, 50.0), (194.8508998056449, 80.0), (194.8508998056449, 100.0), (181.06998247500167, 230.0), (167.40359922257957, 30.0), (232.12522605741117, 50.0), (155.51, 35.0), (159.41582238929536, 5.0), (114.6275, 157.99999999999997), (96.0, 2.0000000000000284)]",3.0,1,15,"[1.0, 1.0, 2.0, 1.0, 1.0, 5.0, 8.0, 10.0, 23.0, 3.0, 5.0, 3.5, 0.5, 15.799999999999997, 0.20000000000000284]","[171.0, 281.6875, 197.0, 235.0, 281.6875, 174.25, 194.8508998056449, 194.8508998056449, 181.06998247500167, 167.40359922257957, 232.12522605741117, 155.51, 159.41582238929536, 114.6275, 96.0]"
77766,"[3.0, 3.0, 1.0, 5.0, 22.0, 19.0, 4.0, 11.0, 3.0, 1.0, 16.0, 2.0]","[274.75, 197.0, 293.1875, 197.0, 181.0, 176.55269941693467, 149.3118667919715, 232.12522605741117, 155.51, 149.3118667919715, 114.6275, 81.0]",6,4.0,"[11.0, 3.0, 1.0, 16.0, 2.0]","[3.0, 6.0, 7.0, 12.0, 34.0, 53.0, 57.0, 68.0, 71.0, 72.0, 88.0, 90.0]","[0.0, 3.0, 6.0, 7.0, 12.0, 34.0, 53.0, 57.0, 68.0, 71.0, 72.0, 88.0]","[3.5, 1.0, 4.0, 1.0, 1.5, 2.0, 1.5, 3.5, 1.0, 1.5, 1.0, 1.0]","[4, 5, 7, 5, 4, 3, 3, 3, 3, 3, 2, 1]","[7, 4, 4, 4, 4, 4, 2, 3, 3, 2, 3, 1]","[1.0, 2.0, 1.0, 2.0, 0.75, 0.5, 0.5, 0.25, 0.5, 0.5, 0.75, 2.0]","[2.0, 4.0, 2.0, 4.0, 1.0, 0.75, 0.75, 0.5, 0.5, 0.75, 1.25, 4.0]","[0, 0, 1, 0, 0, 0, 0, 0, 0, 0, 0, 0]",2012-12-18 13:00,36.0,3,2.0,57.0,2.0,3.0,100.9123351677189,"[232.12522605741117, 155.51, 149.3118667919715, 114.6275, 81.0]","[(232.12522605741117, 110.0), (155.51, 30.0), (149.3118667919715, 10.0), (114.6275, 160.0), (81.0, 20.0)]",2.0,1,5,"[11.0, 3.0, 1.0, 16.0, 2.0]","[232.12522605741117, 155.51, 149.3118667919715, 114.6275, 81.0]"
77767,"[11.5, 0.5, 1.0, 7.0, 7.0, 10.0, 4.0, 29.5, 0.4000000000000057, 0.5999999999999943, 0.5, 9.0, 6.0, 11.0, 11.0]","[227.0, 287.4375, 158.0, 181.0, 204.0, 215.51749561875042, 194.8508998056449, 215.51749561875042, 176.55269941693467, 181.06998247500167, 176.55269941693467, 232.12522605741117, 141.8825, 129.10395559732385, 86.0]",4,7.0,"[10.0, 4.0, 29.5, 0.4000000000000057, 0.5999999999999943, 0.5, 9.0, 6.0, 11.0, 11.0]","[11.5, 12.0, 13.0, 20.0, 27.0, 37.0, 41.0, 70.5, 70.9, 71.5, 72.0, 81.0, 87.0, 98.0, 109.0]","[0.0, 11.5, 12.0, 13.0, 20.0, 27.0, 37.0, 41.0, 70.5, 70.9, 71.5, 72.0, 81.0, 87.0, 98.0]","[2.5, 3.5, 1.0, 1.5, 2.0, 2.5, 2.0, 2.5, 2.0, 2.5, 2.0, 3.5, 1.0, 1.5, 1.0]","[4, 7, 4, 4, 4, 4, 4, 4, 3, 3, 3, 3, 3, 2, 1]","[4, 4, 4, 4, 4, 3, 3, 3, 4, 3, 4, 3, 2, 3, 2]","[1.0, 1.0, 1.0, 0.75, 0.75, 0.25, 0.5, 0.5, 0.25, 0.25, 0.25, 0.25, 0.25, 0.5, 1.0]","[1.5, 1.5, 1.5, 1.25, 1.0, 0.5, 0.75, 0.75, 0.5, 0.25, 0.5, 0.5, 0.5, 0.75, 2.5]","[0, 1, 0, 0, 0, 0, 0, 0, 0, 0, 0, 0, 0, 0, 0]",2012-12-19 11:00,28.0,5,3.0,28.0,3.0,3.0,197.7469839309005,"[215.51749561875042, 194.8508998056449, 215.51749561875042, 176.55269941693467, 181.06998247500167, 176.55269941693467, 232.12522605741117, 141.8825, 129.10395559732385, 86.0]","[(215.51749561875042, 100.0), (194.8508998056449, 40.0), (215.51749561875042, 295.0), (176.55269941693467, 4.000000000000057), (181.06998247500167, 5.999999999999943), (176.55269941693467, 5.0), (232.12522605741117, 90.0), (141.8825, 60.0), (129.10395559732385, 110.0), (86.0, 110.0)]",3.0,1,10,"[10.0, 4.0, 29.5, 0.4000000000000057, 0.5999999999999943, 0.5, 9.0, 6.0, 11.0, 11.0]","[215.51749561875042, 194.8508998056449, 215.51749561875042, 176.55269941693467, 181.06998247500167, 176.55269941693467, 232.12522605741117, 141.8825, 129.10395559732385, 86.0]"
77769,"[7.0, 3.0, 9.0, 5.0, 14.0, 3.0, 2.0, 10.0, 13.0, 15.0, 1.0]","[210.0, 281.0625, 210.0, 158.0, 175.60395559732385, 215.51749561875042, 175.60395559732385, 272.9777961056527, 141.8825, 114.6275, 81.0]",2,9.0,"[5.0, 14.0, 3.0, 2.0, 10.0, 13.0, 15.0, 1.0]","[7.0, 10.0, 19.0, 24.0, 38.0, 41.0, 43.0, 53.0, 66.0, 81.0, 82.0]","[0.0, 7.0, 10.0, 19.0, 24.0, 38.0, 41.0, 43.0, 53.0, 66.0, 81.0]","[1.0, 2.5, 1.0, 1.0, 1.5, 2.5, 1.5, 4.0, 1.0, 1.0, 1.0]","[5, 7, 5, 4, 4, 4, 4, 3, 3, 2, 1]","[5, 5, 5, 4, 3, 3, 3, 3, 2, 3, 1]","[3.0, 2.0, 2.5, 0.75, 0.75, 0.75, 0.5, 0.5, 0.5, 0.75, 2.0]","[5.0, 2.0, 4.0, 1.25, 1.0, 1.0, 1.0, 0.75, 1.0, 1.0, 3.0]","[0, 1, 0, 0, 0, 0, 0, 0, 0, 0, 0]",2012-12-19 12:00,30.0,5,1.0,19.0,2.0,3.0,197.7469839309005,"[158.0, 175.60395559732385, 215.51749561875042, 175.60395559732385, 272.9777961056527, 141.8825, 114.6275, 81.0]","[(158.0, 50.0), (175.60395559732385, 140.0), (215.51749561875042, 30.0), (175.60395559732385, 20.0), (272.9777961056527, 100.0), (141.8825, 130.0), (114.6275, 150.0), (81.0, 10.0)]",2.0,1,8,"[5.0, 14.0, 3.0, 2.0, 10.0, 13.0, 15.0, 1.0]","[158.0, 175.60395559732385, 215.51749561875042, 175.60395559732385, 272.9777961056527, 141.8825, 114.6275, 81.0]"
77939,"[15.0, 17.0, 18.0, 11.0, 14.0, 5.0, 4.0, 15.5, 0.5, 4.0, 4.0, 2.0, 1.0, 3.0]","[190.75, 182.25, 225.25, 219.25, 158.0, 181.0, 176.55269941693467, 192.55248685625125, 292.25, 115.25, 209.0, 149.3118667919715, 192.55248685625125, 86.0]",4,14.0,"[5.0, 4.0, 15.5, 0.5, 4.0, 4.0, 2.0, 1.0, 3.0]","[15.0, 32.0, 50.0, 61.0, 75.0, 80.0, 84.0, 99.5, 100.0, 104.0, 108.0, 110.0, 111.0, 114.0]","[0.0, 15.0, 32.0, 50.0, 61.0, 75.0, 80.0, 84.0, 99.5, 100.0, 104.0, 108.0, 110.0, 111.0]","[1.0, 2.0, 3.0, 2.5, 1.0, 1.5, 2.0, 2.5, 3.0, 1.0, 2.5, 1.5, 2.5, 1.0]","[5, 9, 9, 4, 4, 4, 3, 3, 7, 2, 4, 3, 3, 1]","[9, 4, 4, 9, 4, 4, 4, 4, 7, 4, 2, 2, 4, 2]","[2.0, 0.75, 0.75, 0.75, 0.75, 0.75, 0.5, 0.5, 0.5, 0.5, 0.5, 0.5, 0.5, 1.0]","[3.0, 1.25, 1.0, 0.75, 1.0, 0.75, 0.75, 0.75, 0.5, 1.0, 0.75, 0.75, 0.75, 1.5]","[0, 0, 0, 0, 0, 0, 0, 0, 1, 0, 0, 0, 0, 0]",2013-01-09 15:00,33.0,5,1.0,75.0,2.0,2.0,197.7469839309005,"[181.0, 176.55269941693467, 192.55248685625125, 292.25, 115.25, 209.0, 149.3118667919715, 192.55248685625125, 86.0]","[(181.0, 50.0), (176.55269941693467, 40.0), (192.55248685625125, 155.0), (292.25, 5.0), (115.25, 40.0), (209.0, 40.0), (149.3118667919715, 20.0), (192.55248685625125, 10.0), (86.0, 30.0)]",2.0,1,9,"[5.0, 4.0, 15.5, 0.5, 4.0, 4.0, 2.0, 1.0, 3.0]","[181.0, 176.55269941693467, 192.55248685625125, 292.25, 115.25, 209.0, 149.3118667919715, 192.55248685625125, 86.0]"
78059,"[67.0, 6.0, 2.0, 15.0, 20.0, 4.0, 4.0, 16.0, 1.0, 3.0, 3.0, 4.0, 4.0]","[272.9777961056527, 196.0, 292.25, 272.9777961056527, 217.0, 292.25, 202.0738495144293, 173.1008998056449, 293.1875, 129.10395559732385, 194.80538713582197, 137.0, 101.0]",7,16.0,"[1.0, 3.0, 3.0, 4.0, 4.0]","[67.0, 73.0, 75.0, 90.0, 110.0, 114.0, 118.0, 134.0, 135.0, 138.0, 141.0, 145.0, 149.0]","[0.0, 67.0, 73.0, 75.0, 90.0, 110.0, 114.0, 118.0, 134.0, 135.0, 138.0, 141.0, 145.0]","[4.0, 2.5, 4.5, 4.0, 3.0, 5.0, 3.0, 2.0, 4.0, 1.5, 3.0, 2.0, 1.0]","[3, 9, 7, 3, 9, 7, 3, 9, 7, 2, 3, 2, 2]","[3, 9, 7, 3, 9, 7, 3, 3, 4, 3, 2, 2, 2]","[0.5, 1.5, 2.0, 0.25, 0.5, 1.5, 0.25, 0.5, 1.0, 0.25, 0.5, 0.5, 0.5]","[0.5, 1.5, 2.0, 0.5, 1.0, 2.0, 0.5, 1.0, 1.5, 0.5, 0.5, 1.0, 1.0]","[0, 0, 1, 0, 0, 1, 0, 0, 1, 0, 0, 0, 0]",2013-01-18 09:00,37.0,5,2.0,134.0,3.0,2.0,197.7469839309005,"[293.1875, 129.10395559732385, 194.80538713582197, 137.0, 101.0]","[(293.1875, 10.0), (129.10395559732385, 30.0), (194.80538713582197, 30.0), (137.0, 40.0), (101.0, 40.0)]",3.0,1,5,"[1.0, 3.0, 3.0, 4.0, 4.0]","[293.1875, 129.10395559732385, 194.80538713582197, 137.0, 101.0]"
78090,"[15.0, 5.0, 9.0, 1.0, 11.0, 7.0, 8.0, 0.5, 5.200000000000003, 0.29999999999999716, 21.0, 9.0, 3.0]","[190.75, 277.9375, 210.0, 277.9375, 139.25, 196.75, 158.0, 204.0, 181.0, 292.25, 181.0, 202.0738495144293, 157.3775]",6,8.0,"[0.5, 5.200000000000003, 0.29999999999999716, 21.0, 9.0, 3.0]","[15.0, 20.0, 29.0, 30.0, 41.0, 48.0, 56.0, 56.5, 61.7, 62.0, 83.0, 92.0, 95.0]","[0.0, 15.0, 20.0, 29.0, 30.0, 41.0, 48.0, 56.0, 56.5, 61.7, 62.0, 83.0, 92.0]","[1.0, 2.0, 1.0, 2.0, 1.0, 2.0, 1.0, 2.0, 1.5, 2.5, 1.5, 3.0, 1.0]","[5, 7, 5, 7, 9, 4, 4, 4, 4, 7, 4, 3, 4]","[9, 5, 5, 5, 4, 9, 4, 4, 4, 7, 4, 3, 3]","[2.0, 2.0, 2.0, 2.0, 1.5, 1.0, 1.0, 1.0, 0.75, 0.5, 0.75, 0.25, 0.5]","[3.0, 3.0, 4.0, 2.0, 2.0, 1.5, 1.5, 1.5, 1.5, 0.5, 1.0, 0.5, 0.75]","[0, 1, 0, 1, 0, 0, 0, 0, 0, 1, 0, 0, 0]",2013-01-23 12:00,20.0,5,2.0,56.0,3.0,2.0,197.7469839309005,"[204.0, 181.0, 292.25, 181.0, 202.0738495144293, 157.3775]","[(204.0, 5.0), (181.0, 52.00000000000003), (292.25, 2.9999999999999716), (181.0, 210.0), (202.0738495144293, 90.0), (157.3775, 30.0)]",3.0,1,6,"[0.5, 5.200000000000003, 0.29999999999999716, 21.0, 9.0, 3.0]","[204.0, 181.0, 292.25, 181.0, 202.0738495144293, 157.3775]"
78149,"[5.0, 13.0, 3.0, 17.0, 17.0, 2.0, 23.0, 3.0, 18.0, 1.0, 1.0, 9.0, 2.0]","[212.125, 222.5, 277.9375, 197.0, 227.0, 222.5, 238.01846237860732, 171.0, 192.55248685625125, 181.0, 170.75, 232.12522605741117, 154.80269941693467]",7,3.0,"[18.0, 1.0, 1.0, 9.0, 2.0]","[5.0, 18.0, 21.0, 38.0, 55.0, 57.0, 80.0, 83.0, 101.0, 102.0, 103.0, 112.0, 114.0]","[0.0, 5.0, 18.0, 21.0, 38.0, 55.0, 57.0, 80.0, 83.0, 101.0, 102.0, 103.0, 112.0]","[1.5, 1.5, 2.0, 1.0, 2.5, 1.5, 3.0, 1.0, 2.5, 1.5, 1.5, 3.5, 2.0]","[5, 5, 7, 5, 4, 5, 4, 4, 3, 4, 4, 3, 3]","[4, 5, 5, 4, 4, 5, 3, 5, 4, 4, 6, 3, 1]","[2.0, 2.0, 1.0, 2.0, 1.0, 2.0, 0.5, 2.0, 0.5, 1.0, 1.0, 0.25, 0.5]","[4.0, 3.0, 3.0, 3.0, 2.0, 4.0, 2.0, 3.0, 1.0, 1.0, 2.0, 0.5, 0.5]","[0, 0, 1, 0, 0, 0, 0, 0, 0, 0, 0, 0, 0]",2013-01-30 12:00,38.0,4,2.0,83.0,3.0,3.0,131.83132262060033,"[192.55248685625125, 181.0, 170.75, 232.12522605741117, 154.80269941693467]","[(192.55248685625125, 180.0), (181.0, 10.0), (170.75, 10.0), (232.12522605741117, 90.0), (154.80269941693467, 20.0)]",3.0,1,5,"[18.0, 1.0, 1.0, 9.0, 2.0]","[192.55248685625125, 181.0, 170.75, 232.12522605741117, 154.80269941693467]"
78266,"[8.0, 12.0, 21.0, 14.0, 3.0, 3.0, 4.0, 7.0, 17.0]","[171.0, 227.0, 171.0, 196.75, 158.0, 204.0, 137.0, 101.0, 202.0738495144293]",2,21.0,"[14.0, 3.0, 3.0, 4.0, 7.0, 17.0]","[8.0, 20.0, 41.0, 55.0, 58.0, 61.0, 65.0, 72.0, 89.0]","[0.0, 8.0, 20.0, 41.0, 55.0, 58.0, 61.0, 65.0, 72.0]","[1.0, 2.5, 1.0, 2.0, 1.0, 2.0, 2.0, 1.0, 3.0]","[4, 4, 4, 4, 4, 4, 2, 2, 3]","[5, 4, 5, 9, 4, 4, 2, 2, 3]","[2.0, 1.0, 1.5, 1.0, 1.0, 0.5, 0.5, 0.5, 0.25]","[2.5, 1.5, 2.0, 1.0, 1.0, 1.0, 0.5, 0.5, 0.25]","[0, 0, 0, 0, 0, 0, 0, 0, 0]",2013-02-11 13:00,27.0,4,1.0,41.0,2.0,3.0,131.83132262060033,"[196.75, 158.0, 204.0, 137.0, 101.0, 202.0738495144293]","[(196.75, 140.0), (158.0, 30.0), (204.0, 30.0), (137.0, 40.0), (101.0, 70.0), (202.0738495144293, 170.0)]",2.0,1,6,"[14.0, 3.0, 3.0, 4.0, 7.0, 17.0]","[196.75, 158.0, 204.0, 137.0, 101.0, 202.0738495144293]"
78279,"[49.0, 13.0, 1.0, 23.0, 3.0, 6.5, 1.5, 2.0, 10.0, 1.0, 6.0, 2.0, 8.0, 15.0, 9.699999999999989, 0.30000000000001137, 10.5, 0.5, 22.0, 8.0, 2.0, 3.0]","[160.75, 139.25, 293.1875, 196.0, 287.4375, 175.0, 275.9375, 154.0, 217.0, 293.1875, 175.0, 293.1875, 185.75, 202.0738495144293, 149.3118667919715, 275.9375, 159.41582238929536, 270.1875, 149.3118667919715, 141.8825, 144.6008998056449, 81.0]",16,10.5,"[0.5, 22.0, 8.0, 2.0, 3.0]","[49.0, 62.0, 63.0, 86.0, 89.0, 95.5, 97.0, 99.0, 109.0, 110.0, 116.0, 118.0, 126.0, 141.0, 150.7, 151.0, 161.5, 162.0, 184.0, 192.0, 194.0, 197.0]","[0.0, 49.0, 62.0, 63.0, 86.0, 89.0, 95.5, 97.0, 99.0, 109.0, 110.0, 116.0, 118.0, 126.0, 141.0, 150.7, 151.0, 161.5, 162.0, 184.0, 192.0, 194.0]","[1.5, 1.0, 4.0, 2.5, 3.5, 2.0, 2.5, 1.5, 3.0, 4.0, 2.0, 4.0, 2.5, 3.0, 1.5, 2.5, 1.5, 2.0, 1.5, 1.0, 2.0, 1.0]","[9, 9, 7, 9, 7, 9, 7, 9, 9, 7, 9, 7, 9, 3, 3, 7, 3, 7, 3, 3, 2, 1]","[4, 4, 4, 9, 4, 9, 4, 9, 9, 4, 9, 4, 2, 3, 2, 4, 3, 4, 2, 2, 3, 1]","[1.0, 0.75, 1.0, 0.75, 1.0, 0.75, 1.0, 0.75, 0.5, 1.0, 0.5, 0.75, 0.5, 0.5, 0.5, 0.5, 0.5, 0.5, 0.5, 0.5, 0.5, 1.5]","[2.0, 1.5, 1.5, 1.0, 1.5, 1.5, 1.5, 1.5, 0.75, 1.0, 1.0, 1.5, 1.0, 0.5, 1.0, 1.25, 0.5, 1.0, 1.0, 1.0, 1.5, 2.5]","[0, 0, 1, 0, 1, 0, 1, 0, 0, 1, 0, 1, 0, 0, 0, 1, 0, 1, 0, 0, 0, 0]",2013-02-13 11:00,34.0,4,2.0,161.5,3.0,2.0,131.83132262060033,"[270.1875, 149.3118667919715, 141.8825, 144.6008998056449, 81.0]","[(270.1875, 5.0), (149.3118667919715, 220.0), (141.8825, 80.0), (144.6008998056449, 20.0), (81.0, 30.0)]",3.0,1,5,"[0.5, 22.0, 8.0, 2.0, 3.0]","[270.1875, 149.3118667919715, 141.8825, 144.6008998056449, 81.0]"
78354,"[77.0, 1.0, 3.0, 2.0, 1.0, 1.0, 45.0, 9.0, 8.0]","[181.0, 204.0, 158.0, 175.0, 133.0, 293.1875, 159.41582238929536, 141.8825, 101.0]",4,1.0,"[1.0, 45.0, 9.0, 8.0]","[77.0, 78.0, 81.0, 83.0, 84.0, 85.0, 130.0, 139.0, 147.0]","[0.0, 77.0, 78.0, 81.0, 83.0, 84.0, 85.0, 130.0, 139.0]","[1.5, 2.0, 1.0, 2.0, 1.0, 4.0, 1.5, 1.0, 1.0]","[4, 4, 4, 9, 9, 7, 3, 3, 2]","[4, 4, 4, 9, 9, 4, 3, 2, 2]","[1.0, 0.5, 0.5, 0.5, 0.5, 0.5, 0.25, 0.5, 0.5]","[1.0, 1.0, 1.0, 1.0, 1.0, 1.0, 0.5, 1.5, 1.0]","[0, 0, 0, 0, 0, 1, 0, 0, 0]",2013-02-17 10:00,32.0,5,1.0,84.0,2.0,2.0,197.7469839309005,"[293.1875, 159.41582238929536, 141.8825, 101.0]","[(293.1875, 10.0), (159.41582238929536, 450.0), (141.8825, 90.0), (101.0, 80.0)]",2.0,1,4,"[1.0, 45.0, 9.0, 8.0]","[293.1875, 159.41582238929536, 141.8825, 101.0]"
78814,"[36.0, 39.0, 15.0, 26.5, 0.5, 4.0, 9.0, 10.0, 10.0, 1.5, 0.5]","[152.25, 238.0, 241.75, 214.05538713582197, 151.75, 292.25, 167.40359922257957, 129.10395559732385, 174.55248685625125, 144.6008998056449, 140.0]",4,0.5,"[4.0, 9.0, 10.0, 10.0, 1.5, 0.5]","[36.0, 75.0, 90.0, 116.5, 117.0, 121.0, 130.0, 140.0, 150.0, 151.5, 152.0]","[0.0, 36.0, 75.0, 90.0, 116.5, 117.0, 121.0, 130.0, 140.0, 150.0, 151.5]","[1.0, 3.5, 3.0, 3.0, 1.0, 4.0, 2.0, 1.5, 2.5, 2.0, 1.0]","[9, 9, 4, 3, 4, 7, 3, 2, 3, 2, 6]","[5, 9, 9, 4, 9, 7, 3, 3, 2, 3, 6]","[2.0, 1.0, 0.5, 0.5, 1.0, 1.0, 0.5, 0.5, 0.25, 1.0, 1.0]","[4.0, 1.0, 1.0, 1.0, 2.0, 1.5, 0.5, 1.0, 0.75, 1.0, 2.0]","[0, 0, 0, 0, 0, 1, 0, 0, 0, 0, 0]",2013-04-23 09:00,37.0,6,2.0,117.0,3.0,2.0,439.4377420686678,"[292.25, 167.40359922257957, 129.10395559732385, 174.55248685625125, 144.6008998056449, 140.0]","[(292.25, 40.0), (167.40359922257957, 90.0), (129.10395559732385, 100.0), (174.55248685625125, 100.0), (144.6008998056449, 15.0), (140.0, 5.0)]",3.0,1,6,"[4.0, 9.0, 10.0, 10.0, 1.5, 0.5]","[292.25, 167.40359922257957, 129.10395559732385, 174.55248685625125, 144.6008998056449, 140.0]"
78882,"[14.0, 5.0, 3.0, 12.0, 6.0, 2.0, 10.0, 11.0]","[240.25, 283.9375, 158.0, 174.25, 149.8825, 272.9777961056527, 96.0, 149.3118667919715]",2,3.0,"[12.0, 6.0, 2.0, 10.0, 11.0]","[14.0, 19.0, 22.0, 34.0, 40.0, 42.0, 52.0, 63.0]","[0.0, 14.0, 19.0, 22.0, 34.0, 40.0, 42.0, 52.0]","[3.0, 4.0, 1.0, 1.5, 1.0, 4.0, 1.0, 1.5]","[7, 7, 4, 4, 3, 3, 2, 3]","[9, 9, 4, 9, 9, 3, 1, 2]","[0.5, 0.5, 1.0, 0.5, 0.25, 0.25, 0.5, 0.25]","[1.0, 1.0, 2.0, 1.5, 0.5, 0.25, 1.0, 1.0]","[0, 1, 0, 0, 0, 0, 0, 0]",2013-11-16 12:00,30.0,4,2.0,22.0,3.0,2.0,131.83132262060033,"[174.25, 149.8825, 272.9777961056527, 96.0, 149.3118667919715]","[(174.25, 120.0), (149.8825, 60.0), (272.9777961056527, 20.0), (96.0, 100.0), (149.3118667919715, 110.0)]",3.0,1,5,"[12.0, 6.0, 2.0, 10.0, 11.0]","[174.25, 149.8825, 272.9777961056527, 96.0, 149.3118667919715]"
78892,"[22.0, 1.0, 5.0, 0.5, 3.5, 3.0, 3.0, 34.0, 13.0, 10.0, 0.09999999999999432]","[292.25, 204.0, 292.25, 204.0, 259.0, 202.0738495144293, 292.25, 202.0738495144293, 174.55248685625125, 96.0, 140.0]",7,34.0,"[13.0, 10.0, 0.09999999999999432]","[22.0, 23.0, 28.0, 28.5, 32.0, 35.0, 38.0, 72.0, 85.0, 95.0, 95.1]","[0.0, 22.0, 23.0, 28.0, 28.5, 32.0, 35.0, 38.0, 72.0, 85.0, 95.0]","[4.0, 2.0, 4.0, 2.0, 4.0, 3.0, 4.0, 3.0, 2.5, 1.0, 1.0]","[7, 4, 7, 4, 9, 3, 7, 3, 3, 2, 6]","[7, 4, 7, 4, 9, 3, 7, 3, 2, 1, 6]","[2.0, 2.0, 1.0, 2.0, 0.5, 0.5, 1.0, 0.25, 0.5, 1.0, 1.0]","[3.0, 3.0, 2.0, 2.5, 1.0, 0.5, 1.0, 0.5, 1.0, 2.0, 1.0]","[1, 0, 1, 0, 0, 0, 1, 0, 0, 0, 0]",2013-11-18 09:00,30.0,3,2.0,72.0,2.0,1.0,100.9123351677189,"[174.55248685625125, 96.0, 140.0]","[(174.55248685625125, 130.0), (96.0, 100.0), (140.0, 0.9999999999999432)]",2.0,1,3,"[13.0, 10.0, 0.09999999999999432]","[174.55248685625125, 96.0, 140.0]"
78915,"[14.0, 7.0, 9.0, 1.0, 1.0, 10.0, 1.0, 10.0, 2.0, 9.0, 5.0, 2.0, 0.5]","[287.4375, 175.0, 196.0, 293.1875, 175.0, 287.4375, 158.0, 181.0, 176.55269941693467, 165.5, 214.05538713582197, 158.0, 153.5]",5,10.0,"[1.0, 10.0, 2.0, 9.0, 5.0, 2.0, 0.5]","[14.0, 21.0, 30.0, 31.0, 32.0, 42.0, 43.0, 53.0, 55.0, 64.0, 69.0, 71.0, 71.5]","[0.0, 14.0, 21.0, 30.0, 31.0, 32.0, 42.0, 43.0, 53.0, 55.0, 64.0, 69.0, 71.0]","[3.5, 2.0, 2.5, 4.0, 2.0, 3.5, 1.0, 1.5, 2.0, 1.5, 3.0, 1.0, 1.0]","[7, 9, 9, 7, 9, 7, 4, 4, 3, 4, 3, 4, 4]","[4, 9, 9, 4, 9, 4, 4, 4, 4, 2, 4, 4, 6]","[1.0, 0.5, 0.75, 1.0, 0.5, 1.0, 0.75, 0.5, 0.25, 0.25, 0.25, 0.25, 0.25]","[1.5, 0.75, 1.0, 1.5, 1.0, 1.5, 1.0, 0.5, 0.25, 0.5, 0.25, 0.5, 0.5]","[1, 0, 0, 1, 0, 1, 0, 0, 0, 0, 0, 0, 0]",2013-11-29 10:00,32.0,3,2.0,42.0,2.0,2.0,100.9123351677189,"[158.0, 181.0, 176.55269941693467, 165.5, 214.05538713582197, 158.0, 153.5]","[(158.0, 10.0), (181.0, 100.0), (176.55269941693467, 20.0), (165.5, 90.0), (214.05538713582197, 50.0), (158.0, 20.0), (153.5, 5.0)]",2.0,1,7,"[1.0, 10.0, 2.0, 9.0, 5.0, 2.0, 0.5]","[158.0, 181.0, 176.55269941693467, 165.5, 214.05538713582197, 158.0, 153.5]"
78950,"[11.0, 4.0, 3.0, 2.0, 15.0, 13.0, 7.0, 5.0, 6.5, 0.5]","[190.0, 283.9375, 196.75, 275.9375, 204.0, 227.0, 158.0, 157.3775, 157.3775, 143.75]",6,7.0,"[5.0, 6.5, 0.5]","[11.0, 15.0, 18.0, 20.0, 35.0, 48.0, 55.0, 60.0, 66.5, 67.0]","[0.0, 11.0, 15.0, 18.0, 20.0, 35.0, 48.0, 55.0, 60.0, 66.5]","[2.0, 4.0, 2.0, 2.5, 2.0, 2.5, 1.0, 1.0, 1.0, 1.0]","[9, 7, 4, 7, 4, 4, 4, 4, 4, 4]","[5, 9, 9, 4, 4, 4, 4, 3, 3, 2]","[2.0, 1.0, 1.25, 1.0, 0.75, 0.5, 0.75, 0.5, 0.25, 0.5]","[3.0, 1.25, 1.5, 1.25, 1.0, 0.75, 1.0, 0.5, 0.5, 0.5]","[0, 1, 0, 1, 0, 0, 0, 0, 0, 0]",2013-11-29 09:00,31.0,5,2.0,55.0,3.0,2.0,197.7469839309005,"[157.3775, 157.3775, 143.75]","[(157.3775, 50.0), (157.3775, 65.0), (143.75, 5.0)]",3.0,1,3,"[5.0, 6.5, 0.5]","[157.3775, 157.3775, 143.75]"
78962,"[31.0, 3.0, 3.5, 0.5, 4.0, 9.0]","[238.01846237860732, 292.25, 190.0, 304.6875, 235.0, 292.25]",4,4.0,[9.0],"[31.0, 34.0, 37.5, 38.0, 42.0, 51.0]","[0.0, 31.0, 34.0, 37.5, 38.0, 42.0]","[3.0, 5.0, 2.0, 5.0, 2.0, 4.5]","[4, 7, 9, 7, 5, 7]","[3, 7, 5, 4, 5, 7]","[0.5, 0.5, 1.0, 0.5, 1.0, 1.0]","[1.0, 0.5, 1.5, 0.5, 1.5, 1.0]","[0, 1, 0, 1, 0, 1]",2013-12-05 11:00,38.0,4,3.0,42.0,3.0,1.0,131.83132262060033,[292.25],"[(292.25, 90.0)]",3.0,1,1,[9.0],[292.25]
78970,"[12.0, 21.0, 16.0, 31.0, 4.0]","[292.25, 250.0, 204.0, 158.0, 272.9777961056527]",1,21.0,"[16.0, 31.0, 4.0]","[12.0, 33.0, 49.0, 80.0, 84.0]","[0.0, 12.0, 33.0, 49.0, 80.0]","[3.5, 3.0, 2.0, 1.0, 4.0]","[7, 4, 4, 4, 3]","[7, 4, 4, 4, 3]","[1.0, 1.0, 1.0, 1.0, 0.25]","[2.0, 1.0, 1.0, 1.5, 0.25]","[1, 0, 0, 0, 0]",2013-12-05 12:00,30.0,4,2.0,33.0,3.0,1.0,131.83132262060033,"[204.0, 158.0, 272.9777961056527]","[(204.0, 160.0), (158.0, 310.0), (272.9777961056527, 40.0)]",3.0,1,3,"[16.0, 31.0, 4.0]","[204.0, 158.0, 272.9777961056527]"
78973,"[12.0, 8.0, 10.5, 0.3999999999999986, 0.10000000000000142, 2.5, 0.5, 3.5, 0.5, 3.0, 1.0, 8.0, 2.0, 10.5, 0.5, 2.5, 0.5]","[174.25, 248.5, 174.25, 287.4375, 440.0, 158.0, 281.6875, 158.0, 275.9375, 158.0, 275.9375, 158.0, 281.6875, 151.75, 264.4375, 158.0, 270.1875]",11,8.0,"[2.0, 10.5, 0.5, 2.5, 0.5]","[12.0, 20.0, 30.5, 30.9, 31.0, 33.5, 34.0, 37.5, 38.0, 41.0, 42.0, 50.0, 52.0, 62.5, 63.0, 65.5, 66.0]","[0.0, 12.0, 20.0, 30.5, 30.9, 31.0, 33.5, 34.0, 37.5, 38.0, 41.0, 42.0, 50.0, 52.0, 62.5, 63.0, 65.5]","[1.5, 3.0, 1.5, 3.5, 6.0, 1.0, 3.0, 1.0, 2.5, 1.0, 2.5, 1.0, 3.0, 1.0, 1.5, 1.0, 2.0]","[4, 7, 4, 7, 8, 4, 7, 4, 7, 4, 7, 4, 7, 4, 7, 4, 7]","[9, 4, 9, 4, 8, 4, 4, 4, 4, 4, 4, 4, 4, 9, 4, 4, 4]","[0.75, 1.0, 0.75, 1.0, nan, 0.75, 1.0, 0.75, 0.75, 0.75, 1.0, 1.0, 1.0, 0.75, 0.5, 0.5, 0.5]","[1.0, 2.0, 1.0, 1.0, nan, 1.0, 1.0, 1.25, 1.0, 1.25, 1.5, 1.5, 1.5, 1.25, 1.0, 1.0, 1.0]","[0, 0, 0, 1, 0, 0, 1, 0, 1, 0, 1, 0, 1, 0, 1, 0, 1]",2013-12-05 14:00,34.0,6,3.0,50.0,3.0,1.0,439.4377420686678,"[281.6875, 151.75, 264.4375, 158.0, 270.1875]","[(281.6875, 20.0), (151.75, 105.0), (264.4375, 5.0), (158.0, 25.0), (270.1875, 5.0)]",3.0,1,5,"[2.0, 10.5, 0.5, 2.5, 0.5]","[281.6875, 151.75, 264.4375, 158.0, 270.1875]"
78990,"[15.0, 19.5, 0.5, 23.0, 4.0, 5.0]","[290.4375, 252.5, 293.1875, 250.0, 171.0, 242.34391954305838]",3,23.0,"[4.0, 5.0]","[15.0, 34.5, 35.0, 58.0, 62.0, 67.0]","[0.0, 15.0, 34.5, 35.0, 58.0, 62.0]","[4.0, 3.0, 4.0, 3.0, 1.0, 3.5]","[7, 4, 7, 4, 4, 3]","[5, 5, 4, 4, 5, 4]","[2.0, 1.5, 1.0, 1.0, 1.0, 0.5]","[2.0, 2.0, 1.0, 1.0, 2.0, 0.75]","[1, 0, 1, 0, 0, 0]",2013-12-10 11:00,33.0,2,1.0,58.0,1.0,2.0,80.0,"[171.0, 242.34391954305838]","[(171.0, 40.0), (242.34391954305838, 50.0)]",1.0,1,2,"[4.0, 5.0]","[171.0, 242.34391954305838]"
78991,"[30.0, 12.0, 7.0, 9.0, 8.0, 1.0]","[287.4375, 151.75, 298.9375, 156.1325, 175.0, 133.0]",1,12.0,"[7.0, 9.0, 8.0, 1.0]","[30.0, 42.0, 49.0, 58.0, 66.0, 67.0]","[0.0, 30.0, 42.0, 49.0, 58.0, 66.0]","[3.5, 1.0, 4.5, 1.0, 2.0, 1.0]","[7, 4, 7, 3, 9, 9]","[4, 9, 4, 4, 9, 9]","[2.0, 2.0, 1.5, 0.25, 0.5, 1.0]","[2.0, 3.0, 2.0, 0.25, 0.5, 1.0]","[1, 0, 1, 0, 0, 0]",2013-12-10 11:00,38.0,6,3.0,42.0,3.0,2.0,439.4377420686678,"[298.9375, 156.1325, 175.0, 133.0]","[(298.9375, 70.0), (156.1325, 90.0), (175.0, 80.0), (133.0, 10.0)]",3.0,1,4,"[7.0, 9.0, 8.0, 1.0]","[298.9375, 156.1325, 175.0, 133.0]"
78993,"[11.0, 2.0, 19.0, 1.0, 20.0, 11.5, 0.5, 10.0]","[227.0, 278.6875, 241.75, 292.25, 196.0, 204.0, 292.25, 155.51]",1,2.0,"[19.0, 1.0, 20.0, 11.5, 0.5, 10.0]","[11.0, 13.0, 32.0, 33.0, 53.0, 64.5, 65.0, 75.0]","[0.0, 11.0, 13.0, 32.0, 33.0, 53.0, 64.5, 65.0]","[2.5, 3.5, 3.0, 3.5, 2.5, 2.0, 3.0, 1.0]","[4, 7, 4, 7, 9, 4, 7, 3]","[4, 9, 9, 7, 9, 4, 7, 3]","[1.0, 0.75, 0.75, 1.0, 0.75, 0.75, 0.75, 0.25]","[1.0, 1.5, 0.75, 1.5, 1.0, 1.25, 0.75, 0.25]","[0, 1, 0, 1, 0, 0, 1, 0]",2013-12-10 11:00,30.0,5,3.0,13.0,3.0,2.0,197.7469839309005,"[241.75, 292.25, 196.0, 204.0, 292.25, 155.51]","[(241.75, 190.0), (292.25, 10.0), (196.0, 200.0), (204.0, 115.0), (292.25, 5.0), (155.51, 100.0)]",3.0,1,6,"[19.0, 1.0, 20.0, 11.5, 0.5, 10.0]","[241.75, 292.25, 196.0, 204.0, 292.25, 155.51]"
78995,"[4.0, 4.0, 4.0, 6.0, 1.0, 10.5, 0.5, 11.0, 7.0]","[275.9375, 197.0, 281.6875, 171.0, 270.1875, 171.0, 270.1875, 158.0, 259.0]",7,11.0,[7.0],"[4.0, 8.0, 12.0, 18.0, 19.0, 29.5, 30.0, 41.0, 48.0]","[0.0, 4.0, 8.0, 12.0, 18.0, 19.0, 29.5, 30.0, 41.0]","[2.5, 1.0, 3.0, 1.0, 2.0, 1.0, 2.0, 1.0, 4.0]","[7, 5, 7, 4, 7, 4, 7, 4, 9]","[4, 4, 4, 5, 4, 5, 4, 4, 9]","[1.5, 2.0, 1.0, 1.0, 1.0, 1.0, 1.0, 1.0, 0.75]","[2.0, 3.0, 2.0, 2.0, 1.5, 2.0, 1.0, 1.5, 1.5]","[1, 0, 1, 0, 1, 0, 1, 0, 0]",2013-12-10 11:00,36.0,2,1.0,41.0,1.0,1.0,80.0,[259.0],"[(259.0, 70.0)]",1.0,1,1,[7.0],[259.0]
78997,"[23.0, 2.0, 19.0, 1.0, 10.0, 10.0, 8.0, 1.0, 8.0]","[217.0, 289.1875, 217.0, 158.0, 204.0, 158.0, 194.8508998056449, 202.0738495144293, 114.6275]",4,10.0,"[10.0, 8.0, 1.0, 8.0]","[23.0, 25.0, 44.0, 45.0, 55.0, 65.0, 73.0, 74.0, 82.0]","[0.0, 23.0, 25.0, 44.0, 45.0, 55.0, 65.0, 73.0, 74.0]","[3.0, 4.5, 3.0, 1.0, 2.0, 1.0, 2.0, 3.0, 1.0]","[9, 7, 9, 4, 4, 4, 4, 3, 2]","[9, 9, 9, 4, 4, 4, 3, 3, 3]","[1.0, 2.0, 1.0, 1.5, 1.5, 1.0, 1.0, 0.5, 1.0]","[1.0, 2.0, 1.0, 2.0, 2.0, 1.0, 1.0, 0.5, 1.0]","[0, 1, 0, 0, 0, 0, 0, 0, 0]",2013-12-10 14:00,32.0,4,2.0,55.0,3.0,2.0,131.83132262060033,"[158.0, 194.8508998056449, 202.0738495144293, 114.6275]","[(158.0, 100.0), (194.8508998056449, 80.0), (202.0738495144293, 10.0), (114.6275, 80.0)]",3.0,1,4,"[10.0, 8.0, 1.0, 8.0]","[158.0, 194.8508998056449, 202.0738495144293, 114.6275]"
79011,"[17.0, 5.0, 3.0, 27.0, 6.0, 7.0, 2.0, 1.0, 2.0]","[298.9375, 250.0, 204.0, 250.0, 158.0, 296.0, 158.0, 227.0, 158.0]",4,6.0,"[7.0, 2.0, 1.0, 2.0]","[17.0, 22.0, 25.0, 52.0, 58.0, 65.0, 67.0, 68.0, 70.0]","[0.0, 17.0, 22.0, 25.0, 52.0, 58.0, 65.0, 67.0, 68.0]","[4.5, 3.0, 2.0, 3.0, 1.0, 4.0, 1.0, 2.5, 1.0]","[7, 4, 4, 4, 4, 4, 4, 4, 4]","[4, 4, 4, 4, 4, 4, 4, 4, 4]","[1.0, 0.5, 1.0, 0.5, 1.0, 0.5, 1.0, 0.5, 0.5]","[2.0, 1.5, 1.5, 1.5, 2.0, 1.0, 1.0, 1.0, 1.0]","[1, 0, 0, 0, 0, 0, 0, 0, 0]",2013-12-14 11:00,34.0,3,1.0,58.0,1.0,1.0,100.9123351677189,"[296.0, 158.0, 227.0, 158.0]","[(296.0, 70.0), (158.0, 20.0), (227.0, 10.0), (158.0, 20.0)]",1.0,1,4,"[7.0, 2.0, 1.0, 2.0]","[296.0, 158.0, 227.0, 158.0]"
79046,"[15.0, 7.0, 9.0, 6.0, 3.0, 12.0, 1.5, 4.0, 1.5, 1.0]","[171.0, 293.1875, 190.75, 293.1875, 181.0, 171.0, 275.9375, 133.0, 262.9375, 155.51]",2,9.0,"[6.0, 3.0, 12.0, 1.5, 4.0, 1.5, 1.0]","[15.0, 22.0, 31.0, 37.0, 40.0, 52.0, 53.5, 57.5, 59.0, 60.0]","[0.0, 15.0, 22.0, 31.0, 37.0, 40.0, 52.0, 53.5, 57.5, 59.0]","[1.0, 4.0, 1.0, 4.0, 1.5, 1.0, 2.5, 1.0, 2.0, 1.0]","[4, 7, 5, 7, 4, 4, 7, 9, 7, 3]","[5, 4, 9, 4, 4, 5, 4, 9, 9, 3]","[1.0, 1.0, 1.5, 1.0, 0.5, 0.75, 1.0, 0.5, 0.75, 0.25]","[1.5, 1.5, 2.0, 2.0, 0.75, 1.5, 1.5, 0.5, 0.75, 0.5]","[0, 1, 0, 1, 0, 0, 1, 0, 1, 0]",2013-12-16 14:00,29.0,5,3.0,31.0,3.0,1.0,197.7469839309005,"[293.1875, 181.0, 171.0, 275.9375, 133.0, 262.9375, 155.51]","[(293.1875, 60.0), (181.0, 30.0), (171.0, 120.0), (275.9375, 15.0), (133.0, 40.0), (262.9375, 15.0), (155.51, 10.0)]",3.0,1,7,"[6.0, 3.0, 12.0, 1.5, 4.0, 1.5, 1.0]","[293.1875, 181.0, 171.0, 275.9375, 133.0, 262.9375, 155.51]"
79065,"[31.5, 0.5, 18.0, 14.0, 6.0, 6.5, 0.5, 8.0, 2.0]","[196.75, 287.4375, 160.75, 151.75, 182.25, 157.3775, 292.25, 141.8825, 115.25]",3,14.0,"[6.0, 6.5, 0.5, 8.0, 2.0]","[31.5, 32.0, 50.0, 64.0, 70.0, 76.5, 77.0, 85.0, 87.0]","[0.0, 31.5, 32.0, 50.0, 64.0, 70.0, 76.5, 77.0, 85.0]","[2.0, 3.5, 1.5, 1.0, 2.0, 1.0, 2.5, 1.0, 1.0]","[4, 7, 9, 4, 9, 4, 7, 3, 2]","[9, 4, 4, 9, 4, 3, 7, 2, 4]","[1.0, 1.0, 1.0, 1.0, 0.75, 0.75, 0.5, 0.5, 1.0]","[1.5, 1.5, 1.5, 1.5, 1.0, 1.0, 0.5, 0.75, 2.0]","[0, 1, 0, 0, 0, 0, 1, 0, 0]",2013-12-10 14:00,32.0,6,2.0,64.0,3.0,1.0,439.4377420686678,"[182.25, 157.3775, 292.25, 141.8825, 115.25]","[(182.25, 60.0), (157.3775, 65.0), (292.25, 5.0), (141.8825, 80.0), (115.25, 20.0)]",3.0,1,5,"[6.0, 6.5, 0.5, 8.0, 2.0]","[182.25, 157.3775, 292.25, 141.8825, 115.25]"
79148,"[13.0, 10.0, 2.0, 5.0, 3.0, 9.0, 1.0, 7.0, 12.5, 0.5, 23.0, 3.5, 0.5]","[199.0, 171.0, 270.1875, 197.0, 275.9375, 197.0, 281.0625, 176.55269941693467, 156.1325, 264.4375, 115.25, 115.25, 149.3118667919715]",5,9.0,"[1.0, 7.0, 12.5, 0.5, 23.0, 3.5, 0.5]","[13.0, 23.0, 25.0, 30.0, 33.0, 42.0, 43.0, 50.0, 62.5, 63.0, 86.0, 89.5, 90.0]","[0.0, 13.0, 23.0, 25.0, 30.0, 33.0, 42.0, 43.0, 50.0, 62.5, 63.0, 86.0, 89.5]","[2.0, 1.0, 2.0, 1.0, 2.5, 1.0, 2.5, 2.0, 1.0, 1.5, 1.0, 1.0, 1.5]","[4, 4, 7, 5, 7, 5, 7, 3, 3, 7, 2, 2, 3]","[7, 5, 4, 4, 4, 4, 5, 4, 4, 4, 4, 4, 2]","[1.0, 1.0, 1.0, 1.5, 1.5, 1.5, 1.0, 0.5, 0.5, 0.5, 0.5, 0.75, 0.5]","[2.0, 2.0, 2.0, 3.0, 2.0, 2.5, 2.0, 0.5, 0.75, 0.75, 1.0, 1.5, 0.75]","[0, 0, 1, 0, 1, 0, 1, 0, 0, 1, 0, 0, 0]",2013-12-31 12:00,33.0,2,1.0,42.0,1.0,3.0,80.0,"[281.0625, 176.55269941693467, 156.1325, 264.4375, 115.25, 115.25, 149.3118667919715]","[(281.0625, 10.0), (176.55269941693467, 70.0), (156.1325, 125.0), (264.4375, 5.0), (115.25, 230.0), (115.25, 35.0), (149.3118667919715, 5.0)]",1.0,1,7,"[1.0, 7.0, 12.5, 0.5, 23.0, 3.5, 0.5]","[281.0625, 176.55269941693467, 156.1325, 264.4375, 115.25, 115.25, 149.3118667919715]"
79152,"[31.0, 1.0, 8.0, 3.0, 20.0, 14.0, 1.0, 14.0, 3.0]","[171.0, 264.4375, 171.0, 202.0738495144293, 176.55269941693467, 156.1325, 167.40359922257957, 141.8825, 174.55248685625125]",1,1.0,"[8.0, 3.0, 20.0, 14.0, 1.0, 14.0, 3.0]","[31.0, 32.0, 40.0, 43.0, 63.0, 77.0, 78.0, 92.0, 95.0]","[0.0, 31.0, 32.0, 40.0, 43.0, 63.0, 77.0, 78.0, 92.0]","[1.0, 1.5, 1.0, 3.0, 2.0, 1.0, 2.0, 1.0, 2.5]","[4, 7, 4, 3, 3, 3, 3, 3, 3]","[5, 4, 5, 3, 4, 4, 3, 2, 2]","[2.0, 1.0, 1.5, 0.25, 0.5, 0.5, 0.5, 0.5, 0.5]","[3.0, 2.0, 2.5, 0.5, 0.5, 0.75, 0.5, 1.0, 1.0]","[0, 1, 0, 0, 0, 0, 0, 0, 0]",2014-01-02 11:00,30.0,3,1.0,32.0,1.0,3.0,100.9123351677189,"[171.0, 202.0738495144293, 176.55269941693467, 156.1325, 167.40359922257957, 141.8825, 174.55248685625125]","[(171.0, 80.0), (202.0738495144293, 30.0), (176.55269941693467, 200.0), (156.1325, 140.0), (167.40359922257957, 10.0), (141.8825, 140.0), (174.55248685625125, 30.0)]",1.0,1,7,"[8.0, 3.0, 20.0, 14.0, 1.0, 14.0, 3.0]","[171.0, 202.0738495144293, 176.55269941693467, 156.1325, 167.40359922257957, 141.8825, 174.55248685625125]"
79170,"[23.0, 2.0, 17.0, 8.0, 1.0, 23.0, 7.0, 9.0, 8.0, 1.0, 11.0, 12.0]","[171.125, 270.1875, 152.25, 174.25, 270.1875, 202.0738495144293, 164.8118667919715, 149.3118667919715, 114.6275, 167.40359922257957, 114.6275, 149.3118667919715]",2,17.0,"[8.0, 1.0, 23.0, 7.0, 9.0, 8.0, 1.0, 11.0, 12.0]","[23.0, 25.0, 42.0, 50.0, 51.0, 74.0, 81.0, 90.0, 98.0, 99.0, 110.0, 122.0]","[0.0, 23.0, 25.0, 42.0, 50.0, 51.0, 74.0, 81.0, 90.0, 98.0, 99.0, 110.0]","[1.5, 2.0, 1.0, 1.5, 2.0, 3.0, 1.5, 1.5, 1.0, 2.0, 1.0, 1.5]","[9, 7, 9, 4, 7, 3, 3, 3, 2, 3, 2, 3]","[5, 4, 5, 9, 4, 3, 4, 2, 3, 3, 3, 2]","[2.0, 1.0, 1.5, 1.0, 1.0, 0.25, 0.5, 0.5, 0.75, 0.5, 0.75, 0.5]","[3.0, 2.0, 2.5, 2.0, 2.0, 0.5, 0.75, 1.0, 1.0, 0.5, 1.25, 1.0]","[0, 1, 0, 0, 1, 0, 0, 0, 0, 0, 0, 0]",2014-01-06 13:00,27.0,3,1.0,42.0,1.0,3.0,100.9123351677189,"[174.25, 270.1875, 202.0738495144293, 164.8118667919715, 149.3118667919715, 114.6275, 167.40359922257957, 114.6275, 149.3118667919715]","[(174.25, 80.0), (270.1875, 10.0), (202.0738495144293, 230.0), (164.8118667919715, 70.0), (149.3118667919715, 90.0), (114.6275, 80.0), (167.40359922257957, 10.0), (114.6275, 110.0), (149.3118667919715, 120.0)]",1.0,1,9,"[8.0, 1.0, 23.0, 7.0, 9.0, 8.0, 1.0, 11.0, 12.0]","[174.25, 270.1875, 202.0738495144293, 164.8118667919715, 149.3118667919715, 114.6275, 167.40359922257957, 114.6275, 149.3118667919715]"
79172,"[27.0, 5.0, 10.0, 20.0, 7.0, 5.0, 4.0]","[227.25, 212.125, 238.0, 214.05538713582197, 174.55248685625125, 114.6275, 194.80538713582197]",1,5.0,"[10.0, 20.0, 7.0, 5.0, 4.0]","[27.0, 32.0, 42.0, 62.0, 69.0, 74.0, 78.0]","[0.0, 27.0, 32.0, 42.0, 62.0, 69.0, 74.0]","[2.0, 1.5, 3.5, 3.0, 2.5, 1.0, 3.0]","[5, 5, 9, 3, 3, 2, 3]","[4, 4, 9, 4, 2, 3, 2]","[2.0, 2.0, 0.5, 0.25, 0.25, 0.25, 0.25]","[5.0, 5.0, 1.0, 0.5, 0.5, 0.75, 0.5]","[0, 0, 0, 0, 0, 0, 0]",2014-01-07 09:00,27.0,4,1.0,32.0,2.0,3.0,131.83132262060033,"[238.0, 214.05538713582197, 174.55248685625125, 114.6275, 194.80538713582197]","[(238.0, 100.0), (214.05538713582197, 200.0), (174.55248685625125, 70.0), (114.6275, 50.0), (194.80538713582197, 40.0)]",2.0,1,5,"[10.0, 20.0, 7.0, 5.0, 4.0]","[238.0, 214.05538713582197, 174.55248685625125, 114.6275, 194.80538713582197]"
79182,"[20.0, 17.0, 13.0, 25.0, 5.0, 1.0, 3.0, 21.0, 32.0, 7.5, 0.5]","[227.0, 225.25, 154.0, 133.0, 158.0, 210.0, 283.9375, 202.0738495144293, 149.3118667919715, 141.8825, 110.75]",3,25.0,"[5.0, 1.0, 3.0, 21.0, 32.0, 7.5, 0.5]","[20.0, 37.0, 50.0, 75.0, 80.0, 81.0, 84.0, 105.0, 137.0, 144.5, 145.0]","[0.0, 20.0, 37.0, 50.0, 75.0, 80.0, 81.0, 84.0, 105.0, 137.0, 144.5]","[2.5, 3.0, 1.5, 1.0, 1.0, 1.0, 4.0, 3.0, 1.5, 1.0, 1.0]","[4, 9, 9, 9, 4, 5, 7, 3, 3, 3, 2]","[4, 4, 9, 9, 4, 5, 9, 3, 2, 2, 6]","[2.0, 2.0, 2.0, 2.0, 2.0, 2.0, 0.5, 0.25, 0.25, 0.5, 0.5]","[3.0, 2.0, 3.0, 3.0, 3.0, 3.0, 0.75, 0.5, 0.75, 1.0, 1.0]","[0, 0, 0, 0, 0, 0, 1, 0, 0, 0, 0]",2014-01-07 11:00,30.0,4,1.0,75.0,2.0,3.0,131.83132262060033,"[158.0, 210.0, 283.9375, 202.0738495144293, 149.3118667919715, 141.8825, 110.75]","[(158.0, 50.0), (210.0, 10.0), (283.9375, 30.0), (202.0738495144293, 210.0), (149.3118667919715, 320.0), (141.8825, 75.0), (110.75, 5.0)]",2.0,1,7,"[5.0, 1.0, 3.0, 21.0, 32.0, 7.5, 0.5]","[158.0, 210.0, 283.9375, 202.0738495144293, 149.3118667919715, 141.8825, 110.75]"
79183,"[25.0, 5.0, 10.0, 15.799999999999997, 0.20000000000000284]","[222.5, 249.25, 227.0, 157.3775, 159.41582238929536]",1,5.0,"[10.0, 15.799999999999997, 0.20000000000000284]","[25.0, 30.0, 40.0, 55.8, 56.0]","[0.0, 25.0, 30.0, 40.0, 55.8]","[1.5, 3.0, 2.5, 1.0, 1.5]","[5, 5, 4, 4, 3]","[5, 9, 4, 3, 3]","[2.0, 1.5, 0.5, 0.25, 0.25]","[3.0, 2.0, 0.75, 0.5, 0.25]","[0, 0, 0, 0, 0]",2014-01-07 10:00,31.0,3,2.0,30.0,2.0,3.0,100.9123351677189,"[227.0, 157.3775, 159.41582238929536]","[(227.0, 100.0), (157.3775, 157.99999999999997), (159.41582238929536, 2.0000000000000284)]",2.0,1,3,"[10.0, 15.799999999999997, 0.20000000000000284]","[227.0, 157.3775, 159.41582238929536]"
79191,"[38.0, 4.0, 17.0, 29.0, 11.0, 10.0, 6.0, 2.0]","[181.0, 292.25, 204.0, 202.0738495144293, 167.40359922257957, 181.06998247500167, 114.6275, 292.25]",1,4.0,"[17.0, 29.0, 11.0, 10.0, 6.0, 2.0]","[38.0, 42.0, 59.0, 88.0, 99.0, 109.0, 115.0, 117.0]","[0.0, 38.0, 42.0, 59.0, 88.0, 99.0, 109.0, 115.0]","[1.5, 4.0, 2.0, 3.0, 2.0, 2.5, 1.0, 4.0]","[4, 7, 4, 3, 3, 3, 2, 7]","[4, 7, 4, 3, 3, 3, 3, 7]","[1.0, 2.0, 1.0, 0.5, 0.25, 0.25, 1.0, 0.5]","[2.0, 2.0, 2.0, 0.5, 0.5, 0.5, 5.0, 1.0]","[0, 1, 0, 0, 0, 0, 0, 1]",2014-01-07 11:00,30.0,4,1.0,42.0,2.0,3.0,131.83132262060033,"[204.0, 202.0738495144293, 167.40359922257957, 181.06998247500167, 114.6275, 292.25]","[(204.0, 170.0), (202.0738495144293, 290.0), (167.40359922257957, 110.0), (181.06998247500167, 100.0), (114.6275, 60.0), (292.25, 20.0)]",2.0,1,6,"[17.0, 29.0, 11.0, 10.0, 6.0, 2.0]","[204.0, 202.0738495144293, 167.40359922257957, 181.06998247500167, 114.6275, 292.25]"
79192,"[30.0, 23.0, 2.0, 26.0, 2.0, 9.0, 3.0, 10.0, 9.0, 2.0, 16.0]","[175.0, 238.0, 182.25, 217.0, 238.0, 182.25, 151.75, 181.06998247500167, 141.8825, 202.0738495144293, 141.8825]",8,9.0,"[2.0, 16.0]","[30.0, 53.0, 55.0, 81.0, 83.0, 92.0, 95.0, 105.0, 114.0, 116.0, 132.0]","[0.0, 30.0, 53.0, 55.0, 81.0, 83.0, 92.0, 95.0, 105.0, 114.0, 116.0]","[2.0, 3.5, 2.0, 3.0, 3.5, 2.0, 1.0, 2.5, 1.0, 3.0, 1.0]","[9, 9, 9, 9, 9, 9, 4, 3, 3, 3, 3]","[9, 9, 4, 9, 9, 4, 9, 3, 2, 3, 2]","[1.0, 0.75, 1.0, 1.0, 0.75, 0.75, 0.75, 0.25, 0.5, 0.25, 0.25]","[2.0, 1.25, 1.5, 1.0, 1.25, 1.5, 1.5, 0.5, 1.0, 0.5, 1.0]","[0, 0, 0, 0, 0, 0, 0, 0, 0, 0, 0]",2014-01-07 12:00,35.0,4,3.0,114.0,3.0,2.0,131.83132262060033,"[202.0738495144293, 141.8825]","[(202.0738495144293, 20.0), (141.8825, 160.0)]",3.0,1,2,"[2.0, 16.0]","[202.0738495144293, 141.8825]"
79193,"[30.0, 33.0, 1.0, 15.0, 10.0, 4.0, 10.0, 12.0, 10.0, 6.0, 13.0, 3.5, 0.5]","[217.0, 175.0, 152.25, 238.0, 202.0738495144293, 181.06998247500167, 202.0738495144293, 181.06998247500167, 232.12522605741117, 174.55248685625125, 159.80269941693467, 232.12522605741117, 242.34391954305838]",1,33.0,"[1.0, 15.0, 10.0, 4.0, 10.0, 12.0, 10.0, 6.0, 13.0, 3.5, 0.5]","[30.0, 63.0, 64.0, 79.0, 89.0, 93.0, 103.0, 115.0, 125.0, 131.0, 144.0, 147.5, 148.0]","[0.0, 30.0, 63.0, 64.0, 79.0, 89.0, 93.0, 103.0, 115.0, 125.0, 131.0, 144.0, 147.5]","[3.0, 2.0, 1.0, 3.5, 3.0, 2.5, 3.0, 2.5, 3.5, 2.5, 2.0, 3.5, 3.5]","[9, 9, 9, 9, 3, 3, 3, 3, 3, 3, 3, 3, 3]","[9, 9, 5, 9, 3, 3, 3, 3, 3, 2, 2, 3, 4]","[1.5, 1.25, 1.5, 0.75, 0.5, 0.5, 0.25, 0.5, 0.5, 0.5, 0.5, 0.5, 0.5]","[2.0, 1.75, 1.75, 1.0, 0.75, 0.5, 0.5, 0.75, 0.5, 0.75, 1.0, 0.5, 0.5]","[0, 0, 0, 0, 0, 0, 0, 0, 0, 0, 0, 0, 0]",2014-01-07 11:00,27.0,3,1.0,63.0,1.0,3.0,100.9123351677189,"[152.25, 238.0, 202.0738495144293, 181.06998247500167, 202.0738495144293, 181.06998247500167, 232.12522605741117, 174.55248685625125, 159.80269941693467, 232.12522605741117, 242.34391954305838]","[(152.25, 10.0), (238.0, 150.0), (202.0738495144293, 100.0), (181.06998247500167, 40.0), (202.0738495144293, 100.0), (181.06998247500167, 120.0), (232.12522605741117, 100.0), (174.55248685625125, 60.0), (159.80269941693467, 130.0), (232.12522605741117, 35.0), (242.34391954305838, 5.0)]",1.0,1,11,"[1.0, 15.0, 10.0, 4.0, 10.0, 12.0, 10.0, 6.0, 13.0, 3.5, 0.5]","[152.25, 238.0, 202.0738495144293, 181.06998247500167, 202.0738495144293, 181.06998247500167, 232.12522605741117, 174.55248685625125, 159.80269941693467, 232.12522605741117, 242.34391954305838]"
79194,"[17.0, 1.5, 8.5, 2.0, 18.0, 1.0, 10.0, 13.799999999999997, 0.20000000000000284, 17.799999999999997, 0.20000000000000284]","[152.25, 275.9375, 152.25, 281.6875, 133.0, 281.6875, 181.06998247500167, 156.1325, 292.25, 141.8825, 292.25]",4,18.0,"[1.0, 10.0, 13.799999999999997, 0.20000000000000284, 17.799999999999997, 0.20000000000000284]","[17.0, 18.5, 27.0, 29.0, 47.0, 48.0, 58.0, 71.8, 72.0, 89.8, 90.0]","[0.0, 17.0, 18.5, 27.0, 29.0, 47.0, 48.0, 58.0, 71.8, 72.0, 89.8]","[1.0, 2.5, 1.0, 3.0, 1.0, 3.0, 2.5, 1.0, 2.0, 1.0, 1.0]","[9, 7, 9, 7, 9, 7, 3, 3, 7, 3, 7]","[5, 4, 5, 4, 9, 4, 3, 4, 7, 2, 7]","[1.5, 1.0, 1.25, 1.0, 1.0, 1.0, 0.25, 0.5, 0.5, 0.25, 0.5]","[2.5, 2.0, 2.0, 2.0, 2.0, 1.5, 0.5, 0.75, 1.0, 1.0, 1.0]","[0, 1, 0, 1, 0, 1, 0, 0, 1, 0, 1]",2014-01-07 15:00,27.0,4,1.0,47.0,2.0,2.0,131.83132262060033,"[281.6875, 181.06998247500167, 156.1325, 292.25, 141.8825, 292.25]","[(281.6875, 10.0), (181.06998247500167, 100.0), (156.1325, 137.99999999999997), (292.25, 2.0000000000000284), (141.8825, 177.99999999999997), (292.25, 2.0000000000000284)]",2.0,1,6,"[1.0, 10.0, 13.799999999999997, 0.20000000000000284, 17.799999999999997, 0.20000000000000284]","[281.6875, 181.06998247500167, 156.1325, 292.25, 141.8825, 292.25]"
79398,"[12.0, 10.0, 4.0, 1.0, 12.0, 6.0, 13.0, 15.0, 1.0, 4.700000000000003, 0.29999999999999716, 3.0]","[275.9375, 171.0, 171.0, 268.1875, 175.0, 202.0738495144293, 192.55248685625125, 156.1325, 181.06998247500167, 114.6275, 292.25, 86.0]",1,10.0,"[4.0, 1.0, 12.0, 6.0, 13.0, 15.0, 1.0, 4.700000000000003, 0.29999999999999716, 3.0]","[12.0, 22.0, 26.0, 27.0, 39.0, 45.0, 58.0, 73.0, 74.0, 78.7, 79.0, 82.0]","[0.0, 12.0, 22.0, 26.0, 27.0, 39.0, 45.0, 58.0, 73.0, 74.0, 78.7, 79.0]","[2.5, 1.0, 1.0, 2.5, 2.0, 3.0, 2.5, 1.0, 2.5, 1.0, 1.5, 1.0]","[7, 4, 4, 7, 9, 3, 3, 3, 3, 2, 7, 1]","[4, 5, 5, 9, 9, 3, 4, 4, 3, 3, 7, 2]","[1.0, 1.0, 2.0, 0.75, 0.5, 0.5, 0.25, 0.25, 0.25, 0.25, 1.0, 0.5]","[1.5, 2.0, 3.0, 1.5, 1.0, 0.75, 0.75, 0.5, 0.25, 0.75, 2.0, 1.0]","[1, 0, 0, 1, 0, 0, 0, 0, 0, 0, 1, 0]",2014-01-21 13:00,27.0,3,1.0,22.0,1.0,3.0,100.9123351677189,"[171.0, 268.1875, 175.0, 202.0738495144293, 192.55248685625125, 156.1325, 181.06998247500167, 114.6275, 292.25, 86.0]","[(171.0, 40.0), (268.1875, 10.0), (175.0, 120.0), (202.0738495144293, 60.0), (192.55248685625125, 130.0), (156.1325, 150.0), (181.06998247500167, 10.0), (114.6275, 47.00000000000003), (292.25, 2.9999999999999716), (86.0, 30.0)]",1.0,1,10,"[4.0, 1.0, 12.0, 6.0, 13.0, 15.0, 1.0, 4.700000000000003, 0.29999999999999716, 3.0]","[171.0, 268.1875, 175.0, 202.0738495144293, 192.55248685625125, 156.1325, 181.06998247500167, 114.6275, 292.25, 86.0]"
79403,"[20.0, 19.0, 5.0, 16.0, 14.0, 12.0, 1.0, 4.0, 2.0, 5.0, 1.0]","[152.25, 242.375, 171.0, 232.12522605741117, 181.06998247500167, 156.1325, 202.0738495144293, 158.0, 202.0738495144293, 115.25, 140.0]",2,5.0,"[16.0, 14.0, 12.0, 1.0, 4.0, 2.0, 5.0, 1.0]","[20.0, 39.0, 44.0, 60.0, 74.0, 86.0, 87.0, 91.0, 93.0, 98.0, 99.0]","[0.0, 20.0, 39.0, 44.0, 60.0, 74.0, 86.0, 87.0, 91.0, 93.0, 98.0]","[1.0, 2.5, 1.0, 3.5, 2.5, 1.0, 3.0, 1.0, 3.0, 1.0, 1.0]","[9, 5, 4, 3, 3, 3, 3, 4, 3, 2, 6]","[5, 4, 5, 3, 3, 4, 3, 4, 3, 4, 6]","[2.0, 2.0, 2.0, 0.5, 0.25, 0.25, 0.25, 0.5, 0.25, 0.25, 5.0]","[5.0, 4.0, 4.0, 0.5, 0.5, 0.75, 0.5, 1.0, 0.25, 1.0, 10.0]","[0, 0, 0, 0, 0, 0, 0, 0, 0, 0, 0]",2014-01-23 09:00,28.0,5,2.0,44.0,3.0,2.0,197.7469839309005,"[232.12522605741117, 181.06998247500167, 156.1325, 202.0738495144293, 158.0, 202.0738495144293, 115.25, 140.0]","[(232.12522605741117, 160.0), (181.06998247500167, 140.0), (156.1325, 120.0), (202.0738495144293, 10.0), (158.0, 40.0), (202.0738495144293, 20.0), (115.25, 50.0), (140.0, 10.0)]",3.0,1,8,"[16.0, 14.0, 12.0, 1.0, 4.0, 2.0, 5.0, 1.0]","[232.12522605741117, 181.06998247500167, 156.1325, 202.0738495144293, 158.0, 202.0738495144293, 115.25, 140.0]"
79458,"[30.0, 8.0, 7.0, 20.0, 16.0, 7.5, 0.5, 8.0]","[210.0, 259.0, 133.0, 262.4944490264132, 158.0, 158.0, 167.40359922257957, 96.0]",2,7.0,"[20.0, 16.0, 7.5, 0.5, 8.0]","[30.0, 38.0, 45.0, 65.0, 81.0, 88.5, 89.0, 97.0]","[0.0, 30.0, 38.0, 45.0, 65.0, 81.0, 88.5, 89.0]","[1.0, 4.0, 1.0, 4.0, 1.0, 1.0, 2.0, 1.0]","[5, 9, 9, 9, 4, 4, 3, 2]","[5, 9, 9, 3, 4, 4, 3, 1]","[3.0, 0.5, 1.0, 0.5, 0.5, 0.5, 0.25, 0.25]","[6.0, 1.0, 2.0, 1.0, 1.5, 1.5, 0.5, 0.75]","[0, 0, 0, 0, 0, 0, 0, 0]",2014-01-29 11:00,31.0,5,1.0,45.0,2.0,3.0,197.7469839309005,"[262.4944490264132, 158.0, 158.0, 167.40359922257957, 96.0]","[(262.4944490264132, 200.0), (158.0, 160.0), (158.0, 75.0), (167.40359922257957, 5.0), (96.0, 80.0)]",2.0,1,5,"[20.0, 16.0, 7.5, 0.5, 8.0]","[262.4944490264132, 158.0, 158.0, 167.40359922257957, 96.0]"
79536,"[14.0, 5.800000000000011, 0.19999999999998863, 7.800000000000011, 0.19999999999998863, 24.0, 6.0, 4.0, 3.0, 3.0, 6.0, 6.0, 1.5, 0.5]","[196.0, 196.0, 140.0, 202.0738495144293, 114.0, 232.12522605741117, 174.55248685625125, 159.80269941693467, 202.0738495144293, 159.41582238929536, 114.6275, 101.0, 167.40359922257957, 86.0]",2,0.19999999999998863,"[7.800000000000011, 0.19999999999998863, 24.0, 6.0, 4.0, 3.0, 3.0, 6.0, 6.0, 1.5, 0.5]","[167.0, 172.8, 173.0, 180.8, 181.0, 205.0, 211.0, 215.0, 218.0, 221.0, 227.0, 233.0, 234.5, 235.0]","[153.0, 167.0, 172.8, 173.0, 180.8, 181.0, 205.0, 211.0, 215.0, 218.0, 221.0, 227.0, 233.0, 234.5]","[2.5, 2.5, 1.0, 3.0, 1.5, 3.5, 2.5, 2.0, 3.0, 1.5, 1.0, 1.0, 2.0, 1.0]","[9, 9, 6, 3, 2, 3, 3, 3, 3, 3, 2, 2, 3, 1]","[9, 9, 6, 3, 1, 3, 2, 2, 3, 3, 3, 2, 3, 2]","[0.5, 0.75, 2.0, 0.25, 1.0, 0.1, 0.25, 0.25, 0.25, 0.25, 0.5, 0.5, 0.25, 0.75]","[0.75, 1.25, 4.0, 0.25, 1.5, 0.25, 5.0, 0.75, 0.25, 0.5, 1.0, 1.0, 0.5, 1.5]","[0, 0, 0, 0, 0, 0, 0, 0, 0, 0, 0, 0, 0, 0]",2014-02-04 14:00,25.0,5,1.0,173.0,2.0,3.0,197.7469839309005,"[202.0738495144293, 114.0, 232.12522605741117, 174.55248685625125, 159.80269941693467, 202.0738495144293, 159.41582238929536, 114.6275, 101.0, 167.40359922257957, 86.0]","[(202.0738495144293, 78.00000000000011), (114.0, 1.9999999999998863), (232.12522605741117, 240.0), (174.55248685625125, 60.0), (159.80269941693467, 40.0), (202.0738495144293, 30.0), (159.41582238929536, 30.0), (114.6275, 60.0), (101.0, 60.0), (167.40359922257957, 15.0), (86.0, 5.0)]",2.0,1,11,"[7.800000000000011, 0.19999999999998863, 24.0, 6.0, 4.0, 3.0, 3.0, 6.0, 6.0, 1.5, 0.5]","[202.0738495144293, 114.0, 232.12522605741117, 174.55248685625125, 159.80269941693467, 202.0738495144293, 159.41582238929536, 114.6275, 101.0, 167.40359922257957, 86.0]"
79540,"[25.0, 25.0, 18.0, 9.0, 3.0, 16.0, 9.0, 9.0]","[171.0, 238.0, 154.0, 272.9777961056527, 151.75, 174.55248685625125, 114.6275, 174.55248685625125]",4,3.0,"[16.0, 9.0, 9.0]","[25.0, 50.0, 68.0, 77.0, 80.0, 96.0, 105.0, 114.0]","[0.0, 25.0, 50.0, 68.0, 77.0, 80.0, 96.0, 105.0]","[1.0, 3.5, 1.5, 4.0, 1.0, 2.5, 1.0, 2.5]","[4, 9, 9, 3, 4, 3, 2, 3]","[5, 9, 9, 3, 9, 2, 3, 2]","[2.0, 0.5, 0.5, 0.25, 0.75, 0.25, 0.25, 0.25]","[4.0, 1.5, 1.0, 0.25, 1.5, 0.5, 1.0, 1.0]","[0, 0, 0, 0, 0, 0, 0, 0]",2014-02-05 11:00,29.0,3,1.0,80.0,1.0,3.0,100.9123351677189,"[174.55248685625125, 114.6275, 174.55248685625125]","[(174.55248685625125, 160.0), (114.6275, 90.0), (174.55248685625125, 90.0)]",1.0,1,3,"[16.0, 9.0, 9.0]","[174.55248685625125, 114.6275, 174.55248685625125]"
79544,"[44.0, 5.0, 11.0, 21.0, 1.0, 11.799999999999997, 0.20000000000000284, 3.5, 0.5, 5.0, 6.0, 1.7999999999999972, 0.20000000000000284, 9.0, 2.5, 0.5]","[171.125, 224.75, 196.0, 182.25, 196.0, 175.0, 257.6875, 174.25, 143.75, 176.55269941693467, 214.05538713582197, 156.1325, 259.0414555973238, 114.6275, 159.41582238929536, 176.55269941693467]",8,0.5,"[5.0, 6.0, 1.7999999999999972, 0.20000000000000284, 9.0, 2.5, 0.5]","[44.0, 49.0, 60.0, 81.0, 82.0, 93.8, 94.0, 97.5, 98.0, 103.0, 109.0, 110.8, 111.0, 120.0, 122.5, 123.0]","[0.0, 44.0, 49.0, 60.0, 81.0, 82.0, 93.8, 94.0, 97.5, 98.0, 103.0, 109.0, 110.8, 111.0, 120.0, 122.5]","[1.5, 3.0, 2.5, 2.0, 2.5, 2.0, 1.5, 1.5, 1.0, 2.0, 3.0, 1.0, 1.5, 1.0, 1.5, 2.0]","[9, 9, 9, 9, 9, 9, 7, 4, 4, 3, 3, 3, 7, 2, 3, 3]","[5, 7, 9, 4, 9, 9, 9, 9, 2, 4, 4, 4, 3, 3, 3, 4]","[1.5, 1.25, 0.75, 0.75, 0.75, 0.75, 0.75, 0.75, 1.0, 0.5, 0.5, 0.5, 0.25, 0.5, 0.25, 0.5]","[2.5, 1.75, 1.0, 1.25, 0.75, 1.0, 1.25, 1.25, 1.5, 0.75, 0.5, 0.75, 0.25, 1.0, 0.5, 0.75]","[0, 0, 0, 0, 0, 0, 1, 0, 0, 0, 0, 0, 1, 0, 0, 0]",2014-02-05 13:00,28.0,3,1.0,98.0,1.0,3.0,100.9123351677189,"[176.55269941693467, 214.05538713582197, 156.1325, 259.0414555973238, 114.6275, 159.41582238929536, 176.55269941693467]","[(176.55269941693467, 50.0), (214.05538713582197, 60.0), (156.1325, 17.99999999999997), (259.0414555973238, 2.0000000000000284), (114.6275, 90.0), (159.41582238929536, 25.0), (176.55269941693467, 5.0)]",1.0,1,7,"[5.0, 6.0, 1.7999999999999972, 0.20000000000000284, 9.0, 2.5, 0.5]","[176.55269941693467, 214.05538713582197, 156.1325, 259.0414555973238, 114.6275, 159.41582238929536, 176.55269941693467]"
80188,"[30.0, 4.0, 6.0, 3.0, 12.0, 10.0, 1.0, 3.0, 12.0, 3.0, 0.7000000000000028, 0.29999999999999716, 3.0]","[164.8118667919715, 287.4375, 154.0, 287.4375, 192.55248685625125, 176.55269941693467, 149.8825, 176.55269941693467, 149.3118667919715, 156.1325, 158.0, 270.1875, 96.0]",6,1.0,"[3.0, 12.0, 3.0, 0.7000000000000028, 0.29999999999999716, 3.0]","[30.0, 34.0, 40.0, 43.0, 55.0, 65.0, 66.0, 69.0, 81.0, 84.0, 84.7, 85.0, 88.0]","[0.0, 30.0, 34.0, 40.0, 43.0, 55.0, 65.0, 66.0, 69.0, 81.0, 84.0, 84.7, 85.0]","[1.5, 3.5, 1.5, 3.5, 2.5, 2.0, 1.0, 2.0, 1.5, 1.0, 1.0, 2.0, 1.0]","[3, 7, 9, 7, 3, 3, 3, 3, 3, 3, 4, 7, 2]","[4, 4, 9, 4, 4, 4, 9, 4, 2, 4, 4, 4, 1]","[0.5, 1.0, 1.0, 1.0, 0.5, 0.5, 0.5, 0.5, 0.5, 1.0, 1.0, 0.5, 1.0]","[0.75, 1.5, 1.5, 1.5, 0.5, 0.75, 1.0, 0.75, 1.0, 1.0, 2.0, 1.0, 3.0]","[0, 1, 0, 1, 0, 0, 0, 0, 0, 0, 0, 1, 0]",2014-12-01 09:00,26.0,5,3.0,66.0,3.0,1.0,197.7469839309005,"[176.55269941693467, 149.3118667919715, 156.1325, 158.0, 270.1875, 96.0]","[(176.55269941693467, 30.0), (149.3118667919715, 120.0), (156.1325, 30.0), (158.0, 7.000000000000028), (270.1875, 2.9999999999999716), (96.0, 30.0)]",3.0,1,6,"[3.0, 12.0, 3.0, 0.7000000000000028, 0.29999999999999716, 3.0]","[176.55269941693467, 149.3118667919715, 156.1325, 158.0, 270.1875, 96.0]"
80195,"[8.0, 7.0, 22.0, 1.0, 2.0, 36.0, 3.0, 11.0]","[196.75, 238.01846237860732, 217.0, 148.5, 287.4375, 189.80248685625125, 292.25, 81.0]",4,2.0,"[36.0, 3.0, 11.0]","[8.0, 15.0, 37.0, 38.0, 40.0, 76.0, 79.0, 90.0]","[0.0, 8.0, 15.0, 37.0, 38.0, 40.0, 76.0, 79.0]","[2.0, 3.0, 3.0, 1.0, 3.5, 2.5, 3.0, 1.0]","[7, 4, 9, 4, 7, 3, 7, 1]","[5, 3, 9, 7, 4, 7, 7, 1]","[1.0, 0.3, 0.3, 0.8, 1.5, 0.3, 0.8, 1.0]","[1.5, 0.5, 0.6, 1.0, 2.0, 0.5, 0.8, 1.5]","[0, 0, 0, 0, 1, 0, 1, 0]",2014-12-02 11:00,42.0,6,3.0,40.0,3.0,1.0,439.4377420686678,"[189.80248685625125, 292.25, 81.0]","[(189.80248685625125, 360.0), (292.25, 30.0), (81.0, 110.0)]",3.0,1,3,"[36.0, 3.0, 11.0]","[189.80248685625125, 292.25, 81.0]"
80198,"[45.0, 10.0, 4.0, 10.5, 0.5, 5.0, 5.0, 10.5, 0.5, 5.0, 6.0]","[232.12522605741117, 192.55248685625125, 281.6875, 176.55269941693467, 133.0, 181.06998247500167, 167.40359922257957, 164.8118667919715, 275.9375, 101.0, 86.0]",4,0.5,"[5.0, 5.0, 10.5, 0.5, 5.0, 6.0]","[45.0, 55.0, 59.0, 69.5, 70.0, 75.0, 80.0, 90.5, 91.0, 96.0, 102.0]","[0.0, 45.0, 55.0, 59.0, 69.5, 70.0, 75.0, 80.0, 90.5, 91.0, 96.0]","[3.5, 2.5, 3.0, 2.0, 1.0, 2.5, 2.0, 1.5, 2.5, 1.0, 1.0]","[3, 3, 7, 3, 9, 3, 3, 3, 7, 2, 1]","[3, 4, 4, 4, 9, 3, 3, 4, 4, 2, 2]","[0.5, 0.5, 1.5, 0.5, 0.8, 0.5, 0.5, 0.5, 0.75, 1.0, 2.0]","[0.5, 0.75, 3.0, 1.0, 1.5, 0.5, 0.5, 1.0, 1.5, 1.5, 3.0]","[0, 0, 1, 0, 0, 0, 0, 0, 1, 0, 0]",2014-12-02 11:00,37.0,6,3.0,70.0,3.0,1.0,439.4377420686678,"[181.06998247500167, 167.40359922257957, 164.8118667919715, 275.9375, 101.0, 86.0]","[(181.06998247500167, 50.0), (167.40359922257957, 50.0), (164.8118667919715, 105.0), (275.9375, 5.0), (101.0, 50.0), (86.0, 60.0)]",3.0,1,6,"[5.0, 5.0, 10.5, 0.5, 5.0, 6.0]","[181.06998247500167, 167.40359922257957, 164.8118667919715, 275.9375, 101.0, 86.0]"
80199,"[23.0, 23.0, 1.0, 25.0, 10.0, 2.0, 8.0]","[219.25, 214.05538713582197, 281.6875, 167.40359922257957, 159.41582238929536, 275.9375, 86.0]",0,23.0,"[23.0, 1.0, 25.0, 10.0, 2.0, 8.0]","[23.0, 46.0, 47.0, 72.0, 82.0, 84.0, 92.0]","[0.0, 23.0, 46.0, 47.0, 72.0, 82.0, 84.0]","[2.5, 3.0, 3.0, 2.0, 1.5, 2.5, 1.0]","[4, 3, 7, 3, 3, 7, 1]","[9, 4, 4, 3, 3, 4, 2]","[1.0, 0.5, 0.5, 0.5, 0.5, 1.0, 1.0]","[2.0, 0.8, 0.5, 0.5, 0.75, 2.0, 2.0]","[0, 0, 1, 0, 0, 1, 0]",2014-12-02 11:00,32.0,6,2.0,23.0,3.0,1.0,439.4377420686678,"[214.05538713582197, 281.6875, 167.40359922257957, 159.41582238929536, 275.9375, 86.0]","[(214.05538713582197, 230.0), (281.6875, 10.0), (167.40359922257957, 250.0), (159.41582238929536, 100.0), (275.9375, 20.0), (86.0, 80.0)]",3.0,1,6,"[23.0, 1.0, 25.0, 10.0, 2.0, 8.0]","[214.05538713582197, 281.6875, 167.40359922257957, 159.41582238929536, 275.9375, 86.0]"
80200,"[16.0, 4.0, 16.0, 4.0, 12.0, 7.0, 2.0, 15.0]","[151.75, 287.4375, 204.0, 158.0, 164.8118667919715, 157.3775, 281.6875, 96.0]",3,4.0,"[12.0, 7.0, 2.0, 15.0]","[16.0, 20.0, 36.0, 40.0, 52.0, 59.0, 61.0, 76.0]","[0.0, 16.0, 20.0, 36.0, 40.0, 52.0, 59.0, 61.0]","[1.0, 3.5, 2.0, 1.0, 1.5, 1.0, 3.0, 1.0]","[4, 7, 4, 4, 3, 4, 7, 2]","[9, 4, 4, 4, 4, 3, 4, 1]","[1.0, 1.0, 0.75, 0.75, 0.5, 0.5, 0.5, 1.0]","[1.5, 1.5, 1.25, 1.25, 0.75, 0.75, 1.0, 2.0]","[0, 1, 0, 0, 0, 0, 1, 0]",2014-12-02 14:00,40.0,5,2.0,40.0,3.0,1.0,197.7469839309005,"[164.8118667919715, 157.3775, 281.6875, 96.0]","[(164.8118667919715, 120.0), (157.3775, 70.0), (281.6875, 20.0), (96.0, 150.0)]",3.0,1,4,"[12.0, 7.0, 2.0, 15.0]","[164.8118667919715, 157.3775, 281.6875, 96.0]"
80203,"[34.0, 5.0, 6.0, 16.0, 6.0, 5.0, 7.0]","[250.0, 238.01846237860732, 194.8508998056449, 176.55269941693467, 238.01846237860732, 101.0, 86.0]",1,5.0,"[6.0, 16.0, 6.0, 5.0, 7.0]","[34.0, 39.0, 45.0, 61.0, 67.0, 72.0, 79.0]","[0.0, 34.0, 39.0, 45.0, 61.0, 67.0, 72.0]","[3.0, 3.0, 2.0, 2.0, 3.0, 1.0, 1.0]","[4, 4, 4, 3, 4, 2, 1]","[4, 3, 3, 4, 3, 2, 2]","[2.0, 2.0, 2.0, 1.0, 2.0, 1.0, 1.0]","[3.0, 3.0, 3.0, 2.0, 2.0, 2.0, 2.0]","[0, 0, 0, 0, 0, 0, 0]",2014-12-02 15:00,42.0,6,3.0,39.0,3.0,1.0,439.4377420686678,"[194.8508998056449, 176.55269941693467, 238.01846237860732, 101.0, 86.0]","[(194.8508998056449, 60.0), (176.55269941693467, 160.0), (238.01846237860732, 60.0), (101.0, 50.0), (86.0, 70.0)]",3.0,1,5,"[6.0, 16.0, 6.0, 5.0, 7.0]","[194.8508998056449, 176.55269941693467, 238.01846237860732, 101.0, 86.0]"
80205,"[10.0, 18.7, 1.3000000000000007, 9.0, 6.0, 7.0, 7.0, 1.5, 0.5, 7.0, 3.5, 0.5]","[249.25, 181.06998247500167, 156.1325, 159.41582238929536, 167.40359922257957, 159.41582238929536, 156.1325, 156.1325, 292.25, 86.0, 86.0, 90.75]",2,1.3000000000000007,"[9.0, 6.0, 7.0, 7.0, 1.5, 0.5, 7.0, 3.5, 0.5]","[10.0, 28.7, 30.0, 39.0, 45.0, 52.0, 59.0, 60.5, 61.0, 68.0, 71.5, 72.0]","[0.0, 10.0, 28.7, 30.0, 39.0, 45.0, 52.0, 59.0, 60.5, 61.0, 68.0, 71.5]","[3.0, 2.5, 1.0, 1.5, 2.0, 1.5, 1.0, 1.0, 2.0, 1.0, 1.0, 1.0]","[5, 3, 3, 3, 3, 3, 3, 3, 7, 1, 1, 1]","[9, 3, 4, 3, 3, 3, 4, 4, 7, 2, 2, 0]","[2.0, 0.5, 0.5, 0.25, 0.25, 0.25, 0.5, 0.25, 0.5, 1.0, 1.5, 0.5]","[3.0, 0.75, 0.75, 0.5, 0.5, 0.5, 1.0, 0.5, 0.75, 1.5, 2.0, 0.75]","[0, 0, 0, 0, 0, 0, 0, 0, 1, 0, 0, 0]",2014-12-02 11:00,34.0,6,3.0,30.0,3.0,1.0,439.4377420686678,"[159.41582238929536, 167.40359922257957, 159.41582238929536, 156.1325, 156.1325, 292.25, 86.0, 86.0, 90.75]","[(159.41582238929536, 90.0), (167.40359922257957, 60.0), (159.41582238929536, 70.0), (156.1325, 70.0), (156.1325, 15.0), (292.25, 5.0), (86.0, 70.0), (86.0, 35.0), (90.75, 5.0)]",3.0,1,9,"[9.0, 6.0, 7.0, 7.0, 1.5, 0.5, 7.0, 3.5, 0.5]","[159.41582238929536, 167.40359922257957, 159.41582238929536, 156.1325, 156.1325, 292.25, 86.0, 86.0, 90.75]"
80208,"[21.0, 10.0, 7.0, 2.0, 2.0, 1.5, 0.5, 7.0, 11.0, 2.0, 1.5, 10.5]","[196.0, 259.0, 232.12522605741117, 194.8508998056449, 292.25, 176.55269941693467, 292.25, 181.06998247500167, 176.55269941693467, 292.25, 96.0, 86.0]",8,11.0,"[2.0, 1.5, 10.5]","[36.0, 46.0, 53.0, 55.0, 57.0, 58.5, 59.0, 66.0, 77.0, 79.0, 80.5, 91.0]","[15.0, 36.0, 46.0, 53.0, 55.0, 57.0, 58.5, 59.0, 66.0, 77.0, 79.0, 80.5]","[2.5, 4.0, 3.5, 2.0, 1.0, 2.0, 3.0, 2.5, 2.0, 2.5, 1.0, 1.0]","[9, 9, 3, 4, 7, 3, 7, 3, 3, 7, 2, 1]","[9, 9, 3, 3, 7, 4, 7, 3, 4, 7, 1, 2]","[2.0, 1.5, 0.5, 0.75, 1.25, 0.75, 1.5, 0.5, 0.75, 1.5, 1.0, 1.0]","[2.0, 2.0, 0.5, 1.0, 1.5, 1.0, 2.0, 0.75, 1.0, 2.5, 1.5, 1.5]","[0, 0, 0, 0, 1, 0, 1, 0, 0, 1, 0, 0]",2014-12-02 14:00,35.0,4,1.0,77.0,2.0,1.0,131.83132262060033,"[292.25, 96.0, 86.0]","[(292.25, 20.0), (96.0, 15.0), (86.0, 105.0)]",2.0,1,3,"[2.0, 1.5, 10.5]","[292.25, 96.0, 86.0]"
80239,"[25.0, 10.0, 5.0, 10.0, 12.0, 3.0, 6.0, 1.0, 1.0, 1.0]","[293.1875, 217.0, 287.4375, 204.0, 181.0, 281.6875, 158.0, 227.0, 140.0, 101.0]",3,10.0,"[12.0, 3.0, 6.0, 1.0, 1.0, 1.0]","[25.0, 35.0, 40.0, 50.0, 62.0, 65.0, 71.0, 72.0, 73.0, 74.0]","[0.0, 25.0, 35.0, 40.0, 50.0, 62.0, 65.0, 71.0, 72.0, 73.0]","[4.0, 3.0, 3.5, 2.0, 1.5, 3.0, 1.0, 2.5, 1.0, 1.0]","[7, 9, 7, 4, 4, 7, 4, 4, 6, 2]","[4, 9, 4, 4, 4, 4, 4, 4, 6, 2]","[1.0, 0.75, 1.0, 0.75, 0.75, 1.0, 0.5, 0.75, 4.0, 0.5]","[1.0, 1.0, 1.0, 1.0, 1.0, 1.0, 0.5, 0.75, 6.0, 1.0]","[1, 0, 1, 0, 0, 1, 0, 0, 0, 0]",2014-12-09 11:00,34.0,5,3.0,50.0,3.0,1.0,197.7469839309005,"[181.0, 281.6875, 158.0, 227.0, 140.0, 101.0]","[(181.0, 120.0), (281.6875, 30.0), (158.0, 60.0), (227.0, 10.0), (140.0, 10.0), (101.0, 10.0)]",3.0,1,6,"[12.0, 3.0, 6.0, 1.0, 1.0, 1.0]","[181.0, 281.6875, 158.0, 227.0, 140.0, 101.0]"
80305,"[15.0, 13.0, 5.0, 3.0, 2.0, 14.0, 7.0, 6.0, 30.0]","[269.5, 203.75, 283.9375, 158.0, 293.1875, 204.0, 158.0, 194.80538713582197, 221.84391954305838]",6,7.0,"[6.0, 30.0]","[15.0, 28.0, 33.0, 36.0, 38.0, 52.0, 59.0, 65.0, 95.0]","[0.0, 15.0, 28.0, 33.0, 36.0, 38.0, 52.0, 59.0, 65.0]","[3.5, 2.5, 4.0, 1.0, 4.0, 2.0, 1.0, 3.0, 3.5]","[7, 9, 7, 4, 7, 4, 4, 3, 3]","[9, 4, 9, 4, 4, 4, 4, 2, 2]","[1.0, 1.0, 1.0, 1.0, 1.0, 0.5, 1.0, 0.25, 0.25]","[2.0, 1.5, 2.5, 1.5, 1.0, 1.0, 1.5, 0.5, 0.5]","[0, 0, 1, 0, 1, 0, 0, 0, 0]",2014-12-28 14:00,27.0,3,1.0,59.0,1.0,3.0,100.9123351677189,"[194.80538713582197, 221.84391954305838]","[(194.80538713582197, 60.0), (221.84391954305838, 300.0)]",1.0,1,2,"[6.0, 30.0]","[194.80538713582197, 221.84391954305838]"
80362,"[15.0, 3.0, 3.0, 7.0, 2.0, 17.0, 1.0, 2.0]","[293.5625, 197.0, 287.3125, 158.0, 293.1875, 159.80269941693467, 292.25, 146.6325]",1,3.0,"[3.0, 7.0, 2.0, 17.0, 1.0, 2.0]","[15.0, 18.0, 21.0, 28.0, 30.0, 47.0, 48.0, 50.0]","[0.0, 15.0, 18.0, 21.0, 28.0, 30.0, 47.0, 48.0]","[4.5, 1.0, 3.5, 1.0, 4.0, 2.0, 4.0, 1.0]","[7, 5, 7, 4, 7, 3, 7, 3]","[5, 4, 5, 4, 4, 2, 7, 7]","[2.0, 2.0, 1.5, 1.0, 1.0, 0.25, 0.5, 0.25]","[4.0, 5.0, 3.0, 2.0, 2.0, 0.5, 1.0, 0.5]","[1, 0, 1, 0, 1, 0, 1, 0]",2015-01-03 13:00,27.0,3,2.0,18.0,2.0,3.0,100.9123351677189,"[287.3125, 158.0, 293.1875, 159.80269941693467, 292.25, 146.6325]","[(287.3125, 30.0), (158.0, 70.0), (293.1875, 20.0), (159.80269941693467, 170.0), (292.25, 10.0), (146.6325, 20.0)]",2.0,1,6,"[3.0, 7.0, 2.0, 17.0, 1.0, 2.0]","[287.3125, 158.0, 293.1875, 159.80269941693467, 292.25, 146.6325]"
80412,"[28.0, 2.0, 5.0, 5.5, 0.5, 7.0, 1.0, 19.0, 6.0, 11.0]","[191.375, 284.1875, 171.0, 204.0, 292.25, 194.80538713582197, 114.6275, 181.06998247500167, 114.6275, 159.80269941693467]",5,7.0,"[1.0, 19.0, 6.0, 11.0]","[28.0, 30.0, 35.0, 40.5, 41.0, 48.0, 49.0, 68.0, 74.0, 85.0]","[0.0, 28.0, 30.0, 35.0, 40.5, 41.0, 48.0, 49.0, 68.0, 74.0]","[1.5, 3.0, 1.0, 2.0, 3.5, 3.0, 1.0, 2.5, 1.0, 2.0]","[4, 7, 4, 4, 7, 3, 2, 3, 2, 3]","[5, 5, 5, 4, 7, 2, 3, 3, 3, 2]","[1.5, 1.5, 0.7, 0.7, 0.5, 0.2, 0.2, 0.25, 0.2, 0.2]","[2.5, 2.0, 2.0, 1.0, 1.0, 0.5, 0.5, 0.25, 0.5, 0.5]","[0, 1, 0, 0, 1, 0, 0, 0, 0, 0]",2015-01-09 10:00,32.0,4,1.0,48.0,2.0,3.0,131.83132262060033,"[114.6275, 181.06998247500167, 114.6275, 159.80269941693467]","[(114.6275, 10.0), (181.06998247500167, 190.0), (114.6275, 60.0), (159.80269941693467, 110.0)]",2.0,1,4,"[1.0, 19.0, 6.0, 11.0]","[114.6275, 181.06998247500167, 114.6275, 159.80269941693467]"
80452,"[20.0, 2.0, 12.0, 2.0, 8.0, 10.0, 15.0, 14.0, 2.0, 3.0, 5.0, 9.0]","[204.0, 287.4375, 158.0, 287.4375, 158.0, 204.0, 202.0738495144293, 181.06998247500167, 292.25, 114.6275, 293.1875, 129.10395559732385]",5,10.0,"[15.0, 14.0, 2.0, 3.0, 5.0, 9.0]","[20.0, 22.0, 34.0, 36.0, 44.0, 54.0, 69.0, 83.0, 85.0, 88.0, 93.0, 102.0]","[0.0, 20.0, 22.0, 34.0, 36.0, 44.0, 54.0, 69.0, 83.0, 85.0, 88.0, 93.0]","[2.0, 3.5, 1.0, 3.5, 1.0, 2.0, 3.0, 2.5, 4.5, 1.0, 4.0, 1.5]","[4, 7, 4, 7, 4, 4, 3, 3, 7, 2, 7, 2]","[4, 4, 4, 4, 4, 4, 3, 3, 7, 3, 4, 3]","[1.0, 1.0, 1.5, 1.5, 1.0, 1.0, 0.25, 0.5, 0.75, 0.5, 1.0, 0.5]","[1.5, 1.25, 2.0, 1.5, 1.5, 1.0, 0.5, 0.5, 0.75, 0.75, 1.0, 0.75]","[0, 1, 0, 1, 0, 0, 0, 0, 1, 0, 1, 0]",2015-01-14 12:00,34.0,4,2.0,54.0,3.0,2.0,131.83132262060033,"[202.0738495144293, 181.06998247500167, 292.25, 114.6275, 293.1875, 129.10395559732385]","[(202.0738495144293, 150.0), (181.06998247500167, 140.0), (292.25, 20.0), (114.6275, 30.0), (293.1875, 50.0), (129.10395559732385, 90.0)]",3.0,1,6,"[15.0, 14.0, 2.0, 3.0, 5.0, 9.0]","[202.0738495144293, 181.06998247500167, 292.25, 114.6275, 293.1875, 129.10395559732385]"
80456,"[35.0, 1.0, 4.5, 0.5, 14.0, 20.0, 10.0, 11.0, 3.0, 1.5, 0.5]","[171.0, 292.25, 158.0, 292.25, 158.0, 202.0738495144293, 167.40359922257957, 149.3118667919715, 292.25, 159.80269941693467, 292.25]",1,1.0,"[4.5, 0.5, 14.0, 20.0, 10.0, 11.0, 3.0, 1.5, 0.5]","[35.0, 36.0, 40.5, 41.0, 55.0, 75.0, 85.0, 96.0, 99.0, 100.5, 101.0]","[0.0, 35.0, 36.0, 40.5, 41.0, 55.0, 75.0, 85.0, 96.0, 99.0, 100.5]","[1.0, 4.0, 1.0, 5.0, 1.0, 3.0, 2.0, 1.5, 5.0, 2.0, 4.0]","[4, 7, 4, 7, 4, 3, 3, 3, 7, 3, 7]","[5, 7, 4, 7, 4, 3, 3, 2, 7, 2, 7]","[1.5, 1.5, 1.5, 1.5, 1.5, 0.5, 0.5, 0.5, 0.5, 0.5, 0.5]","[2.0, 2.0, 1.5, 1.5, 2.0, 0.5, 1.0, 1.0, 1.0, 1.0, 1.0]","[0, 1, 0, 1, 0, 0, 0, 0, 1, 0, 1]",2015-01-14 13:00,34.0,5,1.0,36.0,2.0,3.0,197.7469839309005,"[158.0, 292.25, 158.0, 202.0738495144293, 167.40359922257957, 149.3118667919715, 292.25, 159.80269941693467, 292.25]","[(158.0, 45.0), (292.25, 5.0), (158.0, 140.0), (202.0738495144293, 200.0), (167.40359922257957, 100.0), (149.3118667919715, 110.0), (292.25, 30.0), (159.80269941693467, 15.0), (292.25, 5.0)]",2.0,1,9,"[4.5, 0.5, 14.0, 20.0, 10.0, 11.0, 3.0, 1.5, 0.5]","[158.0, 292.25, 158.0, 202.0738495144293, 167.40359922257957, 149.3118667919715, 292.25, 159.80269941693467, 292.25]"
80513,"[9.0, 11.5, 1.5, 6.0, 2.0, 12.0, 0.5, 2.0, 1.5, 6.0, 9.0, 18.0, 3.799999999999997, 0.20000000000000284]","[208.875, 211.75, 275.9375, 171.0, 275.9375, 171.0, 281.6875, 171.0, 292.25, 181.06998247500167, 134.5, 101.0, 96.0, 110.75]",6,0.5,"[2.0, 1.5, 6.0, 9.0, 18.0, 3.799999999999997, 0.20000000000000284]","[9.0, 20.5, 22.0, 28.0, 30.0, 42.0, 42.5, 44.5, 46.0, 52.0, 61.0, 79.0, 82.8, 83.0]","[0.0, 9.0, 20.5, 22.0, 28.0, 30.0, 42.0, 42.5, 44.5, 46.0, 52.0, 61.0, 79.0, 82.8]","[2.5, 2.0, 2.5, 1.0, 2.5, 1.0, 3.0, 1.0, 3.5, 2.5, 1.5, 1.0, 1.0, 1.0]","[9, 4, 7, 4, 7, 4, 7, 4, 7, 3, 2, 2, 2, 2]","[5, 5, 4, 5, 4, 5, 4, 5, 7, 3, 4, 2, 1, 6]","[1.0, 1.0, 1.0, 1.0, 1.0, 1.0, 1.0, 1.0, 1.0, 0.25, 0.5, 0.5, 1.0, 0.5]","[2.0, 3.0, 2.0, 2.0, 2.0, 3.0, 2.0, 3.0, 1.5, 0.25, 1.0, 1.5, 2.0, 1.0]","[0, 0, 1, 0, 1, 0, 1, 0, 1, 0, 0, 0, 0, 0]",2015-01-19 12:00,35.0,3,2.0,42.5,2.0,3.0,100.9123351677189,"[171.0, 292.25, 181.06998247500167, 134.5, 101.0, 96.0, 110.75]","[(171.0, 20.0), (292.25, 15.0), (181.06998247500167, 60.0), (134.5, 90.0), (101.0, 180.0), (96.0, 37.99999999999997), (110.75, 2.0000000000000284)]",2.0,1,7,"[2.0, 1.5, 6.0, 9.0, 18.0, 3.799999999999997, 0.20000000000000284]","[171.0, 292.25, 181.06998247500167, 134.5, 101.0, 96.0, 110.75]"
80529,"[8.0, 18.0, 12.0, 1.0, 3.5, 0.5, 3.299999999999997, 0.7000000000000028, 9.0, 22.5, 1.2999999999999972, 0.20000000000000284, 13.0, 3.0, 1.0, 2.0, 10.0, 3.5, 1.5, 11.0, 12.0, 3.5, 0.5]","[152.25, 201.0, 152.25, 275.9375, 152.25, 275.9375, 133.0, 275.9375, 154.0, 232.12522605741117, 154.0, 134.75, 181.06998247500167, 159.80269941693467, 292.25, 149.3118667919715, 232.12522605741117, 149.3118667919715, 202.0738495144293, 156.1325, 143.75, 143.75, 140.0]",10,1.2999999999999972,"[0.20000000000000284, 13.0, 3.0, 1.0, 2.0, 10.0, 3.5, 1.5, 11.0, 12.0, 3.5, 0.5]","[8.0, 26.0, 38.0, 39.0, 42.5, 43.0, 46.3, 47.0, 56.0, 78.5, 79.8, 80.0, 93.0, 96.0, 97.0, 99.0, 109.0, 112.5, 114.0, 125.0, 137.0, 140.5, 141.0]","[0.0, 8.0, 26.0, 38.0, 39.0, 42.5, 43.0, 46.3, 47.0, 56.0, 78.5, 79.8, 80.0, 93.0, 96.0, 97.0, 99.0, 109.0, 112.5, 114.0, 125.0, 137.0, 140.5]","[1.0, 2.5, 1.0, 2.5, 1.0, 2.5, 1.0, 2.5, 1.5, 3.5, 1.5, 1.0, 2.5, 2.0, 3.5, 1.5, 3.5, 1.5, 3.0, 1.0, 1.0, 1.0, 1.0]","[9, 9, 9, 7, 9, 7, 9, 7, 9, 3, 9, 9, 3, 3, 7, 3, 3, 3, 3, 3, 4, 4, 6]","[5, 7, 5, 4, 5, 4, 9, 4, 9, 3, 9, 6, 3, 2, 7, 2, 3, 2, 3, 4, 2, 2, 6]","[2.0, 2.0, 1.5, 1.5, 1.5, 1.0, 1.0, 1.0, 0.75, 0.5, 0.75, 1.0, 0.5, 0.5, 0.5, 0.5, 0.5, 0.5, 0.25, 0.5, 0.5, 0.5, 4.0]","[3.0, 3.0, 2.5, 2.0, 2.5, 2.0, 2.0, 1.0, 1.25, 0.5, 1.25, 3.0, 0.5, 0.75, 1.0, 0.75, 0.5, 0.75, 0.5, 0.75, 0.75, 1.0, 6.0]","[0, 0, 0, 1, 0, 1, 0, 1, 0, 0, 0, 0, 0, 0, 1, 0, 0, 0, 0, 0, 0, 0, 0]",2015-01-21 14:00,30.0,6,3.0,79.8,3.0,2.0,439.4377420686678,"[134.75, 181.06998247500167, 159.80269941693467, 292.25, 149.3118667919715, 232.12522605741117, 149.3118667919715, 202.0738495144293, 156.1325, 143.75, 143.75, 140.0]","[(134.75, 2.0000000000000284), (181.06998247500167, 130.0), (159.80269941693467, 30.0), (292.25, 10.0), (149.3118667919715, 20.0), (232.12522605741117, 100.0), (149.3118667919715, 35.0), (202.0738495144293, 15.0), (156.1325, 110.0), (143.75, 120.0), (143.75, 35.0), (140.0, 5.0)]",3.0,1,12,"[0.20000000000000284, 13.0, 3.0, 1.0, 2.0, 10.0, 3.5, 1.5, 11.0, 12.0, 3.5, 0.5]","[134.75, 181.06998247500167, 159.80269941693467, 292.25, 149.3118667919715, 232.12522605741117, 149.3118667919715, 202.0738495144293, 156.1325, 143.75, 143.75, 140.0]"
80575,"[15.0, 24.0, 1.0, 2.0, 21.0, 12.0, 1.0, 3.5, 0.5, 5.0, 25.0, 10.0, 10.0, 3.0]","[242.375, 181.0, 287.4375, 181.0, 227.0, 250.0, 287.4375, 158.0, 287.4375, 227.0, 134.5, 101.0, 101.0, 81.0]",7,3.5,"[0.5, 5.0, 25.0, 10.0, 10.0, 3.0]","[15.0, 39.0, 40.0, 42.0, 63.0, 75.0, 76.0, 79.5, 80.0, 85.0, 110.0, 120.0, 130.0, 133.0]","[0.0, 15.0, 39.0, 40.0, 42.0, 63.0, 75.0, 76.0, 79.5, 80.0, 85.0, 110.0, 120.0, 130.0]","[2.5, 1.5, 3.5, 1.5, 2.5, 3.0, 3.5, 1.0, 3.5, 2.5, 1.5, 1.0, 1.0, 1.0]","[5, 4, 7, 4, 4, 4, 7, 4, 7, 4, 2, 2, 2, 1]","[4, 4, 4, 4, 4, 4, 4, 4, 4, 4, 4, 2, 2, 1]","[2.0, 1.2, 1.0, 1.5, 1.0, 0.75, 1.0, 1.0, 1.0, 0.5, 0.75, 1.0, 1.0, 1.5]","[3.0, 2.0, 2.0, 1.5, 1.5, 0.75, 2.0, 1.5, 2.0, 0.5, 0.75, 1.0, 1.0, 1.5]","[0, 0, 1, 0, 0, 0, 1, 0, 1, 0, 0, 0, 0, 0]",2015-01-28 15:00,32.0,4,3.0,79.5,3.0,3.5,131.83132262060033,"[287.4375, 227.0, 134.5, 101.0, 101.0, 81.0]","[(287.4375, 5.0), (227.0, 50.0), (134.5, 250.0), (101.0, 100.0), (101.0, 100.0), (81.0, 30.0)]",3.0,1,6,"[0.5, 5.0, 25.0, 10.0, 10.0, 3.0]","[287.4375, 227.0, 134.5, 101.0, 101.0, 81.0]"
80671,"[20.0, 15.0, 1.0, 18.0, 1.0, 40.0, 27.0, 2.0, 0.5]","[275.9375, 212.125, 292.25, 212.125, 250.0, 227.0, 149.3118667919715, 90.75, 140.0]",5,40.0,"[27.0, 2.0, 0.5]","[20.0, 35.0, 36.0, 54.0, 55.0, 95.0, 122.0, 124.0, 124.5]","[0.0, 20.0, 35.0, 36.0, 54.0, 55.0, 95.0, 122.0, 124.0]","[2.5, 1.5, 3.0, 1.5, 3.0, 2.5, 1.5, 1.0, 1.0]","[7, 5, 7, 5, 4, 4, 3, 1, 6]","[4, 4, 7, 4, 4, 4, 2, 0, 6]","[2.0, 2.0, 1.0, 2.0, 1.0, 1.0, 0.25, 1.0, 0.5]","[4.0, 4.0, 2.0, 3.0, 1.0, 1.5, 0.75, 2.0, 1.0]","[1, 0, 1, 0, 0, 0, 0, 0, 0]",2015-02-05 10:00,33.0,5,2.0,95.0,3.0,3.0,197.7469839309005,"[149.3118667919715, 90.75, 140.0]","[(149.3118667919715, 270.0), (90.75, 20.0), (140.0, 5.0)]",3.0,1,3,"[27.0, 2.0, 0.5]","[149.3118667919715, 90.75, 140.0]"
80837,"[35.0, 2.0, 9.0, 12.0, 5.0, 3.0, 3.0, 1.0, 8.0, 2.5, 0.5, 15.0, 6.0, 1.0, 0.5]","[234.625, 289.1875, 152.25, 225.25, 182.25, 289.1875, 133.0, 246.75, 160.75, 151.75, 134.75, 176.55269941693467, 158.0, 278.73334707923954, 140.0]",10,0.5,"[15.0, 6.0, 1.0, 0.5]","[35.0, 37.0, 46.0, 58.0, 63.0, 66.0, 69.0, 70.0, 78.0, 80.5, 81.0, 96.0, 102.0, 103.0, 103.5]","[0.0, 35.0, 37.0, 46.0, 58.0, 63.0, 66.0, 69.0, 70.0, 78.0, 80.5, 81.0, 96.0, 102.0, 103.0]","[2.5, 4.5, 1.0, 3.0, 2.0, 4.5, 1.0, 3.5, 1.5, 1.0, 1.0, 2.0, 1.0, 4.0, 1.0]","[5, 7, 9, 9, 9, 7, 9, 9, 9, 4, 9, 3, 4, 3, 6]","[9, 9, 5, 4, 4, 9, 9, 4, 4, 9, 6, 4, 4, 4, 6]","[2.0, 2.0, 2.0, 0.75, 1.0, 1.0, 0.75, 0.5, 0.5, 0.5, 1.0, 0.25, 0.5, 0.25, 1.0]","[5.0, 4.0, 4.0, 1.5, 2.0, 1.5, 1.25, 1.0, 1.0, 1.0, 4.0, 0.5, 1.0, 0.5, 3.0]","[0, 1, 0, 0, 0, 1, 0, 0, 0, 0, 0, 0, 0, 0, 0]",2015-02-20 09:00,29.0,3,2.0,81.0,2.0,2.0,100.9123351677189,"[176.55269941693467, 158.0, 278.73334707923954, 140.0]","[(176.55269941693467, 150.0), (158.0, 60.0), (278.73334707923954, 10.0), (140.0, 5.0)]",2.0,1,4,"[15.0, 6.0, 1.0, 0.5]","[176.55269941693467, 158.0, 278.73334707923954, 140.0]"
80839,"[40.0, 12.0, 6.0, 1.0, 7.0, 1.5, 0.5, 2.0, 3.0, 3.0, 13.0, 1.0, 10.0, 1.0, 0.5]","[238.0, 225.25, 152.25, 217.0, 190.75, 196.0, 440.0, 139.25, 203.75, 196.75, 158.0, 296.0, 158.0, 272.9777961056527, 140.0]",4,7.0,"[1.5, 0.5, 2.0, 3.0, 3.0, 13.0, 1.0, 10.0, 1.0, 0.5]","[40.0, 52.0, 58.0, 59.0, 66.0, 67.5, 68.0, 70.0, 73.0, 76.0, 89.0, 90.0, 100.0, 101.0, 101.5]","[0.0, 40.0, 52.0, 58.0, 59.0, 66.0, 67.5, 68.0, 70.0, 73.0, 76.0, 89.0, 90.0, 100.0, 101.0]","[3.5, 3.0, 1.0, 3.0, 1.0, 2.5, 6.0, 1.0, 2.5, 2.0, 1.0, 4.0, 1.0, 4.0, 1.0]","[9, 9, 9, 9, 5, 9, 8, 9, 9, 4, 4, 4, 4, 3, 6]","[9, 4, 5, 9, 9, 9, 8, 4, 4, 9, 4, 4, 4, 3, 6]","[1.0, 1.5, 1.5, 1.5, 3.0, 1.0, nan, 1.5, 0.75, 0.75, 1.0, 0.5, 0.75, 0.25, 1.0]","[2.0, 3.0, 4.0, 3.0, 6.0, 2.0, nan, 3.0, 1.25, 1.5, 2.5, 1.0, 1.25, 0.5, 2.0]","[0, 0, 0, 0, 0, 0, 0, 0, 0, 0, 0, 0, 0, 0, 0]",2015-02-20 10:00,36.0,5,1.0,66.0,2.0,2.0,197.7469839309005,"[196.0, 440.0, 139.25, 203.75, 196.75, 158.0, 296.0, 158.0, 272.9777961056527, 140.0]","[(196.0, 15.0), (440.0, 5.0), (139.25, 20.0), (203.75, 30.0), (196.75, 30.0), (158.0, 130.0), (296.0, 10.0), (158.0, 100.0), (272.9777961056527, 10.0), (140.0, 5.0)]",2.0,1,10,"[1.5, 0.5, 2.0, 3.0, 3.0, 13.0, 1.0, 10.0, 1.0, 0.5]","[196.0, 440.0, 139.25, 203.75, 196.75, 158.0, 296.0, 158.0, 272.9777961056527, 140.0]"
80890,"[23.0, 5.0, 14.0, 20.0, 2.0, 1.0, 2.0, 4.0, 1.0, 2.0, 19.0, 2.5, 0.5, 24.0, 18.0]","[152.5, 292.25, 175.0, 217.0, 292.25, 133.0, 292.25, 154.0, 292.25, 151.75, 292.25, 156.1325, 292.25, 96.0, 86.0]",12,0.5,"[24.0, 18.0]","[23.0, 28.0, 42.0, 62.0, 64.0, 65.0, 67.0, 71.0, 72.0, 74.0, 93.0, 95.5, 96.0, 120.0, 138.0]","[0.0, 23.0, 28.0, 42.0, 62.0, 64.0, 65.0, 67.0, 71.0, 72.0, 74.0, 93.0, 95.5, 96.0, 120.0]","[1.5, 2.5, 2.0, 3.0, 3.5, 1.0, 3.5, 1.5, 2.5, 1.0, 3.5, 1.0, 2.5, 1.0, 1.0]","[7, 7, 9, 9, 7, 9, 7, 9, 7, 4, 7, 3, 7, 2, 1]","[9, 7, 9, 9, 7, 9, 7, 9, 7, 9, 7, 4, 7, 1, 2]","[1.0, 1.0, 1.0, 0.75, 1.0, 2.0, 1.0, 0.75, 1.0, 0.75, 1.0, 0.5, 0.5, 0.75, 1.0]","[2.0, 1.0, 2.0, 1.0, 1.0, 2.0, 1.0, 0.75, 1.0, 0.75, 1.0, 0.75, 0.5, 1.5, 2.0]","[0, 1, 0, 0, 1, 0, 1, 0, 1, 0, 1, 0, 1, 0, 0]",2015-02-24 11:00,40.0,2,2.0,96.0,1.0,2.0,80.0,"[96.0, 86.0]","[(96.0, 240.0), (86.0, 180.0)]",1.0,1,2,"[24.0, 18.0]","[96.0, 86.0]"
80891,"[24.0, 21.0, 7.0, 14.200000000000003, 0.7999999999999972, 22.799999999999997, 0.20000000000000284, 5.0, 11.0, 2.0, 2.0]","[160.75, 196.0, 281.6875, 175.0, 140.0, 164.8118667919715, 153.5, 101.0, 96.0, 96.0, 81.0]",3,14.200000000000003,"[0.7999999999999972, 22.799999999999997, 0.20000000000000284, 5.0, 11.0, 2.0, 2.0]","[24.0, 45.0, 52.0, 66.2, 67.0, 89.8, 90.0, 95.0, 106.0, 108.0, 110.0]","[0.0, 24.0, 45.0, 52.0, 66.2, 67.0, 89.8, 90.0, 95.0, 106.0, 108.0]","[1.5, 2.5, 3.0, 2.0, 1.0, 1.5, 1.0, 1.0, 1.0, 1.0, 1.0]","[9, 9, 7, 9, 6, 3, 4, 2, 2, 2, 1]","[4, 9, 4, 9, 6, 4, 6, 2, 1, 1, 1]","[1.5, 1.0, 1.0, 1.0, 4.0, 0.75, 1.0, 0.75, 1.0, 1.0, 0.75]","[3.0, 1.5, 3.0, 1.25, 8.0, 1.0, 1.5, 1.0, 2.0, 1.0, 1.0]","[0, 0, 1, 0, 0, 0, 0, 0, 0, 0, 0]",2015-02-24 11:00,26.0,3,2.0,66.2,2.0,3.0,100.9123351677189,"[140.0, 164.8118667919715, 153.5, 101.0, 96.0, 96.0, 81.0]","[(140.0, 7.999999999999972), (164.8118667919715, 227.99999999999997), (153.5, 2.0000000000000284), (101.0, 50.0), (96.0, 110.0), (96.0, 20.0), (81.0, 20.0)]",2.0,1,7,"[0.7999999999999972, 22.799999999999997, 0.20000000000000284, 5.0, 11.0, 2.0, 2.0]","[140.0, 164.8118667919715, 153.5, 101.0, 96.0, 96.0, 81.0]"
80919,"[1.5, 8.0, 6.0, 1.5, 0.5, 21.0, 11.0, 9.0, 9.0, 1.5, 0.5, 3.0, 9.0, 9.0, 3.0]","[292.25, 217.0, 175.0, 133.0, 134.75, 232.12522605741117, 205.80538713582197, 176.55269941693467, 181.06998247500167, 139.25, 292.25, 157.3775, 159.41582238929536, 114.6275, 114.6275]",5,21.0,"[11.0, 9.0, 9.0, 1.5, 0.5, 3.0, 9.0, 9.0, 3.0]","[128.0, 136.0, 142.0, 143.5, 144.0, 165.0, 176.0, 185.0, 194.0, 195.5, 196.0, 199.0, 208.0, 217.0, 220.0]","[126.5, 128.0, 136.0, 142.0, 143.5, 144.0, 165.0, 176.0, 185.0, 194.0, 195.5, 196.0, 199.0, 208.0, 217.0]","[4.0, 3.0, 2.0, 1.0, 1.0, 3.5, 3.0, 2.0, 2.5, 1.0, 3.0, 1.0, 1.5, 1.0, 1.0]","[7, 9, 9, 9, 9, 3, 3, 3, 3, 9, 7, 4, 3, 2, 2]","[7, 9, 9, 9, 6, 3, 9, 4, 3, 4, 7, 3, 3, 3, 3]","[1.0, 0.5, 0.75, 0.75, 2.0, 0.5, 0.5, 0.5, 0.5, 0.75, 0.5, 0.5, 0.25, 0.5, 0.5]","[1.0, 0.75, 0.75, 1.0, 4.0, 0.5, 0.75, 0.75, 0.5, 1.0, 0.75, 0.75, 0.5, 1.0, 0.75]","[1, 0, 0, 0, 0, 0, 0, 0, 0, 0, 1, 0, 0, 0, 0]",2015-02-26 11:00,21.0,6,3.0,165.0,3.0,2.0,439.4377420686678,"[205.80538713582197, 176.55269941693467, 181.06998247500167, 139.25, 292.25, 157.3775, 159.41582238929536, 114.6275, 114.6275]","[(205.80538713582197, 110.0), (176.55269941693467, 90.0), (181.06998247500167, 90.0), (139.25, 15.0), (292.25, 5.0), (157.3775, 30.0), (159.41582238929536, 90.0), (114.6275, 90.0), (114.6275, 30.0)]",3.0,1,9,"[11.0, 9.0, 9.0, 1.5, 0.5, 3.0, 9.0, 9.0, 3.0]","[205.80538713582197, 176.55269941693467, 181.06998247500167, 139.25, 292.25, 157.3775, 159.41582238929536, 114.6275, 114.6275]"
81131,"[27.0, 39.0, 15.0, 9.0, 13.0, 11.0, 1.0, 23.0, 3.0, 1.0, 1.0, 0.5, 0.5]","[210.0, 154.0, 152.25, 196.75, 205.80538713582197, 167.40359922257957, 139.25, 181.06998247500167, 292.25, 158.0, 292.25, 153.5, 105.75]",2,15.0,"[9.0, 13.0, 11.0, 1.0, 23.0, 3.0, 1.0, 1.0, 0.5, 0.5]","[27.0, 66.0, 81.0, 90.0, 103.0, 114.0, 115.0, 138.0, 141.0, 142.0, 143.0, 143.5, 144.0]","[0.0, 27.0, 66.0, 81.0, 90.0, 103.0, 114.0, 115.0, 138.0, 141.0, 142.0, 143.0, 143.5]","[1.0, 1.5, 1.0, 2.0, 3.0, 2.0, 1.0, 2.5, 4.0, 1.0, 3.0, 1.0, 1.0]","[5, 9, 9, 4, 3, 3, 9, 3, 7, 4, 7, 4, 2]","[5, 9, 5, 9, 9, 3, 4, 3, 7, 4, 7, 6, 0]","[3.0, 1.0, 1.5, 0.75, 0.5, 0.5, 0.75, 0.5, 1.0, 0.5, 0.5, 1.0, 1.0]","[4.0, 2.0, 2.0, 1.0, 0.75, 0.5, 1.0, 0.5, 1.5, 0.75, 0.75, 4.0, 2.0]","[0, 0, 0, 0, 0, 0, 0, 0, 1, 0, 1, 0, 0]",2015-03-24 15:00,35.0,6,3.0,81.0,3.0,1.0,439.4377420686678,"[196.75, 205.80538713582197, 167.40359922257957, 139.25, 181.06998247500167, 292.25, 158.0, 292.25, 153.5, 105.75]","[(196.75, 90.0), (205.80538713582197, 130.0), (167.40359922257957, 110.0), (139.25, 10.0), (181.06998247500167, 230.0), (292.25, 30.0), (158.0, 10.0), (292.25, 10.0), (153.5, 5.0), (105.75, 5.0)]",3.0,1,10,"[9.0, 13.0, 11.0, 1.0, 23.0, 3.0, 1.0, 1.0, 0.5, 0.5]","[196.75, 205.80538713582197, 167.40359922257957, 139.25, 181.06998247500167, 292.25, 158.0, 292.25, 153.5, 105.75]"
81132,"[44.0, 1.0, 26.0, 3.0, 1.0, 5.0, 14.0, 15.0, 2.0]","[250.0, 292.25, 232.125, 197.0, 292.25, 181.0, 197.0, 194.8508998056449, 86.0]",3,3.0,"[1.0, 5.0, 14.0, 15.0, 2.0]","[44.0, 45.0, 71.0, 74.0, 75.0, 80.0, 94.0, 109.0, 111.0]","[0.0, 44.0, 45.0, 71.0, 74.0, 75.0, 80.0, 94.0, 109.0]","[3.0, 3.5, 2.5, 1.0, 3.5, 1.5, 1.0, 2.0, 1.0]","[4, 7, 4, 5, 7, 4, 5, 4, 1]","[4, 7, 5, 4, 7, 4, 4, 3, 2]","[2.0, 2.0, 2.0, 2.0, 2.0, 1.5, 2.0, 0.8, 1.0]","[2.0, 2.0, 2.0, 3.0, 2.0, 2.0, 3.0, 0.8, 1.5]","[0, 1, 0, 0, 1, 0, 0, 0, 0]",2015-03-24 15:00,32.0,5,3.0,74.0,3.0,1.0,197.7469839309005,"[292.25, 181.0, 197.0, 194.8508998056449, 86.0]","[(292.25, 10.0), (181.0, 50.0), (197.0, 140.0), (194.8508998056449, 150.0), (86.0, 20.0)]",3.0,1,5,"[1.0, 5.0, 14.0, 15.0, 2.0]","[292.25, 181.0, 197.0, 194.8508998056449, 86.0]"
81321,"[10.0, 41.0, 10.0, 1.0, 8.0, 10.0, 8.0, 6.0]","[215.51749561875042, 214.05538713582197, 232.12522605741117, 115.25, 157.3775, 149.3118667919715, 141.8825, 86.0]",3,1.0,"[8.0, 10.0, 8.0, 6.0]","[10.0, 51.0, 61.0, 62.0, 70.0, 80.0, 88.0, 94.0]","[0.0, 10.0, 51.0, 61.0, 62.0, 70.0, 80.0, 88.0]","[2.5, 3.0, 3.5, 1.0, 1.0, 1.5, 1.0, 1.0]","[4, 3, 3, 2, 4, 3, 3, 1]","[3, 4, 3, 4, 3, 2, 2, 2]","[0.5, 0.25, 0.25, 0.5, 0.25, 0.25, 0.25, 1.0]","[0.5, 0.75, 0.5, 1.0, 1.0, 0.75, 1.0, 2.0]","[0, 0, 0, 0, 0, 0, 0, 0]",2015-11-27 09:00,26.0,2,2.0,62.0,1.0,2.0,80.0,"[157.3775, 149.3118667919715, 141.8825, 86.0]","[(157.3775, 80.0), (149.3118667919715, 100.0), (141.8825, 80.0), (86.0, 60.0)]",1.0,1,4,"[8.0, 10.0, 8.0, 6.0]","[157.3775, 149.3118667919715, 141.8825, 86.0]"
81323,"[19.0, 2.0, 7.0, 1.0, 11.0, 5.0, 15.0, 13.0, 5.0, 4.0, 12.0, 9.900000000000006, 0.09999999999999432]","[152.25, 287.3125, 190.75, 284.1875, 215.51749561875042, 157.3775, 176.55269941693467, 164.8118667919715, 192.55248685625125, 167.40359922257957, 156.1325, 176.55269941693467, 123.875]",2,7.0,"[1.0, 11.0, 5.0, 15.0, 13.0, 5.0, 4.0, 12.0, 9.900000000000006, 0.09999999999999432]","[19.0, 21.0, 28.0, 29.0, 40.0, 45.0, 60.0, 73.0, 78.0, 82.0, 94.0, 103.9, 104.0]","[0.0, 19.0, 21.0, 28.0, 29.0, 40.0, 45.0, 60.0, 73.0, 78.0, 82.0, 94.0, 103.9]","[1.0, 3.5, 1.0, 3.0, 2.5, 1.0, 2.0, 1.5, 2.5, 2.0, 1.0, 2.0, 1.5]","[9, 7, 5, 7, 4, 4, 3, 3, 3, 3, 3, 3, 2]","[5, 5, 9, 5, 3, 3, 4, 4, 4, 3, 4, 4, 0]","[1.5, 1.5, 1.0, 1.0, 0.5, 0.5, 0.5, 0.5, 0.5, 0.5, 0.5, 0.5, 0.5]","[2.5, 2.0, 2.0, 2.0, 0.75, 0.75, 0.75, 0.75, 0.75, 0.5, 0.75, 0.5, 1.0]","[0, 1, 0, 1, 0, 0, 0, 0, 0, 0, 0, 0, 0]",2015-11-27 09:00,40.0,5,2.0,28.0,3.0,3.0,197.7469839309005,"[284.1875, 215.51749561875042, 157.3775, 176.55269941693467, 164.8118667919715, 192.55248685625125, 167.40359922257957, 156.1325, 176.55269941693467, 123.875]","[(284.1875, 10.0), (215.51749561875042, 110.0), (157.3775, 50.0), (176.55269941693467, 150.0), (164.8118667919715, 130.0), (192.55248685625125, 50.0), (167.40359922257957, 40.0), (156.1325, 120.0), (176.55269941693467, 99.00000000000006), (123.875, 0.9999999999999432)]",3.0,1,10,"[1.0, 11.0, 5.0, 15.0, 13.0, 5.0, 4.0, 12.0, 9.900000000000006, 0.09999999999999432]","[284.1875, 215.51749561875042, 157.3775, 176.55269941693467, 164.8118667919715, 192.55248685625125, 167.40359922257957, 156.1325, 176.55269941693467, 123.875]"
81324,"[3.0, 16.0, 3.0, 4.0, 1.0, 8.5, 0.5, 9.0, 9.0, 6.0, 6.0, 4.0]","[289.1875, 139.25, 225.25, 171.0, 287.4375, 171.0, 289.1875, 164.8118667919715, 156.1325, 167.40359922257957, 114.6275, 115.25]",5,8.5,"[0.5, 9.0, 9.0, 6.0, 6.0, 4.0]","[3.0, 19.0, 22.0, 26.0, 27.0, 35.5, 36.0, 45.0, 54.0, 60.0, 66.0, 70.0]","[0.0, 3.0, 19.0, 22.0, 26.0, 27.0, 35.5, 36.0, 45.0, 54.0, 60.0, 66.0]","[4.5, 1.0, 3.0, 1.0, 3.5, 1.0, 4.5, 1.5, 1.0, 2.0, 1.0, 1.0]","[7, 9, 9, 4, 7, 4, 7, 3, 3, 3, 2, 2]","[9, 4, 4, 5, 4, 5, 9, 4, 4, 3, 3, 4]","[1.0, 1.0, 0.5, 1.5, 1.0, 1.5, 0.75, 0.5, 0.5, 0.25, 0.5, 0.25]","[2.0, 1.5, 1.0, 2.0, 1.5, 2.0, 0.75, 0.5, 0.5, 0.5, 1.0, 0.75]","[1, 0, 0, 0, 1, 0, 1, 0, 0, 0, 0, 0]",2015-11-27 10:00,28.0,3,1.0,35.5,1.0,2.0,100.9123351677189,"[289.1875, 164.8118667919715, 156.1325, 167.40359922257957, 114.6275, 115.25]","[(289.1875, 5.0), (164.8118667919715, 90.0), (156.1325, 90.0), (167.40359922257957, 60.0), (114.6275, 60.0), (115.25, 40.0)]",1.0,1,6,"[0.5, 9.0, 9.0, 6.0, 6.0, 4.0]","[289.1875, 164.8118667919715, 156.1325, 167.40359922257957, 114.6275, 115.25]"
81357,"[25.0, 5.0, 1.0, 23.0, 11.0, 14.0, 16.5, 0.5]","[158.0, 304.6875, 204.0, 169.30269941693467, 174.55248685625125, 202.0738495144293, 202.0738495144293, 440.0]",5,14.0,"[16.5, 0.5]","[25.0, 30.0, 31.0, 54.0, 65.0, 79.0, 95.5, 96.0]","[0.0, 25.0, 30.0, 31.0, 54.0, 65.0, 79.0, 95.5]","[1.0, 5.0, 2.0, 2.0, 2.5, 3.0, 3.0, 6.0]","[4, 7, 4, 3, 3, 3, 3, 8]","[4, 4, 4, 9, 2, 3, 3, 8]","[1.0, 1.0, 0.5, 0.5, 0.25, 0.25, 0.25, nan]","[2.0, 2.0, 1.5, 1.0, 1.0, 0.75, 0.5, nan]","[0, 1, 0, 0, 0, 0, 0, 0]",2015-12-03 11:00,37.0,2,1.0,79.0,1.0,2.0,80.0,"[202.0738495144293, 440.0]","[(202.0738495144293, 165.0), (440.0, 5.0)]",1.0,1,2,"[16.5, 0.5]","[202.0738495144293, 440.0]"
81378,"[20.0, 1.0, 1.0, 13.0, 20.0, 3.0, 3.0]","[181.0, 292.25, 158.0, 204.0, 192.55248685625125, 242.34391954305838, 101.0]",1,1.0,"[1.0, 13.0, 20.0, 3.0, 3.0]","[20.0, 21.0, 22.0, 35.0, 55.0, 58.0, 61.0]","[0.0, 20.0, 21.0, 22.0, 35.0, 55.0, 58.0]","[1.5, 5.0, 1.0, 2.0, 2.5, 3.5, 1.0]","[4, 7, 4, 4, 3, 3, 2]","[4, 7, 4, 4, 4, 4, 2]","[1.5, 1.5, 1.0, 0.5, 0.5, 0.5, 0.5]","[3.0, 3.0, 2.0, 1.0, 0.5, 0.5, 1.0]","[0, 1, 0, 0, 0, 0, 0]",2015-12-10 11:00,33.0,5,2.0,21.0,3.0,1.0,197.7469839309005,"[158.0, 204.0, 192.55248685625125, 242.34391954305838, 101.0]","[(158.0, 10.0), (204.0, 130.0), (192.55248685625125, 200.0), (242.34391954305838, 30.0), (101.0, 30.0)]",3.0,1,5,"[1.0, 13.0, 20.0, 3.0, 3.0]","[158.0, 204.0, 192.55248685625125, 242.34391954305838, 101.0]"
81379,"[16.0, 1.0, 11.0, 2.0, 18.0, 0.5, 1.5, 8.0, 1.0, 4.799999999999997, 0.20000000000000284]","[211.75, 241.75, 204.0, 287.4375, 211.75, 222.5, 283.9375, 158.0, 270.1875, 101.0, 149.3118667919715]",8,1.0,"[4.799999999999997, 0.20000000000000284]","[16.0, 17.0, 28.0, 30.0, 48.0, 48.5, 50.0, 58.0, 59.0, 63.8, 64.0]","[0.0, 16.0, 17.0, 28.0, 30.0, 48.0, 48.5, 50.0, 58.0, 59.0, 63.8]","[2.0, 3.0, 2.0, 3.5, 2.0, 1.5, 4.0, 1.0, 2.0, 1.0, 1.5]","[4, 4, 4, 7, 4, 5, 7, 4, 7, 2, 3]","[5, 9, 4, 4, 5, 5, 9, 4, 4, 2, 2]","[1.5, 1.0, 1.0, 2.0, 1.5, 2.0, 1.5, 1.0, 1.0, 0.75, 0.5]","[2.0, 1.25, 1.5, 2.5, 2.5, 2.0, 2.0, 1.25, 1.5, 1.25, 0.75]","[0, 0, 0, 1, 0, 0, 1, 0, 1, 0, 0]",2015-12-10 10:00,35.0,2,1.0,59.0,1.0,1.0,80.0,"[101.0, 149.3118667919715]","[(101.0, 47.99999999999997), (149.3118667919715, 2.0000000000000284)]",1.0,1,2,"[4.799999999999997, 0.20000000000000284]","[101.0, 149.3118667919715]"
81380,"[21.0, 5.0, 10.0, 8.0, 8.0, 14.5, 0.5, 2.0]","[210.0, 277.9375, 187.5, 287.4375, 158.0, 204.0, 140.0, 101.0]",6,0.5,[2.0],"[21.0, 26.0, 36.0, 44.0, 52.0, 66.5, 67.0, 69.0]","[0.0, 21.0, 26.0, 36.0, 44.0, 52.0, 66.5, 67.0]","[1.0, 2.0, 1.0, 3.5, 1.0, 2.0, 1.0, 1.0]","[5, 7, 5, 7, 4, 4, 6, 2]","[5, 5, 7, 4, 4, 4, 6, 2]","[3.0, 2.0, 3.0, 2.0, 1.0, 0.5, 1.5, 1.0]","[4.0, 3.0, 3.0, 3.0, 2.0, 1.0, 2.0, 1.0]","[0, 1, 0, 1, 0, 0, 0, 0]",2015-12-10 10:00,39.0,2,2.0,67.0,1.0,1.0,80.0,[101.0],"[(101.0, 20.0)]",1.0,1,1,[2.0],[101.0]
81383,"[8.0, 24.0, 2.0, 3.5, 1.5, 13.0, 6.0, 9.0, 1.0, 5.0, 1.0]","[283.9375, 171.125, 268.1875, 171.0, 273.4375, 182.25, 182.25, 196.75, 294.4375, 115.25, 157.3775]",3,3.5,"[1.5, 13.0, 6.0, 9.0, 1.0, 5.0, 1.0]","[8.0, 32.0, 34.0, 37.5, 39.0, 52.0, 58.0, 67.0, 68.0, 73.0, 74.0]","[0.0, 8.0, 32.0, 34.0, 37.5, 39.0, 52.0, 58.0, 67.0, 68.0, 73.0]","[4.0, 1.5, 2.5, 1.0, 3.0, 2.0, 2.0, 2.0, 5.0, 1.0, 1.0]","[7, 9, 7, 4, 7, 9, 9, 4, 7, 2, 4]","[9, 5, 9, 5, 9, 4, 4, 9, 9, 4, 3]","[2.0, 2.0, 1.5, 1.5, 1.5, 1.25, 0.75, 0.75, 1.0, 1.0, 0.25]","[3.0, 2.5, 2.0, 2.0, 2.0, 1.5, 1.0, 1.25, 2.0, 2.0, 0.5]","[1, 0, 1, 0, 1, 0, 0, 0, 1, 0, 0]",2015-12-10 11:00,35.0,4,1.0,37.5,2.0,1.0,131.83132262060033,"[273.4375, 182.25, 182.25, 196.75, 294.4375, 115.25, 157.3775]","[(273.4375, 15.0), (182.25, 130.0), (182.25, 60.0), (196.75, 90.0), (294.4375, 10.0), (115.25, 50.0), (157.3775, 10.0)]",2.0,1,7,"[1.5, 13.0, 6.0, 9.0, 1.0, 5.0, 1.0]","[273.4375, 182.25, 182.25, 196.75, 294.4375, 115.25, 157.3775]"
81386,"[15.0, 10.0, 11.0, 3.0, 4.799999999999997, 0.20000000000000284, 3.0, 3.0]","[158.0, 181.0, 158.0, 164.8118667919715, 244.09391954305838, 440.0, 143.75, 141.8825]",2,11.0,"[3.0, 4.799999999999997, 0.20000000000000284, 3.0, 3.0]","[15.0, 25.0, 36.0, 39.0, 43.8, 44.0, 47.0, 50.0]","[0.0, 15.0, 25.0, 36.0, 39.0, 43.8, 44.0, 47.0]","[1.0, 1.5, 1.0, 1.5, 3.5, 6.0, 1.0, 1.0]","[4, 4, 4, 3, 3, 8, 4, 3]","[4, 4, 4, 4, 7, 8, 2, 2]","[0.75, 0.75, 1.0, 0.5, 0.6, nan, 0.5, 0.5]","[1.0, 1.25, 1.5, 0.75, 0.6, nan, 0.75, 0.75]","[0, 0, 0, 0, 0, 0, 0, 0]",2015-12-10 14:00,40.0,3,1.0,36.0,1.0,1.0,100.9123351677189,"[164.8118667919715, 244.09391954305838, 440.0, 143.75, 141.8825]","[(164.8118667919715, 30.0), (244.09391954305838, 47.99999999999997), (440.0, 2.0000000000000284), (143.75, 30.0), (141.8825, 30.0)]",1.0,1,5,"[3.0, 4.799999999999997, 0.20000000000000284, 3.0, 3.0]","[164.8118667919715, 244.09391954305838, 440.0, 143.75, 141.8825]"
81387,"[17.5, 0.5, 3.5, 0.5, 48.0, 5.0, 12.0, 3.0, 19.0, 3.799999999999997, 0.20000000000000284, 9.0]","[152.25, 248.5, 151.75, 281.6875, 202.0738495144293, 159.80269941693467, 202.0738495144293, 149.3118667919715, 194.80538713582197, 232.12522605741117, 440.0, 141.8825]",6,12.0,"[3.0, 19.0, 3.799999999999997, 0.20000000000000284, 9.0]","[17.5, 18.0, 21.5, 22.0, 70.0, 75.0, 87.0, 90.0, 109.0, 112.8, 113.0, 122.0]","[0.0, 17.5, 18.0, 21.5, 22.0, 70.0, 75.0, 87.0, 90.0, 109.0, 112.8, 113.0]","[1.0, 3.0, 1.0, 3.0, 3.0, 2.0, 3.0, 1.5, 3.0, 3.5, 6.0, 1.0]","[9, 7, 4, 7, 3, 3, 3, 3, 3, 3, 8, 3]","[5, 4, 9, 4, 3, 2, 3, 2, 2, 3, 8, 2]","[1.5, 1.0, 1.0, 1.0, 0.5, 0.5, 0.5, 0.5, 0.5, 0.5, nan, 1.0]","[2.0, 2.0, 2.0, 1.5, 0.5, 0.8, 0.5, 1.0, 0.8, 0.8, nan, 1.5]","[0, 0, 0, 1, 0, 0, 0, 0, 0, 0, 0, 0]",2015-12-10 10:00,36.0,4,1.0,87.0,2.0,1.0,131.83132262060033,"[149.3118667919715, 194.80538713582197, 232.12522605741117, 440.0, 141.8825]","[(149.3118667919715, 30.0), (194.80538713582197, 190.0), (232.12522605741117, 37.99999999999997), (440.0, 2.0000000000000284), (141.8825, 90.0)]",2.0,1,5,"[3.0, 19.0, 3.799999999999997, 0.20000000000000284, 9.0]","[149.3118667919715, 194.80538713582197, 232.12522605741117, 440.0, 141.8825]"
81429,"[21.2, 0.8000000000000007, 6.5, 0.5, 16.0, 20.0, 7.0, 6.0, 1.9000000000000057, 0.09999999999999432, 0.5, 7.099999999999994, 0.4000000000000057, 4.0, 4.0]","[190.75, 270.1875, 152.25, 270.1875, 203.75, 196.75, 139.25, 192.55248685625125, 213.55538713582197, 440.0, 153.5, 157.3775, 157.5618667919715, 96.0, 136.8825]",6,7.0,"[6.0, 1.9000000000000057, 0.09999999999999432, 0.5, 7.099999999999994, 0.4000000000000057, 4.0, 4.0]","[21.2, 22.0, 28.5, 29.0, 45.0, 65.0, 72.0, 78.0, 79.9, 80.0, 80.5, 87.6, 88.0, 92.0, 96.0]","[0.0, 21.2, 22.0, 28.5, 29.0, 45.0, 65.0, 72.0, 78.0, 79.9, 80.0, 80.5, 87.6, 88.0, 92.0]","[1.0, 2.0, 1.0, 2.0, 2.5, 2.0, 1.0, 2.5, 3.0, 6.0, 1.0, 1.0, 1.5, 1.0, 1.0]","[5, 7, 9, 7, 9, 4, 9, 3, 3, 8, 4, 4, 3, 2, 3]","[9, 4, 5, 4, 4, 9, 4, 4, 7, 8, 6, 3, 7, 1, 1]","[2.0, 2.0, 1.5, 1.0, 0.75, 0.75, 0.75, 0.5, 0.5, nan, 0.75, 0.5, 0.25, 0.75, 0.5]","[3.0, 2.0, 2.5, 2.0, 1.5, 1.0, 1.0, 0.75, 0.75, nan, 4.0, 0.75, 0.25, 1.5, 1.5]","[0, 1, 0, 1, 0, 0, 0, 0, 0, 0, 0, 0, 0, 0, 0]",2015-12-17 10:00,32.0,4,2.0,72.0,3.0,1.0,131.83132262060033,"[192.55248685625125, 213.55538713582197, 440.0, 153.5, 157.3775, 157.5618667919715, 96.0, 136.8825]","[(192.55248685625125, 60.0), (213.55538713582197, 19.000000000000057), (440.0, 0.9999999999999432), (153.5, 5.0), (157.3775, 70.99999999999994), (157.5618667919715, 4.000000000000057), (96.0, 40.0), (136.8825, 40.0)]",3.0,1,8,"[6.0, 1.9000000000000057, 0.09999999999999432, 0.5, 7.099999999999994, 0.4000000000000057, 4.0, 4.0]","[192.55248685625125, 213.55538713582197, 440.0, 153.5, 157.3775, 157.5618667919715, 96.0, 136.8825]"
81435,"[20.0, 19.0, 2.0, 2.0, 1.0, 3.5, 0.5, 2.0, 4.0, 8.0, 0.10000000000000142]","[196.0, 171.125, 208.875, 152.25, 169.30269941693467, 139.25, 181.06998247500167, 114.6275, 159.80269941693467, 96.0, 140.0]",0,20.0,"[19.0, 2.0, 2.0, 1.0, 3.5, 0.5, 2.0, 4.0, 8.0, 0.10000000000000142]","[20.0, 39.0, 41.0, 43.0, 44.0, 47.5, 48.0, 50.0, 54.0, 62.0, 62.1]","[0.0, 20.0, 39.0, 41.0, 43.0, 44.0, 47.5, 48.0, 50.0, 54.0, 62.0]","[2.5, 1.5, 2.5, 1.0, 2.0, 1.0, 2.5, 1.0, 2.0, 1.0, 1.0]","[9, 9, 9, 9, 3, 9, 3, 2, 3, 2, 6]","[9, 5, 5, 5, 9, 4, 3, 3, 2, 1, 6]","[1.5, 1.5, 1.5, 1.5, 0.25, 0.5, 0.25, 0.25, 0.25, 0.5, 1.0]","[3.0, 3.0, 2.5, 4.0, 0.75, 1.5, 0.5, 1.0, 1.0, 1.5, 2.0]","[0, 0, 0, 0, 0, 0, 0, 0, 0, 0, 0]",2015-12-19 12:00,34.0,3,2.0,20.0,2.0,2.0,100.9123351677189,"[171.125, 208.875, 152.25, 169.30269941693467, 139.25, 181.06998247500167, 114.6275, 159.80269941693467, 96.0, 140.0]","[(171.125, 190.0), (208.875, 20.0), (152.25, 20.0), (169.30269941693467, 10.0), (139.25, 35.0), (181.06998247500167, 5.0), (114.6275, 20.0), (159.80269941693467, 40.0), (96.0, 80.0), (140.0, 1.0000000000000142)]",2.0,1,10,"[19.0, 2.0, 2.0, 1.0, 3.5, 0.5, 2.0, 4.0, 8.0, 0.10000000000000142]","[171.125, 208.875, 152.25, 169.30269941693467, 139.25, 181.06998247500167, 114.6275, 159.80269941693467, 96.0, 140.0]"
81442,"[33.0, 23.5, 0.5, 6.0, 7.0, 3.0, 4.0, 3.0, 1.0, 6.0]","[217.0, 152.25, 283.9375, 151.75, 259.0, 151.75, 196.0, 133.0, 173.0, 114.6275]",3,6.0,"[7.0, 3.0, 4.0, 3.0, 1.0, 6.0]","[33.0, 56.5, 57.0, 63.0, 70.0, 73.0, 77.0, 80.0, 81.0, 87.0]","[0.0, 33.0, 56.5, 57.0, 63.0, 70.0, 73.0, 77.0, 80.0, 81.0]","[3.0, 1.0, 4.0, 1.0, 4.0, 1.0, 2.5, 1.0, 2.5, 1.0]","[9, 9, 7, 4, 9, 4, 9, 9, 2, 2]","[9, 5, 9, 9, 9, 9, 9, 9, 4, 3]","[1.0, 2.0, 1.0, 1.5, 0.5, 0.5, 0.5, 0.5, 0.5, 0.25]","[2.5, 4.0, 2.0, 3.0, 1.5, 1.0, 0.75, 1.0, 1.0, 1.0]","[0, 0, 1, 0, 0, 0, 0, 0, 0, 0]",2015-12-20 10:00,38.0,3,1.0,63.0,1.0,3.0,100.9123351677189,"[259.0, 151.75, 196.0, 133.0, 173.0, 114.6275]","[(259.0, 70.0), (151.75, 30.0), (196.0, 40.0), (133.0, 30.0), (173.0, 10.0), (114.6275, 60.0)]",1.0,1,6,"[7.0, 3.0, 4.0, 3.0, 1.0, 6.0]","[259.0, 151.75, 196.0, 133.0, 173.0, 114.6275]"
81463,"[5.0, 17.0, 3.0, 2.0, 1.0, 28.0, 4.0, 19.0, 2.0, 3.0, 4.0, 2.0, 3.5, 0.5]","[293.1875, 158.0, 273.4375, 181.0, 278.6875, 217.0, 182.25, 217.0, 175.0, 217.0, 158.0, 151.75, 143.75, 270.1875]",2,3.0,"[2.0, 1.0, 28.0, 4.0, 19.0, 2.0, 3.0, 4.0, 2.0, 3.5, 0.5]","[5.0, 22.0, 25.0, 27.0, 28.0, 56.0, 60.0, 79.0, 81.0, 84.0, 88.0, 90.0, 93.5, 94.0]","[0.0, 5.0, 22.0, 25.0, 27.0, 28.0, 56.0, 60.0, 79.0, 81.0, 84.0, 88.0, 90.0, 93.5]","[4.0, 1.0, 3.0, 1.5, 3.5, 3.0, 2.0, 3.0, 2.0, 3.0, 1.0, 1.0, 1.0, 2.0]","[7, 4, 7, 4, 7, 9, 9, 9, 9, 9, 4, 4, 4, 7]","[4, 4, 9, 4, 9, 9, 4, 9, 9, 9, 4, 9, 2, 4]","[2.0, 1.5, 1.5, 1.5, 1.0, 0.75, 0.75, 0.5, 0.25, 0.5, 1.0, 0.5, 0.5, 1.0]","[3.0, 2.5, 3.0, 3.0, 1.5, 1.5, 1.25, 1.0, 0.75, 1.0, 1.5, 1.0, 1.0, 1.5]","[1, 0, 1, 0, 1, 0, 0, 0, 0, 0, 0, 0, 0, 1]",2015-12-28 10:00,35.0,6,2.0,25.0,3.0,1.0,439.4377420686678,"[181.0, 278.6875, 217.0, 182.25, 217.0, 175.0, 217.0, 158.0, 151.75, 143.75, 270.1875]","[(181.0, 20.0), (278.6875, 10.0), (217.0, 280.0), (182.25, 40.0), (217.0, 190.0), (175.0, 20.0), (217.0, 30.0), (158.0, 40.0), (151.75, 20.0), (143.75, 35.0), (270.1875, 5.0)]",3.0,1,11,"[2.0, 1.0, 28.0, 4.0, 19.0, 2.0, 3.0, 4.0, 2.0, 3.5, 0.5]","[181.0, 278.6875, 217.0, 182.25, 217.0, 175.0, 217.0, 158.0, 151.75, 143.75, 270.1875]"
81533,"[18.0, 2.0, 9.0, 2.0, 11.0, 6.0]","[190.75, 152.25, 139.25, 158.0, 141.8825, 114.6275]",2,9.0,"[2.0, 11.0, 6.0]","[18.0, 20.0, 29.0, 31.0, 42.0, 48.0]","[0.0, 18.0, 20.0, 29.0, 31.0, 42.0]","[1.0, 1.0, 1.0, 1.0, 1.0, 1.0]","[5, 9, 9, 4, 3, 2]","[9, 5, 4, 4, 2, 3]","[2.0, 1.5, 1.5, 1.0, 0.25, 0.5]","[4.0, 3.0, 2.5, 2.0, 0.75, 1.0]","[0, 0, 0, 0, 0, 0]",2016-01-09 10:00,27.0,2,1.0,29.0,1.0,3.0,80.0,"[158.0, 141.8825, 114.6275]","[(158.0, 20.0), (141.8825, 110.0), (114.6275, 60.0)]",1.0,1,3,"[2.0, 11.0, 6.0]","[158.0, 141.8825, 114.6275]"
81535,"[24.0, 4.0, 15.0, 12.0, 9.0]","[190.75, 139.25, 141.8825, 141.8825, 174.55248685625125]",0,24.0,"[4.0, 15.0, 12.0, 9.0]","[24.0, 28.0, 43.0, 55.0, 64.0]","[0.0, 24.0, 28.0, 43.0, 55.0]","[1.0, 1.0, 1.0, 1.0, 2.5]","[5, 9, 3, 3, 3]","[9, 4, 2, 2, 2]","[2.0, 1.5, 0.25, 0.25, 0.25]","[4.0, 2.0, 0.5, 0.75, 0.5]","[0, 0, 0, 0, 0]",2016-01-09 11:00,33.0,1,1.0,24.0,1.0,3.0,0.0,"[139.25, 141.8825, 141.8825, 174.55248685625125]","[(139.25, 40.0), (141.8825, 150.0), (141.8825, 120.0), (174.55248685625125, 90.0)]",1.0,1,4,"[4.0, 15.0, 12.0, 9.0]","[139.25, 141.8825, 141.8825, 174.55248685625125]"
81559,"[33.0, 16.5, 0.5, 3.0, 36.0, 3.0, 2.0, 13.0, 17.0, 15.0]","[212.125, 210.0, 440.0, 151.75, 202.0738495144293, 129.10395559732385, 194.80538713582197, 101.0, 86.0, 81.0]",3,3.0,"[36.0, 3.0, 2.0, 13.0, 17.0, 15.0]","[33.0, 49.5, 50.0, 53.0, 89.0, 92.0, 94.0, 107.0, 124.0, 139.0]","[0.0, 33.0, 49.5, 50.0, 53.0, 89.0, 92.0, 94.0, 107.0, 124.0]","[1.5, 1.0, 6.0, 1.0, 3.0, 1.5, 3.0, 1.0, 1.0, 1.0]","[5, 5, 8, 4, 3, 2, 3, 2, 1, 1]","[4, 5, 8, 9, 3, 3, 2, 2, 2, 1]","[3.0, 2.0, nan, 1.5, 0.25, 0.5, 0.25, 0.5, 1.0, 1.0]","[5.0, 4.0, nan, 2.0, 0.5, 1.0, 1.0, 1.5, 2.0, 2.0]","[0, 0, 0, 0, 0, 0, 0, 0, 0, 0]",2016-01-13 13:00,36.0,3,1.0,53.0,1.0,3.5,100.9123351677189,"[202.0738495144293, 129.10395559732385, 194.80538713582197, 101.0, 86.0, 81.0]","[(202.0738495144293, 360.0), (129.10395559732385, 30.0), (194.80538713582197, 20.0), (101.0, 130.0), (86.0, 170.0), (81.0, 150.0)]",1.0,1,6,"[36.0, 3.0, 2.0, 13.0, 17.0, 15.0]","[202.0738495144293, 129.10395559732385, 194.80538713582197, 101.0, 86.0, 81.0]"
81560,"[3.0, 21.5, 0.5, 10.0, 12.0, 11.0, 14.0, 14.0]","[238.0, 152.25, 440.0, 139.25, 149.3118667919715, 141.8825, 96.0, 81.0]",3,10.0,"[12.0, 11.0, 14.0, 14.0]","[3.0, 24.5, 25.0, 35.0, 47.0, 58.0, 72.0, 86.0]","[0.0, 3.0, 24.5, 25.0, 35.0, 47.0, 58.0, 72.0]","[3.5, 1.0, 6.0, 1.0, 1.5, 1.0, 1.0, 1.0]","[9, 9, 8, 9, 3, 3, 2, 1]","[9, 5, 8, 4, 2, 2, 1, 1]","[2.0, 2.0, nan, 1.0, 0.25, 0.25, 0.5, 1.0]","[4.0, 5.0, nan, 2.0, 0.5, 0.5, 1.5, 2.0]","[0, 0, 0, 0, 0, 0, 0, 0]",2016-01-13 14:00,14.0,3,1.0,35.0,1.0,3.5,100.9123351677189,"[149.3118667919715, 141.8825, 96.0, 81.0]","[(149.3118667919715, 120.0), (141.8825, 110.0), (96.0, 140.0), (81.0, 140.0)]",1.0,1,4,"[12.0, 11.0, 14.0, 14.0]","[149.3118667919715, 141.8825, 96.0, 81.0]"
81580,"[7.0, 6.0, 1.0, 4.0, 12.0, 15.0, 12.0, 15.0]","[298.9375, 197.0, 205.375, 171.0, 176.55269941693467, 181.06998247500167, 141.8825, 96.0]",3,4.0,"[12.0, 15.0, 12.0, 15.0]","[7.0, 13.0, 14.0, 18.0, 30.0, 45.0, 57.0, 72.0]","[0.0, 7.0, 13.0, 14.0, 18.0, 30.0, 45.0, 57.0]","[4.5, 1.0, 1.5, 1.0, 2.0, 2.5, 1.0, 1.0]","[7, 5, 5, 4, 3, 3, 3, 2]","[4, 4, 9, 5, 4, 3, 2, 1]","[1.0, 2.0, 2.0, 1.5, 0.25, 0.25, 0.25, 0.5]","[3.0, 8.0, 4.0, 3.0, 0.5, 0.25, 0.75, 1.5]","[1, 0, 0, 0, 0, 0, 0, 0]",2016-01-14 14:00,29.0,1,1.0,18.0,1.0,3.5,0.0,"[176.55269941693467, 181.06998247500167, 141.8825, 96.0]","[(176.55269941693467, 120.0), (181.06998247500167, 150.0), (141.8825, 120.0), (96.0, 150.0)]",1.0,1,4,"[12.0, 15.0, 12.0, 15.0]","[176.55269941693467, 181.06998247500167, 141.8825, 96.0]"
81646,"[21.0, 13.0, 16.0, 23.0, 16.0]","[204.0, 214.05538713582197, 202.0738495144293, 144.6008998056449, 101.0]",0,21.0,"[13.0, 16.0, 23.0, 16.0]","[21.0, 34.0, 50.0, 73.0, 89.0]","[0.0, 21.0, 34.0, 50.0, 73.0]","[2.0, 3.0, 3.0, 2.0, 1.0]","[4, 3, 3, 2, 2]","[4, 4, 3, 3, 2]","[1.0, 0.5, 0.5, 0.5, 1.0]","[1.5, 1.0, 0.5, 1.0, 1.0]","[0, 0, 0, 0, 0]",2016-01-19 12:00,28.0,4,2.0,21.0,3.0,2.0,131.83132262060033,"[214.05538713582197, 202.0738495144293, 144.6008998056449, 101.0]","[(214.05538713582197, 130.0), (202.0738495144293, 160.0), (144.6008998056449, 230.0), (101.0, 160.0)]",3.0,1,4,"[13.0, 16.0, 23.0, 16.0]","[214.05538713582197, 202.0738495144293, 144.6008998056449, 101.0]"
81648,"[5.0, 10.0, 5.0, 1.0, 8.0, 8.700000000000003, 0.29999999999999716, 6.0, 2.0, 9.0, 15.0, 13.0, 9.0, 12.0, 4.0]","[290.4375, 190.75, 205.375, 281.6875, 171.125, 196.75, 134.75, 157.3775, 192.55248685625125, 164.8118667919715, 149.3118667919715, 141.8825, 159.41582238929536, 141.8825, 149.3118667919715]",5,8.700000000000003,"[0.29999999999999716, 6.0, 2.0, 9.0, 15.0, 13.0, 9.0, 12.0, 4.0]","[5.0, 15.0, 20.0, 21.0, 29.0, 37.7, 38.0, 44.0, 46.0, 55.0, 70.0, 83.0, 92.0, 104.0, 108.0]","[0.0, 5.0, 15.0, 20.0, 21.0, 29.0, 37.7, 38.0, 44.0, 46.0, 55.0, 70.0, 83.0, 92.0, 104.0]","[4.0, 1.0, 1.5, 3.0, 1.5, 2.0, 1.0, 1.0, 2.5, 1.5, 1.5, 1.0, 1.5, 1.0, 1.5]","[7, 5, 5, 7, 9, 4, 9, 4, 3, 3, 3, 3, 3, 3, 3]","[5, 9, 9, 4, 5, 9, 6, 3, 4, 4, 2, 2, 3, 2, 2]","[2.0, 2.0, 2.0, 1.0, 1.0, 0.75, 2.0, 0.5, 0.5, 0.5, 0.5, 0.5, 0.25, 0.5, 0.25]","[3.0, 4.0, 4.0, 2.0, 2.0, 1.0, 4.0, 1.0, 0.75, 0.75, 0.75, 1.0, 0.5, 0.75, 0.75]","[1, 0, 0, 1, 0, 0, 0, 0, 0, 0, 0, 0, 0, 0, 0]",2016-01-19 11:00,28.0,4,2.0,37.7,3.0,3.0,131.83132262060033,"[134.75, 157.3775, 192.55248685625125, 164.8118667919715, 149.3118667919715, 141.8825, 159.41582238929536, 141.8825, 149.3118667919715]","[(134.75, 2.9999999999999716), (157.3775, 60.0), (192.55248685625125, 20.0), (164.8118667919715, 90.0), (149.3118667919715, 150.0), (141.8825, 130.0), (159.41582238929536, 90.0), (141.8825, 120.0), (149.3118667919715, 40.0)]",3.0,1,9,"[0.29999999999999716, 6.0, 2.0, 9.0, 15.0, 13.0, 9.0, 12.0, 4.0]","[134.75, 157.3775, 192.55248685625125, 164.8118667919715, 149.3118667919715, 141.8825, 159.41582238929536, 141.8825, 149.3118667919715]"
81664,"[12.0, 6.5, 1.5, 4.5, 1.5, 2.0, 7.0, 5.0, 4.0, 12.0, 10.0, 8.0, 6.0, 18.0, 9.0, 5.0]","[208.875, 171.0, 201.0, 151.75, 201.0, 139.25, 196.75, 196.0, 192.55248685625125, 176.55269941693467, 167.40359922257957, 129.10395559732385, 129.10395559732385, 159.80269941693467, 129.10395559732385, 81.0]",12,6.0,"[18.0, 9.0, 5.0]","[12.0, 18.5, 20.0, 24.5, 26.0, 28.0, 35.0, 40.0, 44.0, 56.0, 66.0, 74.0, 80.0, 98.0, 107.0, 112.0]","[0.0, 12.0, 18.5, 20.0, 24.5, 26.0, 28.0, 35.0, 40.0, 44.0, 56.0, 66.0, 74.0, 80.0, 98.0, 107.0]","[2.5, 1.0, 2.5, 1.0, 2.5, 1.0, 2.0, 2.5, 2.5, 2.0, 2.0, 1.5, 1.5, 2.0, 1.5, 1.0]","[9, 4, 9, 4, 9, 9, 4, 9, 3, 3, 3, 2, 2, 3, 2, 1]","[5, 5, 7, 9, 7, 4, 9, 9, 4, 4, 3, 3, 3, 2, 3, 1]","[1.0, 1.0, 1.0, 1.0, 1.0, 1.0, 0.5, 0.5, 0.25, 0.25, 0.25, 0.5, 0.5, 0.25, 0.5, 1.0]","[3.0, 2.0, 2.0, 2.0, 1.5, 1.5, 1.0, 0.75, 0.75, 0.5, 0.5, 0.75, 1.0, 0.75, 1.0, 2.0]","[0, 0, 0, 0, 0, 0, 0, 0, 0, 0, 0, 0, 0, 0, 0, 0]",2016-01-21 11:00,40.0,5,2.0,80.0,3.0,3.0,197.7469839309005,"[159.80269941693467, 129.10395559732385, 81.0]","[(159.80269941693467, 180.0), (129.10395559732385, 90.0), (81.0, 50.0)]",3.0,1,3,"[18.0, 9.0, 5.0]","[159.80269941693467, 129.10395559732385, 81.0]"
81692,"[29.0, 0.8999999999999986, 0.10000000000000142, 4.0, 6.5, 0.5, 4.0, 13.0, 9.0, 13.0, 3.0]","[152.25, 190.75, 440.0, 241.75, 181.0, 153.5, 192.55248685625125, 164.8118667919715, 141.8825, 149.3118667919715, 167.40359922257957]",0,29.0,"[0.8999999999999986, 0.10000000000000142, 4.0, 6.5, 0.5, 4.0, 13.0, 9.0, 13.0, 3.0]","[29.0, 29.9, 30.0, 34.0, 40.5, 41.0, 45.0, 58.0, 67.0, 80.0, 83.0]","[0.0, 29.0, 29.9, 30.0, 34.0, 40.5, 41.0, 45.0, 58.0, 67.0, 80.0]","[1.0, 1.0, 6.0, 3.0, 1.5, 1.0, 2.5, 1.5, 1.0, 1.5, 2.0]","[9, 5, 8, 4, 4, 4, 3, 3, 3, 3, 3]","[5, 9, 8, 9, 4, 6, 4, 4, 2, 2, 3]","[1.5, 2.0, nan, 0.75, 0.75, 0.75, 0.5, 0.5, 0.5, 0.5, 0.25]","[3.0, 3.0, nan, 1.0, 1.25, 1.5, 0.75, 0.75, 1.0, 0.75, 0.5]","[0, 0, 0, 0, 0, 0, 0, 0, 0, 0, 0]",2016-01-24 14:00,30.0,5,1.0,29.0,2.0,3.0,197.7469839309005,"[190.75, 440.0, 241.75, 181.0, 153.5, 192.55248685625125, 164.8118667919715, 141.8825, 149.3118667919715, 167.40359922257957]","[(190.75, 8.999999999999986), (440.0, 1.0000000000000142), (241.75, 40.0), (181.0, 65.0), (153.5, 5.0), (192.55248685625125, 40.0), (164.8118667919715, 130.0), (141.8825, 90.0), (149.3118667919715, 130.0), (167.40359922257957, 30.0)]",2.0,1,10,"[0.8999999999999986, 0.10000000000000142, 4.0, 6.5, 0.5, 4.0, 13.0, 9.0, 13.0, 3.0]","[190.75, 440.0, 241.75, 181.0, 153.5, 192.55248685625125, 164.8118667919715, 141.8825, 149.3118667919715, 167.40359922257957]"
81704,"[6.0, 3.0, 4.0, 10.0, 2.0, 28.0, 2.0]","[294.4375, 152.25, 196.0, 159.41582238929536, 232.12522605741117, 159.41582238929536, 287.4319490264132]",0,6.0,"[3.0, 4.0, 10.0, 2.0, 28.0, 2.0]","[6.0, 9.0, 13.0, 23.0, 25.0, 53.0, 55.0]","[0.0, 6.0, 9.0, 13.0, 23.0, 25.0, 53.0]","[5.0, 1.0, 2.5, 1.5, 3.5, 1.5, 4.0]","[7, 9, 9, 3, 3, 3, 7]","[9, 5, 9, 3, 3, 3, 3]","[1.0, 1.0, 0.5, 0.25, 0.25, 0.25, 0.5]","[3.0, 3.0, 1.0, 0.5, 0.25, 0.25, 0.5]","[1, 0, 0, 0, 0, 0, 1]",2016-01-26 09:00,36.0,3,1.0,6.0,1.0,3.0,100.9123351677189,"[152.25, 196.0, 159.41582238929536, 232.12522605741117, 159.41582238929536, 287.4319490264132]","[(152.25, 30.0), (196.0, 40.0), (159.41582238929536, 100.0), (232.12522605741117, 20.0), (159.41582238929536, 280.0), (287.4319490264132, 20.0)]",1.0,1,6,"[3.0, 4.0, 10.0, 2.0, 28.0, 2.0]","[152.25, 196.0, 159.41582238929536, 232.12522605741117, 159.41582238929536, 287.4319490264132]"
81705,"[18.0, 2.0, 4.0, 6.0, 2.0, 33.0, 11.0, 4.0, 0.29999999999999716]","[190.75, 278.6875, 152.25, 236.5313065143528, 149.8825, 181.06998247500167, 159.41582238929536, 141.8825, 140.0]",1,2.0,"[4.0, 6.0, 2.0, 33.0, 11.0, 4.0, 0.29999999999999716]","[18.0, 20.0, 24.0, 30.0, 32.0, 65.0, 76.0, 80.0, 80.3]","[0.0, 18.0, 20.0, 24.0, 30.0, 32.0, 65.0, 76.0, 80.0]","[1.0, 3.5, 1.0, 3.5, 1.0, 2.5, 1.5, 1.0, 1.0]","[5, 7, 9, 9, 3, 3, 3, 3, 6]","[9, 9, 5, 3, 9, 3, 3, 2, 6]","[2.0, 2.0, 2.0, 0.5, 0.25, 0.25, 0.25, 0.25, 1.0]","[5.0, 4.0, 3.0, 0.5, 0.75, 0.25, 0.25, 0.75, 2.0]","[0, 1, 0, 0, 0, 0, 0, 0, 0]",2016-01-26 10:00,27.0,2,1.0,20.0,1.0,3.0,80.0,"[152.25, 236.5313065143528, 149.8825, 181.06998247500167, 159.41582238929536, 141.8825, 140.0]","[(152.25, 40.0), (236.5313065143528, 60.0), (149.8825, 20.0), (181.06998247500167, 330.0), (159.41582238929536, 110.0), (141.8825, 40.0), (140.0, 2.9999999999999716)]",1.0,1,7,"[4.0, 6.0, 2.0, 33.0, 11.0, 4.0, 0.29999999999999716]","[152.25, 236.5313065143528, 149.8825, 181.06998247500167, 159.41582238929536, 141.8825, 140.0]"
81712,"[19.0, 11.0, 15.0, 13.0, 21.0, 2.0]","[210.0, 211.75, 175.0, 169.30269941693467, 169.30269941693467, 114.6275]",1,11.0,"[15.0, 13.0, 21.0, 2.0]","[19.0, 30.0, 45.0, 58.0, 79.0, 81.0]","[0.0, 19.0, 30.0, 45.0, 58.0, 79.0]","[1.0, 2.0, 2.0, 2.0, 2.0, 1.0]","[5, 4, 9, 3, 3, 2]","[5, 5, 9, 9, 9, 3]","[2.5, 1.5, 0.75, 0.5, 0.5, 0.5]","[3.5, 2.0, 1.0, 0.5, 0.5, 0.75]","[0, 0, 0, 0, 0, 0]",2016-01-26 14:00,30.0,4,3.0,30.0,3.0,3.0,131.83132262060033,"[175.0, 169.30269941693467, 169.30269941693467, 114.6275]","[(175.0, 150.0), (169.30269941693467, 130.0), (169.30269941693467, 210.0), (114.6275, 20.0)]",3.0,1,4,"[15.0, 13.0, 21.0, 2.0]","[175.0, 169.30269941693467, 169.30269941693467, 114.6275]"
81800,"[14.0, 15.0, 2.0, 4.0, 1.0, 9.0, 2.0, 11.0, 13.0, 12.0, 19.0, 6.0]","[234.625, 171.0, 248.5, 204.0, 241.75, 196.0, 204.0, 192.55248685625125, 181.06998247500167, 202.0738495144293, 181.06998247500167, 101.0]",1,15.0,"[2.0, 4.0, 1.0, 9.0, 2.0, 11.0, 13.0, 12.0, 19.0, 6.0]","[14.0, 29.0, 31.0, 35.0, 36.0, 45.0, 47.0, 58.0, 71.0, 83.0, 102.0, 108.0]","[0.0, 14.0, 29.0, 31.0, 35.0, 36.0, 45.0, 47.0, 58.0, 71.0, 83.0, 102.0]","[2.5, 1.0, 3.0, 2.0, 3.0, 2.5, 2.0, 2.5, 2.5, 3.0, 2.5, 1.0]","[5, 4, 7, 4, 4, 9, 4, 3, 3, 3, 3, 2]","[9, 5, 4, 4, 9, 9, 4, 4, 3, 3, 3, 2]","[2.0, 1.5, 1.0, 0.75, 0.5, 0.5, 0.5, 0.25, 0.25, 0.25, 0.25, 0.5]","[3.0, 3.0, 2.0, 1.25, 1.0, 0.75, 0.75, 0.5, 0.5, 0.25, 0.5, 1.0]","[0, 0, 0, 0, 0, 0, 0, 0, 0, 0, 0, 0]",2016-01-28 10:00,37.0,6,1.0,29.0,3.0,3.0,439.4377420686678,"[248.5, 204.0, 241.75, 196.0, 204.0, 192.55248685625125, 181.06998247500167, 202.0738495144293, 181.06998247500167, 101.0]","[(248.5, 20.0), (204.0, 40.0), (241.75, 10.0), (196.0, 90.0), (204.0, 20.0), (192.55248685625125, 110.0), (181.06998247500167, 130.0), (202.0738495144293, 120.0), (181.06998247500167, 190.0), (101.0, 60.0)]",3.0,1,10,"[2.0, 4.0, 1.0, 9.0, 2.0, 11.0, 13.0, 12.0, 19.0, 6.0]","[248.5, 204.0, 241.75, 196.0, 204.0, 192.55248685625125, 181.06998247500167, 202.0738495144293, 181.06998247500167, 101.0]"
82414,"[20.0, 15.700000000000003, 0.29999999999999716, 2.0, 0.5, 1.5, 1.0, 10.0, 6.200000000000003, 0.7999999999999972]","[133.0, 141.8825, 292.25, 149.8825, 133.0, 292.25, 114.6275, 141.8825, 167.40359922257957, 259.0414555973238]",6,1.0,"[10.0, 6.200000000000003, 0.7999999999999972]","[20.0, 35.7, 36.0, 38.0, 38.5, 40.0, 41.0, 51.0, 57.2, 58.0]","[0.0, 20.0, 35.7, 36.0, 38.0, 38.5, 40.0, 41.0, 51.0, 57.2]","[1.0, 1.0, 2.0, 1.0, 1.0, 3.0, 1.0, 1.0, 2.0, 1.5]","[9, 3, 7, 3, 9, 7, 2, 3, 3, 7]","[9, 2, 7, 9, 9, 7, 3, 2, 3, 3]","[0.75, 0.5, 0.5, 0.5, 0.75, 0.5, 0.75, 0.5, 0.25, 0.5]","[1.0, 1.0, 0.5, 0.5, 0.75, 0.75, 1.0, 0.75, 0.5, 0.5]","[0, 0, 1, 0, 0, 1, 0, 0, 0, 1]",2016-11-23 09:00,40.0,2,1.0,41.0,1.0,1.0,80.0,"[141.8825, 167.40359922257957, 259.0414555973238]","[(141.8825, 100.0), (167.40359922257957, 62.00000000000003), (259.0414555973238, 7.999999999999972)]",1.0,1,3,"[10.0, 6.200000000000003, 0.7999999999999972]","[141.8825, 167.40359922257957, 259.0414555973238]"
82418,"[5.0, 24.5, 0.5, 9.0, 2.0, 7.0, 18.0]","[241.75, 192.26749561875042, 440.0, 202.0738495144293, 278.6875, 202.0738495144293, 181.06998247500167]",5,7.0,[18.0],"[5.0, 29.5, 30.0, 39.0, 41.0, 48.0, 66.0]","[0.0, 5.0, 29.5, 30.0, 39.0, 41.0, 48.0]","[3.0, 2.5, 6.0, 3.0, 3.5, 3.0, 2.5]","[4, 9, 8, 3, 7, 3, 3]","[9, 3, 8, 3, 9, 3, 3]","[1.0, 0.5, nan, 0.5, 1.0, 0.4, 0.25]","[1.5, 0.75, nan, 0.5, 1.0, 0.5, 0.5]","[0, 0, 0, 0, 1, 0, 0]",2016-11-25 08:00,29.0,6,2.0,48.0,3.0,1.0,439.4377420686678,[181.06998247500167],"[(181.06998247500167, 180.0)]",3.0,1,1,[18.0],[181.06998247500167]
82424,"[27.0, 3.0, 7.0, 1.0, 5.0]","[181.0, 292.25, 155.51, 275.9375, 101.0]",2,7.0,"[1.0, 5.0]","[27.0, 30.0, 37.0, 38.0, 43.0]","[0.0, 27.0, 30.0, 37.0, 38.0]","[1.5, 4.0, 1.0, 2.5, 1.0]","[4, 7, 3, 7, 2]","[4, 7, 3, 4, 2]","[1.0, 1.0, 0.5, 0.5, 1.0]","[1.0, 1.0, 1.0, 1.0, 1.5]","[0, 1, 0, 1, 0]",2016-11-29 11:00,30.0,3,2.0,37.0,2.0,1.0,100.9123351677189,"[275.9375, 101.0]","[(275.9375, 10.0), (101.0, 50.0)]",2.0,1,2,"[1.0, 5.0]","[275.9375, 101.0]"
82431,"[15.5, 0.5, 3.0, 1.0, 5.0, 11.0, 2.0, 16.0, 6.0]","[133.0, 292.25, 169.30269941693467, 292.25, 167.40359922257957, 202.0738495144293, 167.40359922257957, 232.12522605741117, 115.25]",6,2.0,"[16.0, 6.0]","[15.5, 16.0, 19.0, 20.0, 25.0, 36.0, 38.0, 54.0, 60.0]","[0.0, 15.5, 16.0, 19.0, 20.0, 25.0, 36.0, 38.0, 54.0]","[1.0, 2.5, 2.0, 4.0, 2.0, 3.0, 2.0, 3.5, 1.0]","[9, 7, 3, 7, 3, 3, 3, 3, 2]","[9, 7, 9, 7, 3, 3, 3, 3, 4]","[0.75, 0.5, 0.5, 0.5, 0.5, 0.25, 0.5, 0.25, 0.5]","[1.5, 0.5, 1.0, 1.0, 0.75, 0.5, 0.5, 0.5, 1.0]","[0, 1, 0, 1, 0, 0, 0, 0, 0]",2016-11-29 11:00,30.0,6,3.0,38.0,3.0,1.0,439.4377420686678,"[232.12522605741117, 115.25]","[(232.12522605741117, 160.0), (115.25, 60.0)]",3.0,1,2,"[16.0, 6.0]","[232.12522605741117, 115.25]"
82432,"[13.0, 34.0, 1.0, 27.0, 3.0, 5.0, 9.0, 1.0, 2.0]","[181.0, 202.0738495144293, 440.0, 202.0738495144293, 167.40359922257957, 181.06998247500167, 202.0738495144293, 287.4375, 137.0]",4,3.0,"[5.0, 9.0, 1.0, 2.0]","[13.0, 47.0, 48.0, 75.0, 78.0, 83.0, 92.0, 93.0, 95.0]","[0.0, 13.0, 47.0, 48.0, 75.0, 78.0, 83.0, 92.0, 93.0]","[1.5, 3.0, 6.0, 3.0, 2.0, 2.5, 3.0, 3.5, 2.0]","[4, 3, 8, 3, 3, 3, 3, 7, 2]","[4, 3, 8, 3, 3, 3, 3, 4, 2]","[1.5, 0.2, nan, 0.2, 0.2, 0.3, 0.3, 0.25, 0.5]","[2.0, 0.3, nan, 0.3, 0.5, 0.5, 0.5, 0.5, 1.0]","[0, 0, 0, 0, 0, 0, 0, 1, 0]",2016-11-29 12:00,37.0,5,1.0,78.0,2.0,1.0,197.7469839309005,"[181.06998247500167, 202.0738495144293, 287.4375, 137.0]","[(181.06998247500167, 50.0), (202.0738495144293, 90.0), (287.4375, 10.0), (137.0, 20.0)]",2.0,1,4,"[5.0, 9.0, 1.0, 2.0]","[181.06998247500167, 202.0738495144293, 287.4375, 137.0]"
82433,"[13.0, 12.0, 10.5, 1.5, 5.0]","[133.0, 192.55248685625125, 158.0, 292.25, 115.25]",2,10.5,"[1.5, 5.0]","[13.0, 25.0, 35.5, 37.0, 42.0]","[0.0, 13.0, 25.0, 35.5, 37.0]","[1.0, 2.5, 1.0, 4.0, 1.0]","[9, 3, 4, 7, 2]","[9, 4, 4, 7, 4]","[0.75, 0.5, 0.75, 0.5, 0.5]","[1.0, 0.75, 1.0, 1.0, 1.0]","[0, 0, 0, 1, 0]",2016-11-29 15:00,35.0,6,3.0,35.5,3.0,1.0,439.4377420686678,"[292.25, 115.25]","[(292.25, 15.0), (115.25, 50.0)]",3.0,1,2,"[1.5, 5.0]","[292.25, 115.25]"
82451,"[9.0, 11.0, 10.0, 8.0, 2.0, 8.0, 6.0, 8.0, 7.0]","[250.0, 227.0, 250.0, 273.0, 292.25, 227.0, 204.0, 272.9777961056527, 114.6275]",6,6.0,"[8.0, 7.0]","[9.0, 20.0, 30.0, 38.0, 40.0, 48.0, 54.0, 62.0, 69.0]","[0.0, 9.0, 20.0, 30.0, 38.0, 40.0, 48.0, 54.0, 62.0]","[3.0, 2.5, 3.0, 3.5, 4.0, 2.5, 2.0, 4.0, 1.0]","[4, 4, 4, 4, 7, 4, 4, 3, 2]","[4, 4, 4, 4, 7, 4, 4, 3, 3]","[0.5, 0.5, 1.0, 0.5, 0.5, 0.5, 1.0, 0.2, 0.5]","[1.0, 1.0, 1.5, 1.0, 1.0, 1.0, 1.5, 0.5, 1.0]","[0, 0, 0, 0, 1, 0, 0, 0, 0]",2016-12-01 10:00,31.0,4,1.0,54.0,2.0,1.0,131.83132262060033,"[272.9777961056527, 114.6275]","[(272.9777961056527, 80.0), (114.6275, 70.0)]",2.0,1,2,"[8.0, 7.0]","[272.9777961056527, 114.6275]"
82453,"[15.0, 7.0, 17.0, 1.0, 8.0, 3.0, 10.0, 5.0]","[158.0, 204.0, 181.0, 283.9375, 204.0, 158.0, 174.55248685625125, 115.25]",3,1.0,"[8.0, 3.0, 10.0, 5.0]","[15.0, 22.0, 39.0, 40.0, 48.0, 51.0, 61.0, 66.0]","[0.0, 15.0, 22.0, 39.0, 40.0, 48.0, 51.0, 61.0]","[1.0, 2.0, 1.5, 4.0, 2.0, 1.0, 2.5, 1.0]","[4, 4, 4, 7, 4, 4, 3, 2]","[4, 4, 4, 9, 4, 4, 2, 4]","[2.0, 1.0, 0.75, 1.5, 0.25, 0.5, 0.5, 1.0]","[2.0, 1.5, 1.0, 1.5, 0.5, 1.0, 1.0, 1.5]","[0, 0, 0, 1, 0, 0, 0, 0]",2016-12-01 11:00,33.0,4,2.0,40.0,3.0,1.0,131.83132262060033,"[204.0, 158.0, 174.55248685625125, 115.25]","[(204.0, 80.0), (158.0, 30.0), (174.55248685625125, 100.0), (115.25, 50.0)]",3.0,1,4,"[8.0, 3.0, 10.0, 5.0]","[204.0, 158.0, 174.55248685625125, 115.25]"
82454,"[4.0, 1.0, 3.0, 5.0, 3.0, 4.0, 2.0, 1.0, 25.0, 1.0, 2.0, 6.0, 4.0, 5.0, 6.0, 4.0]","[158.0, 293.1875, 133.0, 259.0, 158.0, 296.0, 158.0, 158.0, 250.0, 133.0, 283.9375, 202.0738495144293, 204.0, 181.0, 202.0738495144293, 101.0]",10,2.0,"[6.0, 4.0, 5.0, 6.0, 4.0]","[4.0, 5.0, 8.0, 13.0, 16.0, 20.0, 22.0, 23.0, 48.0, 49.0, 51.0, 57.0, 61.0, 66.0, 72.0, 76.0]","[0.0, 4.0, 5.0, 8.0, 13.0, 16.0, 20.0, 22.0, 23.0, 48.0, 49.0, 51.0, 57.0, 61.0, 66.0, 72.0]","[1.0, 4.0, 1.0, 4.0, 1.0, 4.0, 1.0, 1.0, 3.0, 1.0, 4.0, 3.0, 2.0, 1.5, 3.0, 1.0]","[4, 7, 9, 9, 4, 4, 4, 4, 4, 9, 7, 3, 4, 4, 3, 2]","[4, 4, 9, 9, 4, 4, 4, 4, 4, 9, 9, 3, 4, 4, 3, 2]","[1.5, 1.5, 1.5, 1.5, 2.0, 1.5, 1.5, 1.5, 0.75, 1.0, 1.0, 0.5, 0.75, 0.75, 1.0, 1.0]","[1.5, 1.5, 1.5, 2.0, 2.0, 2.0, 2.0, 1.5, 1.0, 1.0, 1.5, 0.5, 0.75, 0.75, 1.0, 1.0]","[0, 1, 0, 0, 0, 0, 0, 0, 0, 0, 1, 0, 0, 0, 0, 0]",2016-12-01 11:00,36.0,4,2.0,51.0,3.0,1.0,131.83132262060033,"[202.0738495144293, 204.0, 181.0, 202.0738495144293, 101.0]","[(202.0738495144293, 60.0), (204.0, 40.0), (181.0, 50.0), (202.0738495144293, 60.0), (101.0, 40.0)]",3.0,1,5,"[6.0, 4.0, 5.0, 6.0, 4.0]","[202.0738495144293, 204.0, 181.0, 202.0738495144293, 101.0]"
82464,"[12.0, 10.7, 0.3000000000000007, 6.0, 1.0, 6.600000000000001, 0.3999999999999986, 6.0, 1.8999999999999986, 0.10000000000000142]","[154.0, 215.51749561875042, 292.25, 176.55269941693467, 292.25, 157.3775, 292.25, 158.0, 171.0, 140.0]",0,12.0,"[10.7, 0.3000000000000007, 6.0, 1.0, 6.600000000000001, 0.3999999999999986, 6.0, 1.8999999999999986, 0.10000000000000142]","[12.0, 22.7, 23.0, 29.0, 30.0, 36.6, 37.0, 43.0, 44.9, 45.0]","[0.0, 12.0, 22.7, 23.0, 29.0, 30.0, 36.6, 37.0, 43.0, 44.9]","[1.5, 2.5, 3.0, 2.0, 3.5, 1.0, 3.0, 1.0, 1.0, 1.0]","[9, 4, 7, 3, 7, 4, 7, 4, 4, 6]","[9, 3, 7, 4, 7, 3, 7, 4, 5, 6]","[0.75, 0.5, 0.5, 0.5, 1.0, 0.5, 0.5, 0.75, 0.75, 1.0]","[1.25, 1.0, 0.75, 0.5, 1.0, 0.75, 1.0, 1.0, 1.5, 2.0]","[0, 0, 1, 0, 1, 0, 1, 0, 0, 0]",2016-12-04 15:00,29.0,6,3.0,12.0,3.0,1.0,439.4377420686678,"[215.51749561875042, 292.25, 176.55269941693467, 292.25, 157.3775, 292.25, 158.0, 171.0, 140.0]","[(215.51749561875042, 107.0), (292.25, 3.000000000000007), (176.55269941693467, 60.0), (292.25, 10.0), (157.3775, 66.00000000000001), (292.25, 3.999999999999986), (158.0, 60.0), (171.0, 18.999999999999986), (140.0, 1.0000000000000142)]",3.0,1,9,"[10.7, 0.3000000000000007, 6.0, 1.0, 6.600000000000001, 0.3999999999999986, 6.0, 1.8999999999999986, 0.10000000000000142]","[215.51749561875042, 292.25, 176.55269941693467, 292.25, 157.3775, 292.25, 158.0, 171.0, 140.0]"
82495,"[5.0, 20.0, 19.0, 1.0, 1.0, 3.0, 5.0, 2.0, 1.0, 1.0]","[208.875, 241.75, 217.0, 319.0, 283.9375, 217.0, 217.0, 219.25, 158.0, 283.9375]",5,3.0,"[5.0, 2.0, 1.0, 1.0]","[5.0, 25.0, 44.0, 45.0, 46.0, 49.0, 54.0, 56.0, 57.0, 58.0]","[0.0, 5.0, 25.0, 44.0, 45.0, 46.0, 49.0, 54.0, 56.0, 57.0]","[2.5, 3.0, 3.0, 4.5, 4.0, 3.0, 3.0, 2.5, 1.0, 4.0]","[9, 4, 9, 4, 7, 9, 9, 4, 4, 7]","[5, 9, 9, 4, 9, 9, 9, 9, 4, 9]","[0.5, 1.0, 0.5, 0.5, 0.5, 1.0, 1.0, 0.5, 1.0, 0.25]","[1.0, 1.0, 0.5, 0.5, 1.0, 1.5, 1.5, 1.0, 2.0, 0.5]","[0, 0, 0, 0, 1, 0, 0, 0, 0, 1]",2016-12-08 10:00,36.0,5,3.0,49.0,3.0,1.0,197.7469839309005,"[217.0, 219.25, 158.0, 283.9375]","[(217.0, 50.0), (219.25, 20.0), (158.0, 10.0), (283.9375, 10.0)]",3.0,1,4,"[5.0, 2.0, 1.0, 1.0]","[217.0, 219.25, 158.0, 283.9375]"
82497,"[2.0, 25.0, 3.0, 10.0, 11.0, 0.8999999999999986, 0.10000000000000142]","[251.0, 252.5, 293.1875, 204.0, 227.0, 171.0, 164.8118667919715]",3,10.0,"[11.0, 0.8999999999999986, 0.10000000000000142]","[2.0, 27.0, 30.0, 40.0, 51.0, 51.9, 52.0]","[0.0, 2.0, 27.0, 30.0, 40.0, 51.0, 51.9]","[3.0, 3.0, 4.0, 2.0, 2.5, 1.0, 1.5]","[7, 4, 7, 4, 4, 4, 3]","[5, 5, 4, 4, 4, 5, 4]","[1.0, 2.0, 1.0, 1.0, 0.75, 1.0, 5.0]","[2.0, 2.0, 1.0, 1.5, 1.0, 1.25, 5.0]","[0, 0, 1, 0, 0, 0, 0]",2016-12-08 10:00,32.0,5,3.0,40.0,3.0,1.0,197.7469839309005,"[227.0, 171.0, 164.8118667919715]","[(227.0, 110.0), (171.0, 8.999999999999986), (164.8118667919715, 1.0000000000000142)]",3.0,1,3,"[11.0, 0.8999999999999986, 0.10000000000000142]","[227.0, 171.0, 164.8118667919715]"
82498,"[20.0, 1.0, 17.0, 1.0, 2.0, 1.0, 2.0, 8.0, 1.0, 8.0, 2.0]","[227.0, 292.25, 204.0, 181.0, 292.25, 227.0, 278.73334707923954, 196.75, 238.01846237860732, 158.0, 242.34391954305838]",4,2.0,"[1.0, 2.0, 8.0, 1.0, 8.0, 2.0]","[20.0, 21.0, 38.0, 39.0, 41.0, 42.0, 44.0, 52.0, 53.0, 61.0, 63.0]","[0.0, 20.0, 21.0, 38.0, 39.0, 41.0, 42.0, 44.0, 52.0, 53.0, 61.0]","[2.5, 4.0, 2.0, 1.5, 5.0, 2.5, 4.0, 2.0, 3.0, 1.0, 3.5]","[4, 7, 4, 4, 7, 4, 3, 4, 4, 4, 3]","[4, 7, 4, 4, 7, 4, 4, 9, 3, 4, 4]","[1.0, 1.5, 1.0, 1.0, 1.5, 0.75, 0.5, 0.75, 0.75, 1.0, 0.25]","[1.5, 1.5, 1.0, 1.5, 2.0, 1.0, 0.75, 1.0, 1.0, 1.5, 0.5]","[0, 1, 0, 0, 1, 0, 0, 0, 0, 0, 0]",2016-12-08 11:00,33.0,4,2.0,41.0,3.0,1.0,131.83132262060033,"[227.0, 278.73334707923954, 196.75, 238.01846237860732, 158.0, 242.34391954305838]","[(227.0, 10.0), (278.73334707923954, 20.0), (196.75, 80.0), (238.01846237860732, 10.0), (158.0, 80.0), (242.34391954305838, 20.0)]",3.0,1,6,"[1.0, 2.0, 8.0, 1.0, 8.0, 2.0]","[227.0, 278.73334707923954, 196.75, 238.01846237860732, 158.0, 242.34391954305838]"
82503,"[10.0, 14.0, 5.0, 10.0, 1.0, 6.0, 1.8999999999999986, 0.10000000000000142]","[210.0, 191.375, 227.0, 191.375, 292.25, 204.0, 171.0, 292.25]",0,10.0,"[14.0, 5.0, 10.0, 1.0, 6.0, 1.8999999999999986, 0.10000000000000142]","[10.0, 24.0, 29.0, 39.0, 40.0, 46.0, 47.9, 48.0]","[0.0, 10.0, 24.0, 29.0, 39.0, 40.0, 46.0, 47.9]","[1.0, 1.5, 2.5, 1.5, 3.5, 2.0, 1.0, 2.5]","[5, 4, 4, 4, 7, 4, 4, 7]","[5, 5, 4, 5, 7, 4, 5, 7]","[2.0, 1.0, 1.0, 0.75, 0.5, 0.5, 0.75, 0.5]","[4.0, 2.0, 1.5, 1.5, 1.0, 1.0, 1.5, 0.5]","[0, 0, 0, 0, 1, 0, 0, 1]",2016-12-08 11:00,29.0,5,2.0,10.0,3.0,1.0,197.7469839309005,"[191.375, 227.0, 191.375, 292.25, 204.0, 171.0, 292.25]","[(191.375, 140.0), (227.0, 50.0), (191.375, 100.0), (292.25, 10.0), (204.0, 60.0), (171.0, 18.999999999999986), (292.25, 1.0000000000000142)]",3.0,1,7,"[14.0, 5.0, 10.0, 1.0, 6.0, 1.8999999999999986, 0.10000000000000142]","[191.375, 227.0, 191.375, 292.25, 204.0, 171.0, 292.25]"
82505,"[15.0, 15.0, 11.0, 3.0, 1.0]","[210.0, 191.375, 158.0, 293.1875, 210.0]",0,15.0,"[15.0, 11.0, 3.0, 1.0]","[15.0, 30.0, 41.0, 44.0, 45.0]","[0.0, 15.0, 30.0, 41.0, 44.0]","[1.0, 1.5, 1.0, 4.0, 1.0]","[5, 4, 4, 7, 5]","[5, 5, 4, 4, 5]","[1.5, 0.75, 1.0, 1.0, 1.0]","[2.5, 1.5, 2.0, 1.0, 1.5]","[0, 0, 0, 1, 0]",2016-12-08 14:00,35.0,4,2.0,15.0,3.0,1.0,131.83132262060033,"[191.375, 158.0, 293.1875, 210.0]","[(191.375, 150.0), (158.0, 110.0), (293.1875, 30.0), (210.0, 10.0)]",3.0,1,4,"[15.0, 11.0, 3.0, 1.0]","[191.375, 158.0, 293.1875, 210.0]"
82527,"[15.0, 10.5, 0.5, 4.5, 1.5, 19.0, 3.0, 7.0, 2.0, 10.0, 2.0, 0.9000000000000057, 0.09999999999999432]","[171.0, 215.51749561875042, 275.9375, 204.0, 254.1875, 215.51749561875042, 158.0, 175.60395559732385, 157.3775, 194.8508998056449, 171.0, 292.25, 140.0]",0,15.0,"[10.5, 0.5, 4.5, 1.5, 19.0, 3.0, 7.0, 2.0, 10.0, 2.0, 0.9000000000000057, 0.09999999999999432]","[15.0, 25.5, 26.0, 30.5, 32.0, 51.0, 54.0, 61.0, 63.0, 73.0, 75.0, 75.9, 76.0]","[0.0, 15.0, 25.5, 26.0, 30.5, 32.0, 51.0, 54.0, 61.0, 63.0, 73.0, 75.0, 75.9]","[1.0, 2.5, 2.5, 2.0, 2.0, 2.5, 1.0, 1.5, 1.0, 2.0, 1.0, 2.5, 1.0]","[4, 4, 7, 4, 7, 4, 4, 4, 4, 4, 4, 7, 6]","[5, 3, 4, 4, 6, 3, 4, 3, 3, 3, 5, 7, 6]","[1.5, 0.5, 0.5, 0.75, 1.0, 0.5, 0.5, 0.5, 0.5, 0.5, 1.0, 0.5, 1.0]","[2.0, 0.75, 0.75, 1.0, 3.0, 0.75, 1.0, 0.75, 1.0, 0.75, 2.0, 0.75, 2.0]","[0, 0, 1, 0, 1, 0, 0, 0, 0, 0, 0, 1, 0]",2016-12-14 12:00,30.0,6,3.0,15.0,3.0,1.0,439.4377420686678,"[215.51749561875042, 275.9375, 204.0, 254.1875, 215.51749561875042, 158.0, 175.60395559732385, 157.3775, 194.8508998056449, 171.0, 292.25, 140.0]","[(215.51749561875042, 105.0), (275.9375, 5.0), (204.0, 45.0), (254.1875, 15.0), (215.51749561875042, 190.0), (158.0, 30.0), (175.60395559732385, 70.0), (157.3775, 20.0), (194.8508998056449, 100.0), (171.0, 20.0), (292.25, 9.000000000000057), (140.0, 0.9999999999999432)]",3.0,1,12,"[10.5, 0.5, 4.5, 1.5, 19.0, 3.0, 7.0, 2.0, 10.0, 2.0, 0.9000000000000057, 0.09999999999999432]","[215.51749561875042, 275.9375, 204.0, 254.1875, 215.51749561875042, 158.0, 175.60395559732385, 157.3775, 194.8508998056449, 171.0, 292.25, 140.0]"
82556,"[16.0, 2.0, 2.0, 0.5, 15.5, 8.0, 2.0, 0.5]","[158.0, 160.75, 158.0, 305.1875, 211.75, 171.0, 156.1325, 140.0]",2,2.0,"[0.5, 15.5, 8.0, 2.0, 0.5]","[16.0, 18.0, 20.0, 20.5, 36.0, 44.0, 46.0, 46.5]","[0.0, 16.0, 18.0, 20.0, 20.5, 36.0, 44.0, 46.0]","[1.0, 1.5, 1.0, 4.5, 2.0, 1.0, 1.0, 1.0]","[4, 9, 4, 7, 4, 4, 3, 6]","[4, 4, 4, 8, 5, 5, 4, 6]","[1.0, 1.0, 1.0, 1.0, 1.5, 1.5, 0.25, 1.0]","[2.0, 1.5, 2.0, 2.0, 2.5, 2.5, 0.75, 2.0]","[0, 0, 0, 1, 0, 0, 0, 0]",2016-12-24 09:00,34.0,5,3.0,20.0,3.0,1.0,197.7469839309005,"[305.1875, 211.75, 171.0, 156.1325, 140.0]","[(305.1875, 5.0), (211.75, 155.0), (171.0, 80.0), (156.1325, 20.0), (140.0, 5.0)]",3.0,1,5,"[0.5, 15.5, 8.0, 2.0, 0.5]","[305.1875, 211.75, 171.0, 156.1325, 140.0]"
82602,"[25.0, 5.0, 14.5, 0.5, 1.5, 0.5, 3.0, 1.0, 1.0, 13.0, 20.0]","[210.0, 227.25, 197.0, 204.0, 171.0, 304.6875, 158.0, 304.6875, 158.0, 149.3118667919715, 141.8825]",6,3.0,"[1.0, 1.0, 13.0, 20.0]","[25.0, 30.0, 44.5, 45.0, 46.5, 47.0, 50.0, 51.0, 52.0, 65.0, 85.0]","[0.0, 25.0, 30.0, 44.5, 45.0, 46.5, 47.0, 50.0, 51.0, 52.0, 65.0]","[1.0, 2.0, 1.0, 2.0, 1.0, 5.0, 1.0, 5.0, 1.0, 1.5, 1.0]","[5, 5, 5, 4, 4, 7, 4, 7, 4, 3, 3]","[5, 4, 4, 4, 5, 4, 4, 4, 4, 2, 2]","[2.0, 1.5, 1.5, 1.5, 1.5, 0.75, 1.0, 0.75, 0.75, 0.25, 0.25]","[4.0, 2.0, 3.0, 2.5, 2.0, 1.25, 1.5, 1.0, 1.5, 0.5, 0.5]","[0, 0, 0, 0, 0, 1, 0, 1, 0, 0, 0]",2017-01-06 10:00,23.0,2,1.0,50.0,1.0,3.0,80.0,"[304.6875, 158.0, 149.3118667919715, 141.8825]","[(304.6875, 10.0), (158.0, 10.0), (149.3118667919715, 130.0), (141.8825, 200.0)]",1.0,1,4,"[1.0, 1.0, 13.0, 20.0]","[304.6875, 158.0, 149.3118667919715, 141.8825]"
82610,"[22.0, 4.0, 6.0, 1.0, 1.0, 3.0, 18.0, 9.0]","[222.5, 287.75, 171.0, 298.9375, 153.5, 141.8825, 159.41582238929536, 86.0]",4,1.0,"[3.0, 18.0, 9.0]","[22.0, 26.0, 32.0, 33.0, 34.0, 37.0, 55.0, 64.0]","[0.0, 22.0, 26.0, 32.0, 33.0, 34.0, 37.0, 55.0]","[1.5, 4.0, 1.0, 4.5, 1.0, 1.0, 1.5, 1.0]","[5, 5, 4, 7, 4, 3, 3, 1]","[5, 4, 5, 4, 6, 2, 3, 2]","[2.0, 2.0, 2.0, 1.0, 1.0, 0.25, 0.25, 0.5]","[5.0, 4.0, 4.0, 2.0, 2.0, 1.0, 0.5, 1.5]","[0, 0, 0, 1, 0, 0, 0, 0]",2017-01-08 10:00,26.0,3,2.0,34.0,2.0,3.0,100.9123351677189,"[141.8825, 159.41582238929536, 86.0]","[(141.8825, 30.0), (159.41582238929536, 180.0), (86.0, 90.0)]",2.0,1,3,"[3.0, 18.0, 9.0]","[141.8825, 159.41582238929536, 86.0]"
82611,"[10.0, 20.0, 22.0, 1.0, 2.0, 14.0, 1.0, 9.0]","[284.1875, 205.375, 190.75, 281.6875, 158.0, 99.6275, 81.0, 86.0]",5,14.0,"[1.0, 9.0]","[10.0, 30.0, 52.0, 53.0, 55.0, 69.0, 70.0, 79.0]","[0.0, 10.0, 30.0, 52.0, 53.0, 55.0, 69.0, 70.0]","[3.0, 1.5, 1.0, 3.0, 1.0, 1.0, 1.0, 1.0]","[7, 5, 5, 7, 4, 1, 1, 1]","[5, 9, 9, 4, 4, 3, 1, 2]","[2.0, 2.0, 2.0, 1.0, 1.0, 0.25, 1.0, 0.5]","[3.0, 3.0, 3.0, 2.0, 1.5, 0.5, 2.0, 1.0]","[1, 0, 0, 1, 0, 0, 0, 0]",2017-01-08 10:00,40.0,2,2.0,69.0,1.0,3.0,80.0,"[81.0, 86.0]","[(81.0, 10.0), (86.0, 90.0)]",1.0,1,2,"[1.0, 9.0]","[81.0, 86.0]"
82632,"[19.0, 2.0, 10.0, 2.0, 6.0, 4.0, 15.0, 4.0, 3.0, 25.0, 18.0, 2.0]","[227.25, 292.25, 158.0, 292.25, 204.0, 292.25, 204.0, 292.25, 144.6008998056449, 137.0, 101.0, 95.75]",9,25.0,"[18.0, 2.0]","[19.0, 21.0, 31.0, 33.0, 39.0, 43.0, 58.0, 62.0, 65.0, 90.0, 108.0, 110.0]","[0.0, 19.0, 21.0, 31.0, 33.0, 39.0, 43.0, 58.0, 62.0, 65.0, 90.0, 108.0]","[2.0, 4.0, 1.0, 3.0, 2.0, 4.0, 2.0, 3.0, 2.0, 2.0, 1.0, 1.0]","[5, 7, 4, 7, 4, 7, 4, 7, 2, 2, 2, 1]","[4, 7, 4, 7, 4, 7, 4, 7, 3, 2, 2, 6]","[3.0, 2.0, 3.0, 2.0, 2.0, 2.0, 0.5, 2.0, 0.5, 1.0, 1.5, 3.0]","[3.0, 2.0, 3.0, 2.0, 3.0, 2.0, 1.0, 2.0, 1.0, 1.0, 1.5, 4.0]","[0, 1, 0, 1, 0, 1, 0, 1, 0, 0, 0, 0]",2017-01-11 12:00,31.0,4,3.0,90.0,3.0,2.0,131.83132262060033,"[101.0, 95.75]","[(101.0, 180.0), (95.75, 20.0)]",3.0,1,2,"[18.0, 2.0]","[101.0, 95.75]"
82642,"[31.0, 2.0, 2.0, 3.0, 2.0, 37.0, 13.5, 0.5]","[210.0, 283.9375, 171.0, 283.9375, 158.0, 202.0738495144293, 101.0, 120.0]",4,2.0,"[37.0, 13.5, 0.5]","[31.0, 33.0, 35.0, 38.0, 40.0, 77.0, 90.5, 91.0]","[0.0, 31.0, 33.0, 35.0, 38.0, 40.0, 77.0, 90.5]","[1.0, 4.0, 1.0, 4.0, 1.0, 3.0, 1.0, 1.0]","[5, 7, 4, 7, 4, 3, 2, 0]","[5, 9, 5, 9, 4, 3, 2, 0]","[2.0, 1.0, 1.0, 0.5, 1.0, 0.25, 0.5, 0.5]","[5.0, 2.0, 2.0, 1.5, 2.0, 0.5, 1.0, 0.5]","[0, 1, 0, 1, 0, 0, 0, 0]",2017-01-12 09:00,30.0,4,2.0,40.0,3.0,3.0,131.83132262060033,"[202.0738495144293, 101.0, 120.0]","[(202.0738495144293, 370.0), (101.0, 135.0), (120.0, 5.0)]",3.0,1,3,"[37.0, 13.5, 0.5]","[202.0738495144293, 101.0, 120.0]"
82691,"[6.0, 28.0, 1.0, 5.0, 11.0, 10.0, 9.0]","[197.0, 197.0, 292.25, 159.80269941693467, 119.0, 119.0, 86.0]",1,28.0,"[1.0, 5.0, 11.0, 10.0, 9.0]","[6.0, 34.0, 35.0, 40.0, 51.0, 61.0, 70.0]","[0.0, 6.0, 34.0, 35.0, 40.0, 51.0, 61.0]","[1.0, 1.0, 3.0, 2.0, 1.5, 1.5, 1.0]","[5, 5, 7, 3, 2, 2, 1]","[4, 4, 7, 2, 2, 2, 2]","[2.0, 1.0, 2.0, 0.5, 0.75, 1.0, 1.0]","[4.0, 3.0, 2.0, 0.75, 1.0, 1.0, 2.0]","[0, 0, 1, 0, 0, 0, 0]",2017-01-16 12:00,34.0,3,2.0,34.0,2.0,3.0,100.9123351677189,"[292.25, 159.80269941693467, 119.0, 119.0, 86.0]","[(292.25, 10.0), (159.80269941693467, 50.0), (119.0, 110.0), (119.0, 100.0), (86.0, 90.0)]",2.0,1,5,"[1.0, 5.0, 11.0, 10.0, 9.0]","[292.25, 159.80269941693467, 119.0, 119.0, 86.0]"
82709,"[22.0, 3.0, 15.0, 11.0, 21.0, 24.5, 0.5]","[272.625, 171.0, 159.80269941693467, 158.0, 149.3118667919715, 141.8825, 159.41582238929536]",1,3.0,"[15.0, 11.0, 21.0, 24.5, 0.5]","[22.0, 25.0, 40.0, 51.0, 72.0, 96.5, 97.0]","[0.0, 22.0, 25.0, 40.0, 51.0, 72.0, 96.5]","[3.5, 1.0, 2.0, 1.0, 1.5, 1.0, 1.5]","[5, 4, 3, 4, 3, 3, 3]","[4, 5, 2, 4, 2, 2, 3]","[2.0, 1.0, 0.25, 0.5, 0.25, 0.5, 0.25]","[3.0, 1.5, 0.5, 0.5, 0.75, 1.0, 0.25]","[0, 0, 0, 0, 0, 0, 0]",2017-01-17 11:00,35.0,4,1.0,25.0,2.0,3.0,131.83132262060033,"[159.80269941693467, 158.0, 149.3118667919715, 141.8825, 159.41582238929536]","[(159.80269941693467, 150.0), (158.0, 110.0), (149.3118667919715, 210.0), (141.8825, 245.0), (159.41582238929536, 5.0)]",2.0,1,5,"[15.0, 11.0, 21.0, 24.5, 0.5]","[159.80269941693467, 158.0, 149.3118667919715, 141.8825, 159.41582238929536]"
82714,"[20.0, 15.0, 25.0, 35.0]","[210.0, 214.05538713582197, 181.06998247500167, 101.0]",1,15.0,"[25.0, 35.0]","[20.0, 35.0, 60.0, 95.0]","[0.0, 20.0, 35.0, 60.0]","[1.0, 3.0, 2.5, 1.0]","[5, 3, 3, 2]","[5, 4, 3, 2]","[4.0, 0.5, 0.25, 0.75]","[6.0, 0.5, 0.25, 1.5]","[0, 0, 0, 0]",2017-01-17 10:00,37.0,3,1.0,35.0,1.0,3.0,100.9123351677189,"[181.06998247500167, 101.0]","[(181.06998247500167, 250.0), (101.0, 350.0)]",1.0,1,2,"[25.0, 35.0]","[181.06998247500167, 101.0]"
82734,"[31.0, 1.0, 3.0, 22.0, 8.0, 4.5, 0.5]","[210.0, 257.5, 197.0, 214.05538713582197, 167.40359922257957, 221.84391954305838, 114.6275]",2,3.0,"[22.0, 8.0, 4.5, 0.5]","[31.0, 32.0, 35.0, 57.0, 65.0, 69.5, 70.0]","[0.0, 31.0, 32.0, 35.0, 57.0, 65.0, 69.5]","[1.0, 3.0, 1.0, 3.0, 2.0, 3.5, 1.0]","[5, 5, 5, 3, 3, 3, 2]","[5, 4, 4, 4, 3, 2, 3]","[3.0, 1.5, 2.0, 0.5, 0.25, 0.5, 0.25]","[6.0, 2.0, 3.0, 1.5, 0.5, 1.5, 1.0]","[0, 0, 0, 0, 0, 0, 0]",2017-01-18 12:00,30.0,3,1.0,35.0,1.0,3.0,100.9123351677189,"[214.05538713582197, 167.40359922257957, 221.84391954305838, 114.6275]","[(214.05538713582197, 220.0), (167.40359922257957, 80.0), (221.84391954305838, 45.0), (114.6275, 5.0)]",1.0,1,4,"[22.0, 8.0, 4.5, 0.5]","[214.05538713582197, 167.40359922257957, 221.84391954305838, 114.6275]"
82735,"[20.0, 2.0, 14.0, 5.0, 0.5, 1.5, 10.0, 9.0, 11.0, 2.0]","[289.1875, 197.0, 181.06998247500167, 194.8508998056449, 287.4375, 157.3775, 141.8825, 159.41582238929536, 155.51, 232.12522605741117]",1,2.0,"[14.0, 5.0, 0.5, 1.5, 10.0, 9.0, 11.0, 2.0]","[20.0, 22.0, 36.0, 41.0, 41.5, 43.0, 53.0, 62.0, 73.0, 75.0]","[0.0, 20.0, 22.0, 36.0, 41.0, 41.5, 43.0, 53.0, 62.0, 73.0]","[4.5, 1.0, 2.5, 2.0, 3.5, 1.0, 1.0, 1.5, 1.0, 3.5]","[7, 5, 3, 4, 7, 4, 3, 3, 3, 3]","[9, 4, 3, 3, 4, 3, 2, 3, 3, 3]","[1.5, 2.0, 0.25, 0.5, 0.5, 0.5, 0.5, 0.25, 0.25, 0.25]","[2.5, 4.0, 0.75, 0.75, 0.75, 1.5, 1.5, 0.25, 0.5, 0.5]","[1, 0, 0, 0, 1, 0, 0, 0, 0, 0]",2017-01-18 14:00,28.0,3,1.0,22.0,1.0,3.0,100.9123351677189,"[181.06998247500167, 194.8508998056449, 287.4375, 157.3775, 141.8825, 159.41582238929536, 155.51, 232.12522605741117]","[(181.06998247500167, 140.0), (194.8508998056449, 50.0), (287.4375, 5.0), (157.3775, 15.0), (141.8825, 100.0), (159.41582238929536, 90.0), (155.51, 110.0), (232.12522605741117, 20.0)]",1.0,1,8,"[14.0, 5.0, 0.5, 1.5, 10.0, 9.0, 11.0, 2.0]","[181.06998247500167, 194.8508998056449, 287.4375, 157.3775, 141.8825, 159.41582238929536, 155.51, 232.12522605741117]"
82787,"[28.0, 1.0, 3.0, 1.0, 2.0, 15.0, 10.0, 7.0]","[222.5, 290.4375, 210.0, 292.25, 197.0, 169.30269941693467, 164.8118667919715, 156.1325]",0,28.0,"[1.0, 3.0, 1.0, 2.0, 15.0, 10.0, 7.0]","[28.0, 29.0, 32.0, 33.0, 35.0, 50.0, 60.0, 67.0]","[0.0, 28.0, 29.0, 32.0, 33.0, 35.0, 50.0, 60.0]","[1.5, 4.0, 1.0, 2.5, 1.0, 2.0, 1.5, 1.0]","[5, 7, 5, 7, 5, 3, 3, 3]","[5, 5, 5, 7, 4, 9, 4, 4]","[4.0, 4.0, 3.0, 1.0, 1.5, 0.5, 0.5, 0.2]","[6.0, 5.0, 6.0, 3.0, 2.5, 0.5, 0.75, 0.5]","[0, 1, 0, 1, 0, 0, 0, 0]",2017-01-24 14:00,30.0,5,1.0,28.0,2.0,3.0,197.7469839309005,"[290.4375, 210.0, 292.25, 197.0, 169.30269941693467, 164.8118667919715, 156.1325]","[(290.4375, 10.0), (210.0, 30.0), (292.25, 10.0), (197.0, 20.0), (169.30269941693467, 150.0), (164.8118667919715, 100.0), (156.1325, 70.0)]",2.0,1,7,"[1.0, 3.0, 1.0, 2.0, 15.0, 10.0, 7.0]","[290.4375, 210.0, 292.25, 197.0, 169.30269941693467, 164.8118667919715, 156.1325]"
82807,"[3.0, 13.0, 7.199999999999999, 0.3000000000000007, 0.5, 0.5, 0.5, 4.0, 30.0, 7.0, 3.0, 3.0, 8.0, 8.0, 11.799999999999997, 0.10000000000000853, 0.09999999999999432]","[210.0, 235.0, 210.0, 281.6875, 140.0, 204.0, 281.6875, 204.0, 232.12522605741117, 175.60395559732385, 176.55269941693467, 156.1325, 192.55248685625125, 165.5, 143.75, 292.25, 140.0]",2,7.199999999999999,"[0.3000000000000007, 0.5, 0.5, 0.5, 4.0, 30.0, 7.0, 3.0, 3.0, 8.0, 8.0, 11.799999999999997, 0.10000000000000853, 0.09999999999999432]","[3.0, 16.0, 23.2, 23.5, 24.0, 24.5, 25.0, 29.0, 59.0, 66.0, 69.0, 72.0, 80.0, 88.0, 99.8, 99.9, 100.0]","[0.0, 3.0, 16.0, 23.2, 23.5, 24.0, 24.5, 25.0, 29.0, 59.0, 66.0, 69.0, 72.0, 80.0, 88.0, 99.8, 99.9]","[1.0, 2.0, 1.0, 3.0, 1.5, 2.0, 3.0, 2.0, 3.5, 1.5, 2.0, 1.0, 2.5, 1.5, 1.0, 1.5, 1.0]","[5, 5, 5, 7, 6, 4, 7, 4, 3, 4, 3, 3, 3, 4, 4, 7, 6]","[5, 5, 5, 4, 6, 4, 4, 4, 3, 3, 4, 4, 4, 2, 2, 7, 6]","[4.0, 2.5, 4.0, 1.0, 4.0, 1.0, 1.0, 0.75, 0.25, 0.5, 0.5, 0.5, 0.5, 0.5, 0.5, 0.5, 1.0]","[6.0, 4.0, 6.0, 1.0, 6.0, 2.0, 1.5, 1.0, 0.5, 1.0, 0.75, 0.75, 0.75, 1.0, 1.0, 0.5, 1.0]","[0, 0, 0, 1, 0, 0, 1, 0, 0, 0, 0, 0, 0, 0, 0, 1, 0]",2017-01-26 10:00,28.0,6,1.0,23.2,3.0,2.0,439.4377420686678,"[281.6875, 140.0, 204.0, 281.6875, 204.0, 232.12522605741117, 175.60395559732385, 176.55269941693467, 156.1325, 192.55248685625125, 165.5, 143.75, 292.25, 140.0]","[(281.6875, 3.000000000000007), (140.0, 5.0), (204.0, 5.0), (281.6875, 5.0), (204.0, 40.0), (232.12522605741117, 300.0), (175.60395559732385, 70.0), (176.55269941693467, 30.0), (156.1325, 30.0), (192.55248685625125, 80.0), (165.5, 80.0), (143.75, 117.99999999999997), (292.25, 1.0000000000000853), (140.0, 0.9999999999999432)]",3.0,1,14,"[0.3000000000000007, 0.5, 0.5, 0.5, 4.0, 30.0, 7.0, 3.0, 3.0, 8.0, 8.0, 11.799999999999997, 0.10000000000000853, 0.09999999999999432]","[281.6875, 140.0, 204.0, 281.6875, 204.0, 232.12522605741117, 175.60395559732385, 176.55269941693467, 156.1325, 192.55248685625125, 165.5, 143.75, 292.25, 140.0]"
82822,"[30.0, 9.0, 2.0, 1.0, 1.0, 4.0, 4.0, 6.0, 6.0, 20.0, 2.0, 0.5]","[197.0, 211.75, 238.0, 151.75, 294.4375, 151.75, 204.0, 158.0, 156.1325, 158.0, 272.9777961056527, 140.0]",3,1.0,"[1.0, 4.0, 4.0, 6.0, 6.0, 20.0, 2.0, 0.5]","[30.0, 39.0, 41.0, 42.0, 43.0, 47.0, 51.0, 57.0, 63.0, 83.0, 85.0, 85.5]","[0.0, 30.0, 39.0, 41.0, 42.0, 43.0, 47.0, 51.0, 57.0, 63.0, 83.0, 85.0]","[1.0, 2.0, 3.5, 1.0, 5.0, 1.0, 2.0, 1.0, 1.0, 1.0, 4.0, 1.0]","[5, 4, 9, 4, 7, 4, 4, 4, 3, 4, 3, 6]","[4, 5, 9, 9, 9, 9, 4, 4, 4, 4, 3, 6]","[2.0, 1.5, 1.0, 1.5, 1.0, 1.0, 0.25, 0.5, 0.25, 0.5, 0.25, 1.0]","[5.0, 3.0, 2.0, 3.0, 2.5, 2.0, 0.75, 1.0, 0.75, 1.0, 0.25, 2.5]","[0, 0, 0, 0, 1, 0, 0, 0, 0, 0, 0, 0]",2017-01-29 11:00,33.0,3,2.0,42.0,2.0,2.0,100.9123351677189,"[294.4375, 151.75, 204.0, 158.0, 156.1325, 158.0, 272.9777961056527, 140.0]","[(294.4375, 10.0), (151.75, 40.0), (204.0, 40.0), (158.0, 60.0), (156.1325, 60.0), (158.0, 200.0), (272.9777961056527, 20.0), (140.0, 5.0)]",2.0,1,8,"[1.0, 4.0, 4.0, 6.0, 6.0, 20.0, 2.0, 0.5]","[294.4375, 151.75, 204.0, 158.0, 156.1325, 158.0, 272.9777961056527, 140.0]"
82863,"[21.0, 2.0, 22.0, 21.0, 5.0]","[238.0, 101.0, 144.6008998056449, 101.0, 108.875]",0,21.0,"[2.0, 22.0, 21.0, 5.0]","[21.0, 23.0, 45.0, 66.0, 71.0]","[0.0, 21.0, 23.0, 45.0, 66.0]","[3.5, 1.0, 2.0, 1.0, 1.5]","[9, 2, 2, 2, 1]","[9, 2, 3, 2, 0]","[1.0, 0.5, 0.5, 1.0, 1.0]","[1.5, 1.0, 1.0, 1.0, 2.0]","[0, 0, 0, 0, 0]",2017-02-01 11:00,25.0,4,2.0,21.0,3.0,3.0,131.83132262060033,"[101.0, 144.6008998056449, 101.0, 108.875]","[(101.0, 20.0), (144.6008998056449, 220.0), (101.0, 210.0), (108.875, 50.0)]",3.0,1,4,"[2.0, 22.0, 21.0, 5.0]","[101.0, 144.6008998056449, 101.0, 108.875]"
82954,"[29.0, 1.0, 6.0, 1.0, 5.5, 0.5, 2.0, 23.0, 3.0, 9.0, 5.0, 3.0, 13.0, 19.0, 9.0, 7.900000000000006, 0.09999999999999432]","[210.0, 270.1875, 210.0, 270.1875, 222.5, 270.1875, 181.0, 214.05538713582197, 175.60395559732385, 192.55248685625125, 176.55269941693467, 192.55248685625125, 176.55269941693467, 165.5, 165.5, 143.75, 140.0]",2,6.0,"[1.0, 5.5, 0.5, 2.0, 23.0, 3.0, 9.0, 5.0, 3.0, 13.0, 19.0, 9.0, 7.900000000000006, 0.09999999999999432]","[29.0, 30.0, 36.0, 37.0, 42.5, 43.0, 45.0, 68.0, 71.0, 80.0, 85.0, 88.0, 101.0, 120.0, 129.0, 136.9, 137.0]","[0.0, 29.0, 30.0, 36.0, 37.0, 42.5, 43.0, 45.0, 68.0, 71.0, 80.0, 85.0, 88.0, 101.0, 120.0, 129.0, 136.9]","[1.0, 2.0, 1.0, 2.0, 1.5, 2.0, 1.5, 3.0, 1.5, 2.5, 2.0, 2.5, 2.0, 1.5, 1.5, 1.0, 1.0]","[5, 7, 5, 7, 5, 7, 4, 3, 4, 3, 3, 3, 3, 4, 4, 4, 6]","[5, 4, 5, 4, 5, 4, 4, 4, 3, 4, 4, 4, 4, 2, 2, 2, 6]","[3.0, 2.0, 4.0, 2.0, 2.0, 1.0, 1.0, 0.5, 0.5, 0.5, 0.5, 0.5, 0.5, 0.75, 0.5, 0.5, 2.0]","[5.0, 2.0, 6.0, 2.0, 3.5, 2.0, 2.0, 0.75, 1.0, 0.75, 0.75, 0.5, 0.75, 1.0, 1.0, 1.0, 3.0]","[0, 1, 0, 1, 0, 1, 0, 0, 0, 0, 0, 0, 0, 0, 0, 0, 0]",2017-02-14 15:00,30.0,6,1.0,36.0,3.0,2.0,439.4377420686678,"[270.1875, 222.5, 270.1875, 181.0, 214.05538713582197, 175.60395559732385, 192.55248685625125, 176.55269941693467, 192.55248685625125, 176.55269941693467, 165.5, 165.5, 143.75, 140.0]","[(270.1875, 10.0), (222.5, 55.0), (270.1875, 5.0), (181.0, 20.0), (214.05538713582197, 230.0), (175.60395559732385, 30.0), (192.55248685625125, 90.0), (176.55269941693467, 50.0), (192.55248685625125, 30.0), (176.55269941693467, 130.0), (165.5, 190.0), (165.5, 90.0), (143.75, 79.00000000000006), (140.0, 0.9999999999999432)]",3.0,1,14,"[1.0, 5.5, 0.5, 2.0, 23.0, 3.0, 9.0, 5.0, 3.0, 13.0, 19.0, 9.0, 7.900000000000006, 0.09999999999999432]","[270.1875, 222.5, 270.1875, 181.0, 214.05538713582197, 175.60395559732385, 192.55248685625125, 176.55269941693467, 192.55248685625125, 176.55269941693467, 165.5, 165.5, 143.75, 140.0]"
83034,"[21.0, 3.0, 4.0, 11.0, 1.0, 1.0, 19.0, 5.0, 12.0, 4.0]","[210.0, 235.0, 210.0, 241.75, 158.0, 202.0738495144293, 181.0, 158.0, 158.0, 101.0]",1,3.0,"[4.0, 11.0, 1.0, 1.0, 19.0, 5.0, 12.0, 4.0]","[21.0, 24.0, 28.0, 39.0, 40.0, 41.0, 60.0, 65.0, 77.0, 81.0]","[0.0, 21.0, 24.0, 28.0, 39.0, 40.0, 41.0, 60.0, 65.0, 77.0]","[1.0, 2.0, 1.0, 3.0, 1.0, 3.0, 1.5, 1.0, 1.0, 1.0]","[5, 5, 5, 4, 4, 3, 4, 4, 4, 2]","[5, 5, 5, 9, 4, 3, 4, 4, 4, 2]","[3.0, 3.0, 3.0, 1.5, 1.0, 0.3, 0.75, 0.75, 0.75, 1.0]","[4.0, 4.0, 4.0, 1.5, 1.5, 0.5, 0.75, 0.75, 1.0, 1.0]","[0, 0, 0, 0, 0, 0, 0, 0, 0, 0]",2017-02-21 11:00,35.0,5,2.0,24.0,3.0,2.0,197.7469839309005,"[210.0, 241.75, 158.0, 202.0738495144293, 181.0, 158.0, 158.0, 101.0]","[(210.0, 40.0), (241.75, 110.0), (158.0, 10.0), (202.0738495144293, 10.0), (181.0, 190.0), (158.0, 50.0), (158.0, 120.0), (101.0, 40.0)]",3.0,1,8,"[4.0, 11.0, 1.0, 1.0, 19.0, 5.0, 12.0, 4.0]","[210.0, 241.75, 158.0, 202.0738495144293, 181.0, 158.0, 158.0, 101.0]"
83037,"[20.0, 1.0, 3.0, 18.0, 9.0, 1.0, 8.0, 14.0, 1.0, 20.5, 0.5, 4.0]","[190.75, 281.0625, 152.25, 196.0, 154.0, 292.25, 139.25, 160.75, 292.25, 141.8825, 292.25, 90.75]",0,20.0,"[1.0, 3.0, 18.0, 9.0, 1.0, 8.0, 14.0, 1.0, 20.5, 0.5, 4.0]","[20.0, 21.0, 24.0, 42.0, 51.0, 52.0, 60.0, 74.0, 75.0, 95.5, 96.0, 100.0]","[0.0, 20.0, 21.0, 24.0, 42.0, 51.0, 52.0, 60.0, 74.0, 75.0, 95.5, 96.0]","[1.0, 2.5, 1.0, 2.5, 1.5, 2.0, 1.0, 1.5, 2.5, 1.0, 2.0, 1.0]","[5, 7, 9, 9, 9, 7, 9, 9, 7, 3, 7, 1]","[9, 5, 5, 9, 9, 7, 4, 4, 7, 2, 7, 0]","[3.0, 2.0, 1.5, 0.75, 1.0, 0.5, 0.75, 0.75, 0.5, 0.5, 0.5, 1.0]","[5.0, 2.0, 3.0, 1.25, 1.0, 0.75, 1.25, 1.0, 0.75, 1.0, 0.5, 3.0]","[0, 1, 0, 0, 0, 1, 0, 0, 1, 0, 1, 0]",2017-02-21 11:00,36.0,6,3.0,20.0,3.0,2.0,439.4377420686678,"[281.0625, 152.25, 196.0, 154.0, 292.25, 139.25, 160.75, 292.25, 141.8825, 292.25, 90.75]","[(281.0625, 10.0), (152.25, 30.0), (196.0, 180.0), (154.0, 90.0), (292.25, 10.0), (139.25, 80.0), (160.75, 140.0), (292.25, 10.0), (141.8825, 205.0), (292.25, 5.0), (90.75, 40.0)]",3.0,1,11,"[1.0, 3.0, 18.0, 9.0, 1.0, 8.0, 14.0, 1.0, 20.5, 0.5, 4.0]","[281.0625, 152.25, 196.0, 154.0, 292.25, 139.25, 160.75, 292.25, 141.8825, 292.25, 90.75]"
83042,"[30.0, 5.0, 16.0, 15.0, 12.0, 2.0]","[222.5, 293.1875, 176.55269941693467, 129.10395559732385, 86.0, 90.75]",1,5.0,"[16.0, 15.0, 12.0, 2.0]","[30.0, 35.0, 51.0, 66.0, 78.0, 80.0]","[0.0, 30.0, 35.0, 51.0, 66.0, 78.0]","[1.5, 4.0, 2.0, 1.5, 1.0, 1.0]","[5, 7, 3, 2, 1, 1]","[5, 4, 4, 3, 2, 0]","[4.0, 1.0, 0.5, 0.5, 0.5, 1.5]","[8.0, 3.0, 1.0, 1.0, 2.0, 2.5]","[0, 1, 0, 0, 0, 0]",2017-02-21 10:00,34.0,5,3.0,35.0,3.0,1.0,197.7469839309005,"[176.55269941693467, 129.10395559732385, 86.0, 90.75]","[(176.55269941693467, 160.0), (129.10395559732385, 150.0), (86.0, 120.0), (90.75, 20.0)]",3.0,1,4,"[16.0, 15.0, 12.0, 2.0]","[176.55269941693467, 129.10395559732385, 86.0, 90.75]"
83043,"[18.0, 15.0, 1.0, 8.0, 8.0, 6.0, 11.0, 2.0, 16.0, 7.0, 9.5, 0.5, 1.0, 2.0, 9.0, 1.0, 1.0]","[227.25, 212.125, 275.9375, 204.0, 181.0, 238.0, 217.0, 181.0, 196.0, 164.8118667919715, 164.8118667919715, 140.0, 156.1325, 167.40359922257957, 141.8825, 81.0, 81.0]",11,0.5,"[1.0, 2.0, 9.0, 1.0, 1.0]","[18.0, 33.0, 34.0, 42.0, 50.0, 56.0, 67.0, 69.0, 85.0, 92.0, 101.5, 102.0, 103.0, 105.0, 114.0, 115.0, 116.0]","[0.0, 18.0, 33.0, 34.0, 42.0, 50.0, 56.0, 67.0, 69.0, 85.0, 92.0, 101.5, 102.0, 103.0, 105.0, 114.0, 115.0]","[2.0, 1.5, 2.5, 2.0, 1.5, 3.5, 3.0, 1.5, 2.5, 1.5, 1.5, 1.0, 1.0, 2.0, 1.0, 1.0, 1.0]","[5, 5, 7, 4, 4, 9, 9, 4, 9, 3, 3, 6, 3, 3, 3, 1, 1]","[4, 4, 4, 4, 4, 9, 9, 4, 9, 4, 4, 6, 4, 3, 2, 1, 1]","[2.0, 2.0, 1.0, 1.0, 0.75, 0.5, 0.5, 1.0, 0.5, 0.5, 0.25, 3.0, 0.25, 0.25, 0.25, 1.0, 1.0]","[4.0, 5.0, 2.0, 1.5, 1.5, 1.0, 1.0, 1.5, 0.75, 0.75, 0.75, 6.0, 0.75, 0.5, 1.0, 2.0, 1.5]","[0, 0, 1, 0, 0, 0, 0, 0, 0, 0, 0, 0, 0, 0, 0, 0, 0]",2017-02-21 10:00,37.0,3,2.0,102.0,2.0,2.0,100.9123351677189,"[156.1325, 167.40359922257957, 141.8825, 81.0, 81.0]","[(156.1325, 10.0), (167.40359922257957, 20.0), (141.8825, 90.0), (81.0, 10.0), (81.0, 10.0)]",2.0,1,5,"[1.0, 2.0, 9.0, 1.0, 1.0]","[156.1325, 167.40359922257957, 141.8825, 81.0, 81.0]"
83059,"[29.0, 1.0, 6.5, 0.5, 3.0, 6.0, 7.0, 2.0, 6.0, 10.0, 3.0, 3.0, 11.700000000000003, 0.29999999999999716, 1.7999999999999972, 0.20000000000000284, 5.0, 2.299999999999997, 1.5, 0.20000000000000284, 2.700000000000003, 0.29999999999999716]","[205.375, 277.9375, 190.75, 281.6875, 152.25, 196.0, 154.0, 133.0, 196.0, 175.0, 139.25, 175.0, 139.25, 134.75, 187.25, 292.25, 143.75, 159.80269941693467, 96.0, 292.25, 114.6275, 292.25]",2,6.5,"[0.5, 3.0, 6.0, 7.0, 2.0, 6.0, 10.0, 3.0, 3.0, 11.700000000000003, 0.29999999999999716, 1.7999999999999972, 0.20000000000000284, 5.0, 2.299999999999997, 1.5, 0.20000000000000284, 2.700000000000003, 0.29999999999999716]","[29.0, 30.0, 36.5, 37.0, 40.0, 46.0, 53.0, 55.0, 61.0, 71.0, 74.0, 77.0, 88.7, 89.0, 90.8, 91.0, 96.0, 98.3, 99.8, 100.0, 102.7, 103.0]","[0.0, 29.0, 30.0, 36.5, 37.0, 40.0, 46.0, 53.0, 55.0, 61.0, 71.0, 74.0, 77.0, 88.7, 89.0, 90.8, 91.0, 96.0, 98.3, 99.8, 100.0, 102.7]","[1.5, 2.0, 1.0, 3.0, 1.0, 2.5, 1.5, 1.0, 2.5, 2.0, 1.0, 2.0, 1.0, 1.0, 2.0, 1.5, 1.0, 2.0, 1.0, 1.5, 1.0, 2.0]","[5, 7, 5, 7, 9, 9, 9, 9, 9, 9, 9, 9, 9, 9, 4, 7, 4, 3, 2, 7, 2, 7]","[9, 5, 9, 4, 5, 9, 9, 9, 9, 9, 4, 9, 4, 6, 2, 7, 2, 2, 1, 7, 3, 7]","[4.0, 2.0, 3.0, 1.0, 1.0, 0.75, 0.75, 0.75, 0.75, 0.75, 0.75, 0.5, 0.75, 1.0, 0.5, 0.5, 0.5, 0.5, 1.0, 0.25, 0.5, 0.5]","[6.0, 2.0, 4.0, 2.0, 2.0, 0.75, 1.25, 1.25, 0.75, 1.0, 1.5, 0.75, 1.0, 2.0, 1.0, 0.5, 1.0, 1.0, 2.0, 0.5, 1.0, 0.5]","[0, 1, 0, 1, 0, 0, 0, 0, 0, 0, 0, 0, 0, 0, 0, 1, 0, 0, 0, 1, 0, 1]",2017-02-23 11:00,31.0,6,3.0,36.5,3.0,2.0,439.4377420686678,"[281.6875, 152.25, 196.0, 154.0, 133.0, 196.0, 175.0, 139.25, 175.0, 139.25, 134.75, 187.25, 292.25, 143.75, 159.80269941693467, 96.0, 292.25, 114.6275, 292.25]","[(281.6875, 5.0), (152.25, 30.0), (196.0, 60.0), (154.0, 70.0), (133.0, 20.0), (196.0, 60.0), (175.0, 100.0), (139.25, 30.0), (175.0, 30.0), (139.25, 117.00000000000003), (134.75, 2.9999999999999716), (187.25, 17.99999999999997), (292.25, 2.0000000000000284), (143.75, 50.0), (159.80269941693467, 22.99999999999997), (96.0, 15.0), (292.25, 2.0000000000000284), (114.6275, 27.00000000000003), (292.25, 2.9999999999999716)]",3.0,1,19,"[0.5, 3.0, 6.0, 7.0, 2.0, 6.0, 10.0, 3.0, 3.0, 11.700000000000003, 0.29999999999999716, 1.7999999999999972, 0.20000000000000284, 5.0, 2.299999999999997, 1.5, 0.20000000000000284, 2.700000000000003, 0.29999999999999716]","[281.6875, 152.25, 196.0, 154.0, 133.0, 196.0, 175.0, 139.25, 175.0, 139.25, 134.75, 187.25, 292.25, 143.75, 159.80269941693467, 96.0, 292.25, 114.6275, 292.25]"
83522,"[12.0, 18.0, 16.0, 14.0, 3.0, 4.0, 3.0, 3.0, 4.0, 7.0, 4.0, 2.0]","[205.375, 281.0625, 220.0, 214.05538713582197, 194.8508998056449, 181.0, 192.55248685625125, 167.40359922257957, 149.3118667919715, 154.80269941693467, 81.0, 90.75]",3,14.0,"[3.0, 4.0, 3.0, 3.0, 4.0, 7.0, 4.0, 2.0]","[12.0, 30.0, 46.0, 60.0, 63.0, 67.0, 70.0, 73.0, 77.0, 84.0, 88.0, 90.0]","[0.0, 12.0, 30.0, 46.0, 60.0, 63.0, 67.0, 70.0, 73.0, 77.0, 84.0, 88.0]","[1.5, 2.5, 2.0, 3.0, 2.0, 1.5, 2.5, 2.0, 1.5, 2.0, 1.0, 1.0]","[5, 7, 5, 3, 4, 4, 3, 3, 3, 3, 1, 1]","[9, 5, 9, 4, 3, 4, 4, 3, 2, 1, 1, 0]","[2.0, 2.0, 2.0, 0.5, 0.5, 1.0, 0.5, 0.25, 0.5, 0.5, 1.0, 1.0]","[3.0, 4.0, 3.0, 2.0, 1.5, 2.0, 1.0, 0.5, 1.0, 0.5, 2.0, 2.5]","[0, 1, 0, 0, 0, 0, 0, 0, 0, 0, 0, 0]",2017-03-08 11:00,28.0,6,3.0,60.0,3.0,3.0,439.4377420686678,"[194.8508998056449, 181.0, 192.55248685625125, 167.40359922257957, 149.3118667919715, 154.80269941693467, 81.0, 90.75]","[(194.8508998056449, 30.0), (181.0, 40.0), (192.55248685625125, 30.0), (167.40359922257957, 30.0), (149.3118667919715, 40.0), (154.80269941693467, 70.0), (81.0, 40.0), (90.75, 20.0)]",3.0,1,8,"[3.0, 4.0, 3.0, 3.0, 4.0, 7.0, 4.0, 2.0]","[194.8508998056449, 181.0, 192.55248685625125, 167.40359922257957, 149.3118667919715, 154.80269941693467, 81.0, 90.75]"
83527,"[17.0, 2.0, 7.0, 1.0, 16.0, 3.0, 9.0, 10.0, 8.0, 7.0, 2.0, 16.0, 8.0, 10.0]","[191.375, 281.6875, 210.0, 281.0625, 181.0, 196.0, 182.25, 133.0, 167.40359922257957, 119.0, 157.5618667919715, 86.0, 86.0, 86.0]",7,10.0,"[8.0, 7.0, 2.0, 16.0, 8.0, 10.0]","[17.0, 19.0, 26.0, 27.0, 43.0, 46.0, 55.0, 65.0, 73.0, 80.0, 82.0, 98.0, 106.0, 116.0]","[0.0, 17.0, 19.0, 26.0, 27.0, 43.0, 46.0, 55.0, 65.0, 73.0, 80.0, 82.0, 98.0, 106.0]","[1.5, 3.0, 1.0, 2.5, 1.5, 2.5, 2.0, 1.0, 2.0, 1.5, 1.5, 1.0, 1.0, 1.0]","[4, 7, 5, 7, 4, 9, 9, 9, 3, 2, 3, 1, 1, 1]","[5, 4, 5, 5, 4, 9, 4, 9, 3, 2, 7, 2, 2, 2]","[1.0, 1.5, 2.0, 1.0, 0.75, 0.75, 0.5, 0.5, 0.25, 0.5, 0.5, 1.0, 1.0, 1.0]","[2.0, 2.0, 4.0, 2.0, 1.5, 1.0, 1.0, 1.0, 0.5, 0.75, 0.75, 1.5, 2.0, 3.0]","[0, 1, 0, 1, 0, 0, 0, 0, 0, 0, 0, 0, 0, 0]",2017-03-09 10:00,27.0,5,1.0,65.0,2.0,4.0,197.7469839309005,"[167.40359922257957, 119.0, 157.5618667919715, 86.0, 86.0, 86.0]","[(167.40359922257957, 80.0), (119.0, 70.0), (157.5618667919715, 20.0), (86.0, 160.0), (86.0, 80.0), (86.0, 100.0)]",2.0,1,6,"[8.0, 7.0, 2.0, 16.0, 8.0, 10.0]","[167.40359922257957, 119.0, 157.5618667919715, 86.0, 86.0, 86.0]"
83550,"[20.0, 30.0, 15.0, 23.0, 12.0, 30.0, 2.0]","[134.75, 219.25, 296.0, 174.25, 181.06998247500167, 101.0, 134.5]",4,12.0,"[30.0, 2.0]","[20.0, 50.0, 65.0, 88.0, 100.0, 130.0, 132.0]","[0.0, 20.0, 50.0, 65.0, 88.0, 100.0, 130.0]","[1.0, 2.5, 4.0, 1.5, 2.5, 1.0, 1.5]","[9, 4, 4, 4, 3, 2, 2]","[6, 9, 4, 9, 3, 2, 4]","[2.0, 0.75, 0.5, 0.75, 0.25, 0.5, 0.5]","[5.0, 1.5, 0.75, 1.25, 0.5, 1.0, 1.0]","[0, 0, 0, 0, 0, 0, 0]",2017-03-13 10:00,35.0,4,1.0,100.0,2.0,2.0,131.83132262060033,"[101.0, 134.5]","[(101.0, 300.0), (134.5, 20.0)]",2.0,1,2,"[30.0, 2.0]","[101.0, 134.5]"
8377,"[10.0, 4.0, 18.0, 1.0, 1.0, 1.0, 4.0, 18.6, 0.3999999999999986, 2.5, 1.5, 12.0]","[210.0, 191.375, 210.0, 277.8125, 210.0, 260.5625, 210.0, 171.0, 181.0, 171.0, 192.55248685625125, 114.6275]",8,0.3999999999999986,"[2.5, 1.5, 12.0]","[10.0, 14.0, 32.0, 33.0, 34.0, 35.0, 39.0, 57.6, 58.0, 60.5, 62.0, 74.0]","[0.0, 10.0, 14.0, 32.0, 33.0, 34.0, 35.0, 39.0, 57.6, 58.0, 60.5, 62.0]","[1.0, 1.5, 1.0, 3.5, 1.0, 3.0, 1.0, 1.0, 1.5, 1.0, 2.5, 1.0]","[5, 4, 5, 4, 5, 4, 5, 4, 4, 4, 3, 2]","[5, 5, 5, 7, 5, 7, 5, 5, 4, 5, 4, 3]","[3.0, 1.5, 2.5, 1.0, 1.5, 1.5, 2.5, 1.5, 0.75, 0.75, 0.25, 0.5]","[5.0, 2.0, 3.5, 1.5, 2.5, 2.0, 4.0, 2.0, 1.25, 1.5, 0.75, 1.0]","[0, 0, 0, 1, 0, 1, 0, 0, 0, 0, 0, 0]",2002-01-29 14:00,35.0,1,1.0,58.0,1.0,3.0,0.0,"[171.0, 192.55248685625125, 114.6275]","[(171.0, 25.0), (192.55248685625125, 15.0), (114.6275, 120.0)]",1.0,1,3,"[2.5, 1.5, 12.0]","[171.0, 192.55248685625125, 114.6275]"
83793,"[16.0, 3.0, 2.0, 7.0, 2.0, 7.0, 2.0, 19.0, 2.5, 0.5, 1.5, 0.5]","[298.9375, 158.0, 204.0, 158.0, 293.1875, 181.0, 313.1875, 164.8118667919715, 115.25, 140.0, 158.0, 181.06998247500167]",6,2.0,"[19.0, 2.5, 0.5, 1.5, 0.5]","[16.0, 19.0, 21.0, 28.0, 30.0, 37.0, 39.0, 58.0, 60.5, 61.0, 62.5, 63.0]","[0.0, 16.0, 19.0, 21.0, 28.0, 30.0, 37.0, 39.0, 58.0, 60.5, 61.0, 62.5]","[4.5, 1.0, 2.0, 1.0, 4.0, 1.5, 5.0, 1.5, 1.0, 1.0, 1.0, 2.5]","[7, 4, 4, 4, 7, 4, 7, 3, 2, 6, 4, 3]","[4, 4, 4, 4, 4, 4, 8, 4, 4, 6, 4, 3]","[1.0, 1.0, 1.0, 1.0, 1.0, 1.0, 1.0, 0.25, 0.5, 1.0, 0.5, 0.25]","[2.0, 2.0, 2.0, 2.5, 1.5, 1.5, 1.0, 0.5, 1.0, 2.5, 1.0, 0.5]","[1, 0, 0, 0, 1, 0, 1, 0, 0, 0, 0, 0]",2017-11-17 10:00,29.0,5,3.0,39.0,3.0,2.0,197.7469839309005,"[164.8118667919715, 115.25, 140.0, 158.0, 181.06998247500167]","[(164.8118667919715, 190.0), (115.25, 25.0), (140.0, 5.0), (158.0, 15.0), (181.06998247500167, 5.0)]",3.0,1,5,"[19.0, 2.5, 0.5, 1.5, 0.5]","[164.8118667919715, 115.25, 140.0, 158.0, 181.06998247500167]"
83805,"[10.0, 10.5, 0.5, 2.0, 8.0, 7.0, 7.0, 17.0, 7.0, 1.0]","[171.0, 217.0, 191.375, 313.1875, 181.06998247500167, 167.40359922257957, 159.41582238929536, 167.40359922257957, 143.75, 176.55269941693467]",6,7.0,"[17.0, 7.0, 1.0]","[10.0, 20.5, 21.0, 23.0, 31.0, 38.0, 45.0, 62.0, 69.0, 70.0]","[0.0, 10.0, 20.5, 21.0, 23.0, 31.0, 38.0, 45.0, 62.0, 69.0]","[1.0, 3.0, 1.5, 5.0, 2.5, 2.0, 1.5, 2.0, 1.0, 2.0]","[4, 9, 4, 7, 3, 3, 3, 3, 4, 3]","[5, 9, 5, 8, 3, 3, 3, 3, 2, 4]","[1.0, 0.5, 1.0, 1.0, 0.25, 0.25, 0.25, 0.25, 0.5, 0.5]","[2.0, 1.0, 2.0, 2.0, 0.25, 0.25, 0.5, 0.5, 1.0, 0.5]","[0, 0, 0, 1, 0, 0, 0, 0, 0, 0]",2017-11-25 09:00,32.0,5,2.0,45.0,3.0,2.0,197.7469839309005,"[167.40359922257957, 143.75, 176.55269941693467]","[(167.40359922257957, 170.0), (143.75, 70.0), (176.55269941693467, 10.0)]",3.0,1,3,"[17.0, 7.0, 1.0]","[167.40359922257957, 143.75, 176.55269941693467]"
83814,"[12.0, 5.0, 1.0, 18.0, 8.0, 4.0, 3.0, 9.0, 3.0, 1.0, 1.0]","[293.1875, 204.0, 304.6875, 158.0, 159.41582238929536, 167.40359922257957, 232.12522605741117, 155.51, 114.6275, 81.0, 159.80269941693467]",5,4.0,"[3.0, 9.0, 3.0, 1.0, 1.0]","[12.0, 17.0, 18.0, 36.0, 44.0, 48.0, 51.0, 60.0, 63.0, 64.0, 65.0]","[0.0, 12.0, 17.0, 18.0, 36.0, 44.0, 48.0, 51.0, 60.0, 63.0, 64.0]","[4.0, 2.0, 5.0, 1.0, 1.5, 2.0, 3.5, 1.0, 1.0, 1.0, 2.0]","[7, 4, 7, 4, 3, 3, 3, 3, 2, 1, 3]","[4, 4, 4, 4, 3, 3, 3, 3, 3, 1, 2]","[1.0, 1.0, 1.0, 0.75, 0.25, 0.25, 0.25, 0.25, 0.5, 1.0, 0.5]","[2.0, 2.0, 1.5, 1.5, 0.5, 0.5, 0.25, 0.5, 0.75, 2.0, 0.5]","[1, 0, 1, 0, 0, 0, 0, 0, 0, 0, 0]",2017-11-28 10:00,31.0,3,1.0,48.0,1.0,2.0,100.9123351677189,"[232.12522605741117, 155.51, 114.6275, 81.0, 159.80269941693467]","[(232.12522605741117, 30.0), (155.51, 90.0), (114.6275, 30.0), (81.0, 10.0), (159.80269941693467, 10.0)]",1.0,1,5,"[3.0, 9.0, 3.0, 1.0, 1.0]","[232.12522605741117, 155.51, 114.6275, 81.0, 159.80269941693467]"
83816,"[10.0, 10.0, 7.5, 0.5, 3.0, 1.7999999999999972, 0.20000000000000284, 12.0, 18.0, 1.2999999999999972, 0.20000000000000284, 13.5, 2.0]","[139.25, 174.25, 151.75, 281.6875, 151.75, 293.1875, 440.0, 174.25, 215.51749561875042, 158.0, 259.0414555973238, 141.8825, 149.3118667919715]",8,18.0,"[1.2999999999999972, 0.20000000000000284, 13.5, 2.0]","[10.0, 20.0, 27.5, 28.0, 31.0, 32.8, 33.0, 45.0, 63.0, 64.3, 64.5, 78.0, 80.0]","[0.0, 10.0, 20.0, 27.5, 28.0, 31.0, 32.8, 33.0, 45.0, 63.0, 64.3, 64.5, 78.0]","[1.0, 1.5, 1.0, 3.0, 1.0, 4.0, 6.0, 1.5, 2.5, 1.0, 1.5, 1.0, 1.5]","[9, 4, 4, 7, 4, 7, 8, 4, 4, 4, 7, 3, 3]","[4, 9, 9, 4, 9, 4, 8, 9, 3, 4, 3, 2, 2]","[1.5, 1.0, 1.25, 1.0, 1.0, 1.0, nan, 0.75, 0.5, 0.5, 0.5, 0.5, 0.25]","[2.0, 1.5, 2.0, 1.0, 2.0, 1.0, nan, 1.25, 0.75, 1.0, 0.5, 0.75, 1.0]","[0, 0, 0, 1, 0, 1, 0, 0, 0, 0, 1, 0, 0]",2017-11-28 08:00,36.0,3,2.0,63.0,2.0,2.0,100.9123351677189,"[158.0, 259.0414555973238, 141.8825, 149.3118667919715]","[(158.0, 12.999999999999972), (259.0414555973238, 2.0000000000000284), (141.8825, 135.0), (149.3118667919715, 20.0)]",2.0,1,4,"[1.2999999999999972, 0.20000000000000284, 13.5, 2.0]","[158.0, 259.0414555973238, 141.8825, 149.3118667919715]"
83817,"[27.0, 1.0, 2.5, 0.5, 27.0, 12.700000000000003, 0.29999999999999716, 9.0, 16.0, 6.0, 2.0]","[227.0, 292.25, 204.0, 440.0, 250.0, 192.55248685625125, 140.0, 129.10395559732385, 129.10395559732385, 149.3118667919715, 159.80269941693467]",6,0.29999999999999716,"[9.0, 16.0, 6.0, 2.0]","[27.0, 28.0, 30.5, 31.0, 58.0, 70.7, 71.0, 80.0, 96.0, 102.0, 104.0]","[0.0, 27.0, 28.0, 30.5, 31.0, 58.0, 70.7, 71.0, 80.0, 96.0, 102.0]","[2.5, 4.5, 2.0, 6.0, 3.0, 2.5, 1.0, 1.5, 1.5, 1.5, 2.0]","[4, 7, 4, 8, 4, 3, 6, 2, 2, 3, 3]","[4, 7, 4, 8, 4, 4, 6, 3, 3, 2, 2]","[0.75, 1.0, 0.5, nan, 0.5, 0.5, 3.0, 0.75, 0.5, 0.25, 0.25]","[1.0, 1.0, 1.0, nan, 0.75, 0.5, 4.0, 0.75, 1.0, 0.75, 0.75]","[0, 1, 0, 0, 0, 0, 0, 0, 0, 0, 0]",2017-11-28 08:00,32.0,3,2.0,71.0,2.0,2.0,100.9123351677189,"[129.10395559732385, 129.10395559732385, 149.3118667919715, 159.80269941693467]","[(129.10395559732385, 90.0), (129.10395559732385, 160.0), (149.3118667919715, 60.0), (159.80269941693467, 20.0)]",2.0,1,4,"[9.0, 16.0, 6.0, 2.0]","[129.10395559732385, 129.10395559732385, 149.3118667919715, 159.80269941693467]"
83823,"[8.0, 9.0, 2.0, 3.0, 1.0, 4.300000000000001, 2.6999999999999993, 3.0, 1.0, 4.5, 0.5, 6.5, 0.5, 2.0, 8.0, 8.0, 9.0]","[294.4375, 241.75, 158.0, 283.9375, 151.75, 182.25, 440.0, 204.0, 158.0, 293.1875, 153.5, 176.55269941693467, 250.0, 293.1875, 167.40359922257957, 129.10395559732385, 96.0]",9,4.5,"[0.5, 6.5, 0.5, 2.0, 8.0, 8.0, 9.0]","[8.0, 17.0, 19.0, 22.0, 23.0, 27.3, 30.0, 33.0, 34.0, 38.5, 39.0, 45.5, 46.0, 48.0, 56.0, 64.0, 73.0]","[0.0, 8.0, 17.0, 19.0, 22.0, 23.0, 27.3, 30.0, 33.0, 34.0, 38.5, 39.0, 45.5, 46.0, 48.0, 56.0, 64.0]","[5.0, 3.0, 1.0, 4.0, 1.0, 2.0, 6.0, 2.0, 1.0, 4.0, 1.0, 2.0, 3.0, 4.0, 2.0, 1.5, 1.0]","[7, 4, 4, 7, 4, 9, 8, 4, 4, 7, 4, 3, 4, 7, 3, 2, 2]","[9, 9, 4, 9, 9, 4, 8, 4, 4, 4, 6, 4, 4, 4, 3, 3, 1]","[1.0, 0.75, 1.0, 1.0, 1.0, 0.5, nan, 0.5, 0.75, 1.0, 1.0, 0.25, 0.5, 0.75, 0.25, 0.5, 1.0]","[1.5, 1.0, 1.15, 1.5, 1.5, 1.0, nan, 0.75, 1.0, 2.0, 2.0, 0.5, 0.75, 1.25, 0.5, 0.75, 1.25]","[1, 0, 0, 1, 0, 0, 0, 0, 0, 1, 0, 0, 0, 1, 0, 0, 0]",2017-11-28 09:00,30.0,3,1.0,38.5,1.0,2.0,100.9123351677189,"[153.5, 176.55269941693467, 250.0, 293.1875, 167.40359922257957, 129.10395559732385, 96.0]","[(153.5, 5.0), (176.55269941693467, 65.0), (250.0, 5.0), (293.1875, 20.0), (167.40359922257957, 80.0), (129.10395559732385, 80.0), (96.0, 90.0)]",1.0,1,7,"[0.5, 6.5, 0.5, 2.0, 8.0, 8.0, 9.0]","[153.5, 176.55269941693467, 250.0, 293.1875, 167.40359922257957, 129.10395559732385, 96.0]"
83857,"[24.0, 2.0, 4.0, 1.0, 2.0, 9.0, 10.0, 19.0, 1.0]","[171.0, 293.1875, 158.0, 292.25, 158.0, 156.1325, 141.8825, 81.0, 86.0]",0,24.0,"[2.0, 4.0, 1.0, 2.0, 9.0, 10.0, 19.0, 1.0]","[24.0, 26.0, 30.0, 31.0, 33.0, 42.0, 52.0, 71.0, 72.0]","[0.0, 24.0, 26.0, 30.0, 31.0, 33.0, 42.0, 52.0, 71.0]","[1.0, 4.0, 1.0, 3.5, 1.0, 1.0, 1.0, 1.0, 1.0]","[4, 7, 4, 7, 4, 3, 3, 1, 1]","[5, 4, 4, 7, 4, 4, 2, 1, 2]","[1.5, 1.0, 1.0, 0.5, 0.5, 0.25, 0.25, 1.0, 0.5]","[2.5, 1.5, 2.0, 1.0, 1.0, 0.75, 0.75, 2.0, 1.0]","[0, 1, 0, 1, 0, 0, 0, 0, 0]",2017-12-05 11:00,35.0,3,1.0,24.0,1.0,2.0,100.9123351677189,"[293.1875, 158.0, 292.25, 158.0, 156.1325, 141.8825, 81.0, 86.0]","[(293.1875, 20.0), (158.0, 40.0), (292.25, 10.0), (158.0, 20.0), (156.1325, 90.0), (141.8825, 100.0), (81.0, 190.0), (86.0, 10.0)]",1.0,1,8,"[2.0, 4.0, 1.0, 2.0, 9.0, 10.0, 19.0, 1.0]","[293.1875, 158.0, 292.25, 158.0, 156.1325, 141.8825, 81.0, 86.0]"
83858,"[4.0, 7.0, 8.0, 15.799999999999997, 0.20000000000000284, 11.0, 14.0, 2.0, 21.0, 21.0]","[292.25, 238.0, 250.0, 273.0, 140.0, 273.0, 262.78130651435276, 144.5, 119.0, 86.0]",3,15.799999999999997,"[0.20000000000000284, 11.0, 14.0, 2.0, 21.0, 21.0]","[4.0, 11.0, 19.0, 34.8, 35.0, 46.0, 60.0, 62.0, 83.0, 104.0]","[0.0, 4.0, 11.0, 19.0, 34.8, 35.0, 46.0, 60.0, 62.0, 83.0]","[4.0, 3.5, 3.0, 3.5, 1.0, 3.5, 3.5, 1.0, 1.5, 1.0]","[7, 9, 4, 4, 6, 4, 4, 6, 2, 1]","[7, 9, 4, 4, 6, 4, 3, 4, 2, 2]","[1.0, 0.5, 1.0, 3.0, 2.0, 1.0, 0.25, 1.0, 1.0, 0.75]","[2.0, 0.5, 1.0, 4.0, 3.0, 1.0, 0.25, 2.0, 1.0, 0.75]","[1, 0, 0, 0, 0, 0, 0, 0, 0, 0]",2017-12-05 10:00,33.0,5,2.0,34.8,3.0,2.0,197.7469839309005,"[140.0, 273.0, 262.78130651435276, 144.5, 119.0, 86.0]","[(140.0, 2.0000000000000284), (273.0, 110.0), (262.78130651435276, 140.0), (144.5, 20.0), (119.0, 210.0), (86.0, 210.0)]",3.0,1,6,"[0.20000000000000284, 11.0, 14.0, 2.0, 21.0, 21.0]","[140.0, 273.0, 262.78130651435276, 144.5, 119.0, 86.0]"
83859,"[17.0, 6.0, 5.0, 2.0, 15.0, 2.0, 4.0, 2.0, 2.0, 17.0, 19.0, 1.0, 1.0, 9.0, 12.0, 4.0]","[241.75, 241.75, 204.0, 292.25, 273.0, 292.25, 241.75, 204.0, 292.25, 250.0, 227.0, 158.0, 287.4375, 175.60395559732385, 192.55248685625125, 144.6008998056449]",10,19.0,"[1.0, 1.0, 9.0, 12.0, 4.0]","[17.0, 23.0, 28.0, 30.0, 45.0, 47.0, 51.0, 53.0, 55.0, 72.0, 91.0, 92.0, 93.0, 102.0, 114.0, 118.0]","[0.0, 17.0, 23.0, 28.0, 30.0, 45.0, 47.0, 51.0, 53.0, 55.0, 72.0, 91.0, 92.0, 93.0, 102.0, 114.0]","[3.0, 3.0, 2.0, 3.0, 3.5, 4.0, 3.0, 2.0, 4.5, 3.0, 2.5, 1.0, 3.5, 1.5, 2.5, 2.0]","[4, 4, 4, 7, 4, 7, 4, 4, 7, 4, 4, 4, 7, 4, 3, 2]","[9, 9, 4, 7, 4, 7, 9, 4, 7, 4, 4, 4, 4, 3, 4, 3]","[2.0, 1.5, 2.0, 2.0, 1.0, 2.0, 1.0, 1.5, 2.0, 1.0, 1.0, 1.0, 0.75, 0.75, 0.5, 0.5]","[3.0, 1.5, 2.0, 2.0, 2.0, 2.0, 1.0, 1.5, 2.0, 1.5, 1.0, 1.5, 1.0, 1.0, 0.75, 1.0]","[0, 0, 0, 1, 0, 1, 0, 0, 1, 0, 0, 0, 1, 0, 0, 0]",2017-12-05 11:00,33.0,3,2.0,91.0,2.0,2.0,100.9123351677189,"[158.0, 287.4375, 175.60395559732385, 192.55248685625125, 144.6008998056449]","[(158.0, 10.0), (287.4375, 10.0), (175.60395559732385, 90.0), (192.55248685625125, 120.0), (144.6008998056449, 40.0)]",2.0,1,5,"[1.0, 1.0, 9.0, 12.0, 4.0]","[158.0, 287.4375, 175.60395559732385, 192.55248685625125, 144.6008998056449]"
83860,"[4.0, 2.0, 1.5, 0.5, 13.0, 16.0, 3.0, 12.0, 4.0, 8.0, 1.0]","[211.75, 292.25, 217.0, 440.0, 219.25, 250.0, 214.05538713582197, 204.0, 159.41582238929536, 155.51, 149.3118667919715]",7,12.0,"[4.0, 8.0, 1.0]","[4.0, 6.0, 7.5, 8.0, 21.0, 37.0, 40.0, 52.0, 56.0, 64.0, 65.0]","[0.0, 4.0, 6.0, 7.5, 8.0, 21.0, 37.0, 40.0, 52.0, 56.0, 64.0]","[2.0, 4.0, 3.0, 6.0, 2.5, 3.0, 3.0, 2.0, 1.5, 1.0, 1.5]","[4, 7, 9, 8, 4, 4, 3, 4, 3, 3, 3]","[5, 7, 9, 8, 9, 4, 4, 4, 3, 3, 2]","[1.0, 1.0, 1.0, nan, 0.5, 0.5, 0.25, 0.5, 0.25, 0.25, 0.25]","[2.0, 1.5, 2.0, nan, 1.5, 1.0, 0.5, 0.75, 0.5, 0.5, 1.0]","[0, 1, 0, 0, 0, 0, 0, 0, 0, 0, 0]",2017-12-05 11:00,35.0,2,1.0,52.0,1.0,2.0,80.0,"[159.41582238929536, 155.51, 149.3118667919715]","[(159.41582238929536, 40.0), (155.51, 80.0), (149.3118667919715, 10.0)]",1.0,1,3,"[4.0, 8.0, 1.0]","[159.41582238929536, 155.51, 149.3118667919715]"
83863,"[18.0, 17.0, 2.0, 2.0, 1.0, 22.0, 17.0, 10.5, 0.5, 23.0, 13.0]","[154.0, 259.0, 283.9375, 154.0, 440.0, 273.0, 227.0, 273.0, 140.0, 273.0, 149.3118667919715]",7,10.5,"[0.5, 23.0, 13.0]","[18.0, 35.0, 37.0, 39.0, 40.0, 62.0, 79.0, 89.5, 90.0, 113.0, 126.0]","[0.0, 18.0, 35.0, 37.0, 39.0, 40.0, 62.0, 79.0, 89.5, 90.0, 113.0]","[1.5, 4.0, 4.0, 1.5, 6.0, 3.5, 2.5, 3.5, 1.0, 3.5, 1.5]","[9, 9, 7, 9, 8, 4, 4, 4, 6, 4, 3]","[9, 9, 9, 9, 8, 4, 4, 4, 6, 4, 2]","[0.75, 1.0, 1.0, 1.0, nan, 0.75, 0.75, 0.75, 1.0, 0.7, 0.25]","[1.25, 1.5, 1.5, 1.5, nan, 1.5, 0.75, 0.75, 2.0, 0.7, 1.0]","[0, 0, 1, 0, 0, 0, 0, 0, 0, 0, 0]",2017-12-05 11:00,30.0,2,1.0,89.5,1.0,2.0,80.0,"[140.0, 273.0, 149.3118667919715]","[(140.0, 5.0), (273.0, 230.0), (149.3118667919715, 130.0)]",1.0,1,3,"[0.5, 23.0, 13.0]","[140.0, 273.0, 149.3118667919715]"
83864,"[8.0, 2.0, 7.0, 2.0, 14.0, 1.0, 9.0, 1.0, 8.0, 3.0, 10.0, 3.0]","[232.125, 293.1875, 250.0, 293.1875, 204.0, 275.9375, 181.0, 281.6875, 158.0, 164.8118667919715, 101.0, 119.0]",6,9.0,"[1.0, 8.0, 3.0, 10.0, 3.0]","[8.0, 10.0, 17.0, 19.0, 33.0, 34.0, 43.0, 44.0, 52.0, 55.0, 65.0, 68.0]","[0.0, 8.0, 10.0, 17.0, 19.0, 33.0, 34.0, 43.0, 44.0, 52.0, 55.0, 65.0]","[2.5, 4.0, 3.0, 4.0, 2.0, 2.5, 1.5, 3.0, 1.0, 1.5, 1.0, 1.5]","[4, 7, 4, 7, 4, 7, 4, 7, 4, 3, 2, 2]","[5, 4, 4, 4, 4, 4, 4, 4, 4, 4, 2, 2]","[1.0, 1.0, 1.0, 1.0, 0.75, 0.5, 0.5, 0.75, 0.5, 0.25, 0.75, 0.5]","[2.0, 1.25, 1.5, 1.5, 1.25, 0.75, 1.0, 1.0, 0.75, 0.5, 1.5, 1.0]","[0, 1, 0, 1, 0, 1, 0, 1, 0, 0, 0, 0]",2017-12-05 11:00,28.0,5,2.0,43.0,3.0,2.0,197.7469839309005,"[281.6875, 158.0, 164.8118667919715, 101.0, 119.0]","[(281.6875, 10.0), (158.0, 80.0), (164.8118667919715, 30.0), (101.0, 100.0), (119.0, 30.0)]",3.0,1,5,"[1.0, 8.0, 3.0, 10.0, 3.0]","[281.6875, 158.0, 164.8118667919715, 101.0, 119.0]"
83866,"[20.0, 16.0, 2.0, 4.799999999999997, 0.20000000000000284, 1.0, 11.0, 12.5, 0.5, 3.0, 6.0, 6.0, 13.0, 1.0]","[227.75, 175.0, 293.1875, 154.0, 440.0, 275.9375, 204.0, 181.0, 292.25, 181.0, 158.0, 164.8118667919715, 141.8825, 181.06998247500167]",9,3.0,"[6.0, 6.0, 13.0, 1.0]","[20.0, 36.0, 38.0, 42.8, 43.0, 44.0, 55.0, 67.5, 68.0, 71.0, 77.0, 83.0, 96.0, 97.0]","[0.0, 20.0, 36.0, 38.0, 42.8, 43.0, 44.0, 55.0, 67.5, 68.0, 71.0, 77.0, 83.0, 96.0]","[3.0, 2.0, 4.0, 1.5, 6.0, 2.5, 2.0, 1.5, 2.0, 1.5, 1.0, 1.5, 1.0, 2.5]","[9, 9, 7, 9, 8, 7, 4, 4, 7, 4, 4, 3, 3, 3]","[5, 9, 4, 9, 8, 4, 4, 4, 7, 4, 4, 4, 2, 3]","[2.0, 1.0, 1.0, 1.5, nan, 1.0, 1.0, 1.0, 0.5, 0.5, 0.75, 0.5, 0.5, 0.5]","[3.0, 2.0, 1.5, 2.0, nan, 1.0, 1.25, 1.5, 0.5, 0.75, 1.25, 0.75, 1.0, 0.5]","[0, 0, 1, 0, 0, 1, 0, 0, 1, 0, 0, 0, 0, 0]",2017-12-05 11:00,25.0,5,3.0,71.0,3.0,2.0,197.7469839309005,"[158.0, 164.8118667919715, 141.8825, 181.06998247500167]","[(158.0, 60.0), (164.8118667919715, 60.0), (141.8825, 130.0), (181.06998247500167, 10.0)]",3.0,1,4,"[6.0, 6.0, 13.0, 1.0]","[158.0, 164.8118667919715, 141.8825, 181.06998247500167]"
83867,"[34.5, 0.5, 25.0, 4.5, 0.5, 5.0, 7.0, 23.0, 31.0]","[249.5, 440.0, 214.05538713582197, 298.9375, 158.0, 217.0, 278.6875, 159.80269941693467, 114.6275]",7,23.0,[31.0],"[34.5, 35.0, 60.0, 64.5, 65.0, 70.0, 77.0, 100.0, 131.0]","[0.0, 34.5, 35.0, 60.0, 64.5, 65.0, 70.0, 77.0, 100.0]","[3.0, 6.0, 3.0, 4.5, 1.0, 3.0, 3.5, 2.0, 1.0]","[4, 8, 3, 7, 4, 9, 7, 3, 2]","[7, 8, 4, 4, 4, 9, 9, 2, 3]","[0.5, nan, 0.5, 1.0, 1.0, 0.5, 1.0, 0.5, 0.5]","[0.5, nan, 0.5, 2.0, 2.0, 0.5, 1.0, 1.0, 2.0]","[0, 0, 0, 1, 0, 0, 1, 0, 0]",2017-12-05 11:00,32.0,4,2.0,100.0,3.0,2.0,131.83132262060033,[114.6275],"[(114.6275, 310.0)]",3.0,1,1,[31.0],[114.6275]
83868,"[6.0, 23.0, 1.0, 4.0, 23.0, 3.0]","[287.4375, 158.0, 275.9375, 204.0, 204.0, 141.8825]",1,23.0,"[1.0, 4.0, 23.0, 3.0]","[6.0, 29.0, 30.0, 34.0, 57.0, 60.0]","[0.0, 6.0, 29.0, 30.0, 34.0, 57.0]","[3.5, 1.0, 2.5, 2.0, 2.0, 1.0]","[7, 4, 7, 4, 4, 3]","[4, 4, 4, 4, 4, 2]","[1.0, 1.0, 1.5, 1.0, 1.0, 0.5]","[2.0, 1.5, 1.5, 1.5, 1.0, 1.0]","[1, 0, 1, 0, 0, 0]",2017-12-05 14:00,37.0,6,3.0,29.0,3.0,2.0,439.4377420686678,"[275.9375, 204.0, 204.0, 141.8825]","[(275.9375, 10.0), (204.0, 40.0), (204.0, 230.0), (141.8825, 30.0)]",3.0,1,4,"[1.0, 4.0, 23.0, 3.0]","[275.9375, 204.0, 204.0, 141.8825]"
83869,"[30.0, 8.0, 34.0, 23.0, 15.0, 6.0]","[204.0, 227.0, 227.0, 164.8118667919715, 101.0, 141.8825]",3,23.0,"[15.0, 6.0]","[30.0, 38.0, 72.0, 95.0, 110.0, 116.0]","[0.0, 30.0, 38.0, 72.0, 95.0, 110.0]","[2.0, 2.5, 2.5, 1.5, 1.0, 1.0]","[4, 4, 4, 3, 2, 3]","[4, 4, 4, 4, 2, 2]","[0.75, 0.08, 0.75, 0.5, 0.5, 0.5]","[1.0, 0.08, 0.75, 0.5, 0.5, 0.5]","[0, 0, 0, 0, 0, 0]",2017-12-05 12:00,38.0,3,2.0,95.0,2.0,2.0,100.9123351677189,"[101.0, 141.8825]","[(101.0, 150.0), (141.8825, 60.0)]",2.0,1,2,"[15.0, 6.0]","[101.0, 141.8825]"
83871,"[14.0, 6.0, 12.0, 4.0, 12.0, 1.0, 6.0, 7.5, 0.5, 10.0, 9.0]","[152.25, 225.25, 191.375, 293.1875, 181.0, 270.1875, 181.0, 171.0, 275.9375, 156.1325, 149.3118667919715]",7,7.5,"[0.5, 10.0, 9.0]","[14.0, 20.0, 32.0, 36.0, 48.0, 49.0, 55.0, 62.5, 63.0, 73.0, 82.0]","[0.0, 14.0, 20.0, 32.0, 36.0, 48.0, 49.0, 55.0, 62.5, 63.0, 73.0]","[1.0, 3.0, 1.5, 4.0, 1.5, 2.0, 1.5, 1.0, 2.5, 1.0, 1.5]","[9, 9, 4, 7, 4, 7, 4, 4, 7, 3, 3]","[5, 4, 5, 4, 4, 4, 4, 5, 4, 4, 2]","[1.5, 1.0, 1.5, 1.5, 1.0, 0.75, 0.75, 1.0, 0.75, 0.5, 0.5]","[2.5, 1.5, 2.0, 2.0, 1.5, 1.0, 1.0, 1.5, 0.75, 0.75, 1.0]","[0, 0, 0, 1, 0, 1, 0, 0, 1, 0, 0]",2017-12-05 14:00,39.0,3,2.0,62.5,2.0,2.0,100.9123351677189,"[275.9375, 156.1325, 149.3118667919715]","[(275.9375, 5.0), (156.1325, 100.0), (149.3118667919715, 90.0)]",2.0,1,3,"[0.5, 10.0, 9.0]","[275.9375, 156.1325, 149.3118667919715]"
83875,"[12.0, 3.0, 8.0, 10.0, 5.0, 10.0, 1.8999999999999986, 0.10000000000000142]","[210.0, 191.375, 171.0, 181.0, 101.0, 96.0, 101.0, 140.0]",2,8.0,"[10.0, 5.0, 10.0, 1.8999999999999986, 0.10000000000000142]","[12.0, 15.0, 23.0, 33.0, 38.0, 48.0, 49.9, 50.0]","[0.0, 12.0, 15.0, 23.0, 33.0, 38.0, 48.0, 49.9]","[1.0, 1.5, 1.0, 1.5, 1.0, 1.0, 1.0, 1.0]","[5, 4, 4, 4, 2, 2, 2, 6]","[5, 5, 5, 4, 2, 1, 2, 6]","[1.5, 1.5, 1.0, 0.5, 1.0, 1.0, 1.0, 0.5]","[3.0, 2.0, 2.0, 1.0, 2.0, 2.0, 1.5, 1.0]","[0, 0, 0, 0, 0, 0, 0, 0]",2017-12-06 09:00,32.0,3,2.0,23.0,2.0,2.0,100.9123351677189,"[181.0, 101.0, 96.0, 101.0, 140.0]","[(181.0, 100.0), (101.0, 50.0), (96.0, 100.0), (101.0, 18.999999999999986), (140.0, 1.0000000000000142)]",2.0,1,5,"[10.0, 5.0, 10.0, 1.8999999999999986, 0.10000000000000142]","[181.0, 101.0, 96.0, 101.0, 140.0]"
83983,"[7.0, 5.0, 14.0, 5.0, 2.0, 4.0, 16.0, 14.0, 6.0]","[171.0, 217.0, 158.0, 272.9777961056527, 292.25, 155.51, 155.51, 141.8825, 96.0]",2,14.0,"[5.0, 2.0, 4.0, 16.0, 14.0, 6.0]","[7.0, 12.0, 26.0, 31.0, 33.0, 37.0, 53.0, 67.0, 73.0]","[0.0, 7.0, 12.0, 26.0, 31.0, 33.0, 37.0, 53.0, 67.0]","[1.0, 3.0, 1.0, 4.0, 4.5, 1.0, 1.0, 1.0, 1.0]","[4, 9, 4, 3, 7, 3, 3, 3, 2]","[5, 9, 4, 3, 7, 3, 3, 2, 1]","[1.5, 1.0, 1.0, 0.25, 0.5, 0.25, 0.25, 0.25, 0.5]","[3.0, 2.0, 2.0, 0.25, 1.0, 0.5, 0.25, 0.5, 1.0]","[0, 0, 0, 0, 1, 0, 0, 0, 0]",2017-12-19 14:00,33.0,3,1.0,26.0,1.0,3.0,100.9123351677189,"[272.9777961056527, 292.25, 155.51, 155.51, 141.8825, 96.0]","[(272.9777961056527, 50.0), (292.25, 20.0), (155.51, 40.0), (155.51, 160.0), (141.8825, 140.0), (96.0, 60.0)]",1.0,1,6,"[5.0, 2.0, 4.0, 16.0, 14.0, 6.0]","[272.9777961056527, 292.25, 155.51, 155.51, 141.8825, 96.0]"
8399,"[3.0, 7.0, 14.0, 1.0, 1.0, 1.0, 3.0, 20.0, 3.0, 8.0, 1.0, 4.0, 6.0, 7.0]","[274.375, 190.75, 190.75, 260.5625, 190.75, 243.3125, 152.25, 151.75, 176.55269941693467, 156.1325, 181.06998247500167, 141.8825, 149.3118667919715, 141.8825]",5,1.0,"[3.0, 20.0, 3.0, 8.0, 1.0, 4.0, 6.0, 7.0]","[3.0, 10.0, 24.0, 25.0, 26.0, 27.0, 30.0, 50.0, 53.0, 61.0, 62.0, 66.0, 72.0, 79.0]","[0.0, 3.0, 10.0, 24.0, 25.0, 26.0, 27.0, 30.0, 50.0, 53.0, 61.0, 62.0, 66.0, 72.0]","[3.5, 1.0, 1.0, 3.0, 1.0, 2.5, 1.0, 1.0, 2.0, 1.0, 2.5, 1.0, 1.5, 1.0]","[5, 5, 5, 4, 5, 4, 9, 4, 3, 3, 3, 3, 3, 3]","[7, 9, 9, 7, 9, 7, 5, 9, 4, 4, 3, 2, 2, 2]","[2.0, 4.0, 3.0, 1.0, 2.0, 1.0, 1.5, 0.75, 0.5, 0.5, 0.5, 0.5, 0.5, 0.5]","[3.0, 6.0, 5.0, 2.0, 3.0, 2.0, 2.5, 1.25, 0.5, 0.75, 0.5, 0.75, 0.75, 0.75]","[0, 0, 0, 1, 0, 1, 0, 0, 0, 0, 0, 0, 0, 0]",2002-02-15 15:00,37.0,4,1.0,27.0,2.0,2.0,131.83132262060033,"[152.25, 151.75, 176.55269941693467, 156.1325, 181.06998247500167, 141.8825, 149.3118667919715, 141.8825]","[(152.25, 30.0), (151.75, 200.0), (176.55269941693467, 30.0), (156.1325, 80.0), (181.06998247500167, 10.0), (141.8825, 40.0), (149.3118667919715, 60.0), (141.8825, 70.0)]",2.0,1,8,"[3.0, 20.0, 3.0, 8.0, 1.0, 4.0, 6.0, 7.0]","[152.25, 151.75, 176.55269941693467, 156.1325, 181.06998247500167, 141.8825, 149.3118667919715, 141.8825]"
84001,"[10.0, 8.0, 4.0, 5.0, 14.0, 1.0, 6.0, 19.0, 3.0, 6.0, 0.5, 0.5]","[235.0, 272.875, 235.0, 241.75, 171.0, 270.1875, 174.55248685625125, 167.40359922257957, 86.0, 99.6275, 144.3118667919715, 109.25]",4,14.0,"[1.0, 6.0, 19.0, 3.0, 6.0, 0.5, 0.5]","[10.0, 18.0, 22.0, 27.0, 41.0, 42.0, 48.0, 67.0, 70.0, 76.0, 76.5, 77.0]","[0.0, 10.0, 18.0, 22.0, 27.0, 41.0, 42.0, 48.0, 67.0, 70.0, 76.0, 76.5]","[2.0, 3.5, 2.0, 3.0, 1.0, 2.0, 2.5, 2.0, 1.0, 1.0, 1.5, 1.5]","[5, 4, 5, 4, 4, 7, 3, 3, 1, 1, 3, 1]","[5, 5, 5, 9, 5, 4, 2, 3, 2, 3, 1, 6]","[2.0, 1.0, 2.0, 2.0, 2.0, 1.0, 0.5, 0.25, 1.0, 0.5, 0.5, 2.0]","[4.0, 3.0, 5.0, 4.0, 2.0, 2.0, 1.0, 0.5, 1.0, 2.0, 2.0, 5.0]","[0, 0, 0, 0, 0, 1, 0, 0, 0, 0, 0, 0]",2017-12-20 10:00,28.0,4,2.0,41.0,3.0,2.0,131.83132262060033,"[270.1875, 174.55248685625125, 167.40359922257957, 86.0, 99.6275, 144.3118667919715, 109.25]","[(270.1875, 10.0), (174.55248685625125, 60.0), (167.40359922257957, 190.0), (86.0, 30.0), (99.6275, 60.0), (144.3118667919715, 5.0), (109.25, 5.0)]",3.0,1,7,"[1.0, 6.0, 19.0, 3.0, 6.0, 0.5, 0.5]","[270.1875, 174.55248685625125, 167.40359922257957, 86.0, 99.6275, 144.3118667919715, 109.25]"
84014,"[15.0, 37.0, 8.0, 6.5, 0.5, 18.0, 16.0, 10.200000000000003, 0.5, 0.29999999999999716]","[133.0, 175.0, 154.0, 175.0, 292.25, 151.75, 167.40359922257957, 114.6275, 292.25, 90.75]",2,8.0,"[6.5, 0.5, 18.0, 16.0, 10.200000000000003, 0.5, 0.29999999999999716]","[15.0, 52.0, 60.0, 66.5, 67.0, 85.0, 101.0, 111.2, 111.7, 112.0]","[0.0, 15.0, 52.0, 60.0, 66.5, 67.0, 85.0, 101.0, 111.2, 111.7]","[1.0, 2.0, 1.5, 2.0, 4.0, 1.0, 2.0, 1.0, 2.0, 1.0]","[9, 9, 9, 9, 7, 4, 3, 2, 7, 1]","[9, 9, 9, 9, 7, 9, 3, 3, 7, 0]","[1.0, 1.0, 0.75, 0.5, 0.5, 0.5, 0.25, 0.5, 0.5, 1.0]","[2.0, 1.5, 1.5, 1.0, 0.5, 1.0, 0.5, 1.0, 0.5, 2.0]","[0, 0, 0, 0, 1, 0, 0, 0, 1, 0]",2017-12-20 13:00,32.0,6,3.0,60.0,3.0,2.0,439.4377420686678,"[175.0, 292.25, 151.75, 167.40359922257957, 114.6275, 292.25, 90.75]","[(175.0, 65.0), (292.25, 5.0), (151.75, 180.0), (167.40359922257957, 160.0), (114.6275, 102.00000000000003), (292.25, 5.0), (90.75, 2.9999999999999716)]",3.0,1,7,"[6.5, 0.5, 18.0, 16.0, 10.200000000000003, 0.5, 0.29999999999999716]","[175.0, 292.25, 151.75, 167.40359922257957, 114.6275, 292.25, 90.75]"
84016,"[15.0, 5.0, 14.0, 7.799999999999997, 0.20000000000000284, 10.0, 8.0, 1.0, 4.0, 25.0, 1.5, 0.5, 14.400000000000006, 0.3999999999999915, 0.20000000000000284]","[152.25, 293.1875, 152.25, 133.0, 292.25, 154.0, 232.12522605741117, 164.8118667919715, 202.0738495144293, 167.40359922257957, 155.51, 164.80269941693467, 141.8825, 292.25, 90.75]",2,14.0,"[7.799999999999997, 0.20000000000000284, 10.0, 8.0, 1.0, 4.0, 25.0, 1.5, 0.5, 14.400000000000006, 0.3999999999999915, 0.20000000000000284]","[15.0, 20.0, 34.0, 41.8, 42.0, 52.0, 60.0, 61.0, 65.0, 90.0, 91.5, 92.0, 106.4, 106.8, 107.0]","[0.0, 15.0, 20.0, 34.0, 41.8, 42.0, 52.0, 60.0, 61.0, 65.0, 90.0, 91.5, 92.0, 106.4, 106.8]","[1.0, 4.0, 1.0, 1.0, 2.0, 1.5, 3.5, 1.5, 3.0, 2.0, 1.0, 2.0, 1.0, 3.0, 1.0]","[9, 7, 9, 9, 7, 9, 3, 3, 3, 3, 3, 3, 3, 7, 1]","[5, 4, 5, 9, 7, 9, 3, 4, 3, 3, 3, 0, 2, 7, 0]","[2.0, 1.5, 2.0, 1.0, 0.5, 0.75, 0.25, 0.5, 0.25, 0.5, 0.5, 0.5, 0.5, 0.5, 1.0]","[3.0, 2.5, 3.0, 2.0, 0.75, 1.0, 0.5, 0.75, 0.5, 0.5, 0.5, 2.0, 1.0, 0.5, 1.5]","[0, 1, 0, 0, 1, 0, 0, 0, 0, 0, 0, 0, 0, 1, 0]",2017-12-21 10:00,30.0,6,3.0,34.0,3.0,2.0,439.4377420686678,"[133.0, 292.25, 154.0, 232.12522605741117, 164.8118667919715, 202.0738495144293, 167.40359922257957, 155.51, 164.80269941693467, 141.8825, 292.25, 90.75]","[(133.0, 77.99999999999997), (292.25, 2.0000000000000284), (154.0, 100.0), (232.12522605741117, 80.0), (164.8118667919715, 10.0), (202.0738495144293, 40.0), (167.40359922257957, 250.0), (155.51, 15.0), (164.80269941693467, 5.0), (141.8825, 144.00000000000006), (292.25, 3.9999999999999147), (90.75, 2.0000000000000284)]",3.0,1,12,"[7.799999999999997, 0.20000000000000284, 10.0, 8.0, 1.0, 4.0, 25.0, 1.5, 0.5, 14.400000000000006, 0.3999999999999915, 0.20000000000000284]","[133.0, 292.25, 154.0, 232.12522605741117, 164.8118667919715, 202.0738495144293, 167.40359922257957, 155.51, 164.80269941693467, 141.8825, 292.25, 90.75]"
84035,"[15.0, 6.0, 7.0, 13.0, 1.0, 16.0, 1.0, 3.0]","[197.0, 158.0, 232.12522605741117, 157.3775, 202.0738495144293, 141.8825, 179.67748685625125, 115.25]",1,6.0,"[7.0, 13.0, 1.0, 16.0, 1.0, 3.0]","[15.0, 21.0, 28.0, 41.0, 42.0, 58.0, 59.0, 62.0]","[0.0, 15.0, 21.0, 28.0, 41.0, 42.0, 58.0, 59.0]","[1.0, 1.0, 3.5, 1.0, 3.0, 1.0, 2.5, 1.0]","[5, 4, 3, 4, 3, 3, 3, 2]","[4, 4, 3, 3, 3, 2, 0, 4]","[3.0, 0.75, 0.25, 0.25, 0.25, 0.25, 0.25, 0.5]","[5.0, 1.5, 0.5, 0.5, 0.25, 0.5, 1.0, 1.0]","[0, 0, 0, 0, 0, 0, 0, 0]",2017-12-25 11:00,36.0,2,1.0,21.0,1.0,2.0,80.0,"[232.12522605741117, 157.3775, 202.0738495144293, 141.8825, 179.67748685625125, 115.25]","[(232.12522605741117, 70.0), (157.3775, 130.0), (202.0738495144293, 10.0), (141.8825, 160.0), (179.67748685625125, 10.0), (115.25, 30.0)]",1.0,1,6,"[7.0, 13.0, 1.0, 16.0, 1.0, 3.0]","[232.12522605741117, 157.3775, 202.0738495144293, 141.8825, 179.67748685625125, 115.25]"
84036,"[13.0, 16.0, 12.0, 1.0, 17.0, 13.0, 5.0, 1.0, 8.0, 9.0]","[278.6875, 171.125, 174.25, 272.9777961056527, 232.12522605741117, 181.06998247500167, 167.40359922257957, 227.21891954305838, 129.10395559732385, 114.6275]",2,12.0,"[1.0, 17.0, 13.0, 5.0, 1.0, 8.0, 9.0]","[13.0, 29.0, 41.0, 42.0, 59.0, 72.0, 77.0, 78.0, 86.0, 95.0]","[0.0, 13.0, 29.0, 41.0, 42.0, 59.0, 72.0, 77.0, 78.0, 86.0]","[3.5, 1.5, 1.5, 4.0, 3.5, 2.5, 2.0, 3.5, 1.5, 1.0]","[7, 9, 4, 3, 3, 3, 3, 3, 2, 2]","[9, 5, 9, 3, 3, 3, 3, 0, 3, 3]","[1.0, 1.5, 1.0, 0.25, 0.25, 0.25, 0.25, 0.25, 0.25, 0.25]","[2.5, 3.0, 2.0, 0.5, 0.5, 0.25, 0.25, 1.0, 0.5, 0.75]","[1, 0, 0, 0, 0, 0, 0, 0, 0, 0]",2017-12-25 13:00,34.0,5,2.0,41.0,3.0,2.0,197.7469839309005,"[272.9777961056527, 232.12522605741117, 181.06998247500167, 167.40359922257957, 227.21891954305838, 129.10395559732385, 114.6275]","[(272.9777961056527, 10.0), (232.12522605741117, 170.0), (181.06998247500167, 130.0), (167.40359922257957, 50.0), (227.21891954305838, 10.0), (129.10395559732385, 80.0), (114.6275, 90.0)]",3.0,1,7,"[1.0, 17.0, 13.0, 5.0, 1.0, 8.0, 9.0]","[272.9777961056527, 232.12522605741117, 181.06998247500167, 167.40359922257957, 227.21891954305838, 129.10395559732385, 114.6275]"
84181,"[12.0, 6.0, 20.0, 2.0, 6.0, 7.0, 23.0, 3.0, 19.0, 2.0, 15.5, 0.5]","[196.0, 294.4375, 151.75, 238.0, 133.0, 259.0, 214.05538713582197, 232.12522605741117, 159.41582238929536, 232.12522605741117, 143.75, 140.0]",2,20.0,"[2.0, 6.0, 7.0, 23.0, 3.0, 19.0, 2.0, 15.5, 0.5]","[12.0, 18.0, 38.0, 40.0, 46.0, 53.0, 76.0, 79.0, 98.0, 100.0, 115.5, 116.0]","[0.0, 12.0, 18.0, 38.0, 40.0, 46.0, 53.0, 76.0, 79.0, 98.0, 100.0, 115.5]","[2.5, 5.0, 1.0, 3.5, 1.0, 4.0, 3.0, 3.5, 1.5, 3.5, 1.0, 1.0]","[9, 7, 4, 9, 9, 9, 3, 3, 3, 3, 4, 6]","[9, 9, 9, 9, 9, 9, 4, 3, 3, 3, 2, 6]","[2.0, 1.5, 1.5, 1.0, 1.0, 0.5, 0.25, 0.25, 0.25, 0.25, 0.5, 1.0]","[3.0, 3.0, 3.0, 2.0, 2.0, 1.0, 0.5, 0.25, 0.25, 0.25, 0.5, 2.0]","[0, 1, 0, 0, 0, 0, 0, 0, 0, 0, 0, 0]",2018-01-13 09:00,33.0,4,1.0,38.0,2.0,2.0,131.83132262060033,"[238.0, 133.0, 259.0, 214.05538713582197, 232.12522605741117, 159.41582238929536, 232.12522605741117, 143.75, 140.0]","[(238.0, 20.0), (133.0, 60.0), (259.0, 70.0), (214.05538713582197, 230.0), (232.12522605741117, 30.0), (159.41582238929536, 190.0), (232.12522605741117, 20.0), (143.75, 155.0), (140.0, 5.0)]",2.0,1,9,"[2.0, 6.0, 7.0, 23.0, 3.0, 19.0, 2.0, 15.5, 0.5]","[238.0, 133.0, 259.0, 214.05538713582197, 232.12522605741117, 159.41582238929536, 232.12522605741117, 143.75, 140.0]"
84279,"[10.0, 35.0, 40.0, 14.0, 19.0, 2.0, 0.5, 6.5, 9.0, 7.0, 2.0, 10.0, 3.0]","[296.0, 250.0, 250.0, 296.0, 214.05538713582197, 292.25, 181.0, 167.40359922257957, 144.6008998056449, 119.0, 101.0, 86.0, 86.0]",10,2.0,"[10.0, 3.0]","[10.0, 45.0, 85.0, 99.0, 118.0, 120.0, 120.5, 127.0, 136.0, 143.0, 145.0, 155.0, 158.0]","[0.0, 10.0, 45.0, 85.0, 99.0, 118.0, 120.0, 120.5, 127.0, 136.0, 143.0, 145.0, 155.0]","[4.0, 3.0, 3.0, 4.0, 3.0, 3.5, 1.5, 2.0, 2.0, 1.5, 1.0, 1.0, 1.0]","[4, 4, 4, 4, 3, 7, 4, 3, 2, 2, 2, 1, 1]","[4, 4, 4, 4, 4, 7, 4, 3, 3, 2, 2, 2, 2]","[1.5, 1.0, 1.0, 0.5, 0.2, 1.0, 1.0, 0.2, 0.2, 1.0, 1.0, 2.0, 1.0]","[2.0, 1.5, 1.0, 0.5, 0.5, 1.5, 1.5, 0.2, 0.5, 2.0, 2.0, 4.0, 3.0]","[0, 0, 0, 0, 0, 1, 0, 0, 0, 0, 0, 0, 0]",2018-01-22 10:00,35.0,3,2.0,145.0,2.0,3.0,100.9123351677189,"[86.0, 86.0]","[(86.0, 100.0), (86.0, 30.0)]",2.0,1,2,"[10.0, 3.0]","[86.0, 86.0]"
84620,"[15.0, 17.0, 25.0, 7.0, 8.0, 9.0, 1.0, 13.0, 10.0]","[217.0, 262.4944490264132, 236.5313065143528, 268.03130651435276, 268.03130651435276, 176.55269941693467, 277.21880651435276, 174.55248685625125, 149.3118667919715]",6,1.0,"[13.0, 10.0]","[50.0, 67.0, 92.0, 99.0, 107.0, 116.0, 117.0, 130.0, 140.0]","[35.0, 50.0, 67.0, 92.0, 99.0, 107.0, 116.0, 117.0, 130.0]","[3.0, 4.0, 3.5, 3.5, 3.5, 2.0, 3.5, 2.5, 1.5]","[9, 9, 9, 7, 7, 3, 7, 3, 3]","[9, 3, 3, 3, 3, 4, 3, 2, 2]","[0.5, 0.5, 0.5, 0.5, 0.5, 0.25, 0.5, 0.25, 0.25]","[0.75, 0.5, 0.5, 1.5, 1.5, 0.5, 0.5, 0.5, 0.75]","[0, 0, 0, 0, 0, 0, 1, 0, 0]",2018-03-03 09:00,37.0,1,1.0,117.0,1.0,2.0,0.0,"[174.55248685625125, 149.3118667919715]","[(174.55248685625125, 130.0), (149.3118667919715, 100.0)]",1.0,1,2,"[13.0, 10.0]","[174.55248685625125, 149.3118667919715]"
84844,"[25.0, 4.5, 1.5, 9.0, 9.0, 4.0, 11.0, 1.0, 4.0, 3.0]","[190.0, 152.25, 270.1875, 151.75, 181.0, 158.0, 155.51, 115.25, 292.25, 105.75]",2,1.5,"[9.0, 9.0, 4.0, 11.0, 1.0, 4.0, 3.0]","[25.0, 29.5, 31.0, 40.0, 49.0, 53.0, 64.0, 65.0, 69.0, 72.0]","[0.0, 25.0, 29.5, 31.0, 40.0, 49.0, 53.0, 64.0, 65.0, 69.0]","[2.0, 1.0, 2.0, 1.0, 1.5, 1.0, 1.0, 1.0, 3.0, 1.0]","[9, 9, 7, 4, 4, 4, 3, 2, 7, 2]","[5, 5, 4, 9, 4, 4, 3, 4, 7, 0]","[1.0, 1.0, 0.5, 1.0, 1.0, 0.5, 0.25, 0.5, 0.5, 0.5]","[2.0, 2.0, 1.0, 2.0, 1.0, 0.5, 0.5, 1.0, 1.0, 1.0]","[0, 0, 1, 0, 0, 0, 0, 0, 1, 0]",2018-04-05 14:00,29.0,3,2.0,31.0,2.0,2.0,100.9123351677189,"[151.75, 181.0, 158.0, 155.51, 115.25, 292.25, 105.75]","[(151.75, 90.0), (181.0, 90.0), (158.0, 40.0), (155.51, 110.0), (115.25, 10.0), (292.25, 40.0), (105.75, 30.0)]",2.0,1,7,"[9.0, 9.0, 4.0, 11.0, 1.0, 4.0, 3.0]","[151.75, 181.0, 158.0, 155.51, 115.25, 292.25, 105.75]"
84983,"[25.0, 8.0, 2.0, 11.0, 6.0, 3.0, 10.0, 1.0, 5.0, 1.0, 2.0, 5.0, 1.0, 0.5, 0.5]","[181.0, 214.05538713582197, 227.0, 273.0, 204.0, 227.0, 181.0, 275.9375, 181.0, 143.75, 250.0, 156.1325, 86.0, 292.25, 86.0]",9,1.0,"[2.0, 5.0, 1.0, 0.5, 0.5]","[25.0, 33.0, 35.0, 46.0, 52.0, 55.0, 65.0, 66.0, 71.0, 72.0, 74.0, 79.0, 80.0, 80.5, 81.0]","[0.0, 25.0, 33.0, 35.0, 46.0, 52.0, 55.0, 65.0, 66.0, 71.0, 72.0, 74.0, 79.0, 80.0, 80.5]","[1.5, 3.0, 2.5, 3.5, 2.0, 2.5, 1.5, 2.5, 1.5, 1.0, 3.0, 1.0, 1.0, 2.0, 1.0]","[4, 3, 4, 4, 4, 4, 4, 7, 4, 4, 4, 3, 1, 7, 1]","[4, 4, 4, 4, 4, 4, 4, 4, 4, 2, 4, 4, 2, 7, 2]","[0.5, 0.25, 0.5, 0.5, 0.5, 0.75, 0.5, 1.0, 0.5, 0.5, 0.5, 0.5, 0.5, 1.0, 0.5]","[1.0, 0.5, 1.0, 0.75, 1.0, 1.0, 1.0, 1.5, 0.75, 1.0, 0.75, 0.5, 1.0, 2.0, 1.0]","[0, 0, 0, 0, 0, 0, 0, 1, 0, 0, 0, 0, 0, 1, 0]",2018-11-28 09:00,32.0,4,2.0,72.0,3.0,1.0,131.83132262060033,"[250.0, 156.1325, 86.0, 292.25, 86.0]","[(250.0, 20.0), (156.1325, 50.0), (86.0, 10.0), (292.25, 5.0), (86.0, 5.0)]",3.0,1,5,"[2.0, 5.0, 1.0, 0.5, 0.5]","[250.0, 156.1325, 86.0, 292.25, 86.0]"
84984,"[29.0, 6.0, 21.0, 7.600000000000001, 0.3999999999999986, 0.7999999999999972, 0.20000000000000284, 10.0, 10.0, 5.0]","[227.0, 158.0, 227.0, 181.0, 275.9375, 158.0, 292.25, 96.0, 96.0, 101.0]",3,7.600000000000001,"[0.3999999999999986, 0.7999999999999972, 0.20000000000000284, 10.0, 10.0, 5.0]","[29.0, 35.0, 56.0, 63.6, 64.0, 64.8, 65.0, 75.0, 85.0, 90.0]","[0.0, 29.0, 35.0, 56.0, 63.6, 64.0, 64.8, 65.0, 75.0, 85.0]","[2.5, 1.0, 2.5, 1.5, 2.5, 1.0, 3.0, 1.0, 1.0, 1.0]","[4, 4, 4, 4, 7, 4, 7, 2, 2, 2]","[4, 4, 4, 4, 4, 4, 7, 1, 1, 2]","[0.75, 0.75, 0.75, 0.5, 0.75, 0.5, 0.25, 1.0, 1.0, 0.75]","[1.5, 1.25, 1.0, 0.75, 1.0, 0.75, 0.5, 2.0, 1.0, 1.0]","[0, 0, 0, 0, 1, 0, 1, 0, 0, 0]",2018-11-28 09:00,31.0,3,3.0,63.6,2.0,1.0,100.9123351677189,"[275.9375, 158.0, 292.25, 96.0, 96.0, 101.0]","[(275.9375, 3.999999999999986), (158.0, 7.999999999999972), (292.25, 2.0000000000000284), (96.0, 100.0), (96.0, 100.0), (101.0, 50.0)]",2.0,1,6,"[0.3999999999999986, 0.7999999999999972, 0.20000000000000284, 10.0, 10.0, 5.0]","[275.9375, 158.0, 292.25, 96.0, 96.0, 101.0]"
85002,"[15.0, 7.0, 10.0, 6.0, 5.0, 5.0, 7.0, 1.0, 6.0, 6.0, 2.0]","[181.0, 204.0, 181.0, 293.1875, 158.0, 298.9375, 158.0, 181.06998247500167, 156.1325, 115.25, 81.0]",5,5.0,"[7.0, 1.0, 6.0, 6.0, 2.0]","[15.0, 22.0, 32.0, 38.0, 43.0, 48.0, 55.0, 56.0, 62.0, 68.0, 70.0]","[0.0, 15.0, 22.0, 32.0, 38.0, 43.0, 48.0, 55.0, 56.0, 62.0, 68.0]","[1.5, 2.0, 1.5, 4.0, 1.0, 4.5, 1.0, 2.5, 1.0, 1.0, 1.0]","[4, 4, 4, 7, 4, 7, 4, 3, 3, 2, 1]","[4, 4, 4, 4, 4, 4, 4, 3, 4, 4, 1]","[0.5, 0.5, 1.0, 1.0, 1.0, 1.0, 0.5, 0.25, 0.25, 0.5, 1.0]","[1.0, 1.0, 1.5, 2.0, 2.0, 2.0, 0.75, 0.5, 0.5, 1.5, 2.0]","[0, 0, 0, 1, 0, 1, 0, 0, 0, 0, 0]",2018-12-01 10:00,31.0,3,3.0,48.0,2.0,1.0,100.9123351677189,"[158.0, 181.06998247500167, 156.1325, 115.25, 81.0]","[(158.0, 70.0), (181.06998247500167, 10.0), (156.1325, 60.0), (115.25, 60.0), (81.0, 20.0)]",2.0,1,5,"[7.0, 1.0, 6.0, 6.0, 2.0]","[158.0, 181.06998247500167, 156.1325, 115.25, 81.0]"
85003,"[33.0, 2.0, 12.0, 1.0, 1.5, 0.5, 11.5, 0.5]","[158.0, 298.9375, 158.0, 197.0, 281.6875, 144.5, 115.25, 95.75]",0,33.0,"[2.0, 12.0, 1.0, 1.5, 0.5, 11.5, 0.5]","[33.0, 35.0, 47.0, 48.0, 49.5, 50.0, 61.5, 62.0]","[0.0, 33.0, 35.0, 47.0, 48.0, 49.5, 50.0, 61.5]","[1.0, 4.5, 1.0, 1.0, 3.0, 1.0, 1.0, 1.0]","[4, 7, 4, 5, 7, 6, 2, 1]","[4, 4, 4, 4, 4, 4, 4, 6]","[1.0, 1.5, 1.0, 1.5, 1.0, 1.0, 0.5, 1.0]","[2.0, 2.0, 1.5, 3.0, 1.5, 2.5, 1.25, 3.0]","[0, 1, 0, 0, 1, 0, 0, 0]",2018-12-01 12:00,34.0,5,2.0,33.0,3.0,1.0,197.7469839309005,"[298.9375, 158.0, 197.0, 281.6875, 144.5, 115.25, 95.75]","[(298.9375, 20.0), (158.0, 120.0), (197.0, 10.0), (281.6875, 15.0), (144.5, 5.0), (115.25, 115.0), (95.75, 5.0)]",3.0,1,7,"[2.0, 12.0, 1.0, 1.5, 0.5, 11.5, 0.5]","[298.9375, 158.0, 197.0, 281.6875, 144.5, 115.25, 95.75]"
85007,"[15.0, 33.0, 2.0, 3.5, 0.5, 6.0, 25.0, 5.0, 5.0]","[133.0, 196.0, 292.25, 167.40359922257957, 292.25, 119.0, 101.0, 86.0, 101.0]",4,0.5,"[6.0, 25.0, 5.0, 5.0]","[15.0, 48.0, 50.0, 53.5, 54.0, 60.0, 85.0, 90.0, 95.0]","[0.0, 15.0, 48.0, 50.0, 53.5, 54.0, 60.0, 85.0, 90.0]","[1.0, 2.5, 3.5, 2.0, 3.0, 1.5, 1.0, 1.0, 1.0]","[9, 9, 7, 3, 7, 2, 2, 1, 2]","[9, 9, 7, 3, 7, 2, 2, 2, 2]","[1.5, 0.75, 1.0, 0.25, 0.5, 0.5, 1.0, 1.0, 1.0]","[2.0, 1.25, 1.5, 0.5, 0.5, 1.0, 1.0, 1.5, 1.0]","[0, 0, 1, 0, 1, 0, 0, 0, 0]",2018-12-04 11:00,31.0,4,2.0,54.0,3.0,3.0,131.83132262060033,"[119.0, 101.0, 86.0, 101.0]","[(119.0, 60.0), (101.0, 250.0), (86.0, 50.0), (101.0, 50.0)]",3.0,1,4,"[6.0, 25.0, 5.0, 5.0]","[119.0, 101.0, 86.0, 101.0]"
85011,"[32.0, 2.0, 4.0, 1.0, 10.0, 28.0, 7.0]","[197.0, 293.1875, 227.0, 158.0, 104.0, 86.0, 81.0]",2,4.0,"[1.0, 10.0, 28.0, 7.0]","[32.0, 34.0, 38.0, 39.0, 49.0, 77.0, 84.0]","[0.0, 32.0, 34.0, 38.0, 39.0, 49.0, 77.0]","[1.0, 4.0, 2.5, 1.0, 1.5, 1.0, 1.0]","[5, 7, 4, 4, 1, 1, 1]","[4, 4, 4, 4, 2, 2, 1]","[2.0, 1.0, 1.0, 0.5, 1.0, 1.0, 1.0]","[3.0, 2.0, 2.0, 1.5, 1.5, 1.5, 2.0]","[0, 1, 0, 0, 0, 0, 0]",2018-12-04 11:00,32.0,3,2.0,38.0,2.0,3.0,100.9123351677189,"[158.0, 104.0, 86.0, 81.0]","[(158.0, 10.0), (104.0, 100.0), (86.0, 280.0), (81.0, 70.0)]",2.0,1,4,"[1.0, 10.0, 28.0, 7.0]","[158.0, 104.0, 86.0, 81.0]"
85012,"[5.0, 54.5, 0.5, 9.5, 0.5, 6.799999999999997, 0.20000000000000284, 33.0, 12.0, 8.0, 5.0]","[176.55269941693467, 164.8118667919715, 292.25, 158.0, 292.25, 164.8118667919715, 292.25, 155.51, 159.80269941693467, 96.0, 123.875]",3,9.5,"[0.5, 6.799999999999997, 0.20000000000000284, 33.0, 12.0, 8.0, 5.0]","[5.0, 59.5, 60.0, 69.5, 70.0, 76.8, 77.0, 110.0, 122.0, 130.0, 135.0]","[0.0, 5.0, 59.5, 60.0, 69.5, 70.0, 76.8, 77.0, 110.0, 122.0, 130.0]","[2.0, 1.5, 3.0, 1.0, 2.5, 1.5, 2.5, 1.0, 2.0, 1.0, 1.5]","[3, 3, 7, 4, 7, 3, 7, 3, 3, 2, 2]","[4, 4, 7, 4, 7, 4, 7, 3, 2, 1, 0]","[0.5, 0.5, 0.5, 1.0, 0.5, 0.5, 0.5, 0.5, 0.5, 1.0, 1.0]","[0.5, 0.75, 0.5, 1.0, 0.5, 0.75, 0.5, 0.5, 0.75, 2.0, 2.0]","[0, 0, 1, 0, 1, 0, 1, 0, 0, 0, 0]",2018-12-04 12:00,29.0,2,1.0,69.5,1.0,3.0,80.0,"[292.25, 164.8118667919715, 292.25, 155.51, 159.80269941693467, 96.0, 123.875]","[(292.25, 5.0), (164.8118667919715, 67.99999999999997), (292.25, 2.0000000000000284), (155.51, 330.0), (159.80269941693467, 120.0), (96.0, 80.0), (123.875, 50.0)]",1.0,1,7,"[0.5, 6.799999999999997, 0.20000000000000284, 33.0, 12.0, 8.0, 5.0]","[292.25, 164.8118667919715, 292.25, 155.51, 159.80269941693467, 96.0, 123.875]"
85014,"[22.0, 30.0, 6.0, 2.0, 8.0, 22.0, 35.0, 5.0, 10.0]","[250.0, 204.0, 158.0, 292.25, 204.0, 119.0, 101.0, 81.0, 86.0]",4,8.0,"[22.0, 35.0, 5.0, 10.0]","[22.0, 52.0, 58.0, 60.0, 68.0, 90.0, 125.0, 130.0, 140.0]","[0.0, 22.0, 52.0, 58.0, 60.0, 68.0, 90.0, 125.0, 130.0]","[3.0, 2.0, 1.0, 3.0, 2.0, 1.5, 1.0, 1.0, 1.0]","[4, 4, 4, 7, 4, 2, 2, 1, 1]","[4, 4, 4, 7, 4, 2, 2, 1, 2]","[1.0, 1.0, 1.0, 1.0, 0.7, 0.7, 0.75, 1.0, 1.0]","[1.0, 1.0, 1.0, 1.0, 0.7, 0.7, 1.0, 1.5, 1.0]","[0, 0, 0, 1, 0, 0, 0, 0, 0]",2018-12-04 12:00,32.0,4,2.0,68.0,3.0,3.0,131.83132262060033,"[119.0, 101.0, 81.0, 86.0]","[(119.0, 220.0), (101.0, 350.0), (81.0, 50.0), (86.0, 100.0)]",3.0,1,4,"[22.0, 35.0, 5.0, 10.0]","[119.0, 101.0, 81.0, 86.0]"
85015,"[32.0, 17.0, 7.0, 2.0, 12.0, 40.0, 13.0, 9.0]","[250.0, 227.0, 181.0, 292.25, 250.0, 144.6008998056449, 86.0, 81.0]",3,2.0,"[12.0, 40.0, 13.0, 9.0]","[32.0, 49.0, 56.0, 58.0, 70.0, 110.0, 123.0, 132.0]","[0.0, 32.0, 49.0, 56.0, 58.0, 70.0, 110.0, 123.0]","[3.0, 2.5, 1.5, 3.5, 3.0, 2.0, 1.0, 1.0]","[4, 4, 4, 7, 4, 2, 1, 1]","[4, 4, 4, 7, 4, 3, 2, 1]","[1.0, 1.0, 2.0, 1.5, 1.0, 0.5, 1.0, 1.5]","[1.5, 1.0, 2.0, 2.0, 1.0, 1.0, 1.5, 2.0]","[0, 0, 0, 1, 0, 0, 0, 0]",2018-12-04 11:00,32.0,4,3.0,58.0,3.0,3.0,131.83132262060033,"[250.0, 144.6008998056449, 86.0, 81.0]","[(250.0, 120.0), (144.6008998056449, 400.0), (86.0, 130.0), (81.0, 90.0)]",3.0,1,4,"[12.0, 40.0, 13.0, 9.0]","[250.0, 144.6008998056449, 86.0, 81.0]"
85017,"[5.0, 1.0, 7.0, 1.0, 11.0, 10.0, 23.0, 3.0, 2.0]","[164.8118667919715, 292.25, 159.41582238929536, 292.25, 144.6008998056449, 114.0, 86.0, 114.0, 81.0]",5,10.0,"[23.0, 3.0, 2.0]","[5.0, 6.0, 13.0, 14.0, 25.0, 35.0, 58.0, 61.0, 63.0]","[0.0, 5.0, 6.0, 13.0, 14.0, 25.0, 35.0, 58.0, 61.0]","[1.5, 2.5, 1.5, 2.5, 2.0, 1.5, 1.0, 1.5, 1.0]","[3, 7, 3, 7, 2, 2, 1, 2, 1]","[4, 7, 3, 7, 3, 1, 2, 1, 1]","[0.5, 0.5, 0.25, 0.5, 0.5, 0.5, 1.0, 0.5, 1.0]","[0.75, 1.0, 0.5, 1.0, 0.75, 1.5, 1.5, 1.0, 2.0]","[0, 1, 0, 1, 0, 0, 0, 0, 0]",2018-12-04 11:00,36.0,2,1.0,35.0,1.0,3.0,80.0,"[86.0, 114.0, 81.0]","[(86.0, 230.0), (114.0, 30.0), (81.0, 20.0)]",1.0,1,3,"[23.0, 3.0, 2.0]","[86.0, 114.0, 81.0]"
85033,"[53.0, 2.0, 5.0, 18.0, 2.0, 1.0, 30.0]","[241.75, 217.0, 278.6875, 171.0, 210.0, 292.25, 119.0]",4,2.0,"[1.0, 30.0]","[53.0, 55.0, 60.0, 78.0, 80.0, 81.0, 111.0]","[0.0, 53.0, 55.0, 60.0, 78.0, 80.0, 81.0]","[3.0, 3.0, 3.5, 1.0, 1.0, 3.0, 1.5]","[4, 9, 7, 4, 5, 7, 2]","[9, 9, 9, 5, 5, 7, 2]","[0.5, 1.0, 0.5, 2.0, 2.0, 1.0, 1.0]","[1.0, 1.0, 1.0, 2.0, 3.0, 1.0, 1.5]","[0, 0, 1, 0, 0, 1, 0]",2018-12-06 15:00,38.0,2,1.0,80.0,1.0,3.0,80.0,"[292.25, 119.0]","[(292.25, 10.0), (119.0, 300.0)]",1.0,1,2,"[1.0, 30.0]","[292.25, 119.0]"
85040,"[25.0, 1.0, 8.0, 19.0, 1.0, 4.0, 14.0, 4.0, 5.0]","[205.375, 290.4375, 272.9777961056527, 272.9777961056527, 156.1325, 202.0738495144293, 202.0738495144293, 101.0, 81.0]",3,19.0,"[1.0, 4.0, 14.0, 4.0, 5.0]","[25.0, 26.0, 34.0, 53.0, 54.0, 58.0, 72.0, 76.0, 81.0]","[0.0, 25.0, 26.0, 34.0, 53.0, 54.0, 58.0, 72.0, 76.0]","[1.5, 4.0, 4.0, 4.0, 1.0, 3.0, 3.0, 1.0, 1.0]","[5, 7, 3, 3, 3, 3, 3, 2, 1]","[9, 5, 3, 3, 4, 3, 3, 2, 1]","[2.0, 2.0, 0.25, 0.25, 1.0, 0.25, 0.25, 1.0, 2.0]","[3.0, 3.0, 0.25, 0.25, 1.25, 0.5, 0.5, 1.0, 3.0]","[0, 1, 0, 0, 0, 0, 0, 0, 0]",2018-12-11 11:00,26.0,5,2.0,53.0,3.0,3.0,197.7469839309005,"[156.1325, 202.0738495144293, 202.0738495144293, 101.0, 81.0]","[(156.1325, 10.0), (202.0738495144293, 40.0), (202.0738495144293, 140.0), (101.0, 40.0), (81.0, 50.0)]",3.0,1,5,"[1.0, 4.0, 14.0, 4.0, 5.0]","[156.1325, 202.0738495144293, 202.0738495144293, 101.0, 81.0]"
85045,"[5.0, 23.0, 1.0, 2.0, 8.0, 1.0, 10.0, 6.0, 10.0, 14.0, 10.0]","[191.375, 305.25, 158.0, 227.0, 293.1875, 181.0, 164.8118667919715, 167.40359922257957, 141.8825, 149.3118667919715, 86.0]",8,10.0,"[14.0, 10.0]","[5.0, 28.0, 29.0, 31.0, 39.0, 40.0, 50.0, 56.0, 66.0, 80.0, 90.0]","[0.0, 5.0, 28.0, 29.0, 31.0, 39.0, 40.0, 50.0, 56.0, 66.0, 80.0]","[1.5, 4.0, 1.0, 2.5, 4.0, 1.5, 1.5, 2.0, 1.0, 1.5, 1.0]","[4, 7, 4, 4, 7, 4, 3, 3, 3, 3, 1]","[5, 5, 4, 4, 4, 4, 4, 3, 2, 2, 2]","[2.0, 2.0, 1.0, 0.5, 1.0, 0.5, 0.5, 0.25, 0.25, 0.25, 1.0]","[3.0, 3.0, 1.5, 1.0, 2.0, 1.0, 0.5, 0.25, 1.0, 1.0, 2.0]","[0, 0, 0, 0, 1, 0, 0, 0, 0, 0, 0]",2018-12-11 10:00,30.0,4,2.0,66.0,3.0,3.0,131.83132262060033,"[149.3118667919715, 86.0]","[(149.3118667919715, 140.0), (86.0, 100.0)]",3.0,1,2,"[14.0, 10.0]","[149.3118667919715, 86.0]"
85046,"[31.0, 3.0, 6.0, 3.0, 2.0, 5.0, 2.0, 13.0, 9.0, 8.0, 8.0, 11.0, 38.0, 10.0, 3.0, 8.0]","[191.375, 275.9375, 181.0, 298.9375, 181.0, 192.55248685625125, 202.0738495144293, 167.40359922257957, 181.06998247500167, 159.41582238929536, 159.80269941693467, 129.10395559732385, 159.80269941693467, 104.0, 167.40359922257957, 81.0]",3,3.0,"[2.0, 5.0, 2.0, 13.0, 9.0, 8.0, 8.0, 11.0, 38.0, 10.0, 3.0, 8.0]","[31.0, 34.0, 40.0, 43.0, 45.0, 50.0, 52.0, 65.0, 74.0, 82.0, 90.0, 101.0, 139.0, 149.0, 152.0, 160.0]","[0.0, 31.0, 34.0, 40.0, 43.0, 45.0, 50.0, 52.0, 65.0, 74.0, 82.0, 90.0, 101.0, 139.0, 149.0, 152.0]","[1.5, 2.5, 1.5, 4.5, 1.5, 2.5, 3.0, 2.0, 2.5, 1.5, 2.0, 1.5, 2.0, 1.5, 2.0, 1.0]","[4, 7, 4, 7, 4, 3, 3, 3, 3, 3, 3, 2, 3, 1, 3, 1]","[5, 4, 4, 4, 4, 4, 3, 3, 3, 3, 2, 3, 2, 2, 3, 1]","[1.0, 0.5, 1.0, 1.0, 0.5, 0.25, 0.25, 0.25, 0.25, 0.25, 0.25, 0.5, 0.25, 1.0, 0.25, 1.0]","[2.0, 1.5, 1.5, 2.0, 0.75, 0.5, 0.5, 0.25, 0.25, 0.5, 0.5, 0.75, 0.5, 1.0, 0.25, 2.0]","[0, 1, 0, 1, 0, 0, 0, 0, 0, 0, 0, 0, 0, 0, 0, 0]",2018-12-11 11:00,28.0,4,3.0,43.0,3.0,3.0,131.83132262060033,"[181.0, 192.55248685625125, 202.0738495144293, 167.40359922257957, 181.06998247500167, 159.41582238929536, 159.80269941693467, 129.10395559732385, 159.80269941693467, 104.0, 167.40359922257957, 81.0]","[(181.0, 20.0), (192.55248685625125, 50.0), (202.0738495144293, 20.0), (167.40359922257957, 130.0), (181.06998247500167, 90.0), (159.41582238929536, 80.0), (159.80269941693467, 80.0), (129.10395559732385, 110.0), (159.80269941693467, 380.0), (104.0, 100.0), (167.40359922257957, 30.0), (81.0, 80.0)]",3.0,1,12,"[2.0, 5.0, 2.0, 13.0, 9.0, 8.0, 8.0, 11.0, 38.0, 10.0, 3.0, 8.0]","[181.0, 192.55248685625125, 202.0738495144293, 167.40359922257957, 181.06998247500167, 159.41582238929536, 159.80269941693467, 129.10395559732385, 159.80269941693467, 104.0, 167.40359922257957, 81.0]"
85047,"[10.0, 10.0, 5.0, 4.0, 9.0, 8.0, 9.700000000000003, 0.29999999999999716, 5.0, 19.0, 12.0, 2.0]","[152.25, 281.6875, 158.0, 292.25, 176.55269941693467, 292.25, 158.0, 292.25, 149.3118667919715, 141.8825, 101.0, 90.75]",5,8.0,"[9.700000000000003, 0.29999999999999716, 5.0, 19.0, 12.0, 2.0]","[10.0, 20.0, 25.0, 29.0, 38.0, 46.0, 55.7, 56.0, 61.0, 80.0, 92.0, 94.0]","[0.0, 10.0, 20.0, 25.0, 29.0, 38.0, 46.0, 55.7, 56.0, 61.0, 80.0, 92.0]","[1.0, 3.0, 1.0, 3.0, 2.0, 3.5, 1.0, 2.5, 1.5, 1.0, 1.0, 1.0]","[9, 7, 4, 7, 3, 7, 4, 7, 3, 3, 2, 1]","[5, 4, 4, 7, 4, 7, 4, 7, 2, 2, 2, 0]","[2.0, 1.0, 1.0, 1.0, 0.5, 1.0, 0.75, 0.5, 0.25, 0.25, 0.75, 1.0]","[2.0, 1.5, 1.5, 1.0, 0.75, 1.5, 0.75, 0.75, 0.5, 0.5, 1.0, 2.0]","[0, 1, 0, 1, 0, 1, 0, 1, 0, 0, 0, 0]",2018-12-11 11:00,29.0,2,1.0,46.0,1.0,3.0,80.0,"[158.0, 292.25, 149.3118667919715, 141.8825, 101.0, 90.75]","[(158.0, 97.00000000000003), (292.25, 2.9999999999999716), (149.3118667919715, 50.0), (141.8825, 190.0), (101.0, 120.0), (90.75, 20.0)]",1.0,1,6,"[9.700000000000003, 0.29999999999999716, 5.0, 19.0, 12.0, 2.0]","[158.0, 292.25, 149.3118667919715, 141.8825, 101.0, 90.75]"
85048,"[20.0, 2.0, 5.0, 15.0, 14.0, 4.0, 3.0, 14.0, 3.5, 0.5, 4.0, 17.0, 3.0, 14.0, 2.0, 1.0]","[292.25, 196.75, 273.4375, 175.0, 133.0, 273.4375, 204.0, 214.05538713582197, 158.0, 292.25, 181.0, 167.40359922257957, 194.80538713582197, 101.0, 159.80269941693467, 81.0]",10,4.0,"[17.0, 3.0, 14.0, 2.0, 1.0]","[20.0, 22.0, 27.0, 42.0, 56.0, 60.0, 63.0, 77.0, 80.5, 81.0, 85.0, 102.0, 105.0, 119.0, 121.0, 122.0]","[0.0, 20.0, 22.0, 27.0, 42.0, 56.0, 60.0, 63.0, 77.0, 80.5, 81.0, 85.0, 102.0, 105.0, 119.0, 121.0]","[4.0, 2.0, 3.0, 2.0, 1.0, 3.0, 2.0, 3.0, 1.0, 3.0, 1.5, 2.0, 3.0, 1.0, 2.0, 1.0]","[7, 4, 7, 9, 9, 7, 4, 3, 4, 7, 4, 3, 3, 2, 3, 1]","[7, 9, 9, 9, 9, 9, 4, 4, 4, 7, 4, 3, 2, 2, 2, 1]","[1.0, 1.0, 1.0, 1.0, 1.0, 1.0, 0.5, 0.25, 0.75, 1.0, 0.5, 0.25, 0.25, 0.5, 0.5, 2.0]","[1.0, 1.0, 1.5, 1.0, 2.0, 1.0, 1.0, 0.5, 0.75, 2.0, 0.5, 0.5, 0.75, 1.0, 1.0, 2.0]","[1, 0, 1, 0, 0, 1, 0, 0, 0, 1, 0, 0, 0, 0, 0, 0]",2018-12-11 12:00,38.0,5,1.0,85.0,2.0,3.0,197.7469839309005,"[167.40359922257957, 194.80538713582197, 101.0, 159.80269941693467, 81.0]","[(167.40359922257957, 170.0), (194.80538713582197, 30.0), (101.0, 140.0), (159.80269941693467, 20.0), (81.0, 10.0)]",2.0,1,5,"[17.0, 3.0, 14.0, 2.0, 1.0]","[167.40359922257957, 194.80538713582197, 101.0, 159.80269941693467, 81.0]"
85049,"[10.0, 10.0, 15.0, 20.0, 10.0, 12.0, 13.0, 12.0, 8.0, 18.0]","[325.25, 292.25, 272.9777961056527, 202.0738495144293, 181.06998247500167, 202.0738495144293, 167.40359922257957, 129.10395559732385, 96.0, 81.0]",3,20.0,"[10.0, 12.0, 13.0, 12.0, 8.0, 18.0]","[10.0, 20.0, 35.0, 55.0, 65.0, 77.0, 90.0, 102.0, 110.0, 128.0]","[0.0, 10.0, 20.0, 35.0, 55.0, 65.0, 77.0, 90.0, 102.0, 110.0]","[4.5, 5.0, 4.0, 3.0, 2.5, 3.0, 2.0, 1.5, 1.0, 1.0]","[4, 7, 3, 3, 3, 3, 3, 2, 2, 1]","[7, 7, 3, 3, 3, 3, 3, 3, 1, 1]","[2.0, 0.8, 0.25, 0.25, 0.5, 0.5, 0.5, 1.0, 1.0, 1.5]","[2.5, 1.5, 0.5, 0.5, 0.75, 0.5, 0.75, 1.0, 1.56, 2.0]","[0, 1, 0, 0, 0, 0, 0, 0, 0, 0]",2018-12-11 14:00,29.0,3,2.0,55.0,2.0,3.0,100.9123351677189,"[181.06998247500167, 202.0738495144293, 167.40359922257957, 129.10395559732385, 96.0, 81.0]","[(181.06998247500167, 100.0), (202.0738495144293, 120.0), (167.40359922257957, 130.0), (129.10395559732385, 120.0), (96.0, 80.0), (81.0, 180.0)]",2.0,1,6,"[10.0, 12.0, 13.0, 12.0, 8.0, 18.0]","[181.06998247500167, 202.0738495144293, 167.40359922257957, 129.10395559732385, 96.0, 81.0]"
85051,"[12.0, 2.0, 1.0, 2.0, 22.0, 12.0, 24.0, 6.0, 8.0, 6.0, 12.0, 9.0, 2.0]","[133.0, 292.25, 292.25, 292.25, 119.0, 137.0, 137.0, 119.0, 101.0, 101.0, 101.0, 96.0, 81.0]",6,24.0,"[6.0, 8.0, 6.0, 12.0, 9.0, 2.0]","[12.0, 14.0, 15.0, 17.0, 39.0, 51.0, 75.0, 81.0, 89.0, 95.0, 107.0, 116.0, 118.0]","[0.0, 12.0, 14.0, 15.0, 17.0, 39.0, 51.0, 75.0, 81.0, 89.0, 95.0, 107.0, 116.0]","[1.0, 4.0, 3.0, 4.0, 1.5, 2.0, 2.0, 1.5, 1.0, 1.0, 1.0, 1.0, 1.0]","[9, 7, 7, 7, 2, 2, 2, 2, 2, 2, 2, 2, 1]","[9, 7, 7, 7, 2, 2, 2, 2, 2, 2, 2, 1, 1]","[0.5, 1.0, 1.0, 1.0, 0.5, 0.5, 0.5, 0.5, 1.0, 1.0, 1.0, 1.0, 2.0]","[1.0, 2.0, 1.0, 2.0, 1.0, 0.5, 0.5, 1.0, 1.0, 1.0, 2.0, 2.0, 3.0]","[0, 1, 1, 1, 0, 0, 0, 0, 0, 0, 0, 0, 0]",2018-12-11 11:00,32.0,3,2.0,75.0,2.0,3.0,100.9123351677189,"[119.0, 101.0, 101.0, 101.0, 96.0, 81.0]","[(119.0, 60.0), (101.0, 80.0), (101.0, 60.0), (101.0, 120.0), (96.0, 90.0), (81.0, 20.0)]",2.0,1,6,"[6.0, 8.0, 6.0, 12.0, 9.0, 2.0]","[119.0, 101.0, 101.0, 101.0, 96.0, 81.0]"
85055,"[24.0, 17.0, 4.0, 5.0, 13.0, 1.5, 0.5, 9.0, 31.0, 20.0, 5.0]","[175.0, 292.25, 204.0, 292.25, 196.75, 158.0, 292.25, 181.0, 159.80269941693467, 101.0, 81.0]",8,31.0,"[20.0, 5.0]","[24.0, 41.0, 45.0, 50.0, 63.0, 64.5, 65.0, 74.0, 105.0, 125.0, 130.0]","[0.0, 24.0, 41.0, 45.0, 50.0, 63.0, 64.5, 65.0, 74.0, 105.0, 125.0]","[2.0, 3.0, 2.0, 4.0, 2.0, 1.0, 1.0, 1.5, 2.0, 1.0, 1.0]","[9, 7, 4, 7, 4, 4, 7, 4, 3, 2, 1]","[9, 7, 4, 7, 9, 4, 7, 4, 2, 2, 1]","[1.5, 2.0, 2.0, 2.0, 0.5, 0.75, 2.0, 0.5, 0.5, 0.75, 1.0]","[1.5, 2.0, 2.0, 2.0, 0.5, 0.75, 2.0, 0.5, 0.5, 0.75, 1.0]","[0, 1, 0, 1, 0, 0, 1, 0, 0, 0, 0]",2018-12-11 13:00,35.0,4,3.0,105.0,3.0,3.0,131.83132262060033,"[101.0, 81.0]","[(101.0, 200.0), (81.0, 50.0)]",3.0,1,2,"[20.0, 5.0]","[101.0, 81.0]"
85141,"[36.0, 6.0, 10.0, 4.5, 0.5, 2.799999999999997, 0.20000000000000284, 28.0, 19.0, 10.200000000000003, 0.09999999999999432, 0.7000000000000028, 7.0]","[246.75, 174.25, 219.25, 158.0, 292.25, 204.0, 292.25, 176.55269941693467, 159.41582238929536, 155.51, 140.0, 159.41582238929536, 141.8825]",7,28.0,"[19.0, 10.200000000000003, 0.09999999999999432, 0.7000000000000028, 7.0]","[36.0, 42.0, 52.0, 56.5, 57.0, 59.8, 60.0, 88.0, 107.0, 117.2, 117.3, 118.0, 125.0]","[0.0, 36.0, 42.0, 52.0, 56.5, 57.0, 59.8, 60.0, 88.0, 107.0, 117.2, 117.3, 118.0]","[3.5, 1.5, 2.5, 1.0, 2.0, 2.0, 2.0, 2.0, 1.5, 1.0, 1.0, 1.5, 1.0]","[9, 4, 4, 4, 7, 4, 7, 3, 3, 3, 6, 3, 3]","[4, 9, 9, 4, 7, 4, 7, 4, 3, 3, 6, 3, 2]","[0.75, 1.0, 0.75, 1.0, 0.5, 0.5, 0.5, 0.5, 0.5, 0.5, 1.0, 0.25, 0.25]","[1.0, 1.5, 1.0, 1.5, 0.75, 0.75, 0.5, 0.75, 0.75, 0.75, 1.0, 0.5, 0.75]","[0, 0, 0, 0, 1, 0, 1, 0, 0, 0, 0, 0, 0]",2018-12-18 13:00,31.0,5,2.0,88.0,3.0,2.0,197.7469839309005,"[159.41582238929536, 155.51, 140.0, 159.41582238929536, 141.8825]","[(159.41582238929536, 190.0), (155.51, 102.00000000000003), (140.0, 0.9999999999999432), (159.41582238929536, 7.000000000000028), (141.8825, 70.0)]",3.0,1,5,"[19.0, 10.200000000000003, 0.09999999999999432, 0.7000000000000028, 7.0]","[159.41582238929536, 155.51, 140.0, 159.41582238929536, 141.8825]"
85267,"[30.0, 25.0, 1.0, 7.0, 2.0, 20.0, 20.0, 18.0]","[211.0, 248.0, 440.0, 217.0, 283.9375, 181.06998247500167, 114.6275, 96.0]",5,20.0,"[20.0, 18.0]","[30.0, 55.0, 56.0, 63.0, 65.0, 85.0, 105.0, 123.0]","[0.0, 30.0, 55.0, 56.0, 63.0, 65.0, 85.0, 105.0]","[2.5, 3.0, 6.0, 3.0, 4.0, 2.5, 1.0, 1.0]","[7, 7, 8, 9, 7, 3, 2, 2]","[9, 7, 8, 9, 9, 3, 3, 1]","[0.5, 2.0, nan, 1.5, 1.0, 0.25, 0.5, 1.0]","[1.5, 3.0, nan, 2.0, 2.0, 0.5, 1.0, 2.0]","[0, 0, 0, 0, 1, 0, 0, 0]",2019-01-08 12:00,41.0,2,1.0,85.0,1.0,3.0,80.0,"[114.6275, 96.0]","[(114.6275, 200.0), (96.0, 180.0)]",1.0,1,2,"[20.0, 18.0]","[114.6275, 96.0]"
85316,"[26.0, 8.5, 0.5, 8.0, 11.5, 0.5, 25.0, 20.0, 5.0, 11.0, 18.0]","[217.0, 154.0, 283.9375, 175.0, 202.0738495144293, 154.0, 159.41582238929536, 141.8825, 96.0, 90.75, 81.0]",5,0.5,"[25.0, 20.0, 5.0, 11.0, 18.0]","[26.0, 34.5, 35.0, 43.0, 54.5, 55.0, 80.0, 100.0, 105.0, 116.0, 134.0]","[0.0, 26.0, 34.5, 35.0, 43.0, 54.5, 55.0, 80.0, 100.0, 105.0, 116.0]","[3.0, 1.5, 4.0, 2.0, 3.0, 1.5, 1.5, 1.0, 1.0, 1.0, 1.0]","[9, 9, 7, 9, 3, 9, 3, 3, 2, 1, 1]","[9, 9, 9, 9, 3, 9, 3, 2, 1, 0, 1]","[0.5, 1.0, 1.0, 0.5, 0.25, 0.5, 0.25, 0.25, 0.5, 1.0, 1.0]","[1.0, 2.0, 1.5, 1.0, 0.25, 1.0, 0.5, 0.5, 1.0, 2.0, 1.0]","[0, 0, 1, 0, 0, 0, 0, 0, 0, 0, 0]",2019-01-13 11:00,28.0,4,1.0,55.0,2.0,3.0,131.83132262060033,"[159.41582238929536, 141.8825, 96.0, 90.75, 81.0]","[(159.41582238929536, 250.0), (141.8825, 200.0), (96.0, 50.0), (90.75, 110.0), (81.0, 180.0)]",2.0,1,5,"[25.0, 20.0, 5.0, 11.0, 18.0]","[159.41582238929536, 141.8825, 96.0, 90.75, 81.0]"
85432,"[54.0, 11.0, 10.0, 38.0, 27.0, 4.0, 9.0, 4.0, 11.0, 4.0]","[142.5, 173.75, 224.25, 250.0, 181.0, 192.55248685625125, 167.40359922257957, 159.41582238929536, 159.41582238929536, 95.75]",0,54.0,"[11.0, 10.0, 38.0, 27.0, 4.0, 9.0, 4.0, 11.0, 4.0]","[54.0, 65.0, 75.0, 113.0, 140.0, 144.0, 153.0, 157.0, 168.0, 172.0]","[0.0, 54.0, 65.0, 75.0, 113.0, 140.0, 144.0, 153.0, 157.0, 168.0]","[1.0, 1.5, 2.5, 3.0, 1.5, 2.5, 2.0, 1.5, 1.5, 1.0]","[7, 4, 4, 4, 4, 3, 3, 3, 3, 1]","[5, 7, 7, 4, 4, 4, 3, 3, 3, 6]","[1.0, 1.0, 1.0, 1.0, 0.5, 0.5, 0.2, 0.2, 0.2, 1.0]","[4.0, 3.0, 3.0, 1.5, 1.5, 1.0, 0.4, 0.5, 0.5, 4.0]","[0, 0, 0, 0, 0, 0, 0, 0, 0, 0]",2019-01-22 10:00,34.0,6,3.0,54.0,3.0,2.0,439.4377420686678,"[173.75, 224.25, 250.0, 181.0, 192.55248685625125, 167.40359922257957, 159.41582238929536, 159.41582238929536, 95.75]","[(173.75, 110.0), (224.25, 100.0), (250.0, 380.0), (181.0, 270.0), (192.55248685625125, 40.0), (167.40359922257957, 90.0), (159.41582238929536, 40.0), (159.41582238929536, 110.0), (95.75, 40.0)]",3.0,1,9,"[11.0, 10.0, 38.0, 27.0, 4.0, 9.0, 4.0, 11.0, 4.0]","[173.75, 224.25, 250.0, 181.0, 192.55248685625125, 167.40359922257957, 159.41582238929536, 159.41582238929536, 95.75]"
85526,"[35.0, 43.0, 10.0, 3.5, 0.5, 26.0, 11.0, 4.0]","[287.4375, 191.375, 204.0, 158.0, 140.0, 149.3118667919715, 114.6275, 101.0]",4,0.5,"[26.0, 11.0, 4.0]","[35.0, 78.0, 88.0, 91.5, 92.0, 118.0, 129.0, 133.0]","[0.0, 35.0, 78.0, 88.0, 91.5, 92.0, 118.0, 129.0]","[3.5, 1.5, 2.0, 1.0, 1.0, 1.5, 1.0, 1.0]","[7, 4, 4, 4, 6, 3, 2, 2]","[4, 5, 4, 4, 6, 2, 3, 2]","[2.0, 2.0, 1.0, 1.0, 2.0, 0.5, 0.5, 0.75]","[2.0, 3.0, 1.2, 1.5, 3.0, 0.7, 0.7, 0.75]","[1, 0, 0, 0, 0, 0, 0, 0]",2019-01-29 13:00,30.0,2,1.0,92.0,1.0,3.0,80.0,"[149.3118667919715, 114.6275, 101.0]","[(149.3118667919715, 260.0), (114.6275, 110.0), (101.0, 40.0)]",1.0,1,3,"[26.0, 11.0, 4.0]","[149.3118667919715, 114.6275, 101.0]"
85628,"[10.0, 15.0, 20.0, 0.5, 11.5, 23.0, 7.0, 8.0, 7.0]","[190.0, 290.4375, 152.25, 277.9375, 152.25, 232.12522605741117, 164.8118667919715, 156.1325, 156.1325]",4,11.5,"[23.0, 7.0, 8.0, 7.0]","[10.0, 25.0, 45.0, 45.5, 57.0, 80.0, 87.0, 95.0, 102.0]","[0.0, 10.0, 25.0, 45.0, 45.5, 57.0, 80.0, 87.0, 95.0]","[2.0, 4.0, 1.0, 2.0, 1.0, 3.5, 1.5, 1.0, 1.0]","[9, 7, 9, 7, 9, 3, 3, 3, 3]","[5, 5, 5, 5, 5, 3, 4, 4, 4]","[2.0, 2.0, 2.0, 2.0, 1.5, 0.25, 0.5, 0.25, 0.5]","[3.0, 2.0, 3.0, 2.0, 2.0, 0.5, 0.75, 0.75, 1.0]","[0, 1, 0, 1, 0, 0, 0, 0, 0]",2019-02-10 15:00,27.0,4,1.0,57.0,2.0,2.0,131.83132262060033,"[232.12522605741117, 164.8118667919715, 156.1325, 156.1325]","[(232.12522605741117, 230.0), (164.8118667919715, 70.0), (156.1325, 80.0), (156.1325, 70.0)]",2.0,1,4,"[23.0, 7.0, 8.0, 7.0]","[232.12522605741117, 164.8118667919715, 156.1325, 156.1325]"
85636,"[48.0, 23.0, 15.0, 7.0, 2.0, 36.0, 2.0, 15.0, 12.0, 15.0, 5.0]","[293.5625, 273.0, 293.1875, 227.0, 293.1875, 250.0, 215.51749561875042, 278.73334707923954, 174.55248685625125, 256.98334707923954, 86.0]",5,36.0,"[2.0, 15.0, 12.0, 15.0, 5.0]","[48.0, 71.0, 86.0, 93.0, 95.0, 131.0, 133.0, 148.0, 160.0, 175.0, 180.0]","[0.0, 48.0, 71.0, 86.0, 93.0, 95.0, 131.0, 133.0, 148.0, 160.0, 175.0]","[4.5, 3.5, 4.0, 2.5, 4.0, 3.0, 2.5, 4.0, 2.5, 4.0, 1.0]","[7, 4, 7, 4, 7, 4, 4, 3, 3, 3, 1]","[5, 4, 4, 4, 4, 4, 3, 4, 2, 2, 2]","[2.0, 1.0, 1.0, 1.5, 1.0, 1.0, 0.5, 0.25, 0.25, 0.5, 1.0]","[3.0, 3.0, 3.0, 2.5, 2.0, 2.0, 1.0, 0.75, 0.75, 1.0, 2.0]","[1, 0, 1, 0, 1, 0, 0, 0, 0, 0, 0]",2019-02-12 11:00,37.0,6,3.0,131.0,3.0,2.0,439.4377420686678,"[215.51749561875042, 278.73334707923954, 174.55248685625125, 256.98334707923954, 86.0]","[(215.51749561875042, 20.0), (278.73334707923954, 150.0), (174.55248685625125, 120.0), (256.98334707923954, 150.0), (86.0, 50.0)]",3.0,1,5,"[2.0, 15.0, 12.0, 15.0, 5.0]","[215.51749561875042, 278.73334707923954, 174.55248685625125, 256.98334707923954, 86.0]"
85638,"[5.0, 8.0, 20.0, 2.0, 35.0, 13.0, 7.0, 2.0, 3.0, 9.0, 4.0, 21.0, 3.0]","[173.75, 227.0, 250.0, 292.25, 238.01846237860732, 204.0, 158.0, 158.0, 292.25, 158.0, 292.25, 114.6275, 81.0]",9,9.0,"[4.0, 21.0, 3.0]","[5.0, 13.0, 33.0, 35.0, 70.0, 83.0, 90.0, 92.0, 95.0, 104.0, 108.0, 129.0, 132.0]","[0.0, 5.0, 13.0, 33.0, 35.0, 70.0, 83.0, 90.0, 92.0, 95.0, 104.0, 108.0, 129.0]","[1.5, 2.5, 3.0, 3.5, 3.0, 2.0, 1.0, 1.0, 3.0, 1.0, 3.0, 1.0, 1.0]","[4, 4, 4, 7, 4, 4, 4, 4, 7, 4, 7, 2, 1]","[7, 4, 4, 7, 3, 4, 4, 4, 7, 4, 7, 3, 1]","[1.5, 1.5, 1.0, 1.5, 0.5, 0.5, 0.7, 1.0, 1.0, 0.7, 1.0, 0.5, 1.0]","[1.5, 1.5, 1.5, 1.5, 0.7, 0.7, 0.7, 1.0, 1.5, 1.0, 1.5, 0.7, 1.0]","[0, 0, 0, 1, 0, 0, 0, 0, 1, 0, 1, 0, 0]",2019-02-12 12:00,30.0,2,2.0,104.0,1.0,3.0,80.0,"[292.25, 114.6275, 81.0]","[(292.25, 40.0), (114.6275, 210.0), (81.0, 30.0)]",1.0,1,3,"[4.0, 21.0, 3.0]","[292.25, 114.6275, 81.0]"
85640,"[17.0, 20.0, 1.0, 12.0, 27.0, 20.0, 3.0, 10.0, 8.0, 6.5, 1.5, 1.0, 9.0, 2.0]","[281.0625, 152.25, 277.9375, 154.0, 204.0, 181.0, 158.0, 159.80269941693467, 149.3118667919715, 141.8825, 292.25, 275.9375, 105.75, 90.75]",6,3.0,"[10.0, 8.0, 6.5, 1.5, 1.0, 9.0, 2.0]","[17.0, 37.0, 38.0, 50.0, 77.0, 97.0, 100.0, 110.0, 118.0, 124.5, 126.0, 127.0, 136.0, 138.0]","[0.0, 17.0, 37.0, 38.0, 50.0, 77.0, 97.0, 100.0, 110.0, 118.0, 124.5, 126.0, 127.0, 136.0]","[2.5, 1.0, 2.0, 1.5, 2.0, 1.5, 1.0, 2.0, 1.5, 1.0, 3.5, 2.5, 1.0, 1.0]","[7, 9, 7, 9, 4, 4, 4, 3, 3, 3, 7, 7, 2, 1]","[5, 5, 5, 9, 4, 4, 4, 2, 2, 2, 7, 4, 0, 0]","[2.0, 2.0, 1.0, 1.0, 0.75, 0.5, 0.75, 0.5, 0.5, 0.5, 1.0, 0.5, 0.5, 2.0]","[3.0, 3.0, 2.0, 2.0, 1.5, 0.75, 1.5, 0.75, 0.75, 0.75, 1.5, 0.75, 1.0, 3.0]","[1, 0, 1, 0, 0, 0, 0, 0, 0, 0, 1, 1, 0, 0]",2019-02-12 12:00,35.0,5,2.0,100.0,3.0,2.0,197.7469839309005,"[159.80269941693467, 149.3118667919715, 141.8825, 292.25, 275.9375, 105.75, 90.75]","[(159.80269941693467, 100.0), (149.3118667919715, 80.0), (141.8825, 65.0), (292.25, 15.0), (275.9375, 10.0), (105.75, 90.0), (90.75, 20.0)]",3.0,1,7,"[10.0, 8.0, 6.5, 1.5, 1.0, 9.0, 2.0]","[159.80269941693467, 149.3118667919715, 141.8825, 292.25, 275.9375, 105.75, 90.75]"
85679,"[15.0, 35.0, 3.0, 3.0, 1.0, 2.0, 15.0, 3.0, 2.0, 1.0, 2.5, 0.5, 8.0, 9.0, 10.0, 7.0, 1.0, 7.0]","[190.75, 281.6875, 152.25, 275.9375, 152.25, 277.9375, 152.25, 275.9375, 139.25, 275.9375, 151.75, 270.1875, 158.0, 174.55248685625125, 149.3118667919715, 167.40359922257957, 181.06998247500167, 141.8825]",10,2.5,"[0.5, 8.0, 9.0, 10.0, 7.0, 1.0, 7.0]","[15.0, 50.0, 53.0, 56.0, 57.0, 59.0, 74.0, 77.0, 79.0, 80.0, 82.5, 83.0, 91.0, 100.0, 110.0, 117.0, 118.0, 125.0]","[0.0, 15.0, 50.0, 53.0, 56.0, 57.0, 59.0, 74.0, 77.0, 79.0, 80.0, 82.5, 83.0, 91.0, 100.0, 110.0, 117.0, 118.0]","[1.0, 3.0, 1.0, 2.5, 1.0, 2.0, 1.0, 2.5, 1.0, 2.5, 1.0, 2.0, 1.0, 2.5, 1.5, 2.0, 2.5, 1.0]","[5, 7, 9, 7, 9, 7, 9, 7, 9, 7, 4, 7, 4, 3, 3, 3, 3, 3]","[9, 4, 5, 4, 5, 5, 5, 4, 4, 4, 9, 4, 4, 2, 2, 3, 3, 2]","[3.0, 1.0, 2.0, 2.0, 1.0, 2.0, 2.0, 0.75, 1.0, 1.0, 1.0, 0.75, 0.75, 0.5, 0.5, 0.5, 0.5, 0.25]","[4.0, 2.0, 3.0, 2.5, 1.5, 2.0, 3.0, 1.5, 1.5, 1.5, 2.0, 0.75, 1.0, 0.75, 0.75, 0.5, 0.5, 0.75]","[0, 1, 0, 1, 0, 1, 0, 1, 0, 1, 0, 1, 0, 0, 0, 0, 0, 0]",2019-02-14 11:00,25.0,4,2.0,82.5,3.0,2.0,131.83132262060033,"[270.1875, 158.0, 174.55248685625125, 149.3118667919715, 167.40359922257957, 181.06998247500167, 141.8825]","[(270.1875, 5.0), (158.0, 80.0), (174.55248685625125, 90.0), (149.3118667919715, 100.0), (167.40359922257957, 70.0), (181.06998247500167, 10.0), (141.8825, 70.0)]",3.0,1,7,"[0.5, 8.0, 9.0, 10.0, 7.0, 1.0, 7.0]","[270.1875, 158.0, 174.55248685625125, 149.3118667919715, 167.40359922257957, 181.06998247500167, 141.8825]"
85681,"[28.0, 4.0, 5.0, 3.0, 16.0, 2.0, 24.0, 16.0, 7.0, 5.0, 5.799999999999997, 0.20000000000000284]","[278.25, 293.1875, 218.75, 293.1875, 250.0, 293.1875, 250.0, 232.12522605741117, 167.40359922257957, 394.2882093093874, 141.8825, 176.55269941693467]",6,24.0,"[16.0, 7.0, 5.0, 5.799999999999997, 0.20000000000000284]","[28.0, 32.0, 37.0, 40.0, 56.0, 58.0, 82.0, 98.0, 105.0, 110.0, 115.8, 116.0]","[0.0, 28.0, 32.0, 37.0, 40.0, 56.0, 58.0, 82.0, 98.0, 105.0, 110.0, 115.8]","[3.5, 4.0, 2.5, 4.0, 3.0, 4.0, 3.0, 3.5, 2.0, 5.0, 1.0, 2.0]","[7, 7, 7, 7, 4, 7, 4, 3, 3, 3, 3, 3]","[4, 4, 4, 4, 4, 4, 4, 3, 3, 3, 2, 4]","[1.5, 1.5, 1.5, 1.0, 2.0, 1.0, 1.3, 0.3, 0.5, 0.2, 0.6, 0.2]","[1.5, 1.5, 1.5, 1.0, 2.0, 1.0, 2.0, 0.3, 0.5, 0.2, 0.6, 0.2]","[0, 1, 0, 1, 0, 1, 0, 0, 0, 0, 0, 0]",2019-02-14 11:00,30.0,4,2.0,82.0,3.0,2.0,131.83132262060033,"[232.12522605741117, 167.40359922257957, 394.2882093093874, 141.8825, 176.55269941693467]","[(232.12522605741117, 160.0), (167.40359922257957, 70.0), (394.2882093093874, 50.0), (141.8825, 57.99999999999997), (176.55269941693467, 2.0000000000000284)]",3.0,1,5,"[16.0, 7.0, 5.0, 5.799999999999997, 0.20000000000000284]","[232.12522605741117, 167.40359922257957, 394.2882093093874, 141.8825, 176.55269941693467]"
85689,"[15.0, 42.0, 3.0, 2.0, 8.0, 24.0, 20.0, 3.0, 10.5, 0.5, 9.0, 21.5, 0.5, 5.0, 8.0, 4.0]","[190.0, 283.9375, 227.0, 293.1875, 203.75, 241.75, 296.0, 227.0, 242.34391954305838, 150.25, 242.34391954305838, 250.0, 293.1875, 129.10395559732385, 159.80269941693467, 141.8825]",9,0.5,"[9.0, 21.5, 0.5, 5.0, 8.0, 4.0]","[15.0, 57.0, 60.0, 62.0, 70.0, 94.0, 114.0, 117.0, 127.5, 128.0, 137.0, 158.5, 159.0, 164.0, 172.0, 176.0]","[0.0, 15.0, 57.0, 60.0, 62.0, 70.0, 94.0, 114.0, 117.0, 127.5, 128.0, 137.0, 158.5, 159.0, 164.0, 172.0]","[2.0, 4.0, 2.5, 4.0, 2.5, 3.0, 4.0, 2.5, 3.5, 1.5, 3.5, 3.0, 4.0, 1.5, 2.0, 1.0]","[9, 7, 4, 7, 9, 4, 4, 4, 3, 6, 3, 4, 7, 2, 3, 3]","[5, 9, 4, 4, 4, 9, 4, 4, 4, 4, 4, 4, 4, 3, 2, 2]","[2.0, 2.0, 2.0, 1.0, 1.5, 1.5, 1.0, 1.0, 0.5, 1.0, 0.3, 0.5, 0.5, 1.0, 0.5, 0.5]","[4.0, 3.0, 2.0, 1.5, 2.0, 2.0, 1.0, 1.5, 0.5, 2.0, 0.5, 0.5, 1.0, 1.0, 1.0, 1.0]","[0, 1, 0, 1, 0, 0, 0, 0, 0, 0, 0, 0, 1, 0, 0, 0]",2019-02-14 11:00,25.0,5,2.0,128.0,3.0,2.0,197.7469839309005,"[242.34391954305838, 250.0, 293.1875, 129.10395559732385, 159.80269941693467, 141.8825]","[(242.34391954305838, 90.0), (250.0, 215.0), (293.1875, 5.0), (129.10395559732385, 50.0), (159.80269941693467, 80.0), (141.8825, 40.0)]",3.0,1,6,"[9.0, 21.5, 0.5, 5.0, 8.0, 4.0]","[242.34391954305838, 250.0, 293.1875, 129.10395559732385, 159.80269941693467, 141.8825]"
85784,"[38.0, 2.0, 1.0, 19.0, 19.0, 2.0, 2.0, 10.0, 1.7000000000000028, 0.29999999999999716]","[232.125, 211.75, 284.1875, 212.125, 204.0, 153.5, 227.0, 171.0, 238.01846237860732, 140.0]",5,2.0,"[2.0, 10.0, 1.7000000000000028, 0.29999999999999716]","[38.0, 40.0, 41.0, 60.0, 79.0, 81.0, 83.0, 93.0, 94.7, 95.0]","[0.0, 38.0, 40.0, 41.0, 60.0, 79.0, 81.0, 83.0, 93.0, 94.7]","[2.5, 2.0, 3.0, 1.5, 2.0, 1.0, 2.5, 1.0, 3.0, 1.0]","[4, 4, 7, 5, 4, 4, 4, 4, 4, 6]","[5, 5, 5, 4, 4, 6, 4, 5, 3, 6]","[1.0, 1.0, 1.5, 2.0, 1.0, 1.5, 1.0, 1.5, 0.25, 1.0]","[2.5, 3.0, 3.0, 4.0, 3.0, 2.5, 1.0, 3.0, 1.0, 3.0]","[0, 0, 1, 0, 0, 0, 0, 0, 0, 0]",2019-02-21 11:00,36.0,4,2.0,81.0,3.0,2.0,131.83132262060033,"[227.0, 171.0, 238.01846237860732, 140.0]","[(227.0, 20.0), (171.0, 100.0), (238.01846237860732, 17.00000000000003), (140.0, 2.9999999999999716)]",3.0,1,4,"[2.0, 10.0, 1.7000000000000028, 0.29999999999999716]","[227.0, 171.0, 238.01846237860732, 140.0]"
8649,"[24.0, 1.0, 7.0, 1.0, 4.0, 15.0, 10.0, 2.0]","[265.5, 232.125, 210.0, 295.0625, 151.75, 196.75, 242.34391954305838, 86.0]",2,7.0,"[1.0, 4.0, 15.0, 10.0, 2.0]","[24.0, 25.0, 32.0, 33.0, 37.0, 52.0, 62.0, 64.0]","[0.0, 24.0, 25.0, 32.0, 33.0, 37.0, 52.0, 62.0]","[4.0, 2.5, 1.0, 4.0, 1.0, 2.0, 3.5, 1.0]","[9, 4, 5, 4, 4, 4, 3, 1]","[5, 5, 5, 7, 9, 9, 4, 2]","[2.0, 2.0, 3.0, 1.0, 1.0, 0.75, 0.5, 1.0]","[4.0, 3.0, 4.0, 2.0, 2.0, 1.5, 0.75, 2.0]","[0, 0, 0, 1, 0, 0, 0, 0]",2003-12-30 11:00,34.0,5,2.0,32.0,3.0,3.0,197.7469839309005,"[295.0625, 151.75, 196.75, 242.34391954305838, 86.0]","[(295.0625, 10.0), (151.75, 40.0), (196.75, 150.0), (242.34391954305838, 100.0), (86.0, 20.0)]",3.0,1,5,"[1.0, 4.0, 15.0, 10.0, 2.0]","[295.0625, 151.75, 196.75, 242.34391954305838, 86.0]"
8650,"[5.0, 8.0, 7.0, 3.0, 9.5, 0.5, 4.5, 0.5, 7.0, 0.7000000000000028, 0.29999999999999716, 16.0, 2.0]","[205.375, 208.875, 190.75, 190.0, 152.25, 273.4375, 151.75, 292.25, 158.0, 171.0, 243.3125, 141.8825, 86.0]",4,9.5,"[0.5, 4.5, 0.5, 7.0, 0.7000000000000028, 0.29999999999999716, 16.0, 2.0]","[5.0, 13.0, 20.0, 23.0, 32.5, 33.0, 37.5, 38.0, 45.0, 45.7, 46.0, 62.0, 64.0]","[0.0, 5.0, 13.0, 20.0, 23.0, 32.5, 33.0, 37.5, 38.0, 45.0, 45.7, 46.0, 62.0]","[1.5, 2.5, 1.0, 2.0, 1.0, 3.0, 1.0, 2.0, 1.0, 1.0, 2.5, 1.0, 1.0]","[5, 9, 5, 9, 9, 7, 4, 7, 4, 4, 4, 3, 1]","[9, 5, 9, 5, 5, 9, 9, 7, 4, 5, 7, 2, 2]","[3.0, 2.0, 2.0, 2.0, 1.5, 1.0, 1.0, 1.0, 1.0, 2.0, 1.0, 0.25, 1.0]","[4.0, 4.0, 4.0, 3.0, 3.0, 1.5, 2.0, 1.0, 2.0, 3.0, 1.5, 0.75, 2.0]","[0, 0, 0, 0, 0, 1, 0, 1, 0, 0, 1, 0, 0]",2003-12-30 12:00,33.0,5,3.0,32.5,3.0,3.0,197.7469839309005,"[273.4375, 151.75, 292.25, 158.0, 171.0, 243.3125, 141.8825, 86.0]","[(273.4375, 5.0), (151.75, 45.0), (292.25, 5.0), (158.0, 70.0), (171.0, 7.000000000000028), (243.3125, 2.9999999999999716), (141.8825, 160.0), (86.0, 20.0)]",3.0,1,8,"[0.5, 4.5, 0.5, 7.0, 0.7000000000000028, 0.29999999999999716, 16.0, 2.0]","[273.4375, 151.75, 292.25, 158.0, 171.0, 243.3125, 141.8825, 86.0]"
8651,"[27.0, 3.0, 6.5, 0.5, 21.5, 0.5, 16.0, 5.0, 21.0, 2.0]","[152.25, 196.0, 152.25, 260.5625, 133.0, 243.3125, 155.51, 232.12522605741117, 114.6275, 86.0]",6,16.0,"[5.0, 21.0, 2.0]","[27.0, 30.0, 36.5, 37.0, 58.5, 59.0, 75.0, 80.0, 101.0, 103.0]","[0.0, 27.0, 30.0, 36.5, 37.0, 58.5, 59.0, 75.0, 80.0, 101.0]","[1.0, 2.5, 1.0, 3.0, 1.0, 2.5, 1.0, 3.5, 1.0, 1.0]","[9, 9, 9, 4, 9, 4, 3, 3, 2, 1]","[5, 9, 5, 7, 9, 7, 3, 3, 3, 2]","[2.0, 0.5, 1.5, 1.0, 1.0, 0.5, 0.5, 0.25, 0.5, 1.0]","[4.0, 1.0, 3.0, 2.0, 2.0, 1.0, 0.5, 0.5, 1.0, 2.0]","[0, 0, 0, 1, 0, 1, 0, 0, 0, 0]",2003-12-30 13:00,38.0,3,2.0,75.0,2.0,3.0,100.9123351677189,"[232.12522605741117, 114.6275, 86.0]","[(232.12522605741117, 50.0), (114.6275, 210.0), (86.0, 20.0)]",2.0,1,3,"[5.0, 21.0, 2.0]","[232.12522605741117, 114.6275, 86.0]"
8652,"[10.0, 9.0, 13.0, 6.0, 1.8999999999999986, 0.10000000000000142, 7.0, 3.0, 6.0, 3.0, 3.0]","[263.875, 210.0, 295.0625, 210.0, 151.75, 192.6243667919715, 141.8825, 149.3118667919715, 114.6275, 167.40359922257957, 81.0]",3,6.0,"[1.8999999999999986, 0.10000000000000142, 7.0, 3.0, 6.0, 3.0, 3.0]","[10.0, 19.0, 32.0, 38.0, 39.9, 40.0, 47.0, 50.0, 56.0, 59.0, 62.0]","[0.0, 10.0, 19.0, 32.0, 38.0, 39.9, 40.0, 47.0, 50.0, 56.0, 59.0]","[3.5, 1.0, 4.0, 1.0, 1.0, 1.5, 1.0, 1.5, 1.0, 2.0, 1.0]","[5, 5, 4, 5, 4, 3, 3, 3, 2, 3, 1]","[9, 5, 7, 5, 9, 7, 2, 2, 3, 3, 1]","[1.5, 3.0, 1.0, 2.0, 0.5, 0.5, 0.5, 0.5, 0.5, 0.25, 2.0]","[3.0, 5.0, 2.0, 4.0, 1.0, 0.5, 0.75, 0.5, 0.75, 0.5, 2.0]","[1, 0, 1, 0, 0, 1, 0, 0, 0, 0, 0]",2004-01-11 12:00,29.0,2,1.0,38.0,1.0,3.0,80.0,"[151.75, 192.6243667919715, 141.8825, 149.3118667919715, 114.6275, 167.40359922257957, 81.0]","[(151.75, 18.999999999999986), (192.6243667919715, 1.0000000000000142), (141.8825, 70.0), (149.3118667919715, 30.0), (114.6275, 60.0), (167.40359922257957, 30.0), (81.0, 30.0)]",1.0,1,7,"[1.8999999999999986, 0.10000000000000142, 7.0, 3.0, 6.0, 3.0, 3.0]","[151.75, 192.6243667919715, 141.8825, 149.3118667919715, 114.6275, 167.40359922257957, 81.0]"
8662,"[5.0, 6.0, 13.0, 4.0, 28.0, 21.0, 22.0, 4.0, 5.0, 2.0, 12.0, 23.0, 17.0, 24.0, 2.5999999999999943, 0.20000000000001705, 1.1999999999999886, 3.0]","[154.0, 260.5625, 133.0, 226.0625, 133.0, 196.0, 241.75, 260.5625, 154.0, 226.0625, 205.80538713582197, 158.0618667919715, 164.80269941693467, 141.8825, 115.25, 159.41582238929536, 140.0, 146.6325]",8,5.0,"[2.0, 12.0, 23.0, 17.0, 24.0, 2.5999999999999943, 0.20000000000001705, 1.1999999999999886, 3.0]","[5.0, 11.0, 24.0, 28.0, 56.0, 77.0, 99.0, 103.0, 108.0, 110.0, 122.0, 145.0, 162.0, 186.0, 188.6, 188.8, 190.0, 193.0]","[0.0, 5.0, 11.0, 24.0, 28.0, 56.0, 77.0, 99.0, 103.0, 108.0, 110.0, 122.0, 145.0, 162.0, 186.0, 188.6, 188.8, 190.0]","[1.5, 3.0, 1.0, 2.0, 1.0, 2.5, 3.0, 3.0, 1.5, 2.0, 3.0, 1.5, 2.0, 1.0, 1.0, 1.5, 1.0, 1.0]","[9, 4, 9, 4, 9, 9, 4, 4, 9, 4, 3, 3, 3, 3, 2, 3, 6, 3]","[9, 7, 9, 7, 9, 9, 9, 7, 9, 7, 9, 9, 0, 2, 4, 3, 6, 0]","[1.5, 1.5, 2.0, 1.5, 1.0, 0.5, 0.5, 1.0, 0.5, 1.0, 0.5, 0.5, 0.5, 0.5, 0.5, 0.5, 2.0, 0.5]","[2.0, 2.5, 3.0, 2.0, 2.0, 1.0, 0.75, 1.5, 1.0, 2.0, 0.75, 1.0, 1.0, 0.75, 1.0, 0.5, 3.0, 1.0]","[0, 1, 0, 1, 0, 0, 0, 1, 0, 1, 0, 0, 0, 0, 0, 0, 0, 0]",2004-02-20 11:00,38.0,6,3.0,108.0,3.0,1.0,439.4377420686678,"[226.0625, 205.80538713582197, 158.0618667919715, 164.80269941693467, 141.8825, 115.25, 159.41582238929536, 140.0, 146.6325]","[(226.0625, 20.0), (205.80538713582197, 120.0), (158.0618667919715, 230.0), (164.80269941693467, 170.0), (141.8825, 240.0), (115.25, 25.999999999999943), (159.41582238929536, 2.0000000000001705), (140.0, 11.999999999999886), (146.6325, 30.0)]",3.0,1,9,"[2.0, 12.0, 23.0, 17.0, 24.0, 2.5999999999999943, 0.20000000000001705, 1.1999999999999886, 3.0]","[226.0625, 205.80538713582197, 158.0618667919715, 164.80269941693467, 141.8825, 115.25, 159.41582238929536, 140.0, 146.6325]"
8729,"[12.0, 11.5, 1.5, 7.0, 22.0, 22.799999999999997, 0.20000000000000284, 7.0, 1.0]","[293.25, 210.0, 296.0, 158.0, 202.0738495144293, 176.55269941693467, 292.25, 101.0, 149.3118667919715]",3,7.0,"[22.0, 22.799999999999997, 0.20000000000000284, 7.0, 1.0]","[12.0, 23.5, 25.0, 32.0, 54.0, 76.8, 77.0, 84.0, 85.0]","[0.0, 12.0, 23.5, 25.0, 32.0, 54.0, 76.8, 77.0, 84.0]","[4.0, 1.0, 4.0, 1.0, 3.0, 2.0, 2.0, 1.0, 1.5]","[4, 5, 4, 4, 3, 3, 7, 2, 3]","[5, 5, 4, 4, 3, 4, 7, 2, 2]","[2.0, 2.0, 1.0, 1.0, 0.5, 0.5, 0.5, 0.5, 0.25]","[2.0, 3.0, 1.5, 1.5, 0.5, 0.5, 0.5, 1.0, 0.75]","[1, 0, 1, 0, 0, 0, 1, 0, 0]",2004-12-01 10:00,39.0,3,1.0,32.0,1.0,1.0,100.9123351677189,"[202.0738495144293, 176.55269941693467, 292.25, 101.0, 149.3118667919715]","[(202.0738495144293, 220.0), (176.55269941693467, 227.99999999999997), (292.25, 2.0000000000000284), (101.0, 70.0), (149.3118667919715, 10.0)]",1.0,1,5,"[22.0, 22.799999999999997, 0.20000000000000284, 7.0, 1.0]","[202.0738495144293, 176.55269941693467, 292.25, 101.0, 149.3118667919715]"
8773,"[17.0, 1.0, 6.0, 13.0, 6.0, 4.5, 0.5]","[171.0, 204.0, 181.0, 278.73334707923954, 156.1325, 181.06998247500167, 146.6325]",0,17.0,"[1.0, 6.0, 13.0, 6.0, 4.5, 0.5]","[17.0, 18.0, 24.0, 37.0, 43.0, 47.5, 48.0]","[0.0, 17.0, 18.0, 24.0, 37.0, 43.0, 47.5]","[1.0, 2.0, 1.5, 4.0, 1.0, 2.5, 1.0]","[4, 4, 4, 3, 3, 3, 3]","[5, 4, 4, 4, 4, 3, 0]","[1.0, 0.5, 0.75, 0.5, 0.5, 0.25, 0.25]","[2.0, 1.0, 1.0, 0.75, 0.5, 0.5, 1.0]","[0, 0, 0, 0, 0, 0, 0]",2004-12-03 08:00,42.0,1,1.0,17.0,1.0,1.0,0.0,"[204.0, 181.0, 278.73334707923954, 156.1325, 181.06998247500167, 146.6325]","[(204.0, 10.0), (181.0, 60.0), (278.73334707923954, 130.0), (156.1325, 60.0), (181.06998247500167, 45.0), (146.6325, 5.0)]",1.0,1,6,"[1.0, 6.0, 13.0, 6.0, 4.5, 0.5]","[204.0, 181.0, 278.73334707923954, 156.1325, 181.06998247500167, 146.6325]"
8774,"[13.5, 1.0999999999999996, 0.40000000000000036, 27.0, 8.0, 5.0, 1.0, 1.0, 10.0, 3.9000000000000057, 0.09999999999999432]","[171.0, 204.0, 174.25, 214.05538713582197, 176.55269941693467, 158.0, 176.55269941693467, 249.5, 164.8118667919715, 181.06998247500167, 135.0]",0,13.5,"[1.0999999999999996, 0.40000000000000036, 27.0, 8.0, 5.0, 1.0, 1.0, 10.0, 3.9000000000000057, 0.09999999999999432]","[13.5, 14.6, 15.0, 42.0, 50.0, 55.0, 56.0, 57.0, 67.0, 70.9, 71.0]","[0.0, 13.5, 14.6, 15.0, 42.0, 50.0, 55.0, 56.0, 57.0, 67.0, 70.9]","[1.0, 2.0, 1.5, 3.0, 2.0, 1.0, 2.0, 3.0, 1.5, 2.5, 1.0]","[4, 4, 4, 3, 3, 4, 3, 4, 3, 3, 6]","[5, 4, 9, 4, 4, 4, 4, 7, 4, 3, 7]","[1.0, 0.75, 1.0, 0.5, 0.5, 0.5, 0.5, 0.75, 0.5, 0.5, 1.0]","[2.0, 1.25, 2.0, 0.75, 0.75, 1.0, 0.75, 0.75, 0.75, 0.5, 2.0]","[0, 0, 0, 0, 0, 0, 0, 0, 0, 0, 0]",2004-12-07 12:00,35.0,1,1.0,13.5,1.0,1.0,0.0,"[204.0, 174.25, 214.05538713582197, 176.55269941693467, 158.0, 176.55269941693467, 249.5, 164.8118667919715, 181.06998247500167, 135.0]","[(204.0, 10.999999999999996), (174.25, 4.0000000000000036), (214.05538713582197, 270.0), (176.55269941693467, 80.0), (158.0, 50.0), (176.55269941693467, 10.0), (249.5, 10.0), (164.8118667919715, 100.0), (181.06998247500167, 39.00000000000006), (135.0, 0.9999999999999432)]",1.0,1,10,"[1.0999999999999996, 0.40000000000000036, 27.0, 8.0, 5.0, 1.0, 1.0, 10.0, 3.9000000000000057, 0.09999999999999432]","[204.0, 174.25, 214.05538713582197, 176.55269941693467, 158.0, 176.55269941693467, 249.5, 164.8118667919715, 181.06998247500167, 135.0]"
9392,"[25.0, 20.0, 14.0, 5.0, 1.0, 6.0, 2.0, 1.0, 7.700000000000003, 0.29999999999999716, 26.0, 2.0, 15.0]","[217.0, 293.1875, 151.75, 292.25, 151.0, 158.0, 275.9375, 158.0, 158.0, 292.25, 181.0, 281.6875, 141.8825]",10,26.0,"[2.0, 15.0]","[25.0, 45.0, 59.0, 64.0, 65.0, 71.0, 73.0, 74.0, 81.7, 82.0, 108.0, 110.0, 125.0]","[0.0, 25.0, 45.0, 59.0, 64.0, 65.0, 71.0, 73.0, 74.0, 81.7, 82.0, 108.0, 110.0]","[3.0, 4.0, 1.0, 3.5, 2.0, 1.0, 2.5, 1.0, 1.0, 2.0, 1.5, 3.0, 1.0]","[9, 7, 4, 7, 6, 4, 7, 4, 4, 7, 4, 7, 3]","[9, 4, 9, 7, 7, 4, 4, 4, 4, 7, 4, 4, 2]","[0.5, 1.0, 0.75, 0.5, 2.0, 0.5, 1.0, 1.0, 0.75, 1.0, 0.57, 0.51, 0.25]","[1.0, 2.0, 1.5, 0.5, 4.0, 1.0, 1.0, 1.0, 1.0, 1.0, 5.0, 0.51, 0.75]","[0, 1, 0, 1, 0, 0, 1, 0, 0, 1, 0, 1, 0]",2003-01-07 12:00,40.0,4,2.0,108.0,3.0,2.0,131.83132262060033,"[281.6875, 141.8825]","[(281.6875, 20.0), (141.8825, 150.0)]",3.0,1,2,"[2.0, 15.0]","[281.6875, 141.8825]"
9393,"[99.0, 1.0, 32.0, 8.0, 13.0, 11.0, 1.0, 10.0]","[232.12522605741117, 140.0, 202.0738495144293, 232.12522605741117, 164.8118667919715, 158.0, 194.8508998056449, 141.8825]",1,1.0,"[32.0, 8.0, 13.0, 11.0, 1.0, 10.0]","[99.0, 100.0, 132.0, 140.0, 153.0, 164.0, 165.0, 175.0]","[0.0, 99.0, 100.0, 132.0, 140.0, 153.0, 164.0, 165.0]","[3.5, 1.0, 3.0, 3.5, 1.5, 1.0, 2.0, 1.0]","[3, 6, 3, 3, 3, 4, 4, 3]","[3, 6, 3, 3, 4, 4, 3, 2]","[0.25, 1.0, 0.25, 0.25, 0.25, 0.5, 0.5, 0.25]","[0.5, 4.0, 0.75, 0.5, 0.75, 1.0, 0.75, 0.5]","[0, 0, 0, 0, 0, 0, 1, 0]",2003-01-07 14:00,30.0,3,1.0,100.0,1.0,3.0,100.9123351677189,"[202.0738495144293, 232.12522605741117, 164.8118667919715, 158.0, 194.8508998056449, 141.8825]","[(202.0738495144293, 320.0), (232.12522605741117, 80.0), (164.8118667919715, 130.0), (158.0, 110.0), (194.8508998056449, 10.0), (141.8825, 100.0)]",1.0,1,6,"[32.0, 8.0, 13.0, 11.0, 1.0, 10.0]","[202.0738495144293, 232.12522605741117, 164.8118667919715, 158.0, 194.8508998056449, 141.8825]"
9394,"[62.0, 3.0, 20.0, 21.0, 18.0, 0.7999999999999972, 0.20000000000000284, 19.0, 1.0, 17.0]","[326.42346393368337, 217.0, 242.34391954305838, 192.55248685625125, 232.12522605741117, 140.0, 171.55269941693467, 164.8118667919715, 167.40359922257957, 159.41582238929536]",4,18.0,"[0.7999999999999972, 0.20000000000000284, 19.0, 1.0, 17.0]","[62.0, 65.0, 85.0, 106.0, 124.0, 124.8, 125.0, 144.0, 145.0, 162.0]","[0.0, 62.0, 65.0, 85.0, 106.0, 124.0, 124.8, 125.0, 144.0, 145.0]","[4.5, 3.0, 3.5, 2.5, 3.5, 1.0, 2.0, 1.5, 2.0, 1.5]","[3, 9, 3, 3, 3, 6, 3, 3, 3, 3]","[3, 9, 4, 4, 3, 6, 7, 4, 3, 3]","[0.25, 0.75, 0.5, 0.5, 0.5, 6.0, 0.5, 0.5, 0.5, 0.25]","[0.5, 1.0, 0.75, 1.0, 0.5, 8.0, 0.5, 0.75, 0.5, 0.5]","[0, 0, 0, 0, 0, 0, 0, 0, 0, 0]",2003-01-07 14:00,36.0,2,1.0,124.0,1.0,3.0,80.0,"[140.0, 171.55269941693467, 164.8118667919715, 167.40359922257957, 159.41582238929536]","[(140.0, 7.999999999999972), (171.55269941693467, 2.0000000000000284), (164.8118667919715, 190.0), (167.40359922257957, 10.0), (159.41582238929536, 170.0)]",1.0,1,5,"[0.7999999999999972, 0.20000000000000284, 19.0, 1.0, 17.0]","[140.0, 171.55269941693467, 164.8118667919715, 167.40359922257957, 159.41582238929536]"
9422,"[22.0, 2.0, 10.5, 0.5, 14.0, 1.0, 3.0, 2.0, 11.0, 5.0, 8.0, 13.0, 9.0, 3.0]","[190.75, 270.1875, 190.75, 264.4375, 151.75, 243.3125, 152.25, 292.25, 210.0, 167.40359922257957, 101.0, 101.0, 174.55248685625125, 115.25]",8,11.0,"[5.0, 8.0, 13.0, 9.0, 3.0]","[22.0, 24.0, 34.5, 35.0, 49.0, 50.0, 53.0, 55.0, 66.0, 71.0, 79.0, 92.0, 101.0, 104.0]","[0.0, 22.0, 24.0, 34.5, 35.0, 49.0, 50.0, 53.0, 55.0, 66.0, 71.0, 79.0, 92.0, 101.0]","[1.0, 2.0, 1.0, 1.5, 1.0, 2.5, 1.0, 4.0, 1.0, 2.0, 1.0, 1.0, 2.5, 1.0]","[5, 7, 5, 7, 4, 4, 9, 7, 5, 3, 2, 2, 3, 0]","[9, 4, 9, 4, 9, 7, 5, 7, 5, 3, 2, 2, 2, 2]","[2.0, 2.0, 2.0, 1.0, 1.0, 1.0, 1.0, 1.0, 2.0, 0.25, 1.0, 0.75, 0.25, 0.5]","[4.0, 3.0, 3.0, 2.0, 1.0, 2.0, 2.5, 2.0, 3.0, 0.5, 2.0, 1.5, 0.75, 1.0]","[0, 1, 0, 1, 0, 1, 1, 1, 0, 0, 0, 0, 0, 0]",2004-01-14 12:00,34.0,3,2.0,66.0,2.0,3.3,100.9123351677189,"[167.40359922257957, 101.0, 101.0, 174.55248685625125, 115.25]","[(167.40359922257957, 50.0), (101.0, 80.0), (101.0, 130.0), (174.55248685625125, 90.0), (115.25, 30.0)]",2.0,1,5,"[5.0, 8.0, 13.0, 9.0, 3.0]","[167.40359922257957, 101.0, 101.0, 174.55248685625125, 115.25]"
9423,"[17.0, 2.0, 7.0, 4.0, 9.0, 1.0, 10.5, 0.5, 4.0, 7.0, 13.0, 24.5, 0.5, 11.0, 1.0, 6.0]","[190.75, 260.5625, 190.75, 243.3125, 190.75, 226.0625, 152.25, 226.0625, 175.0, 181.06998247500167, 155.51, 159.41582238929536, 292.25, 129.10395559732385, 292.25, 105.75]",6,10.5,"[0.5, 4.0, 7.0, 13.0, 24.5, 0.5, 11.0, 1.0, 6.0]","[17.0, 19.0, 26.0, 30.0, 39.0, 40.0, 50.5, 51.0, 55.0, 62.0, 75.0, 99.5, 100.0, 111.0, 112.0, 118.0]","[0.0, 17.0, 19.0, 26.0, 30.0, 39.0, 40.0, 50.5, 51.0, 55.0, 62.0, 75.0, 99.5, 100.0, 111.0, 112.0]","[1.0, 3.0, 1.0, 2.5, 1.0, 2.0, 1.0, 2.0, 2.0, 2.5, 1.0, 1.5, 2.5, 1.5, 2.5, 1.0]","[5, 4, 5, 4, 5, 4, 9, 4, 9, 3, 3, 3, 7, 2, 7, 2]","[9, 7, 9, 7, 9, 7, 5, 7, 9, 3, 3, 3, 7, 3, 7, 0]","[2.0, 2.0, 1.5, 1.0, 2.0, 1.0, 2.0, 0.5, 0.5, 0.25, 0.5, 0.25, 0.5, 0.5, 0.5, 1.0]","[4.0, 3.0, 3.0, 3.0, 3.0, 2.0, 3.0, 1.0, 1.0, 0.5, 0.5, 0.5, 1.0, 1.0, 0.75, 1.0]","[0, 1, 0, 1, 0, 1, 0, 1, 0, 0, 0, 0, 1, 0, 1, 0]",2004-01-14 15:00,30.0,4,1.0,50.5,2.0,3.3,131.83132262060033,"[226.0625, 175.0, 181.06998247500167, 155.51, 159.41582238929536, 292.25, 129.10395559732385, 292.25, 105.75]","[(226.0625, 5.0), (175.0, 40.0), (181.06998247500167, 70.0), (155.51, 130.0), (159.41582238929536, 245.0), (292.25, 5.0), (129.10395559732385, 110.0), (292.25, 10.0), (105.75, 60.0)]",2.0,1,9,"[0.5, 4.0, 7.0, 13.0, 24.5, 0.5, 11.0, 1.0, 6.0]","[226.0625, 175.0, 181.06998247500167, 155.51, 159.41582238929536, 292.25, 129.10395559732385, 292.25, 105.75]"
9431,"[22.0, 2.0, 36.0, 10.0, 13.5, 0.5, 4.5, 1.5, 29.0, 20.69999999999999, 0.30000000000001137]","[152.25, 281.6875, 175.0, 242.34391954305838, 133.0, 292.25, 133.0, 292.25, 149.3118667919715, 114.6275, 167.40359922257957]",6,4.5,"[1.5, 29.0, 20.69999999999999, 0.30000000000001137]","[22.0, 24.0, 60.0, 70.0, 83.5, 84.0, 88.5, 90.0, 119.0, 139.7, 140.0]","[0.0, 22.0, 24.0, 60.0, 70.0, 83.5, 84.0, 88.5, 90.0, 119.0, 139.7]","[1.0, 3.0, 2.0, 3.5, 1.0, 3.0, 1.0, 3.5, 1.5, 1.0, 2.0]","[9, 7, 9, 3, 9, 7, 9, 7, 3, 2, 3]","[5, 4, 9, 4, 9, 7, 9, 7, 2, 3, 3]","[1.5, 1.0, 0.5, 0.5, 1.0, 0.5, 0.75, 0.5, 0.25, 0.5, 0.25]","[2.5, 1.5, 1.0, 0.75, 1.5, 0.75, 1.25, 1.0, 0.75, 1.0, 0.5]","[0, 1, 0, 0, 0, 1, 0, 1, 0, 0, 0]",2003-12-02 12:00,41.0,3,1.0,88.5,1.0,3.0,100.9123351677189,"[292.25, 149.3118667919715, 114.6275, 167.40359922257957]","[(292.25, 15.0), (149.3118667919715, 290.0), (114.6275, 206.9999999999999), (167.40359922257957, 3.0000000000001137)]",1.0,1,4,"[1.5, 29.0, 20.69999999999999, 0.30000000000001137]","[292.25, 149.3118667919715, 114.6275, 167.40359922257957]"
9448,"[4.0, 7.0, 22.0, 8.5, 1.5, 7.299999999999997, 0.5, 0.20000000000000284]","[223.875, 171.0, 192.55248685625125, 158.0, 242.34391954305838, 158.0, 192.55248685625125, 163.75]",1,7.0,"[22.0, 8.5, 1.5, 7.299999999999997, 0.5, 0.20000000000000284]","[4.0, 11.0, 33.0, 41.5, 43.0, 50.3, 50.8, 51.0]","[0.0, 4.0, 11.0, 33.0, 41.5, 43.0, 50.3, 50.8]","[2.5, 1.0, 2.5, 1.0, 3.5, 1.0, 2.5, 2.0]","[7, 4, 3, 4, 3, 4, 3, 6]","[5, 5, 4, 4, 4, 4, 4, 5]","[2.0, 2.0, 0.5, 0.5, 0.5, 0.5, 0.5, 2.0]","[3.0, 3.0, 0.75, 1.0, 0.75, 0.5, 0.5, 3.0]","[0, 0, 0, 0, 0, 0, 0, 0]",2004-12-14 11:00,35.0,4,1.0,11.0,2.0,1.0,131.83132262060033,"[192.55248685625125, 158.0, 242.34391954305838, 158.0, 192.55248685625125, 163.75]","[(192.55248685625125, 220.0), (158.0, 85.0), (242.34391954305838, 15.0), (158.0, 72.99999999999997), (192.55248685625125, 5.0), (163.75, 2.0000000000000284)]",2.0,1,6,"[22.0, 8.5, 1.5, 7.299999999999997, 0.5, 0.20000000000000284]","[192.55248685625125, 158.0, 242.34391954305838, 158.0, 192.55248685625125, 163.75]"
9449,"[2.0, 7.0, 14.8, 0.1999999999999993, 9.700000000000003, 0.29999999999999716, 26.0, 10.799999999999997, 0.20000000000000284, 1.7000000000000028, 0.29999999999999716, 5.5, 1.5, 1.7000000000000028, 0.20000000000000284, 0.09999999999999432]","[224.25, 298.9375, 171.0, 293.1875, 171.0, 292.25, 215.51749561875042, 158.0, 264.45499561875044, 158.0, 261.0383998056449, 158.0, 215.51749561875042, 158.0, 176.55269941693467, 163.75]",4,9.700000000000003,"[0.29999999999999716, 26.0, 10.799999999999997, 0.20000000000000284, 1.7000000000000028, 0.29999999999999716, 5.5, 1.5, 1.7000000000000028, 0.20000000000000284, 0.09999999999999432]","[2.0, 9.0, 23.8, 24.0, 33.7, 34.0, 60.0, 70.8, 71.0, 72.7, 73.0, 78.5, 80.0, 81.7, 81.9, 82.0]","[0.0, 2.0, 9.0, 23.8, 24.0, 33.7, 34.0, 60.0, 70.8, 71.0, 72.7, 73.0, 78.5, 80.0, 81.7, 81.9]","[2.5, 4.5, 1.0, 4.0, 1.0, 3.0, 2.5, 1.0, 2.5, 1.0, 2.0, 1.0, 2.5, 1.0, 2.0, 2.0]","[4, 7, 4, 7, 4, 7, 4, 4, 7, 4, 7, 4, 4, 4, 3, 6]","[7, 4, 5, 4, 5, 7, 3, 4, 3, 4, 3, 4, 3, 4, 4, 5]","[2.0, 2.0, 2.0, 1.0, 1.0, 0.5, 0.5, 0.5, 0.75, 0.75, 0.5, 0.5, 0.5, 0.5, 0.5, 1.5]","[4.0, 4.0, 4.0, 1.0, 2.0, 1.0, 0.75, 1.0, 1.0, 1.0, 0.5, 1.0, 0.75, 1.0, 1.0, 2.5]","[0, 1, 0, 1, 0, 1, 0, 0, 1, 0, 1, 0, 0, 0, 0, 0]",2004-12-14 13:00,35.0,5,1.0,33.7,2.0,1.0,197.7469839309005,"[292.25, 215.51749561875042, 158.0, 264.45499561875044, 158.0, 261.0383998056449, 158.0, 215.51749561875042, 158.0, 176.55269941693467, 163.75]","[(292.25, 2.9999999999999716), (215.51749561875042, 260.0), (158.0, 107.99999999999997), (264.45499561875044, 2.0000000000000284), (158.0, 17.00000000000003), (261.0383998056449, 2.9999999999999716), (158.0, 55.0), (215.51749561875042, 15.0), (158.0, 17.00000000000003), (176.55269941693467, 2.0000000000000284), (163.75, 0.9999999999999432)]",2.0,1,11,"[0.29999999999999716, 26.0, 10.799999999999997, 0.20000000000000284, 1.7000000000000028, 0.29999999999999716, 5.5, 1.5, 1.7000000000000028, 0.20000000000000284, 0.09999999999999432]","[292.25, 215.51749561875042, 158.0, 264.45499561875044, 158.0, 261.0383998056449, 158.0, 215.51749561875042, 158.0, 176.55269941693467, 163.75]"
9450,"[12.0, 20.0, 7.700000000000003, 0.29999999999999716, 8.0, 6.0, 1.0]","[190.75, 192.55248685625125, 181.0, 270.1875, 175.60395559732385, 194.8508998056449, 224.25]",2,7.700000000000003,"[0.29999999999999716, 8.0, 6.0, 1.0]","[12.0, 32.0, 39.7, 40.0, 48.0, 54.0, 55.0]","[0.0, 12.0, 32.0, 39.7, 40.0, 48.0, 54.0]","[1.0, 2.5, 1.5, 2.0, 1.5, 2.0, 2.5]","[5, 3, 4, 7, 4, 4, 4]","[9, 4, 4, 4, 3, 3, 7]","[0.75, 0.5, 0.5, 0.5, 0.5, 0.5, 0.75]","[1.25, 0.75, 1.0, 0.75, 1.0, 0.75, 1.0]","[0, 0, 0, 1, 0, 0, 0]",2004-12-14 15:00,35.0,6,3.0,39.7,3.0,1.0,439.4377420686678,"[270.1875, 175.60395559732385, 194.8508998056449, 224.25]","[(270.1875, 2.9999999999999716), (175.60395559732385, 80.0), (194.8508998056449, 60.0), (224.25, 10.0)]",3.0,1,4,"[0.29999999999999716, 8.0, 6.0, 1.0]","[270.1875, 175.60395559732385, 194.8508998056449, 224.25]"
9470,"[7.0, 5.0, 20.0, 15.0, 1.0, 8.0, 0.20000000000000284, 0.7999999999999972, 7.0, 16.0, 9.700000000000003, 0.29999999999999716, 3.0, 1.0, 3.299999999999997, 0.20000000000000284, 0.5]","[304.6875, 211.75, 300.0, 191.375, 293.1875, 151.75, 292.25, 181.0, 242.34391954305838, 194.8508998056449, 157.3775, 292.25, 156.1325, 202.0738495144293, 156.1325, 208.86498685625125, 140.0]",5,8.0,"[0.20000000000000284, 0.7999999999999972, 7.0, 16.0, 9.700000000000003, 0.29999999999999716, 3.0, 1.0, 3.299999999999997, 0.20000000000000284, 0.5]","[7.0, 12.0, 32.0, 47.0, 48.0, 56.0, 56.2, 57.0, 64.0, 80.0, 89.7, 90.0, 93.0, 94.0, 97.3, 97.5, 98.0]","[0.0, 7.0, 12.0, 32.0, 47.0, 48.0, 56.0, 56.2, 57.0, 64.0, 80.0, 89.7, 90.0, 93.0, 94.0, 97.3, 97.5]","[5.0, 2.0, 4.0, 1.5, 4.0, 1.0, 2.5, 1.5, 3.5, 2.0, 1.0, 3.0, 1.0, 3.0, 1.0, 2.5, 1.0]","[7, 4, 4, 4, 7, 4, 7, 4, 3, 4, 4, 7, 3, 3, 3, 3, 6]","[4, 5, 7, 5, 4, 9, 7, 4, 4, 3, 3, 7, 4, 3, 4, 7, 6]","[1.0, 1.0, 1.5, 1.0, 1.0, 1.0, 0.5, 0.75, 0.5, 0.5, 0.5, 0.5, 0.5, 0.25, 0.5, 0.5, 3.0]","[2.0, 2.0, 2.5, 2.5, 1.5, 1.5, 0.75, 1.0, 0.5, 0.75, 0.75, 0.5, 1.0, 0.5, 0.75, 0.5, 4.0]","[1, 0, 0, 0, 1, 0, 1, 0, 0, 0, 0, 1, 0, 0, 0, 1, 0]",2004-12-09 11:00,32.0,5,2.0,56.0,3.0,1.0,197.7469839309005,"[292.25, 181.0, 242.34391954305838, 194.8508998056449, 157.3775, 292.25, 156.1325, 202.0738495144293, 156.1325, 208.86498685625125, 140.0]","[(292.25, 2.0000000000000284), (181.0, 7.999999999999972), (242.34391954305838, 70.0), (194.8508998056449, 160.0), (157.3775, 97.00000000000003), (292.25, 2.9999999999999716), (156.1325, 30.0), (202.0738495144293, 10.0), (156.1325, 32.99999999999997), (208.86498685625125, 2.0000000000000284), (140.0, 5.0)]",3.0,1,11,"[0.20000000000000284, 0.7999999999999972, 7.0, 16.0, 9.700000000000003, 0.29999999999999716, 3.0, 1.0, 3.299999999999997, 0.20000000000000284, 0.5]","[292.25, 181.0, 242.34391954305838, 194.8508998056449, 157.3775, 292.25, 156.1325, 202.0738495144293, 156.1325, 208.86498685625125, 140.0]"
9471,"[12.0, 9.0, 15.0, 14.0, 17.700000000000003, 0.29999999999999716]","[171.0, 272.9777961056527, 214.05538713582197, 176.55269941693467, 157.3775, 275.9375]",0,12.0,"[9.0, 15.0, 14.0, 17.700000000000003, 0.29999999999999716]","[12.0, 21.0, 36.0, 50.0, 67.7, 68.0]","[0.0, 12.0, 21.0, 36.0, 50.0, 67.7]","[1.0, 4.0, 3.0, 2.0, 1.0, 2.5]","[4, 3, 3, 3, 4, 7]","[5, 3, 4, 4, 3, 4]","[1.0, 0.5, 0.5, 0.5, 0.5, 0.75]","[2.0, 0.5, 0.5, 0.75, 1.0, 1.0]","[0, 0, 0, 0, 0, 1]",2004-12-09 13:00,34.0,6,3.0,12.0,3.0,1.0,439.4377420686678,"[272.9777961056527, 214.05538713582197, 176.55269941693467, 157.3775, 275.9375]","[(272.9777961056527, 90.0), (214.05538713582197, 150.0), (176.55269941693467, 140.0), (157.3775, 177.00000000000003), (275.9375, 2.9999999999999716)]",3.0,1,5,"[9.0, 15.0, 14.0, 17.700000000000003, 0.29999999999999716]","[272.9777961056527, 214.05538713582197, 176.55269941693467, 157.3775, 275.9375]"
9479,"[34.0, 1.0, 20.0, 10.0, 45.0, 9.0, 3.0]","[190.75, 191.5625, 151.75, 151.75, 155.51, 86.0, 105.75]",3,10.0,"[45.0, 9.0, 3.0]","[34.0, 35.0, 55.0, 65.0, 110.0, 119.0, 122.0]","[0.0, 34.0, 35.0, 55.0, 65.0, 110.0, 119.0]","[1.0, 1.0, 1.0, 1.0, 1.0, 1.0, 1.0]","[5, 4, 4, 4, 3, 1, 2]","[9, 7, 9, 9, 3, 2, 7]","[1.5, 1.0, 0.75, 0.5, 0.5, 0.75, 1.0]","[2.5, 1.5, 1.5, 0.75, 0.5, 1.5, 1.0]","[0, 1, 0, 0, 0, 0, 0]",2004-01-13 15:00,40.0,3,1.0,65.0,1.0,3.0,100.9123351677189,"[155.51, 86.0, 105.75]","[(155.51, 450.0), (86.0, 90.0), (105.75, 30.0)]",1.0,1,3,"[45.0, 9.0, 3.0]","[155.51, 86.0, 105.75]"
9526,"[10.0, 27.0, 7.0, 7.0, 5.5, 1.0, 1.0, 0.5, 11.0, 5.0, 0.9000000000000057, 0.09999999999999432]","[235.0, 219.25, 158.0, 151.75, 219.25, 151.75, 160.75, 134.75, 158.0, 158.0, 215.51749561875042, 140.0]",3,7.0,"[5.5, 1.0, 1.0, 0.5, 11.0, 5.0, 0.9000000000000057, 0.09999999999999432]","[10.0, 37.0, 44.0, 51.0, 56.5, 57.5, 58.5, 59.0, 70.0, 75.0, 75.9, 76.0]","[0.0, 10.0, 37.0, 44.0, 51.0, 56.5, 57.5, 58.5, 59.0, 70.0, 75.0, 75.9]","[2.0, 2.5, 1.0, 1.0, 2.5, 1.0, 1.5, 1.0, 1.0, 1.0, 2.5, 1.5]","[5, 4, 4, 4, 4, 4, 9, 9, 4, 4, 4, 6]","[5, 9, 4, 9, 9, 9, 4, 6, 4, 4, 3, 6]","[2.0, 0.75, 0.5, 0.75, 0.5, 1.5, 1.0, 1.0, 0.75, 0.75, 0.5, 1.0]","[3.0, 1.5, 0.75, 1.5, 1.0, 2.0, 1.5, 2.0, 1.0, 1.5, 0.75, 1.0]","[1, 0, 0, 0, 0, 0, 0, 0, 0, 0, 0, 0]",2006-12-02 11:00,30.0,7,3.0,51.0,3.0,1.0,878.8754841373355,"[219.25, 151.75, 160.75, 134.75, 158.0, 158.0, 215.51749561875042, 140.0]","[(219.25, 55.0), (151.75, 10.0), (160.75, 10.0), (134.75, 5.0), (158.0, 110.0), (158.0, 50.0), (215.51749561875042, 9.000000000000057), (140.0, 0.9999999999999432)]",3.0,1,8,"[5.5, 1.0, 1.0, 0.5, 11.0, 5.0, 0.9000000000000057, 0.09999999999999432]","[219.25, 151.75, 160.75, 134.75, 158.0, 158.0, 215.51749561875042, 140.0]"
9526,"[10.0, 27.0, 7.0, 7.0, 5.5, 1.0, 1.0, 0.5, 11.0, 5.0, 0.9000000000000057, 0.09999999999999432]","[235.0, 219.25, 158.0, 151.75, 219.25, 151.75, 160.75, 134.75, 158.0, 158.0, 215.51749561875042, 140.0]",3,7.0,"[5.5, 1.0, 1.0, 0.5, 11.0, 5.0, 0.9000000000000057, 0.09999999999999432]","[10.0, 37.0, 44.0, 51.0, 56.5, 57.5, 58.5, 59.0, 70.0, 75.0, 75.9, 76.0]","[0.0, 10.0, 37.0, 44.0, 51.0, 56.5, 57.5, 58.5, 59.0, 70.0, 75.0, 75.9]","[2.0, 2.5, 1.0, 1.0, 2.5, 1.0, 1.5, 1.0, 1.0, 1.0, 2.5, 1.5]","[5, 4, 4, 4, 4, 4, 9, 9, 4, 4, 4, 6]","[5, 9, 4, 9, 9, 9, 4, 6, 4, 4, 3, 6]","[2.0, 0.75, 0.5, 0.75, 0.5, 1.5, 1.0, 1.0, 0.75, 0.75, 0.5, 1.0]","[3.0, 1.5, 0.75, 1.5, 1.0, 2.0, 1.5, 2.0, 1.0, 1.5, 0.75, 1.0]","[1, 0, 0, 0, 0, 0, 0, 0, 0, 0, 0, 0]",2006-12-02 11:00,30.0,7,3.0,51.0,3.0,1.0,878.8754841373355,"[219.25, 151.75, 160.75, 134.75, 158.0, 158.0, 215.51749561875042, 140.0]","[(219.25, 55.0), (151.75, 10.0), (160.75, 10.0), (134.75, 5.0), (158.0, 110.0), (158.0, 50.0), (215.51749561875042, 9.000000000000057), (140.0, 0.9999999999999432)]",3.0,1,8,"[5.5, 1.0, 1.0, 0.5, 11.0, 5.0, 0.9000000000000057, 0.09999999999999432]","[219.25, 151.75, 160.75, 134.75, 158.0, 158.0, 215.51749561875042, 140.0]"
9526,"[10.0, 27.0, 7.0, 7.0, 5.5, 1.0, 1.0, 0.5, 11.0, 5.0, 0.9000000000000057, 0.09999999999999432]","[235.0, 219.25, 158.0, 151.75, 219.25, 151.75, 160.75, 134.75, 158.0, 158.0, 215.51749561875042, 140.0]",3,7.0,"[5.5, 1.0, 1.0, 0.5, 11.0, 5.0, 0.9000000000000057, 0.09999999999999432]","[10.0, 37.0, 44.0, 51.0, 56.5, 57.5, 58.5, 59.0, 70.0, 75.0, 75.9, 76.0]","[0.0, 10.0, 37.0, 44.0, 51.0, 56.5, 57.5, 58.5, 59.0, 70.0, 75.0, 75.9]","[2.0, 2.5, 1.0, 1.0, 2.5, 1.0, 1.5, 1.0, 1.0, 1.0, 2.5, 1.5]","[5, 4, 4, 4, 4, 4, 9, 9, 4, 4, 4, 6]","[5, 9, 4, 9, 9, 9, 4, 6, 4, 4, 3, 6]","[2.0, 0.75, 0.5, 0.75, 0.5, 1.5, 1.0, 1.0, 0.75, 0.75, 0.5, 1.0]","[3.0, 1.5, 0.75, 1.5, 1.0, 2.0, 1.5, 2.0, 1.0, 1.5, 0.75, 1.0]","[1, 0, 0, 0, 0, 0, 0, 0, 0, 0, 0, 0]",2006-12-02 11:00,30.0,7,3.0,51.0,3.0,1.0,878.8754841373355,"[219.25, 151.75, 160.75, 134.75, 158.0, 158.0, 215.51749561875042, 140.0]","[(219.25, 55.0), (151.75, 10.0), (160.75, 10.0), (134.75, 5.0), (158.0, 110.0), (158.0, 50.0), (215.51749561875042, 9.000000000000057), (140.0, 0.9999999999999432)]",3.0,1,8,"[5.5, 1.0, 1.0, 0.5, 11.0, 5.0, 0.9000000000000057, 0.09999999999999432]","[219.25, 151.75, 160.75, 134.75, 158.0, 158.0, 215.51749561875042, 140.0]"
9526,"[10.0, 27.0, 7.0, 7.0, 5.5, 1.0, 1.0, 0.5, 11.0, 5.0, 0.9000000000000057, 0.09999999999999432]","[235.0, 219.25, 158.0, 151.75, 219.25, 151.75, 160.75, 134.75, 158.0, 158.0, 215.51749561875042, 140.0]",3,7.0,"[5.5, 1.0, 1.0, 0.5, 11.0, 5.0, 0.9000000000000057, 0.09999999999999432]","[10.0, 37.0, 44.0, 51.0, 56.5, 57.5, 58.5, 59.0, 70.0, 75.0, 75.9, 76.0]","[0.0, 10.0, 37.0, 44.0, 51.0, 56.5, 57.5, 58.5, 59.0, 70.0, 75.0, 75.9]","[2.0, 2.5, 1.0, 1.0, 2.5, 1.0, 1.5, 1.0, 1.0, 1.0, 2.5, 1.5]","[5, 4, 4, 4, 4, 4, 9, 9, 4, 4, 4, 6]","[5, 9, 4, 9, 9, 9, 4, 6, 4, 4, 3, 6]","[2.0, 0.75, 0.5, 0.75, 0.5, 1.5, 1.0, 1.0, 0.75, 0.75, 0.5, 1.0]","[3.0, 1.5, 0.75, 1.5, 1.0, 2.0, 1.5, 2.0, 1.0, 1.5, 0.75, 1.0]","[1, 0, 0, 0, 0, 0, 0, 0, 0, 0, 0, 0]",2006-12-02 11:00,30.0,7,3.0,51.0,3.0,1.0,878.8754841373355,"[219.25, 151.75, 160.75, 134.75, 158.0, 158.0, 215.51749561875042, 140.0]","[(219.25, 55.0), (151.75, 10.0), (160.75, 10.0), (134.75, 5.0), (158.0, 110.0), (158.0, 50.0), (215.51749561875042, 9.000000000000057), (140.0, 0.9999999999999432)]",3.0,1,8,"[5.5, 1.0, 1.0, 0.5, 11.0, 5.0, 0.9000000000000057, 0.09999999999999432]","[219.25, 151.75, 160.75, 134.75, 158.0, 158.0, 215.51749561875042, 140.0]"
9541,"[5.0, 11.0, 17.0, 1.0, 1.0, 16.0, 11.0, 2.0, 4.0]","[210.0, 196.75, 151.75, 151.75, 218.75, 133.0, 214.05538713582197, 274.75, 105.75]",3,1.0,"[1.0, 16.0, 11.0, 2.0, 4.0]","[5.0, 16.0, 33.0, 34.0, 35.0, 51.0, 62.0, 64.0, 68.0]","[0.0, 5.0, 16.0, 33.0, 34.0, 35.0, 51.0, 62.0, 64.0]","[1.0, 2.0, 1.0, 1.0, 2.5, 1.0, 3.0, 3.5, 1.0]","[5, 4, 4, 4, 7, 9, 3, 4, 2]","[5, 9, 9, 9, 4, 9, 4, 7, 0]","[2.0, 0.75, 0.75, 1.0, 0.5, 0.75, 0.5, 0.75, 0.5]","[3.0, 1.0, 1.25, 2.0, 1.0, 1.25, 0.75, 1.5, 1.0]","[0, 0, 0, 0, 0, 0, 0, 0, 0]",2006-12-05 11:00,36.0,4,1.0,34.0,2.0,1.0,131.83132262060033,"[218.75, 133.0, 214.05538713582197, 274.75, 105.75]","[(218.75, 10.0), (133.0, 160.0), (214.05538713582197, 110.0), (274.75, 20.0), (105.75, 40.0)]",2.0,1,5,"[1.0, 16.0, 11.0, 2.0, 4.0]","[218.75, 133.0, 214.05538713582197, 274.75, 105.75]"
9569,"[19.0, 35.0, 26.0, 11.0, 8.0, 3.0, 0.5, 1.5, 1.0, 15.0, 18.0, 7.0, 11.0]","[217.0, 217.0, 202.0738495144293, 214.05538713582197, 192.55248685625125, 174.25, 196.75, 243.3125, 151.75, 141.8825, 114.6275, 96.0, 96.0]",7,1.5,"[1.0, 15.0, 18.0, 7.0, 11.0]","[19.0, 54.0, 80.0, 91.0, 99.0, 102.0, 102.5, 104.0, 105.0, 120.0, 138.0, 145.0, 156.0]","[0.0, 19.0, 54.0, 80.0, 91.0, 99.0, 102.0, 102.5, 104.0, 105.0, 120.0, 138.0, 145.0]","[3.0, 3.0, 3.0, 3.0, 2.5, 1.5, 2.0, 2.5, 1.0, 1.0, 1.0, 1.0, 1.0]","[9, 9, 3, 3, 3, 4, 4, 4, 4, 3, 2, 2, 2]","[9, 9, 3, 4, 4, 9, 9, 7, 9, 2, 3, 1, 1]","[0.5, 0.5, 0.5, 0.5, 0.75, 0.75, 0.75, 1.0, 1.0, 0.5, 0.5, 0.75, 1.0]","[1.0, 1.0, 0.5, 0.75, 0.75, 1.25, 1.25, 1.5, 2.0, 1.0, 1.0, 1.5, 2.0]","[0, 0, 0, 0, 0, 0, 0, 1, 0, 0, 0, 0, 0]",2006-12-12 12:00,40.0,2,1.0,104.0,1.0,3.0,80.0,"[151.75, 141.8825, 114.6275, 96.0, 96.0]","[(151.75, 10.0), (141.8825, 150.0), (114.6275, 180.0), (96.0, 70.0), (96.0, 110.0)]",1.0,1,5,"[1.0, 15.0, 18.0, 7.0, 11.0]","[151.75, 141.8825, 114.6275, 96.0, 96.0]"
9581,"[22.5, 2.5, 20.0, 1.0, 16.0, 1.0, 2.0, 1.0, 19.0, 2.0, 1.0, 19.0, 25.0, 4.0]","[205.80538713582197, 293.1875, 192.55248685625125, 292.25, 205.80538713582197, 148.5, 281.6875, 174.25, 169.30269941693467, 149.3118667919715, 181.06998247500167, 149.3118667919715, 141.8825, 115.25]",6,2.0,"[1.0, 19.0, 2.0, 1.0, 19.0, 25.0, 4.0]","[22.5, 25.0, 45.0, 46.0, 62.0, 63.0, 65.0, 66.0, 85.0, 87.0, 88.0, 107.0, 132.0, 136.0]","[0.0, 22.5, 25.0, 45.0, 46.0, 62.0, 63.0, 65.0, 66.0, 85.0, 87.0, 88.0, 107.0, 132.0]","[3.0, 4.0, 2.5, 3.5, 3.0, 1.0, 3.0, 1.5, 2.0, 1.5, 2.5, 1.5, 1.0, 1.0]","[3, 7, 3, 7, 3, 4, 7, 4, 3, 3, 3, 3, 3, 2]","[9, 4, 4, 7, 9, 7, 4, 9, 9, 2, 3, 2, 2, 4]","[0.5, 1.0, 0.5, 1.0, 0.5, 1.0, 1.0, 0.75, 0.5, 0.5, 0.25, 0.5, 0.5, 0.75]","[1.0, 1.5, 0.75, 1.0, 1.0, 1.5, 1.5, 1.0, 1.0, 1.0, 0.5, 1.0, 1.0, 2.0]","[0, 1, 0, 1, 0, 0, 1, 0, 0, 0, 0, 0, 0, 0]",2006-12-14 11:00,38.0,5,1.0,65.0,2.0,2.0,197.7469839309005,"[174.25, 169.30269941693467, 149.3118667919715, 181.06998247500167, 149.3118667919715, 141.8825, 115.25]","[(174.25, 10.0), (169.30269941693467, 190.0), (149.3118667919715, 20.0), (181.06998247500167, 10.0), (149.3118667919715, 190.0), (141.8825, 250.0), (115.25, 40.0)]",2.0,1,7,"[1.0, 19.0, 2.0, 1.0, 19.0, 25.0, 4.0]","[174.25, 169.30269941693467, 149.3118667919715, 181.06998247500167, 149.3118667919715, 141.8825, 115.25]"
9582,"[8.0, 23.0, 9.0, 1.0, 3.0, 7.0, 8.0, 2.0, 19.0, 10.0, 3.0]","[151.75, 196.75, 224.75, 151.75, 287.4375, 151.75, 155.51, 167.40359922257957, 141.8825, 115.25, 115.25]",4,3.0,"[7.0, 8.0, 2.0, 19.0, 10.0, 3.0]","[8.0, 31.0, 40.0, 41.0, 44.0, 51.0, 59.0, 61.0, 80.0, 90.0, 93.0]","[0.0, 8.0, 31.0, 40.0, 41.0, 44.0, 51.0, 59.0, 61.0, 80.0, 90.0]","[1.0, 2.0, 3.0, 1.0, 3.5, 1.0, 1.0, 2.0, 1.0, 1.0, 1.0]","[4, 4, 9, 4, 7, 4, 3, 3, 3, 2, 2]","[9, 9, 7, 9, 4, 9, 3, 3, 2, 4, 4]","[1.0, 0.75, 0.75, 1.0, 1.0, 0.75, 0.5, 0.5, 0.5, 0.75, 0.75]","[2.0, 1.0, 1.0, 2.0, 1.5, 1.5, 0.5, 0.5, 1.0, 1.25, 1.5]","[0, 0, 0, 0, 1, 0, 0, 0, 0, 0, 0]",2006-12-14 13:00,34.0,5,2.0,44.0,3.0,2.0,197.7469839309005,"[151.75, 155.51, 167.40359922257957, 141.8825, 115.25, 115.25]","[(151.75, 70.0), (155.51, 80.0), (167.40359922257957, 20.0), (141.8825, 190.0), (115.25, 100.0), (115.25, 30.0)]",3.0,1,6,"[7.0, 8.0, 2.0, 19.0, 10.0, 3.0]","[151.75, 155.51, 167.40359922257957, 141.8825, 115.25, 115.25]"
9848,"[5.0, 10.0, 4.0, 20.0, 1.0, 7.0, 7.0, 9.0, 2.0, 8.5, 0.5, 6.0, 1.0, 1.0, 15.0]","[223.875, 152.25, 281.6875, 171.0, 171.0, 232.12522605741117, 214.05538713582197, 151.75, 287.4375, 176.55269941693467, 292.25, 192.55248685625125, 159.25, 292.25, 115.25]",4,1.0,"[7.0, 7.0, 9.0, 2.0, 8.5, 0.5, 6.0, 1.0, 1.0, 15.0]","[5.0, 15.0, 19.0, 39.0, 40.0, 47.0, 54.0, 63.0, 65.0, 73.5, 74.0, 80.0, 81.0, 82.0, 97.0]","[0.0, 5.0, 15.0, 19.0, 39.0, 40.0, 47.0, 54.0, 63.0, 65.0, 73.5, 74.0, 80.0, 81.0, 82.0]","[2.5, 1.0, 3.0, 1.0, 1.0, 3.5, 3.0, 1.0, 3.5, 2.0, 3.0, 2.5, 1.5, 3.5, 1.0]","[7, 9, 7, 4, 4, 3, 3, 4, 7, 3, 7, 3, 7, 7, 2]","[5, 5, 4, 5, 5, 3, 4, 9, 4, 4, 7, 4, 4, 7, 4]","[1.5, 2.0, 1.0, 1.0, 1.0, 0.5, 0.5, 0.75, 0.5, 0.5, 0.5, 0.5, 0.5, 0.5, 0.5]","[3.0, 3.0, 2.0, 1.5, 2.0, 0.5, 0.75, 1.5, 1.5, 0.75, 0.5, 0.75, 1.0, 1.0, 1.0]","[0, 0, 1, 0, 0, 0, 0, 0, 1, 0, 1, 0, 0, 1, 0]",2007-01-25 10:00,19.0,5,1.0,40.0,2.0,2.0,197.7469839309005,"[232.12522605741117, 214.05538713582197, 151.75, 287.4375, 176.55269941693467, 292.25, 192.55248685625125, 159.25, 292.25, 115.25]","[(232.12522605741117, 70.0), (214.05538713582197, 70.0), (151.75, 90.0), (287.4375, 20.0), (176.55269941693467, 85.0), (292.25, 5.0), (192.55248685625125, 60.0), (159.25, 10.0), (292.25, 10.0), (115.25, 150.0)]",2.0,1,10,"[7.0, 7.0, 9.0, 2.0, 8.5, 0.5, 6.0, 1.0, 1.0, 15.0]","[232.12522605741117, 214.05538713582197, 151.75, 287.4375, 176.55269941693467, 292.25, 192.55248685625125, 159.25, 292.25, 115.25]"
10020,"[10.0, 40.0, 36.0, 2.0, 4.0, 3.0, 25.0, 15.0, 5.0, 15.0, 38.0, 12.0]","[187.5, 148.5, 214.05538713582197, 292.25, 440.0, 292.25, 202.0738495144293, 167.40359922257957, 292.25, 202.0738495144293, 167.40359922257957, 101.0]",8,5.0,"[15.0, 38.0, 12.0]","[10.0, 50.0, 86.0, 88.0, 92.0, 95.0, 120.0, 135.0, 140.0, 155.0, 193.0, 205.0]","[0.0, 10.0, 50.0, 86.0, 88.0, 92.0, 95.0, 120.0, 135.0, 140.0, 155.0, 193.0]","[1.0, 1.0, 3.0, 3.5, 6.0, 4.0, 3.0, 2.0, 4.0, 3.0, 2.0, 1.0]","[5, 4, 3, 7, 8, 7, 3, 3, 7, 3, 3, 2]","[7, 7, 4, 7, 8, 7, 3, 3, 7, 3, 3, 2]","[2.0, 1.5, 1.0, 3.0, nan, 3.0, 0.5, 0.5, 2.0, 0.5, 0.5, 1.0]","[3.0, 2.0, 1.0, 4.0, nan, 4.0, 0.5, 0.75, 3.0, 0.5, 0.5, 1.0]","[0, 0, 0, 1, 0, 1, 0, 0, 1, 0, 0, 0]",2007-02-16 09:15,38.0,3,1.0,140.0,1.0,3.0,100.9123351677189,"[202.0738495144293, 167.40359922257957, 101.0]","[(202.0738495144293, 150.0), (167.40359922257957, 380.0), (101.0, 120.0)]",1.0,2,3,"[15.0, 38.0, 12.0]","[202.0738495144293, 167.40359922257957, 101.0]"
14290,"[42.0, 2.5, 0.5, 10.0, 6.0, 2.0, 12.0]","[292.25, 158.0, 292.25, 144.6008998056449, 122.0, 81.0, 117.0]",5,2.0,[12.0],"[42.0, 44.5, 45.0, 55.0, 61.0, 63.0, 75.0]","[0.0, 42.0, 44.5, 45.0, 55.0, 61.0, 63.0]","[5.0, 1.0, 4.5, 2.0, 2.0, 1.0, 2.0]","[7, 4, 7, 2, 1, 1, 1]","[7, 4, 7, 3, 2, 1, 1]","[1.0, 1.0, 1.0, 0.5, 1.0, 1.0, 1.0]","[3.0, 1.0, 1.0, 1.0, 1.0, 2.0, 1.0]","[1, 0, 1, 0, 0, 0, 0]",2007-12-04 14:45,28.0,2,1.0,63.0,1.0,3.0,80.0,[117.0],"[(117.0, 120.0)]",1.0,2,1,[12.0],[117.0]
14670,"[8.0, 31.0, 3.0, 2.0, 17.0, 14.0, 15.0]","[175.0, 292.25, 158.0, 305.1875, 96.0, 194.80538713582197, 232.12522605741117]",4,17.0,"[14.0, 15.0]","[8.0, 39.0, 42.0, 44.0, 61.0, 75.0, 90.0]","[0.0, 8.0, 39.0, 42.0, 44.0, 61.0, 75.0]","[2.0, 3.5, 1.0, 4.5, 1.0, 3.0, 3.5]","[9, 7, 4, 7, 2, 3, 3]","[9, 7, 4, 8, 1, 2, 3]","[0.5, 0.5, 0.5, 0.5, 0.25, 0.25, 0.25]","[1.5, 1.5, 2.0, 1.5, 1.0, 0.5, 0.25]","[0, 1, 0, 1, 0, 0, 0]",2007-12-13 14:00,32.0,3,1.0,61.0,1.0,3.0,100.9123351677189,"[194.80538713582197, 232.12522605741117]","[(194.80538713582197, 140.0), (232.12522605741117, 150.0)]",1.0,2,2,"[14.0, 15.0]","[194.80538713582197, 232.12522605741117]"
15110,"[5.0, 9.0, 24.0, 22.0, 18.0, 2.0]","[292.25, 151.75, 201.2813065143528, 180.26846237860732, 144.6008998056449, 101.0]",3,22.0,"[18.0, 2.0]","[5.0, 14.0, 38.0, 60.0, 78.0, 80.0]","[0.0, 5.0, 14.0, 38.0, 60.0, 78.0]","[4.5, 1.0, 3.5, 3.0, 2.0, 1.0]","[7, 4, 2, 2, 2, 2]","[7, 9, 3, 3, 3, 2]","[1.5, 2.0, 0.5, 0.75, 0.75, 1.0]","[2.0, 2.0, 0.5, 0.75, 1.0, 1.0]","[1, 0, 0, 0, 0, 0]",2007-12-14 11:00,33.0,2,2.0,65.0,1.0,3.0,80.0,"[144.6008998056449, 101.0]","[(144.6008998056449, 180.0), (101.0, 20.0)]",1.0,2,2,"[18.0, 2.0]","[144.6008998056449, 101.0]"
15731,"[30.0, 8.0, 7.0, 25.0, 17.0, 3.0, 8.0, 6.0]","[278.73334707923954, 250.0, 204.0, 272.9777961056527, 202.0738495144293, 157.3775, 167.40359922257957, 158.0]",-1,,"[30.0, 8.0, 7.0, 25.0, 17.0, 3.0, 8.0, 6.0]","[30.0, 38.0, 45.0, 70.0, 87.0, 90.0, 98.0, 104.0]","[0.0, 30.0, 38.0, 45.0, 70.0, 87.0, 90.0, 98.0]","[4.0, 3.0, 2.0, 4.0, 3.0, 1.0, 2.0, 1.0]","[3, 4, 4, 3, 3, 4, 3, 4]","[4, 4, 4, 3, 3, 3, 3, 4]","[0.5, 0.5, 1.0, 0.25, 0.5, 0.5, 0.25, 0.5]","[0.75, 1.0, 1.0, 0.5, 0.5, 1.0, 0.5, 1.0]","[0, 0, 0, 0, 0, 0, 0, 0]",2007-12-20 10:00,38.0,7,0.0,104.0,3.0,1.0,878.8754841373355,"[278.73334707923954, 250.0, 204.0, 272.9777961056527, 202.0738495144293, 157.3775, 167.40359922257957, 158.0]","[(278.73334707923954, 300.0), (250.0, 80.0), (204.0, 70.0), (272.9777961056527, 250.0), (202.0738495144293, 170.0), (157.3775, 30.0), (167.40359922257957, 80.0), (158.0, 60.0)]",3.0,2,8,"[30.0, 8.0, 7.0, 25.0, 17.0, 3.0, 8.0, 6.0]","[278.73334707923954, 250.0, 204.0, 272.9777961056527, 202.0738495144293, 157.3775, 167.40359922257957, 158.0]"
16070,"[33.0, 17.0, 14.0, 23.0, 7.0, 0.7999999999999972, 0.20000000000000284]","[181.0, 250.0, 204.0, 181.0, 215.51749561875042, 262.78130651435276, 140.0]",0,33.0,"[17.0, 14.0, 23.0, 7.0, 0.7999999999999972, 0.20000000000000284]","[33.0, 50.0, 64.0, 87.0, 94.0, 94.8, 95.0]","[0.0, 33.0, 50.0, 64.0, 87.0, 94.0, 94.8]","[1.5, 3.0, 2.0, 1.5, 2.5, 3.5, 1.0]","[4, 4, 4, 4, 4, 4, 6]","[4, 4, 4, 4, 3, 3, 6]","[1.0, 1.0, 1.0, 0.5, 0.25, 0.5, 1.0]","[3.0, 2.0, 2.0, 1.5, 1.0, 1.0, 2.0]","[0, 0, 0, 0, 0, 0, 0]",2007-12-27 10:10,35.0,6,3.0,33.0,3.0,1.0,439.4377420686678,"[250.0, 204.0, 181.0, 215.51749561875042, 262.78130651435276, 140.0]","[(250.0, 170.0), (204.0, 140.0), (181.0, 230.0), (215.51749561875042, 70.0), (262.78130651435276, 7.999999999999972), (140.0, 2.0000000000000284)]",3.0,2,6,"[17.0, 14.0, 23.0, 7.0, 0.7999999999999972, 0.20000000000000284]","[250.0, 204.0, 181.0, 215.51749561875042, 262.78130651435276, 140.0]"
16130,"[75.0, 35.0, 5.0, 10.0, 25.0]","[292.25, 202.0738495144293, 292.25, 144.6008998056449, 114.6275]",-1,,"[75.0, 35.0, 5.0, 10.0, 25.0]","[75.0, 110.0, 115.0, 125.0, 150.0]","[0.0, 75.0, 110.0, 115.0, 125.0]","[4.0, 3.0, 2.5, 2.0, 1.0]","[7, 3, 7, 2, 2]","[7, 3, 7, 3, 3]","[1.0, 0.5, 1.0, 0.5, 0.5]","[1.5, 0.5, 1.5, 0.5, 1.0]","[1, 0, 1, 0, 0]",2007-12-27 13:30,34.0,7,0.0,150.0,3.0,1.0,878.8754841373355,"[292.25, 202.0738495144293, 292.25, 144.6008998056449, 114.6275]","[(292.25, 750.0), (202.0738495144293, 350.0), (292.25, 50.0), (144.6008998056449, 100.0), (114.6275, 250.0)]",3.0,2,5,"[75.0, 35.0, 5.0, 10.0, 25.0]","[292.25, 202.0738495144293, 292.25, 144.6008998056449, 114.6275]"
16331,"[7.0, 6.0, 10.0, 4.0, 2.0, 7.0, 1.0, 6.0, 10.0, 21.0, 3.5, 0.5]","[204.0, 250.0, 250.0, 204.0, 250.0, 204.0, 296.0, 204.0, 204.0, 204.0, 296.0, 140.0]",-1,,"[7.0, 6.0, 10.0, 4.0, 2.0, 7.0, 1.0, 6.0, 10.0, 21.0, 3.5, 0.5]","[7.0, 13.0, 23.0, 27.0, 29.0, 36.0, 37.0, 43.0, 53.0, 74.0, 77.5, 78.0]","[0.0, 7.0, 13.0, 23.0, 27.0, 29.0, 36.0, 37.0, 43.0, 53.0, 74.0, 77.5]","[2.0, 3.0, 3.0, 2.0, 3.0, 2.0, 4.0, 2.0, 2.0, 2.0, 4.0, 1.0]","[4, 4, 4, 4, 4, 4, 4, 4, 4, 4, 4, 6]","[4, 4, 4, 4, 4, 4, 4, 4, 4, 4, 4, 6]","[1.0, 1.0, 1.0, 0.5, 1.5, 1.0, 2.0, 1.0, 1.0, 0.5, 0.5, 2.0]","[2.0, 2.0, 1.5, 1.0, 3.0, 1.0, 2.0, 2.0, 2.0, 1.0, 0.5, 4.0]","[0, 0, 0, 0, 0, 0, 0, 0, 0, 0, 0, 0]",2007-12-29 09:15,36.0,7,0.0,78.0,3.0,1.0,878.8754841373355,"[204.0, 250.0, 250.0, 204.0, 250.0, 204.0, 296.0, 204.0, 204.0, 204.0, 296.0, 140.0]","[(204.0, 70.0), (250.0, 60.0), (250.0, 100.0), (204.0, 40.0), (250.0, 20.0), (204.0, 70.0), (296.0, 10.0), (204.0, 60.0), (204.0, 100.0), (204.0, 210.0), (296.0, 35.0), (140.0, 5.0)]",3.0,2,12,"[7.0, 6.0, 10.0, 4.0, 2.0, 7.0, 1.0, 6.0, 10.0, 21.0, 3.5, 0.5]","[204.0, 250.0, 250.0, 204.0, 250.0, 204.0, 296.0, 204.0, 204.0, 204.0, 296.0, 140.0]"
16630,"[5.0, 35.0, 17.0, 10.0, 21.0, 2.0]","[171.0, 176.55269941693467, 214.05538713582197, 167.40359922257957, 164.8118667919715, 86.0]",-1,,"[5.0, 35.0, 17.0, 10.0, 21.0, 2.0]","[5.0, 40.0, 57.0, 67.0, 88.0, 90.0]","[0.0, 5.0, 40.0, 57.0, 67.0, 88.0]","[1.0, 2.0, 3.0, 2.0, 1.5, 1.0]","[4, 3, 3, 3, 3, 1]","[5, 4, 4, 3, 4, 2]","[2.0, 1.0, 1.0, 1.0, 2.0, 1.0]","[3.0, 1.0, 2.0, 1.0, 2.0, 2.0]","[0, 0, 0, 0, 0, 0]",2007-12-31 08:45,35.0,7,0.0,90.0,3.0,1.0,878.8754841373355,"[171.0, 176.55269941693467, 214.05538713582197, 167.40359922257957, 164.8118667919715, 86.0]","[(171.0, 50.0), (176.55269941693467, 350.0), (214.05538713582197, 170.0), (167.40359922257957, 100.0), (164.8118667919715, 210.0), (86.0, 20.0)]",3.0,2,6,"[5.0, 35.0, 17.0, 10.0, 21.0, 2.0]","[171.0, 176.55269941693467, 214.05538713582197, 167.40359922257957, 164.8118667919715, 86.0]"
18091,"[5.0, 7.0, 26.0, 10.0, 9.0, 16.0, 6.0, 1.0, 5.0, 14.0]","[211.75, 171.0, 296.0, 211.75, 158.0, 167.40359922257957, 114.6275, 180.26846237860732, 114.6275, 114.6275]",3,10.0,"[9.0, 16.0, 6.0, 1.0, 5.0, 14.0]","[5.0, 12.0, 38.0, 48.0, 57.0, 73.0, 79.0, 80.0, 85.0, 99.0]","[0.0, 5.0, 12.0, 38.0, 48.0, 57.0, 73.0, 79.0, 80.0, 85.0]","[2.0, 1.0, 4.0, 2.0, 1.0, 2.0, 1.0, 3.0, 1.0, 1.0]","[4, 4, 4, 4, 4, 3, 2, 2, 2, 2]","[5, 5, 4, 5, 4, 3, 3, 3, 3, 3]","[1.0, 2.0, 2.0, 1.0, 1.0, 0.25, 0.5, 0.5, 0.5, 0.5]","[2.0, 4.0, 4.0, 2.0, 2.0, 0.5, 1.0, 0.5, 1.0, 1.0]","[0, 0, 0, 0, 0, 0, 0, 0, 0, 0]",2008-01-14 09:30,32.0,3,1.0,48.0,1.0,3.5,100.9123351677189,"[158.0, 167.40359922257957, 114.6275, 180.26846237860732, 114.6275, 114.6275]","[(158.0, 90.0), (167.40359922257957, 160.0), (114.6275, 60.0), (180.26846237860732, 10.0), (114.6275, 50.0), (114.6275, 140.0)]",1.0,2,6,"[9.0, 16.0, 6.0, 1.0, 5.0, 14.0]","[158.0, 167.40359922257957, 114.6275, 180.26846237860732, 114.6275, 114.6275]"
18310,"[23.0, 21.0, 3.0, 1.0, 5.5, 0.5, 10.0, 25.0, 0.09999999999999432]","[219.25, 196.75, 197.0, 191.375, 171.0, 202.0738495144293, 174.55248685625125, 114.6275, 115.25]",2,3.0,"[1.0, 5.5, 0.5, 10.0, 25.0, 0.09999999999999432]","[23.0, 44.0, 47.0, 48.0, 53.5, 54.0, 64.0, 89.0, 89.1]","[0.0, 23.0, 44.0, 47.0, 48.0, 53.5, 54.0, 64.0, 89.0]","[2.5, 2.0, 1.0, 1.5, 1.0, 3.0, 2.5, 1.0, 1.0]","[4, 4, 5, 4, 4, 3, 3, 2, 0]","[9, 9, 4, 5, 5, 3, 2, 3, 2]","[0.5, 0.5, 1.0, 0.5, 1.0, 0.25, 0.25, 0.25, 0.25]","[1.5, 1.5, 3.0, 2.0, 2.5, 0.25, 0.75, 1.0, 2.0]","[0, 0, 0, 0, 0, 0, 0, 0, 0]",2008-01-14 10:45,27.0,2,1.0,47.0,1.0,3.0,80.0,"[191.375, 171.0, 202.0738495144293, 174.55248685625125, 114.6275, 115.25]","[(191.375, 10.0), (171.0, 55.0), (202.0738495144293, 5.0), (174.55248685625125, 100.0), (114.6275, 250.0), (115.25, 0.9999999999999432)]",1.0,2,6,"[1.0, 5.5, 0.5, 10.0, 25.0, 0.09999999999999432]","[191.375, 171.0, 202.0738495144293, 174.55248685625125, 114.6275, 115.25]"
18910,"[10.0, 21.0, 31.0, 2.0, 21.0, 30.0]","[210.0, 158.0, 156.1325, 140.0, 159.41582238929536, 114.6275]",2,31.0,"[2.0, 21.0, 30.0]","[10.0, 31.0, 62.0, 64.0, 85.0, 115.0]","[0.0, 10.0, 31.0, 62.0, 64.0, 85.0]","[1.0, 1.0, 1.0, 1.0, 1.5, 1.0]","[5, 4, 3, 6, 3, 2]","[5, 4, 4, 6, 3, 3]","[2.0, 1.5, 1.0, 2.0, 0.5, 0.5]","[3.0, 2.0, 1.5, 3.0, 0.5, 1.5]","[0, 0, 0, 0, 0, 0]",2008-01-15 15:30,40.0,3,1.0,62.0,1.0,3.0,100.9123351677189,"[140.0, 159.41582238929536, 114.6275]","[(140.0, 20.0), (159.41582238929536, 210.0), (114.6275, 300.0)]",1.0,2,3,"[2.0, 21.0, 30.0]","[140.0, 159.41582238929536, 114.6275]"
19590,"[45.0, 5.0, 15.0, 15.0, 3.0]","[210.0, 175.0, 204.0, 133.0, 175.0]",0,45.0,"[5.0, 15.0, 15.0, 3.0]","[45.0, 50.0, 65.0, 80.0, 83.0]","[0.0, 45.0, 50.0, 65.0, 80.0]","[1.0, 2.0, 2.0, 1.0, 2.0]","[5, 9, 4, 9, 9]","[5, 9, 4, 9, 9]","[5.0, 1.5, 0.5, 1.0, 1.0]","[7.0, 2.0, 0.7, 1.0, 1.0]","[0, 0, 0, 0, 0]",2008-01-22 12:00,32.0,2,2.0,45.0,1.0,3.0,80.0,"[175.0, 204.0, 133.0, 175.0]","[(175.0, 50.0), (204.0, 150.0), (133.0, 150.0), (175.0, 30.0)]",1.0,2,4,"[5.0, 15.0, 15.0, 3.0]","[175.0, 204.0, 133.0, 175.0]"
22810,"[5.0, 23.0, 15.0, 30.0, 25.0, 45.0, 32.0, 10.0, 10.0]","[272.875, 211.75, 227.0, 181.0, 202.0738495144293, 174.55248685625125, 101.0, 119.0, 101.0]",3,30.0,"[25.0, 45.0, 32.0, 10.0, 10.0]","[5.0, 28.0, 43.0, 73.0, 98.0, 143.0, 175.0, 185.0, 195.0]","[0.0, 5.0, 28.0, 43.0, 73.0, 98.0, 143.0, 175.0, 185.0]","[3.5, 2.0, 2.5, 1.5, 3.0, 2.5, 1.0, 1.5, 1.0]","[4, 4, 4, 4, 3, 3, 2, 2, 2]","[5, 5, 4, 4, 3, 2, 2, 2, 2]","[3.0, 2.0, 2.0, 2.0, 1.0, 1.0, 0.5, 1.0, 1.0]","[3.0, 3.0, 2.0, 2.0, 1.0, 1.0, 1.0, 1.0, 1.0]","[0, 0, 0, 0, 0, 0, 0, 0, 0]",2008-02-13 11:00,36.0,6,2.0,73.0,3.0,1.0,439.4377420686678,"[202.0738495144293, 174.55248685625125, 101.0, 119.0, 101.0]","[(202.0738495144293, 250.0), (174.55248685625125, 450.0), (101.0, 320.0), (119.0, 100.0), (101.0, 100.0)]",3.0,2,5,"[25.0, 45.0, 32.0, 10.0, 10.0]","[202.0738495144293, 174.55248685625125, 101.0, 119.0, 101.0]"
23370,"[5.0, 3.0, 14.0, 25.0, 20.0, 8.0, 23.0, 1.0, 18.0, 12.0, 6.0, 14.0, 4.0]","[204.0, 158.0, 204.0, 204.0, 204.0, 204.0, 194.8508998056449, 278.73334707923954, 214.05538713582197, 204.0, 181.0, 158.0, 158.0]",-1,,"[5.0, 3.0, 14.0, 25.0, 20.0, 8.0, 23.0, 1.0, 18.0, 12.0, 6.0, 14.0, 4.0]","[5.0, 8.0, 22.0, 47.0, 67.0, 75.0, 98.0, 99.0, 117.0, 129.0, 135.0, 149.0, 153.0]","[0.0, 5.0, 8.0, 22.0, 47.0, 67.0, 75.0, 98.0, 99.0, 117.0, 129.0, 135.0, 149.0]","[2.0, 1.0, 2.0, 2.0, 2.0, 2.0, 2.0, 4.0, 3.0, 2.0, 1.5, 1.0, 1.0]","[4, 4, 4, 4, 4, 4, 4, 3, 3, 4, 4, 4, 4]","[4, 4, 4, 4, 4, 4, 3, 4, 4, 4, 4, 4, 4]","[1.0, 1.0, 0.5, 1.0, 1.0, 1.0, 0.5, 0.5, 0.5, 0.25, 0.25, 0.25, 0.5]","[1.5, 1.5, 1.0, 1.5, 1.5, 1.5, 0.5, 0.5, 0.5, 0.5, 0.5, 0.5, 0.5]","[0, 0, 0, 0, 0, 0, 0, 0, 0, 0, 0, 0, 0]",2008-02-15 09:30,32.0,7,0.0,153.0,3.0,1.0,878.8754841373355,"[204.0, 158.0, 204.0, 204.0, 204.0, 204.0, 194.8508998056449, 278.73334707923954, 214.05538713582197, 204.0, 181.0, 158.0, 158.0]","[(204.0, 50.0), (158.0, 30.0), (204.0, 140.0), (204.0, 250.0), (204.0, 200.0), (204.0, 80.0), (194.8508998056449, 230.0), (278.73334707923954, 10.0), (214.05538713582197, 180.0), (204.0, 120.0), (181.0, 60.0), (158.0, 140.0), (158.0, 40.0)]",3.0,2,13,"[5.0, 3.0, 14.0, 25.0, 20.0, 8.0, 23.0, 1.0, 18.0, 12.0, 6.0, 14.0, 4.0]","[204.0, 158.0, 204.0, 204.0, 204.0, 204.0, 194.8508998056449, 278.73334707923954, 214.05538713582197, 204.0, 181.0, 158.0, 158.0]"
23471,"[20.0, 55.0, 7.0, 6.0, 7.0, 14.0, 3.0, 8.0]","[196.75, 181.0, 227.0, 262.78130651435276, 238.01846237860732, 204.0, 214.05538713582197, 157.3775]",1,55.0,"[7.0, 6.0, 7.0, 14.0, 3.0, 8.0]","[20.0, 75.0, 82.0, 88.0, 95.0, 109.0, 112.0, 120.0]","[0.0, 20.0, 75.0, 82.0, 88.0, 95.0, 109.0, 112.0]","[2.0, 1.5, 2.5, 3.5, 3.0, 2.0, 3.0, 1.0]","[4, 4, 4, 4, 4, 4, 3, 4]","[9, 4, 4, 3, 3, 4, 4, 3]","[1.0, 1.0, 0.5, 0.25, 0.25, 0.5, 0.25, 0.5]","[3.0, 2.0, 1.0, 1.0, 1.0, 1.5, 1.0, 1.5]","[0, 0, 0, 0, 0, 0, 0, 0]",2008-02-15 11:10,42.0,5,2.0,75.0,3.0,1.0,197.7469839309005,"[227.0, 262.78130651435276, 238.01846237860732, 204.0, 214.05538713582197, 157.3775]","[(227.0, 70.0), (262.78130651435276, 60.0), (238.01846237860732, 70.0), (204.0, 140.0), (214.05538713582197, 30.0), (157.3775, 80.0)]",3.0,2,6,"[7.0, 6.0, 7.0, 14.0, 3.0, 8.0]","[227.0, 262.78130651435276, 238.01846237860732, 204.0, 214.05538713582197, 157.3775]"
24650,"[7.0, 38.0, 3.0, 4.0, 18.0, 8.0, 14.0, 10.0, 16.0, 12.0, 19.0, 16.0, 12.0]","[296.0, 227.0, 192.55248685625125, 250.0, 262.78130651435276, 278.73334707923954, 242.34391954305838, 242.34391954305838, 214.05538713582197, 192.55248685625125, 227.0, 204.0, 204.0]",-1,,"[7.0, 38.0, 3.0, 4.0, 18.0, 8.0, 14.0, 10.0, 16.0, 12.0, 19.0, 16.0, 12.0]","[7.0, 45.0, 48.0, 52.0, 70.0, 78.0, 92.0, 102.0, 118.0, 130.0, 149.0, 165.0, 177.0]","[0.0, 7.0, 45.0, 48.0, 52.0, 70.0, 78.0, 92.0, 102.0, 118.0, 130.0, 149.0, 165.0]","[4.0, 2.5, 2.5, 3.0, 3.5, 4.0, 3.5, 3.5, 3.0, 2.5, 2.5, 2.0, 2.0]","[4, 4, 3, 4, 4, 3, 3, 3, 3, 3, 4, 4, 4]","[4, 4, 4, 4, 3, 4, 4, 4, 4, 4, 4, 4, 4]","[1.0, 1.0, 0.5, 1.0, 0.5, 0.5, 0.5, 0.5, 0.25, 0.25, 0.25, 0.5, 0.5]","[1.5, 2.0, 0.5, 1.0, 1.0, 0.5, 0.5, 0.5, 0.5, 0.5, 0.5, 0.5, 0.5]","[0, 0, 0, 0, 0, 0, 0, 0, 0, 0, 0, 0, 0]",2008-02-27 09:30,37.0,7,0.0,177.0,3.0,1.0,878.8754841373355,"[296.0, 227.0, 192.55248685625125, 250.0, 262.78130651435276, 278.73334707923954, 242.34391954305838, 242.34391954305838, 214.05538713582197, 192.55248685625125, 227.0, 204.0, 204.0]","[(296.0, 70.0), (227.0, 380.0), (192.55248685625125, 30.0), (250.0, 40.0), (262.78130651435276, 180.0), (278.73334707923954, 80.0), (242.34391954305838, 140.0), (242.34391954305838, 100.0), (214.05538713582197, 160.0), (192.55248685625125, 120.0), (227.0, 190.0), (204.0, 160.0), (204.0, 120.0)]",3.0,2,13,"[7.0, 38.0, 3.0, 4.0, 18.0, 8.0, 14.0, 10.0, 16.0, 12.0, 19.0, 16.0, 12.0]","[296.0, 227.0, 192.55248685625125, 250.0, 262.78130651435276, 278.73334707923954, 242.34391954305838, 242.34391954305838, 214.05538713582197, 192.55248685625125, 227.0, 204.0, 204.0]"
26930,"[9.0, 1.0, 10.0, 30.0, 15.0, 7.0, 13.0, 3.0, 1.0, 36.0, 39.0]","[184.0, 292.25, 120.0, 184.0, 216.0, 184.0, 152.0, 167.40359922257957, 128.8775, 101.0, 86.0]",9,36.0,[39.0],"[9.0, 10.0, 20.0, 50.0, 65.0, 72.0, 85.0, 88.0, 89.0, 125.0, 164.0]","[0.0, 9.0, 10.0, 20.0, 50.0, 65.0, 72.0, 85.0, 88.0, 89.0, 125.0]","[2.0, 2.5, 1.0, 2.0, 2.5, 2.0, 1.5, 2.0, 1.0, 1.0, 1.0]","[7, 7, 7, 7, 7, 7, 7, 3, 7, 2, 1]","[7, 7, 7, 7, 7, 7, 7, 3, 3, 2, 2]","[1.0, 1.25, 0.75, 0.75, 1.0, 0.5, 1.5, 0.25, 0.5, 0.75, 1.5]","[1.0, 1.25, 0.75, 1.0, 1.5, 0.5, 1.5, 0.25, 0.75, 1.5, 2.0]","[0, 1, 0, 0, 0, 0, 0, 0, 0, 0, 0]",2008-03-21 10:15,33.0,2,1.0,125.0,1.0,3.0,80.0,[86.0],"[(86.0, 390.0)]",1.0,2,1,[39.0],[86.0]
27050,"[28.0, 2.0, 8.0, 24.799999999999997, 0.20000000000000284, 3.0, 8.0, 15.0, 1.0, 23.0, 18.0]","[250.0, 204.0, 296.0, 250.0, 140.0, 272.9777961056527, 194.80538713582197, 137.0, 224.99444902641318, 132.0, 86.0]",4,0.20000000000000284,"[3.0, 8.0, 15.0, 1.0, 23.0, 18.0]","[28.0, 30.0, 38.0, 62.8, 63.0, 66.0, 74.0, 89.0, 90.0, 113.0, 131.0]","[0.0, 28.0, 30.0, 38.0, 62.8, 63.0, 66.0, 74.0, 89.0, 90.0, 113.0]","[3.0, 2.0, 4.0, 3.0, 1.0, 4.0, 3.0, 2.0, 4.0, 2.0, 1.0]","[4, 4, 4, 4, 6, 3, 3, 2, 2, 2, 1]","[4, 4, 4, 4, 6, 3, 2, 2, 3, 1, 2]","[0.5, 1.0, 0.5, 0.5, 1.0, 0.25, 0.25, 1.0, 0.5, 1.0, 1.0]","[1.5, 2.0, 1.25, 1.5, 2.0, 0.5, 1.5, 2.0, 1.25, 2.0, 3.0]","[0, 0, 0, 0, 0, 0, 0, 0, 0, 0, 0]",2008-03-24 13:50,38.0,3,1.0,63.0,1.0,3.0,100.9123351677189,"[272.9777961056527, 194.80538713582197, 137.0, 224.99444902641318, 132.0, 86.0]","[(272.9777961056527, 30.0), (194.80538713582197, 80.0), (137.0, 150.0), (224.99444902641318, 10.0), (132.0, 230.0), (86.0, 180.0)]",1.0,2,6,"[3.0, 8.0, 15.0, 1.0, 23.0, 18.0]","[272.9777961056527, 194.80538713582197, 137.0, 224.99444902641318, 132.0, 86.0]"
3813,"[14.0, 43.0, 17.0, 4.0, 10.0, 8.0, 24.0]","[210.0, 296.0, 197.0, 250.0, 197.0, 171.0, 114.6275]",3,4.0,"[10.0, 8.0, 24.0]","[14.0, 57.0, 74.0, 78.0, 88.0, 96.0, 120.0]","[0.0, 14.0, 57.0, 74.0, 78.0, 88.0, 96.0]","[1.0, 4.0, 1.0, 3.0, 1.0, 1.0, 1.0]","[5, 4, 5, 4, 5, 4, 2]","[5, 4, 4, 4, 4, 5, 3]","[2.0, 0.5, 1.0, 1.0, 2.0, 1.0, 0.25]","[7.0, 1.0, 5.0, 2.0, 6.0, 3.0, 0.25]","[0, 0, 0, 0, 0, 0, 0]",2002-02-08 09:30,40.0,3,1.0,78.0,1.0,3.0,100.9123351677189,"[197.0, 171.0, 114.6275]","[(197.0, 100.0), (171.0, 80.0), (114.6275, 240.0)]",1.0,2,3,"[10.0, 8.0, 24.0]","[197.0, 171.0, 114.6275]"
4151,"[22.0, 6.0, 12.0, 10.0, 50.0]","[296.0, 376.0, 204.0, 312.0, 132.0]",3,10.0,[50.0],"[22.0, 28.0, 40.0, 50.0, 100.0]","[0.0, 22.0, 28.0, 40.0, 50.0]","[4.0, 5.0, 2.0, 4.0, 2.0]","[4, 7, 4, 7, 2]","[4, 7, 4, 7, 1]","[1.0, 1.0, 0.5, 1.0, 0.5]","[2.0, 2.0, 1.0, 2.0, 1.0]","[0, 0, 0, 0, 0]",2002-12-17 10:30,30.0,2,1.0,50.0,1.0,3.0,80.0,[132.0],"[(132.0, 500.0)]",1.0,2,1,[50.0],[132.0]
43610,"[15.0, 15.0, 8.0, 2.0, 50.0, 20.0, 13.0, 42.0, 15.0]","[272.9777961056527, 292.25, 204.0, 292.25, 204.0, 202.0738495144293, 159.80269941693467, 101.0, 81.0]",4,50.0,"[20.0, 13.0, 42.0, 15.0]","[15.0, 30.0, 38.0, 40.0, 90.0, 110.0, 123.0, 165.0, 180.0]","[0.0, 15.0, 30.0, 38.0, 40.0, 90.0, 110.0, 123.0, 165.0]","[4.0, 5.0, 2.0, 5.0, 2.0, 3.0, 2.0, 1.0, 1.0]","[3, 7, 4, 7, 4, 3, 3, 2, 1]","[3, 7, 4, 7, 4, 3, 2, 2, 1]","[0.5, 2.0, 2.0, 2.0, 1.0, 0.5, 0.5, 1.0, 2.0]","[1.0, 4.0, 2.0, 4.0, 2.0, 0.5, 1.0, 2.0, 2.0]","[0, 1, 0, 1, 0, 0, 0, 0, 0]",2008-12-01 09:00,39.0,2,1.0,90.0,1.0,3.0,80.0,"[202.0738495144293, 159.80269941693467, 101.0, 81.0]","[(202.0738495144293, 200.0), (159.80269941693467, 130.0), (101.0, 420.0), (81.0, 150.0)]",1.0,2,4,"[20.0, 13.0, 42.0, 15.0]","[202.0738495144293, 159.80269941693467, 101.0, 81.0]"
44890,"[30.0, 15.0, 65.0, 30.0, 25.0, 30.0, 3.0]","[292.25, 167.40359922257957, 159.80269941693467, 114.6275, 114.0, 86.0, 90.75]",4,25.0,"[30.0, 3.0]","[30.0, 45.0, 110.0, 140.0, 165.0, 195.0, 198.0]","[0.0, 30.0, 45.0, 110.0, 140.0, 165.0, 195.0]","[3.5, 2.0, 2.0, 1.0, 1.5, 1.0, 1.0]","[7, 3, 3, 2, 2, 1, 1]","[7, 3, 2, 3, 1, 2, 0]","[2.0, 1.0, 0.5, 1.0, 1.0, 2.0, 2.0]","[4.0, 1.0, 1.0, 1.0, 1.0, 2.0, 2.0]","[1, 0, 0, 0, 0, 0, 0]",2008-12-14 13:30,33.0,2,3.0,165.0,1.0,3.0,80.0,"[86.0, 90.75]","[(86.0, 300.0), (90.75, 30.0)]",1.0,2,2,"[30.0, 3.0]","[86.0, 90.75]"
46210,"[1.0, 3.0, 38.0, 4.0, 16.0, 2.0, 8.0, 2.0, 10.0, 4.0, 9.0]","[440.0, 269.5, 233.59391954305838, 292.25, 157.3775, 292.25, 215.51749561875042, 342.0, 181.0, 292.25, 394.2882093093874]",7,2.0,"[10.0, 4.0, 9.0]","[1.0, 4.0, 42.0, 46.0, 62.0, 64.0, 72.0, 74.0, 84.0, 88.0, 97.0]","[0.0, 1.0, 4.0, 42.0, 46.0, 62.0, 64.0, 72.0, 74.0, 84.0, 88.0]","[6.0, 3.5, 3.5, 5.0, 1.0, 5.0, 2.5, 5.0, 1.5, 5.0, 5.0]","[8, 7, 3, 7, 4, 7, 4, 4, 4, 7, 3]","[8, 9, 9, 7, 3, 7, 3, 4, 4, 7, 3]","[nan, 0.8, 0.5, 1.5, 0.5, 0.8, 0.5, 1.0, 1.0, 0.2, 0.2]","[nan, 1.0, 1.2, 2.0, 0.8, 1.0, 0.8, 1.0, 1.0, 1.0, 0.2]","[0, 0, 0, 1, 0, 1, 0, 0, 0, 1, 0]",2008-12-27 10:00,38.0,2,1.0,74.0,1.0,3.0,80.0,"[181.0, 292.25, 394.2882093093874]","[(181.0, 100.0), (292.25, 40.0), (394.2882093093874, 90.0)]",1.0,2,3,"[10.0, 4.0, 9.0]","[181.0, 292.25, 394.2882093093874]"
46550,"[14.0, 6.0, 3.0, 4.0, 2.0, 31.0, 1.0, 21.0, 16.0, 3.0, 3.0]","[152.25, 176.55269941693467, 296.0, 167.40359922257957, 204.0, 202.0738495144293, 140.0, 202.0738495144293, 155.51, 141.8825, 167.40359922257957]",5,31.0,"[1.0, 21.0, 16.0, 3.0, 3.0]","[14.0, 20.0, 23.0, 27.0, 29.0, 60.0, 61.0, 82.0, 98.0, 101.0, 104.0]","[0.0, 14.0, 20.0, 23.0, 27.0, 29.0, 60.0, 61.0, 82.0, 98.0, 101.0]","[1.0, 2.0, 4.0, 2.0, 2.0, 3.0, 1.0, 3.0, 1.0, 1.0, 2.0]","[9, 3, 4, 3, 4, 3, 6, 3, 3, 3, 3]","[5, 4, 4, 3, 4, 3, 6, 3, 3, 2, 3]","[0.5, 0.5, 0.5, 0.5, 3.0, 0.25, 1.0, 0.5, 0.25, 0.25, 0.25]","[1.5, 1.0, 1.5, 0.5, 3.0, 0.5, 1.0, 0.5, 0.25, 0.5, 0.25]","[0, 0, 0, 0, 0, 0, 0, 0, 0, 0, 0]",2008-12-29 14:30,36.0,5,3.0,60.0,3.0,1.0,197.7469839309005,"[140.0, 202.0738495144293, 155.51, 141.8825, 167.40359922257957]","[(140.0, 10.0), (202.0738495144293, 210.0), (155.51, 160.0), (141.8825, 30.0), (167.40359922257957, 30.0)]",3.0,2,5,"[1.0, 21.0, 16.0, 3.0, 3.0]","[140.0, 202.0738495144293, 155.51, 141.8825, 167.40359922257957]"
47370,"[35.0, 42.0, 15.0, 18.0, 10.0, 10.0, 30.0, 25.0, 14.0, 1.0]","[272.9777961056527, 272.9777961056527, 272.9777961056527, 272.9777961056527, 272.9777961056527, 272.9777961056527, 272.9777961056527, 272.9777961056527, 155.51, 141.8825]",7,25.0,"[14.0, 1.0]","[35.0, 77.0, 92.0, 110.0, 120.0, 130.0, 160.0, 185.0, 199.0, 200.0]","[0.0, 35.0, 77.0, 92.0, 110.0, 120.0, 130.0, 160.0, 185.0, 199.0]","[4.0, 4.0, 4.0, 4.0, 4.0, 4.0, 4.0, 4.0, 1.0, 1.0]","[3, 3, 3, 3, 3, 3, 3, 3, 3, 3]","[3, 3, 3, 3, 3, 3, 3, 3, 3, 2]","[0.5, 0.5, 0.5, 0.5, 0.5, 0.5, 0.5, 0.5, 0.5, 0.5]","[0.5, 0.5, 0.5, 0.5, 0.5, 0.5, 0.5, 0.5, 0.5, 0.5]","[0, 0, 0, 0, 0, 0, 0, 0, 0, 0]",2009-01-04 10:00,35.0,3,1.0,185.0,1.0,3.0,100.9123351677189,"[155.51, 141.8825]","[(155.51, 140.0), (141.8825, 10.0)]",1.0,2,2,"[14.0, 1.0]","[155.51, 141.8825]"
48272,"[31.0, 14.0, 4.0, 9.0, 23.0, 2.0, 11.0, 5.0, 6.0]","[285.0, 250.0, 204.0, 250.0, 204.0, 238.01846237860732, 204.0, 250.0, 157.3775]",-1,,"[31.0, 14.0, 4.0, 9.0, 23.0, 2.0, 11.0, 5.0, 6.0]","[31.0, 45.0, 49.0, 58.0, 81.0, 83.0, 94.0, 99.0, 105.0]","[0.0, 31.0, 45.0, 49.0, 58.0, 81.0, 83.0, 94.0, 99.0]","[4.0, 3.0, 2.0, 3.0, 2.0, 3.0, 2.0, 3.0, 1.0]","[5, 4, 4, 4, 4, 4, 4, 4, 4]","[5, 4, 4, 4, 4, 3, 4, 4, 3]","[3.0, 1.5, 1.5, 1.0, 1.5, 1.0, 1.5, 1.0, 1.0]","[3.0, 1.5, 2.0, 1.5, 1.5, 1.0, 1.5, 1.5, 1.0]","[0, 0, 0, 0, 0, 0, 0, 0, 0]",2009-01-14 11:15,33.0,7,0.0,105.0,3.0,1.0,878.8754841373355,"[285.0, 250.0, 204.0, 250.0, 204.0, 238.01846237860732, 204.0, 250.0, 157.3775]","[(285.0, 310.0), (250.0, 140.0), (204.0, 40.0), (250.0, 90.0), (204.0, 230.0), (238.01846237860732, 20.0), (204.0, 110.0), (250.0, 50.0), (157.3775, 60.0)]",3.0,2,9,"[31.0, 14.0, 4.0, 9.0, 23.0, 2.0, 11.0, 5.0, 6.0]","[285.0, 250.0, 204.0, 250.0, 204.0, 238.01846237860732, 204.0, 250.0, 157.3775]"
4836,"[14.0, 16.0, 3.0, 16.0, 4.0, 2.0, 7.0, 10.0, 3.0, 4.0, 7.0, 20.0, 6.0, 9.0, 9.0, 10.800000000000011, 0.19999999999998863, 6.0]","[238.0, 204.0, 292.25, 227.0, 250.0, 350.5, 273.0, 290.2444490264132, 238.01846237860732, 324.56759795026255, 290.2444490264132, 227.0, 290.2444490264132, 238.01846237860732, 194.8508998056449, 232.12522605741117, 140.0, 256.98334707923954]",16,0.19999999999998863,[6.0],"[14.0, 30.0, 33.0, 49.0, 53.0, 55.0, 62.0, 72.0, 75.0, 79.0, 86.0, 106.0, 112.0, 121.0, 130.0, 140.8, 141.0, 147.0]","[0.0, 14.0, 30.0, 33.0, 49.0, 53.0, 55.0, 62.0, 72.0, 75.0, 79.0, 86.0, 106.0, 112.0, 121.0, 130.0, 140.8, 141.0]","[3.5, 2.0, 5.0, 2.5, 3.0, 5.0, 3.5, 4.0, 3.0, 4.5, 4.0, 2.5, 4.0, 3.0, 2.0, 3.5, 1.0, 4.0]","[9, 4, 7, 4, 4, 4, 4, 4, 4, 3, 4, 4, 4, 4, 4, 3, 6, 3]","[9, 4, 7, 4, 4, 7, 4, 3, 3, 4, 3, 4, 3, 3, 3, 3, 6, 2]","[0.5, 1.0, 1.0, 1.0, 1.0, 1.0, 0.5, 0.25, 0.25, 0.25, 0.25, 0.5, 0.25, 0.25, 0.25, 0.25, 1.0, 0.25]","[2.0, 3.0, 1.0, 2.25, 2.0, 2.0, 1.5, 1.0, 1.25, 1.0, 1.0, 1.25, 1.0, 1.0, 1.0, 0.75, 2.0, 1.0]","[0, 0, 1, 0, 0, 0, 0, 0, 0, 0, 0, 0, 0, 0, 0, 0, 0, 0]",2004-01-25 09:15,36.0,2,2.0,141.0,1.0,3.0,80.0,[256.98334707923954],"[(256.98334707923954, 60.0)]",1.0,2,1,[6.0],[256.98334707923954]
49170,"[10.0, 10.0, 10.0, 15.0, 40.0, 17.0, 56.0, 17.0, 49.0, 10.699999999999989, 0.30000000000001137, 14.5, 0.5]","[292.25, 250.0, 292.25, 272.9777961056527, 292.25, 248.0, 272.9777961056527, 202.0738495144293, 181.06998247500167, 159.41582238929536, 292.25, 114.6275, 181.06998247500167]",7,17.0,"[49.0, 10.699999999999989, 0.30000000000001137, 14.5, 0.5]","[10.0, 20.0, 30.0, 45.0, 85.0, 102.0, 158.0, 175.0, 224.0, 234.7, 235.0, 249.5, 250.0]","[0.0, 10.0, 20.0, 30.0, 45.0, 85.0, 102.0, 158.0, 175.0, 224.0, 234.7, 235.0, 249.5]","[4.0, 3.0, 5.0, 4.0, 4.5, 3.0, 4.0, 3.0, 2.5, 1.5, 2.5, 1.0, 2.5]","[7, 4, 7, 3, 7, 7, 3, 3, 3, 3, 7, 2, 3]","[7, 4, 7, 3, 7, 7, 3, 3, 3, 3, 7, 3, 3]","[1.0, 2.0, 2.0, 1.0, 3.0, 2.0, 0.5, 1.0, 1.0, 1.0, 1.0, 1.0, 0.5]","[2.0, 2.0, 2.0, 1.0, 4.0, 2.0, 1.0, 1.0, 2.0, 1.0, 1.0, 1.0, 1.0]","[1, 0, 1, 0, 1, 0, 0, 0, 0, 0, 1, 0, 0]",2009-01-17 13:00,37.0,6,3.0,210.0,3.0,1.0,439.4377420686678,"[181.06998247500167, 159.41582238929536, 292.25, 114.6275, 181.06998247500167]","[(181.06998247500167, 490.0), (159.41582238929536, 106.99999999999989), (292.25, 3.0000000000001137), (114.6275, 145.0), (181.06998247500167, 5.0)]",3.0,2,5,"[49.0, 10.699999999999989, 0.30000000000001137, 14.5, 0.5]","[181.06998247500167, 159.41582238929536, 292.25, 114.6275, 181.06998247500167]"
49250,"[15.0, 5.0, 5.0, 34.0, 15.0, 2.0, 13.0, 6.0, 3.0, 12.0, 25.0, 10.0, 5.0, 2.0, 3.0, 6.0, 10.0]","[250.0, 296.0, 278.73334707923954, 242.34391954305838, 217.0, 181.06998247500167, 296.0, 259.0, 272.9777961056527, 250.0, 296.0, 250.0, 202.0738495144293, 204.0, 214.05538713582197, 133.0, 156.1325]",14,3.0,"[6.0, 10.0]","[15.0, 20.0, 25.0, 59.0, 74.0, 76.0, 89.0, 95.0, 98.0, 110.0, 135.0, 145.0, 150.0, 152.0, 155.0, 161.0, 171.0]","[0.0, 15.0, 20.0, 25.0, 59.0, 74.0, 76.0, 89.0, 95.0, 98.0, 110.0, 135.0, 145.0, 150.0, 152.0, 155.0, 161.0]","[3.0, 4.0, 4.0, 3.5, 3.0, 2.5, 4.0, 4.0, 4.0, 3.0, 4.0, 3.0, 3.0, 2.0, 3.0, 1.0, 1.0]","[4, 4, 3, 3, 9, 3, 4, 9, 3, 4, 4, 4, 3, 4, 3, 9, 3]","[4, 4, 4, 4, 9, 3, 4, 9, 3, 4, 4, 4, 3, 4, 4, 9, 4]","[1.5, 2.0, 0.5, 0.5, 2.0, 0.5, 1.0, 2.0, 0.5, 1.0, 1.0, 1.0, 1.0, 1.5, 0.5, 1.0, 0.5]","[1.5, 2.0, 1.5, 1.5, 2.0, 0.5, 1.5, 2.0, 0.5, 2.0, 2.0, 1.5, 1.0, 1.5, 1.0, 1.5, 1.0]","[0, 0, 0, 0, 0, 0, 0, 0, 0, 0, 0, 0, 0, 0, 0, 0, 0]",2009-01-17 11:00,34.0,5,3.0,155.0,3.0,1.0,197.7469839309005,"[133.0, 156.1325]","[(133.0, 60.0), (156.1325, 100.0)]",3.0,2,2,"[6.0, 10.0]","[133.0, 156.1325]"
49390,"[2.0, 31.0, 19.0, 14.0, 23.0, 1.0]","[292.25, 269.48334707923954, 205.80538713582197, 158.0, 165.5, 129.10395559732385]",3,14.0,"[23.0, 1.0]","[4.0, 35.0, 54.0, 68.0, 91.0, 92.0]","[2.0, 4.0, 35.0, 54.0, 68.0, 91.0]","[5.0, 4.0, 3.0, 1.0, 1.5, 1.5]","[7, 3, 3, 4, 4, 2]","[7, 9, 9, 4, 2, 3]","[1.0, 0.25, 0.25, 1.0, 0.25, 0.25]","[3.0, 1.0, 1.0, 2.0, 1.0, 0.75]","[1, 0, 0, 0, 0, 0]",2009-01-19 12:00,32.0,2,1.0,68.0,1.0,3.0,80.0,"[165.5, 129.10395559732385]","[(165.5, 230.0), (129.10395559732385, 10.0)]",1.0,2,2,"[23.0, 1.0]","[165.5, 129.10395559732385]"
49690,"[59.0, 2.0, 23.0, 6.0, 3.0, 2.0, 25.0, 27.0, 3.0]","[296.0, 292.25, 250.0, 292.25, 181.06998247500167, 292.25, 155.0, 101.0, 101.0]",5,2.0,"[25.0, 27.0, 3.0]","[59.0, 61.0, 84.0, 90.0, 93.0, 95.0, 120.0, 147.0, 150.0]","[0.0, 59.0, 61.0, 84.0, 90.0, 93.0, 95.0, 120.0, 147.0]","[4.0, 4.0, 3.0, 5.0, 2.5, 5.0, 2.5, 1.0, 1.0]","[4, 7, 4, 7, 3, 7, 2, 2, 2]","[4, 7, 4, 7, 3, 7, 2, 2, 2]","[1.5, 0.5, 1.0, 0.5, 0.25, 0.5, 1.0, 1.0, 1.0]","[1.5, 0.5, 1.0, 0.5, 0.25, 0.5, 1.0, 1.0, 1.0]","[0, 1, 0, 1, 0, 1, 0, 0, 0]",2009-01-23 10:00,35.0,3,1.0,95.0,1.0,3.0,100.9123351677189,"[155.0, 101.0, 101.0]","[(155.0, 250.0), (101.0, 270.0), (101.0, 30.0)]",1.0,2,3,"[25.0, 27.0, 3.0]","[155.0, 101.0, 101.0]"
49910,"[10.0, 28.0, 17.0, 18.0, 27.0, 10.0, 18.0, 7.0, 22.0, 8.0]","[120.0, 272.9777961056527, 202.0738495144293, 181.06998247500167, 154.0, 250.0, 158.0, 202.0738495144293, 155.51, 119.0]",7,7.0,"[22.0, 8.0]","[10.0, 38.0, 55.0, 73.0, 100.0, 110.0, 128.0, 135.0, 157.0, 165.0]","[0.0, 10.0, 38.0, 55.0, 73.0, 100.0, 110.0, 128.0, 135.0, 157.0]","[1.0, 4.0, 3.0, 2.5, 1.5, 3.0, 1.0, 3.0, 1.0, 1.5]","[7, 3, 3, 3, 9, 4, 4, 3, 3, 2]","[7, 3, 3, 3, 9, 4, 4, 3, 3, 2]","[2.0, 0.5, 1.0, 1.0, 1.0, 0.5, 1.0, 0.5, 0.5, 1.0]","[3.0, 1.0, 1.0, 1.0, 2.0, 1.0, 1.0, 0.5, 0.5, 1.0]","[0, 0, 0, 0, 0, 0, 0, 0, 0, 0]",2009-01-25 13:50,30.0,2,1.0,135.0,1.0,3.0,80.0,"[155.51, 119.0]","[(155.51, 220.0), (119.0, 80.0)]",1.0,2,2,"[22.0, 8.0]","[155.51, 119.0]"
4993,"[12.0, 27.0, 22.0, 4.0, 14.0, 8.0, 9.0, 22.0, 2.0]","[219.25, 286.75, 241.75, 292.25, 202.0738495144293, 181.06998247500167, 155.51, 155.51, 272.9777961056527]",7,22.0,[2.0],"[12.0, 39.0, 61.0, 65.0, 79.0, 87.0, 96.0, 118.0, 120.0]","[0.0, 12.0, 39.0, 61.0, 65.0, 79.0, 87.0, 96.0, 118.0]","[2.5, 4.0, 3.0, 4.5, 3.0, 2.5, 1.0, 1.0, 4.0]","[4, 4, 4, 7, 3, 3, 3, 3, 3]","[9, 9, 9, 7, 3, 3, 3, 3, 3]","[0.8, 0.6, 0.5, 0.8, 0.25, 0.25, 0.5, 0.5, 0.25]","[1.5, 1.0, 1.2, 1.2, 0.5, 0.5, 0.5, 0.5, 0.5]","[0, 0, 0, 1, 0, 0, 0, 0, 0]",2003-12-13 09:20,34.0,4,2.0,118.0,3.0,1.0,131.83132262060033,[272.9777961056527],"[(272.9777961056527, 20.0)]",3.0,2,1,[2.0],[272.9777961056527]
50510,"[74.0, 2.0, 18.0, 41.0, 9.0, 10.0, 7.0, 14.0, 8.0]","[290.2444490264132, 250.0, 290.2444490264132, 227.0, 164.8118667919715, 194.80538713582197, 201.2813065143528, 144.6008998056449, 155.51]",6,7.0,"[14.0, 8.0]","[74.0, 76.0, 94.0, 135.0, 144.0, 154.0, 161.0, 175.0, 183.0]","[0.0, 74.0, 76.0, 94.0, 135.0, 144.0, 154.0, 161.0, 175.0]","[4.0, 3.0, 4.0, 2.5, 1.5, 3.0, 3.5, 2.0, 1.0]","[4, 4, 4, 4, 3, 3, 2, 2, 3]","[3, 4, 3, 4, 4, 2, 3, 3, 3]","[0.25, 1.0, 0.25, 1.0, 0.25, 0.25, 0.25, 0.25, 0.25]","[1.0, 2.0, 1.5, 2.0, 1.0, 0.75, 1.0, 1.0, 0.75]","[0, 0, 0, 0, 0, 0, 0, 0, 0]",2009-01-29 14:25,39.0,3,1.0,161.0,1.0,3.0,100.9123351677189,"[144.6008998056449, 155.51]","[(144.6008998056449, 140.0), (155.51, 80.0)]",1.0,2,2,"[14.0, 8.0]","[144.6008998056449, 155.51]"
52110,"[8.0, 17.0, 30.0, 11.0, 17.0, 16.0, 9.0, 12.0, 8.0, 19.0, 6.0, 22.0]","[312.0, 248.0, 312.0, 280.0, 249.5, 227.0, 155.51, 176.55269941693467, 159.41582238929536, 114.6275, 86.0, 81.0]",7,12.0,"[8.0, 19.0, 6.0, 22.0]","[8.0, 25.0, 55.0, 66.0, 83.0, 99.0, 108.0, 120.0, 128.0, 147.0, 153.0, 175.0]","[0.0, 8.0, 25.0, 55.0, 66.0, 83.0, 99.0, 108.0, 120.0, 128.0, 147.0, 153.0]","[4.0, 3.0, 4.0, 3.5, 3.0, 2.5, 1.0, 2.0, 1.5, 1.0, 1.0, 1.0]","[7, 7, 7, 7, 4, 4, 3, 3, 3, 2, 1, 1]","[7, 7, 7, 7, 7, 4, 3, 4, 3, 3, 2, 1]","[2.0, 3.0, 2.0, 2.0, 1.0, 1.0, 0.5, 0.5, 0.5, 0.5, 0.5, 1.0]","[3.0, 3.0, 3.0, 3.0, 2.0, 1.0, 0.5, 1.0, 0.5, 0.5, 1.0, 1.0]","[0, 0, 0, 0, 0, 0, 0, 0, 0, 0, 0, 0]",2009-02-08 14:30,34.0,2,1.0,125.0,1.0,3.0,80.0,"[159.41582238929536, 114.6275, 86.0, 81.0]","[(159.41582238929536, 80.0), (114.6275, 190.0), (86.0, 60.0), (81.0, 220.0)]",1.0,2,4,"[8.0, 19.0, 6.0, 22.0]","[159.41582238929536, 114.6275, 86.0, 81.0]"
52430,"[26.0, 4.0, 11.0, 3.0, 10.0, 2.0, 12.0, 13.0, 22.0]","[212.125, 269.5, 154.0, 292.25, 155.51, 292.25, 174.55248685625125, 96.0, 81.0]",0,26.0,"[4.0, 11.0, 3.0, 10.0, 2.0, 12.0, 13.0, 22.0]","[26.0, 30.0, 41.0, 44.0, 54.0, 56.0, 68.0, 81.0, 103.0]","[0.0, 26.0, 30.0, 41.0, 44.0, 54.0, 56.0, 68.0, 81.0]","[1.5, 3.5, 1.5, 4.5, 1.0, 4.0, 2.5, 1.0, 1.0]","[5, 7, 9, 7, 3, 7, 3, 2, 1]","[4, 9, 9, 7, 3, 7, 2, 1, 1]","[1.0, 1.0, 0.5, 1.0, 0.25, 0.5, 0.25, 0.5, 1.0]","[5.0, 1.5, 1.5, 1.5, 0.5, 1.5, 0.5, 1.0, 2.0]","[0, 0, 0, 1, 0, 1, 0, 0, 0]",2009-02-11 13:30,30.0,2,1.0,26.0,1.0,3.0,80.0,"[269.5, 154.0, 292.25, 155.51, 292.25, 174.55248685625125, 96.0, 81.0]","[(269.5, 40.0), (154.0, 110.0), (292.25, 30.0), (155.51, 100.0), (292.25, 20.0), (174.55248685625125, 120.0), (96.0, 130.0), (81.0, 220.0)]",1.0,2,8,"[4.0, 11.0, 3.0, 10.0, 2.0, 12.0, 13.0, 22.0]","[269.5, 154.0, 292.25, 155.51, 292.25, 174.55248685625125, 96.0, 81.0]"
5260,"[10.0, 46.0, 2.0, 13.0, 3.0, 12.0, 4.0, 0.5]","[247.5, 268.25, 175.0, 324.32205232734685, 292.25, 158.0, 292.25, 125.25]",4,3.0,"[12.0, 4.0, 0.5]","[10.0, 56.0, 58.0, 71.0, 74.0, 86.0, 90.0, 90.5]","[0.0, 10.0, 56.0, 58.0, 71.0, 74.0, 86.0, 90.0]","[2.5, 4.0, 2.0, 5.0, 5.0, 1.0, 4.0, 1.0]","[5, 9, 9, 9, 7, 4, 7, 6]","[5, 4, 9, 3, 7, 4, 7, 1]","[1.0, 0.5, 0.5, 0.25, 0.25, 0.25, 0.5, 1.0]","[5.0, 1.5, 1.0, 0.5, 0.25, 0.75, 1.0, 1.5]","[0, 0, 0, 0, 1, 0, 1, 0]",2004-03-27 13:30,31.0,6,3.0,74.0,3.0,1.0,439.4377420686678,"[158.0, 292.25, 125.25]","[(158.0, 120.0), (292.25, 40.0), (125.25, 5.0)]",3.0,2,3,"[12.0, 4.0, 0.5]","[158.0, 292.25, 125.25]"
52790,"[10.0, 69.0, 36.0, 4.0, 3.0, 2.0, 1.0, 36.0, 4.0]","[171.0, 181.0, 158.0, 394.2882093093874, 156.1325, 272.9777961056527, 140.0, 155.51, 137.0]",5,2.0,"[1.0, 36.0, 4.0]","[10.0, 79.0, 115.0, 119.0, 122.0, 124.0, 125.0, 161.0, 165.0]","[0.0, 10.0, 79.0, 115.0, 119.0, 122.0, 124.0, 125.0, 161.0]","[1.0, 1.5, 1.0, 5.0, 1.0, 4.0, 1.0, 1.0, 2.0]","[4, 4, 4, 3, 3, 3, 6, 3, 2]","[5, 4, 4, 3, 4, 3, 6, 3, 2]","[3.0, 2.0, 2.0, 0.5, 0.5, 0.25, 2.0, 0.5, 1.0]","[4.0, 3.0, 2.0, 0.5, 1.0, 0.25, 4.0, 0.5, 2.0]","[0, 0, 0, 0, 0, 0, 0, 0, 0]",2009-02-13 15:00,28.0,3,1.0,124.0,1.0,3.0,100.9123351677189,"[140.0, 155.51, 137.0]","[(140.0, 10.0), (155.51, 360.0), (137.0, 40.0)]",1.0,2,3,"[1.0, 36.0, 4.0]","[140.0, 155.51, 137.0]"
5379,"[18.0, 20.0, 3.0, 3.0, 5.0, 4.0, 2.0, 29.0, 1.0, 7.0]","[272.9777961056527, 214.05538713582197, 227.0, 204.0, 292.25, 204.0, 292.25, 119.0, 173.0, 86.0]",6,2.0,"[29.0, 1.0, 7.0]","[18.0, 38.0, 41.0, 44.0, 49.0, 53.0, 55.0, 84.0, 85.0, 92.0]","[0.0, 18.0, 38.0, 41.0, 44.0, 49.0, 53.0, 55.0, 84.0, 85.0]","[4.0, 3.0, 2.5, 2.0, 4.5, 2.0, 4.0, 1.5, 3.0, 1.0]","[3, 3, 4, 4, 7, 4, 7, 2, 2, 1]","[3, 4, 4, 4, 7, 4, 7, 2, 2, 2]","[0.5, 0.5, 1.0, 1.0, 2.0, 1.0, 2.0, 1.0, 1.5, 1.0]","[0.5, 1.0, 1.0, 1.0, 3.0, 1.0, 3.0, 1.5, 1.5, 2.0]","[0, 0, 0, 0, 1, 0, 1, 0, 0, 0]",2004-12-30 10:30,40.0,2,2.0,55.0,1.0,3.0,80.0,"[119.0, 173.0, 86.0]","[(119.0, 290.0), (173.0, 10.0), (86.0, 70.0)]",1.0,2,3,"[29.0, 1.0, 7.0]","[119.0, 173.0, 86.0]"
53950,"[35.0, 20.0, 10.0, 5.0, 8.0, 19.0, 4.0, 12.0, 4.0, 13.0, 24.0, 42.0, 2.0]","[222.25, 223.875, 251.0, 298.9375, 250.0, 215.51749561875042, 298.9375, 214.05538713582197, 292.25, 214.05538713582197, 181.06998247500167, 86.0, 119.0]",10,24.0,"[42.0, 2.0]","[35.0, 55.0, 65.0, 70.0, 78.0, 97.0, 101.0, 113.0, 117.0, 130.0, 154.0, 196.0, 198.0]","[0.0, 35.0, 55.0, 65.0, 70.0, 78.0, 97.0, 101.0, 113.0, 117.0, 130.0, 154.0, 196.0]","[2.0, 2.5, 3.0, 4.5, 3.0, 2.5, 4.5, 3.0, 4.0, 3.0, 2.5, 1.0, 1.5]","[5, 7, 7, 7, 4, 4, 7, 3, 7, 3, 3, 1, 2]","[7, 5, 5, 4, 4, 3, 4, 4, 7, 4, 3, 2, 2]","[1.0, 1.0, 1.0, 1.0, 0.5, 0.5, 0.5, 0.5, 0.5, 0.3, 0.2, 1.0, 0.5]","[4.0, 2.0, 3.0, 2.0, 1.0, 1.0, 1.0, 1.0, 1.5, 0.7, 0.5, 2.0, 1.0]","[0, 0, 0, 1, 0, 0, 1, 0, 1, 0, 0, 0, 0]",2009-02-19 10:00,40.0,2,1.0,154.0,1.0,3.0,80.0,"[86.0, 119.0]","[(86.0, 420.0), (119.0, 20.0)]",1.0,2,2,"[42.0, 2.0]","[86.0, 119.0]"
5472,"[31.0, 31.0, 15.0, 11.0, 1.0, 10.0, 3.9000000000000057, 0.09999999999999432, 9.0, 8.799999999999997, 0.20000000000000284]","[210.0, 211.75, 238.0, 151.75, 286.75, 144.6008998056449, 194.80538713582197, 140.0, 256.98334707923954, 86.0, 140.0]",7,0.09999999999999432,"[9.0, 8.799999999999997, 0.20000000000000284]","[31.0, 62.0, 77.0, 88.0, 89.0, 99.0, 102.9, 103.0, 112.0, 120.8, 121.0]","[0.0, 31.0, 62.0, 77.0, 88.0, 89.0, 99.0, 102.9, 103.0, 112.0, 120.8]","[1.0, 2.0, 3.5, 1.0, 4.0, 2.0, 3.0, 1.0, 4.0, 1.0, 1.0]","[5, 4, 9, 4, 4, 2, 3, 6, 3, 1, 6]","[5, 5, 9, 9, 9, 3, 2, 6, 2, 2, 6]","[3.0, 1.0, 1.0, 1.0, 1.0, 0.25, 0.25, 1.0, 0.25, 0.5, 2.0]","[6.0, 4.0, 1.0, 2.0, 1.0, 1.0, 0.75, 1.0, 0.5, 3.0, 2.0]","[0, 0, 0, 0, 0, 0, 0, 0, 0, 0, 0]",2005-03-11 11:00,36.0,2,1.0,103.0,1.0,3.0,80.0,"[256.98334707923954, 86.0, 140.0]","[(256.98334707923954, 90.0), (86.0, 87.99999999999997), (140.0, 2.0000000000000284)]",1.0,2,3,"[9.0, 8.799999999999997, 0.20000000000000284]","[256.98334707923954, 86.0, 140.0]"
55850,"[51.0, 11.0, 17.0, 22.0, 5.0, 1.0, 19.0, 5.0, 5.0, 1.0, 1.0, 1.0, 32.0]","[272.5, 196.75, 278.73334707923954, 241.75, 250.0, 278.73334707923954, 176.55269941693467, 272.9777961056527, 181.06998247500167, 167.40359922257957, 167.40359922257957, 202.0738495144293, 101.0]",4,5.0,"[1.0, 19.0, 5.0, 5.0, 1.0, 1.0, 1.0, 32.0]","[51.0, 62.0, 79.0, 101.0, 106.0, 107.0, 126.0, 131.0, 136.0, 137.0, 138.0, 139.0, 171.0]","[0.0, 51.0, 62.0, 79.0, 101.0, 106.0, 107.0, 126.0, 131.0, 136.0, 137.0, 138.0, 139.0]","[3.5, 2.0, 4.0, 3.0, 3.0, 4.0, 2.0, 4.0, 2.5, 2.0, 2.0, 3.0, 1.0]","[5, 4, 3, 4, 4, 3, 3, 3, 3, 3, 3, 3, 2]","[5, 9, 4, 9, 4, 4, 4, 3, 3, 3, 3, 3, 2]","[4.0, 2.0, 0.5, 2.0, 1.0, 0.5, 0.5, 0.5, 0.25, 0.5, 0.5, 0.25, 0.5]","[4.0, 3.0, 1.5, 2.0, 2.0, 1.5, 1.5, 0.5, 0.5, 0.5, 0.5, 0.5, 1.0]","[0, 0, 0, 0, 0, 0, 0, 0, 0, 0, 0, 0, 0]",2009-03-07 14:30,32.0,3,1.0,106.0,1.0,3.0,100.9123351677189,"[278.73334707923954, 176.55269941693467, 272.9777961056527, 181.06998247500167, 167.40359922257957, 167.40359922257957, 202.0738495144293, 101.0]","[(278.73334707923954, 10.0), (176.55269941693467, 190.0), (272.9777961056527, 50.0), (181.06998247500167, 50.0), (167.40359922257957, 10.0), (167.40359922257957, 10.0), (202.0738495144293, 10.0), (101.0, 320.0)]",1.0,2,8,"[1.0, 19.0, 5.0, 5.0, 1.0, 1.0, 1.0, 32.0]","[278.73334707923954, 176.55269941693467, 272.9777961056527, 181.06998247500167, 167.40359922257957, 167.40359922257957, 202.0738495144293, 101.0]"
56850,"[70.0, 8.0, 12.0, 15.0, 5.0, 10.0, 2.0, 8.0, 22.0, 13.0, 10.0, 9.0, 1.0]","[248.0, 292.25, 292.25, 184.0, 296.0, 278.73334707923954, 292.25, 272.9777961056527, 248.0, 202.0738495144293, 296.0, 278.73334707923954, 342.0]",9,13.0,"[10.0, 9.0, 1.0]","[70.0, 78.0, 90.0, 105.0, 110.0, 120.0, 122.0, 130.0, 152.0, 165.0, 175.0, 184.0, 185.0]","[0.0, 70.0, 78.0, 90.0, 105.0, 110.0, 120.0, 122.0, 130.0, 152.0, 165.0, 175.0, 184.0]","[3.0, 5.0, 3.0, 2.0, 4.0, 4.0, 5.0, 4.0, 3.0, 3.0, 4.0, 4.0, 5.0]","[7, 7, 7, 7, 4, 3, 7, 3, 7, 3, 4, 3, 4]","[7, 7, 7, 7, 4, 4, 7, 3, 7, 3, 4, 4, 4]","[1.0, 1.0, 1.0, 1.0, 1.0, 0.5, 1.0, 0.5, 1.0, 0.5, 1.0, 1.0, 1.0]","[2.0, 2.0, 2.0, 1.0, 1.0, 0.5, 2.0, 0.5, 1.0, 0.5, 2.0, 2.0, 1.0]","[0, 1, 1, 0, 0, 0, 1, 0, 0, 0, 0, 0, 0]",2009-03-15 09:30,40.0,3,1.0,165.0,1.0,3.0,100.9123351677189,"[296.0, 278.73334707923954, 342.0]","[(296.0, 100.0), (278.73334707923954, 90.0), (342.0, 10.0)]",1.0,2,3,"[10.0, 9.0, 1.0]","[296.0, 278.73334707923954, 342.0]"
5772,"[10.0, 18.0, 14.0, 25.0, 20.0]","[171.0, 192.55248685625125, 174.55248685625125, 119.0, 101.0]",1,18.0,"[14.0, 25.0, 20.0]","[10.0, 28.0, 42.0, 67.0, 87.0]","[0.0, 10.0, 28.0, 42.0, 67.0]","[1.0, 2.5, 2.5, 1.5, 1.0]","[4, 3, 3, 2, 2]","[5, 4, 2, 2, 2]","[2.0, 0.5, 0.5, 1.0, 1.0]","[4.0, 2.0, 0.5, 1.0, 1.0]","[0, 0, 0, 0, 0]",2004-12-27 11:00,36.0,3,1.0,28.0,1.0,3.5,100.9123351677189,"[174.55248685625125, 119.0, 101.0]","[(174.55248685625125, 140.0), (119.0, 250.0), (101.0, 200.0)]",1.0,2,3,"[14.0, 25.0, 20.0]","[174.55248685625125, 119.0, 101.0]"
58070,"[39.0, 17.0, 30.0, 9.0, 14.0, 6.0, 8.0, 2.0, 5.0, 8.0, 1.0, 8.0, 3.0]","[273.0, 250.0, 319.0, 227.0, 211.75, 222.5, 191.375, 250.0, 204.0, 250.0, 204.0, 227.0, 250.0]",11,8.0,[3.0],"[39.0, 56.0, 86.0, 95.0, 109.0, 115.0, 123.0, 125.0, 130.0, 138.0, 139.0, 147.0, 150.0]","[0.0, 39.0, 56.0, 86.0, 95.0, 109.0, 115.0, 123.0, 125.0, 130.0, 138.0, 139.0, 147.0]","[3.5, 3.0, 4.5, 2.5, 2.0, 1.5, 1.5, 3.0, 2.0, 3.0, 2.0, 2.5, 3.0]","[4, 4, 4, 4, 4, 5, 4, 4, 4, 4, 4, 4, 4]","[4, 4, 4, 4, 5, 5, 5, 4, 4, 4, 4, 4, 4]","[1.0, 1.5, 0.8, 2.0, 3.0, 3.0, 2.0, 1.5, 1.2, 1.0, 1.0, 1.2, 1.0]","[2.0, 2.0, 1.2, 2.5, 4.0, 4.0, 3.0, 2.0, 1.2, 1.5, 2.0, 1.2, 1.0]","[0, 0, 0, 0, 0, 0, 0, 0, 0, 0, 0, 0, 0]",2009-03-27 10:00,35.0,2,3.0,147.0,1.0,3.0,80.0,[250.0],"[(250.0, 30.0)]",1.0,2,1,[3.0],[250.0]
5842,"[7.0, 36.0, 2.0, 10.0, 10.0, 21.0]","[274.375, 171.0, 250.0, 158.0, 129.10395559732385, 86.0]",3,10.0,"[10.0, 21.0]","[7.0, 43.0, 45.0, 55.0, 65.0, 86.0]","[0.0, 7.0, 43.0, 45.0, 55.0, 65.0]","[3.5, 1.0, 3.0, 1.0, 1.5, 1.0]","[5, 4, 4, 4, 2, 1]","[7, 5, 4, 4, 3, 2]","[1.0, 1.0, 0.5, 0.5, 0.25, 0.5]","[3.0, 5.0, 1.0, 1.5, 0.5, 1.0]","[0, 0, 0, 0, 0, 0]",2005-01-21 15:00,31.0,1,1.0,55.0,1.0,3.0,0.0,"[129.10395559732385, 86.0]","[(129.10395559732385, 100.0), (86.0, 210.0)]",1.0,2,2,"[10.0, 21.0]","[129.10395559732385, 86.0]"
5843,"[12.0, 53.0, 16.0, 3.0, 16.0]","[304.6875, 122.0, 191.0, 122.0, 191.0]",3,3.0,[16.0],"[12.0, 65.0, 81.0, 84.0, 100.0]","[0.0, 12.0, 65.0, 81.0, 84.0]","[5.0, 2.0, 3.5, 2.0, 3.5]","[7, 1, 2, 1, 2]","[4, 2, 2, 2, 2]","[0.0, 0.0, 0.0, 0.0, 0.0]","[0.0, 0.0, 0.0, 0.0, 0.0]","[1, 0, 0, 0, 0]",2005-01-25 13:00,37.0,3,1.0,84.0,1.0,3.0,100.9123351677189,[191.0],"[(191.0, 160.0)]",1.0,2,1,[16.0],[191.0]
5946,"[19.0, 10.0, 13.0, 16.0, 8.0, 2.0, 3.0, 23.0, 6.0, 1.0, 47.0, 2.0, 5.0, 7.0, 9.0]","[210.0, 262.9375, 190.75, 190.75, 204.0, 250.0, 144.5, 268.25, 204.0, 140.0, 202.0738495144293, 169.30269941693467, 155.51, 159.41582238929536, 81.0]",9,1.0,"[47.0, 2.0, 5.0, 7.0, 9.0]","[19.0, 29.0, 42.0, 58.0, 66.0, 68.0, 71.0, 94.0, 100.0, 101.0, 148.0, 150.0, 155.0, 162.0, 171.0]","[0.0, 19.0, 29.0, 42.0, 58.0, 66.0, 68.0, 71.0, 94.0, 100.0, 101.0, 148.0, 150.0, 155.0, 162.0]","[1.0, 2.0, 1.0, 1.0, 2.0, 3.0, 1.0, 4.0, 2.0, 1.0, 3.0, 2.0, 1.0, 1.5, 1.0]","[5, 7, 5, 5, 4, 4, 6, 9, 4, 6, 3, 3, 3, 3, 1]","[5, 9, 9, 9, 4, 4, 4, 4, 4, 6, 3, 9, 3, 3, 1]","[0.5, 0.5, 0.5, 0.5, 0.25, 0.5, 0.5, 0.5, 0.5, 0.5, 0.25, 0.5, 0.25, 0.25, 0.5]","[5.0, 1.0, 1.5, 2.0, 1.0, 0.5, 2.0, 1.5, 1.5, 1.5, 0.25, 0.5, 0.25, 0.5, 1.5]","[0, 1, 0, 0, 0, 0, 0, 0, 0, 0, 0, 0, 0, 0, 0]",2006-02-26 12:30,37.0,5,2.0,101.0,3.0,1.0,197.7469839309005,"[202.0738495144293, 169.30269941693467, 155.51, 159.41582238929536, 81.0]","[(202.0738495144293, 470.0), (169.30269941693467, 20.0), (155.51, 50.0), (159.41582238929536, 70.0), (81.0, 90.0)]",3.0,2,5,"[47.0, 2.0, 5.0, 7.0, 9.0]","[202.0738495144293, 169.30269941693467, 155.51, 159.41582238929536, 81.0]"
5951,"[11.0, 10.0, 1.0, 9.0, 3.0, 44.0, 7.0, 7.0, 11.0, 3.0, 2.0, 8.0, 8.0, 4.0, 10.0, 6.0]","[210.0, 152.25, 296.0, 202.0738495144293, 250.0, 167.40359922257957, 250.0, 167.40359922257957, 167.40359922257957, 182.25, 155.51, 182.25, 177.25, 146.6325, 146.6325, 101.0]",12,8.0,"[4.0, 10.0, 6.0]","[11.0, 21.0, 22.0, 31.0, 34.0, 78.0, 85.0, 92.0, 103.0, 106.0, 108.0, 116.0, 124.0, 128.0, 138.0, 144.0]","[0.0, 11.0, 21.0, 22.0, 31.0, 34.0, 78.0, 85.0, 92.0, 103.0, 106.0, 108.0, 116.0, 124.0, 128.0, 138.0]","[1.0, 1.0, 4.0, 3.0, 3.0, 2.0, 3.0, 2.0, 2.0, 2.0, 1.0, 2.0, 2.0, 1.0, 1.0, 1.0]","[5, 9, 4, 3, 4, 3, 4, 3, 3, 9, 3, 9, 9, 3, 3, 2]","[5, 5, 4, 3, 4, 3, 4, 3, 3, 4, 3, 4, 7, 7, 7, 2]","[0.5, 0.5, 0.5, 0.25, 0.5, 0.5, 0.5, 0.5, 0.5, 0.5, 0.25, 0.5, 0.25, 0.25, 0.5, 0.25]","[4.0, 0.5, 1.5, 0.25, 1.0, 2.0, 1.0, 1.0, 0.5, 1.5, 0.5, 1.5, 1.0, 0.5, 0.5, 0.5]","[0, 0, 0, 0, 0, 0, 0, 0, 0, 0, 0, 0, 0, 0, 0, 0]",2006-04-02 11:30,39.0,4,2.0,124.0,3.0,1.0,131.83132262060033,"[146.6325, 146.6325, 101.0]","[(146.6325, 40.0), (146.6325, 100.0), (101.0, 60.0)]",3.0,2,3,"[4.0, 10.0, 6.0]","[146.6325, 146.6325, 101.0]"
59630,"[14.0, 14.0, 22.0, 9.0, 29.0, 33.0, 2.0, 18.0, 6.0, 5.0, 2.0]","[181.0, 273.0, 250.0, 204.0, 273.0, 227.25, 293.1875, 227.0, 204.0, 194.8508998056449, 181.0]",6,2.0,"[18.0, 6.0, 5.0, 2.0]","[14.0, 28.0, 50.0, 59.0, 88.0, 121.0, 123.0, 141.0, 147.0, 152.0, 154.0]","[0.0, 14.0, 28.0, 50.0, 59.0, 88.0, 121.0, 123.0, 141.0, 147.0, 152.0]","[1.5, 3.5, 3.0, 2.0, 3.5, 2.0, 4.0, 2.5, 2.0, 2.0, 1.5]","[4, 4, 4, 4, 4, 5, 7, 4, 4, 4, 4]","[4, 4, 4, 4, 4, 4, 4, 4, 4, 3, 4]","[1.0, 1.5, 2.0, 2.0, 1.5, 2.0, 1.0, 1.5, 0.5, 0.3, 1.0]","[1.0, 1.5, 2.0, 2.0, 1.5, 2.0, 1.5, 2.0, 0.5, 1.0, 1.0]","[0, 0, 0, 0, 0, 0, 1, 0, 0, 0, 0]",2009-04-07 09:45,35.0,6,3.0,123.0,3.0,1.0,439.4377420686678,"[227.0, 204.0, 194.8508998056449, 181.0]","[(227.0, 180.0), (204.0, 60.0), (194.8508998056449, 50.0), (181.0, 20.0)]",3.0,2,4,"[18.0, 6.0, 5.0, 2.0]","[227.0, 204.0, 194.8508998056449, 181.0]"
5974,"[14.0, 20.0, 31.0, 9.0, 1.0, 7.0, 1.0, 0.5]","[212.125, 273.0, 171.0, 181.0, 250.0, 158.0, 238.01846237860732, 140.0]",1,20.0,"[31.0, 9.0, 1.0, 7.0, 1.0, 0.5]","[14.0, 34.0, 65.0, 74.0, 75.0, 82.0, 83.0, 83.5]","[0.0, 14.0, 34.0, 65.0, 74.0, 75.0, 82.0, 83.0]","[1.5, 3.5, 1.0, 1.5, 3.0, 1.0, 3.0, 1.0]","[5, 4, 4, 4, 4, 4, 4, 6]","[4, 4, 5, 4, 4, 4, 3, 6]","[1.0, 0.5, 1.0, 0.5, 0.5, 0.5, 0.25, 0.5]","[7.0, 1.5, 2.0, 1.0, 1.5, 1.5, 0.5, 1.5]","[0, 0, 0, 0, 0, 0, 0, 0]",2006-01-15 11:20,37.0,5,2.0,34.0,3.0,1.0,197.7469839309005,"[171.0, 181.0, 250.0, 158.0, 238.01846237860732, 140.0]","[(171.0, 310.0), (181.0, 90.0), (250.0, 10.0), (158.0, 70.0), (238.01846237860732, 10.0), (140.0, 5.0)]",3.0,2,6,"[31.0, 9.0, 1.0, 7.0, 1.0, 0.5]","[171.0, 181.0, 250.0, 158.0, 238.01846237860732, 140.0]"
5977,"[16.0, 17.0, 45.0, 11.0, 1.0, 10.0, 19.0]","[296.0, 250.0, 286.75, 213.26846237860732, 272.9777961056527, 181.06998247500167, 272.9777961056527]",5,10.0,[19.0],"[16.0, 33.0, 78.0, 89.0, 90.0, 100.0, 119.0]","[0.0, 16.0, 33.0, 78.0, 89.0, 90.0, 100.0]","[4.0, 3.0, 4.0, 3.0, 4.0, 2.5, 4.0]","[4, 4, 4, 9, 3, 3, 3]","[4, 4, 9, 3, 3, 3, 3]","[0.5, 1.0, 0.5, 0.25, 0.25, 0.25, 0.25]","[2.0, 2.0, 1.0, 1.0, 0.5, 0.25, 0.25]","[0, 0, 0, 0, 0, 0, 0]",2006-01-31 10:30,35.0,4,2.0,100.0,3.0,1.0,131.83132262060033,[272.9777961056527],"[(272.9777961056527, 190.0)]",3.0,2,1,[19.0],[272.9777961056527]
5978,"[35.0, 27.0, 5.0, 1.0, 25.0, 9.0, 8.0, 6.0, 8.0, 5.0, 25.0]","[232.12522605741117, 326.42346393368337, 175.0, 292.25, 196.75, 272.9777961056527, 169.30269941693467, 202.0738495144293, 159.41582238929536, 326.42346393368337, 114.6275]",6,8.0,"[6.0, 8.0, 5.0, 25.0]","[35.0, 62.0, 67.0, 68.0, 93.0, 102.0, 110.0, 116.0, 124.0, 129.0, 154.0]","[0.0, 35.0, 62.0, 67.0, 68.0, 93.0, 102.0, 110.0, 116.0, 124.0, 129.0]","[3.5, 4.5, 2.0, 5.0, 2.0, 4.0, 2.0, 3.0, 1.5, 4.5, 1.0]","[3, 3, 9, 7, 4, 3, 3, 3, 3, 3, 2]","[3, 3, 9, 7, 9, 3, 9, 3, 3, 3, 3]","[0.5, 0.5, 0.5, 1.0, 0.5, 0.25, 0.25, 0.25, 0.25, 0.25, 0.25]","[1.0, 1.0, 1.5, 3.0, 1.0, 0.5, 1.0, 0.5, 0.5, 0.25, 1.0]","[0, 0, 0, 1, 0, 0, 0, 0, 0, 0, 0]",2006-02-13 10:00,42.0,4,3.0,110.0,3.0,1.0,131.83132262060033,"[202.0738495144293, 159.41582238929536, 326.42346393368337, 114.6275]","[(202.0738495144293, 60.0), (159.41582238929536, 80.0), (326.42346393368337, 50.0), (114.6275, 250.0)]",3.0,2,4,"[6.0, 8.0, 5.0, 25.0]","[202.0738495144293, 159.41582238929536, 326.42346393368337, 114.6275]"
5979,"[20.0, 24.0, 4.0, 4.0, 1.0, 21.0, 8.0, 1.0, 1.0]","[171.0, 273.0, 174.25, 241.75, 292.25, 202.0738495144293, 167.40359922257957, 140.0, 81.0]",-1,20.0,"[24.0, 4.0, 4.0, 1.0, 21.0, 8.0, 1.0, 1.0]","[20.0, 44.0, 48.0, 52.0, 53.0, 74.0, 82.0, 83.0, 84.0]","[0.0, 20.0, 44.0, 48.0, 52.0, 53.0, 74.0, 82.0, 83.0]","[1.0, 3.5, 1.5, 3.0, 4.5, 3.0, 2.0, 1.5, 1.0]","[4, 4, 4, 4, 7, 3, 3, 6, 1]","[5, 4, 9, 9, 7, 3, 3, 6, 1]","[1.0, 1.0, 1.0, 0.5, 0.5, 0.25, 0.25, 0.5, 1.0]","[3.0, 2.0, 2.0, 1.5, 0.5, 0.25, 0.25, 2.5, 1.0]","[0, 0, 0, 0, 1, 0, 0, 0, 0]",2006-02-28 11:15,38.0,4,2.0,0.0,3.0,1.0,131.83132262060033,"[273.0, 174.25, 241.75, 292.25, 202.0738495144293, 167.40359922257957, 140.0, 81.0]","[(273.0, 240.0), (174.25, 40.0), (241.75, 40.0), (292.25, 10.0), (202.0738495144293, 210.0), (167.40359922257957, 80.0), (140.0, 10.0), (81.0, 10.0)]",3.0,2,8,"[24.0, 4.0, 4.0, 1.0, 21.0, 8.0, 1.0, 1.0]","[273.0, 174.25, 241.75, 292.25, 202.0738495144293, 167.40359922257957, 140.0, 81.0]"
60070,"[35.0, 25.0, 35.0, 30.0, 24.0, 1.0, 17.0, 9.0, 3.0, 5.0, 2.5, 0.5]","[222.25, 211.0, 187.5, 218.75, 222.25, 248.5, 192.55248685625125, 169.30269941693467, 292.25, 196.75, 152.0, 264.4375]",4,24.0,"[1.0, 17.0, 9.0, 3.0, 5.0, 2.5, 0.5]","[35.0, 60.0, 95.0, 125.0, 149.0, 150.0, 167.0, 176.0, 179.0, 184.0, 186.5, 187.0]","[0.0, 35.0, 60.0, 95.0, 125.0, 149.0, 150.0, 167.0, 176.0, 179.0, 184.0, 186.5]","[2.0, 2.5, 1.0, 2.5, 2.0, 3.0, 2.5, 2.0, 2.5, 2.0, 1.5, 1.5]","[5, 7, 5, 7, 5, 7, 3, 3, 7, 7, 7, 7]","[7, 9, 7, 4, 7, 4, 4, 9, 7, 5, 7, 4]","[2.0, 1.0, 2.0, 1.0, 1.0, 1.0, 0.5, 0.5, 1.0, 1.0, 1.5, 1.0]","[4.0, 2.5, 3.0, 3.0, 2.0, 2.0, 0.5, 1.0, 2.0, 2.0, 2.5, 2.5]","[0, 0, 0, 0, 0, 0, 0, 0, 1, 0, 0, 1]",2009-04-14 16:00,32.0,6,3.0,149.0,3.0,1.0,439.4377420686678,"[248.5, 192.55248685625125, 169.30269941693467, 292.25, 196.75, 152.0, 264.4375]","[(248.5, 10.0), (192.55248685625125, 170.0), (169.30269941693467, 90.0), (292.25, 30.0), (196.75, 50.0), (152.0, 25.0), (264.4375, 5.0)]",3.0,2,7,"[1.0, 17.0, 9.0, 3.0, 5.0, 2.5, 0.5]","[248.5, 192.55248685625125, 169.30269941693467, 292.25, 196.75, 152.0, 264.4375]"
60670,"[3.0, 12.0, 167.0, 2.0, 30.0, 33.0, 4.0, 47.0, 5.0, 9.0]","[318.0, 248.0, 248.0, 248.0, 248.0, 248.0, 184.0, 184.0, 120.0, 248.5]",8,5.0,[9.0],"[3.0, 15.0, 182.0, 184.0, 214.0, 247.0, 251.0, 298.0, 303.0, 312.0]","[0.0, 3.0, 15.0, 182.0, 184.0, 214.0, 247.0, 251.0, 298.0, 303.0]","[5.0, 3.0, 3.0, 3.0, 3.0, 3.0, 2.0, 2.0, 1.0, 3.0]","[5, 7, 7, 7, 7, 7, 7, 7, 7, 7]","[4, 7, 7, 7, 7, 7, 7, 7, 7, 4]","[3.0, 3.0, 2.0, 2.0, 2.0, 2.0, 2.0, 2.0, 4.0, 2.0]","[4.0, 4.0, 3.0, 2.0, 2.0, 3.0, 3.0, 3.0, 4.0, 2.0]","[0, 0, 0, 0, 0, 0, 0, 0, 0, 0]",2009-04-21 11:00,34.0,5,2.0,303.0,3.0,1.0,197.7469839309005,[248.5],"[(248.5, 90.0)]",3.0,2,1,[9.0],[248.5]
60671,"[3.0, 12.0, 167.0, 2.0, 30.0, 33.0, 4.0, 47.0, 5.0, 9.0]","[318.0, 248.0, 248.0, 248.0, 248.0, 248.0, 248.0, 184.0, 120.0, 248.0]",8,5.0,[9.0],"[3.0, 15.0, 182.0, 184.0, 214.0, 247.0, 251.0, 298.0, 303.0, 312.0]","[0.0, 3.0, 15.0, 182.0, 184.0, 214.0, 247.0, 251.0, 298.0, 303.0]","[5.0, 3.0, 3.0, 3.0, 3.0, 3.0, 3.0, 2.0, 1.0, 3.0]","[5, 7, 7, 7, 7, 7, 7, 7, 7, 7]","[4, 7, 7, 7, 7, 7, 7, 7, 7, 7]","[3.0, 3.0, 2.0, 2.0, 2.0, 2.0, 2.0, 3.0, 3.0, 2.0]","[4.0, 4.0, 3.0, 2.0, 2.0, 3.0, 3.0, 3.0, 4.0, 3.0]","[0, 0, 0, 0, 0, 0, 0, 0, 0, 0]",2009-04-21 11:00,34.0,5,2.0,303.0,3.0,1.0,197.7469839309005,[248.0],"[(248.0, 90.0)]",3.0,2,1,[9.0],[248.0]
6070,"[6.0, 29.0, 16.0, 14.0, 34.900000000000006, 0.09999999999999432, 30.0, 10.0, 8.0]","[210.0, 227.0, 232.12522605741117, 180.26846237860732, 137.0, 140.0, 137.0, 114.0, 81.0]",6,30.0,"[10.0, 8.0]","[6.0, 35.0, 51.0, 65.0, 99.9, 100.0, 130.0, 140.0, 148.0]","[0.0, 6.0, 35.0, 51.0, 65.0, 99.9, 100.0, 130.0, 140.0]","[1.0, 2.5, 3.5, 3.0, 2.0, 1.0, 2.0, 1.5, 1.0]","[5, 4, 3, 2, 2, 6, 2, 2, 1]","[5, 4, 3, 3, 2, 6, 2, 1, 1]","[3.0, 1.0, 0.5, 0.5, 0.7, 2.0, 0.7, 1.0, 2.0]","[5.0, 1.5, 0.5, 1.0, 1.0, 2.0, 1.0, 1.0, 2.0]","[0, 0, 0, 0, 0, 0, 0, 0, 0]",2006-03-03 12:45,33.0,2,2.0,130.0,1.0,3.0,80.0,"[114.0, 81.0]","[(114.0, 100.0), (81.0, 80.0)]",1.0,2,2,"[10.0, 8.0]","[114.0, 81.0]"
6166,"[10.0, 5.0, 6.0, 37.0, 4.0, 2.0]","[289.1875, 197.0, 164.8118667919715, 144.6008998056449, 194.80538713582197, 81.0]",1,5.0,"[6.0, 37.0, 4.0, 2.0]","[10.0, 15.0, 21.0, 58.0, 62.0, 64.0]","[0.0, 10.0, 15.0, 21.0, 58.0, 62.0]","[4.5, 1.0, 1.5, 2.0, 3.0, 1.0]","[7, 5, 3, 2, 3, 1]","[9, 4, 4, 3, 2, 1]","[1.0, 2.0, 0.25, 0.25, 0.25, 2.0]","[2.0, 4.0, 1.0, 1.0, 0.5, 2.0]","[1, 0, 0, 0, 0, 0]",2005-12-13 10:10,34.0,2,1.0,15.0,1.0,3.0,80.0,"[164.8118667919715, 144.6008998056449, 194.80538713582197, 81.0]","[(164.8118667919715, 60.0), (144.6008998056449, 370.0), (194.80538713582197, 40.0), (81.0, 20.0)]",1.0,2,4,"[6.0, 37.0, 4.0, 2.0]","[164.8118667919715, 144.6008998056449, 194.80538713582197, 81.0]"
6224,"[18.0, 25.0, 2.0, 13.0, 2.0, 30.0, 10.0, 1.0, 2.0, 49.0]","[367.5, 296.0, 367.5, 308.0, 304.6875, 225.25, 311.25, 202.0738495144293, 367.5, 173.0]",8,2.0,[49.0],"[18.0, 43.0, 45.0, 58.0, 60.0, 90.0, 100.0, 101.0, 103.0, 152.0]","[0.0, 18.0, 43.0, 45.0, 58.0, 60.0, 90.0, 100.0, 101.0, 103.0]","[5.0, 4.0, 5.0, 4.0, 5.0, 3.0, 5.0, 3.0, 5.0, 3.0]","[7, 4, 7, 7, 7, 9, 9, 3, 7, 2]","[4, 4, 4, 4, 4, 4, 4, 3, 4, 2]","[1.0, 1.0, 1.0, 1.0, 1.0, 1.0, 1.0, 0.2, 1.0, 0.4]","[2.0, 1.5, 2.5, 1.0, 1.5, 1.5, 2.0, 0.4, 2.0, 0.6]","[0, 0, 0, 0, 1, 0, 0, 0, 0, 0]",2006-02-19 11:46,35.0,2,1.0,103.0,1.0,3.0,80.0,[173.0],"[(173.0, 490.0)]",1.0,2,1,[49.0],[173.0]
6397,"[5.0, 23.0, 1.0, 9.0, 32.0, 1.0, 9.0, 58.5, 0.5]","[252.5, 296.0, 292.25, 250.0, 250.0, 292.25, 158.0, 167.40359922257957, 292.25]",6,9.0,"[58.5, 0.5]","[5.0, 28.0, 29.0, 38.0, 70.0, 71.0, 80.0, 138.5, 139.0]","[0.0, 5.0, 28.0, 29.0, 38.0, 70.0, 71.0, 80.0, 138.5]","[3.0, 4.0, 3.0, 3.0, 3.0, 3.0, 1.0, 2.0, 3.0]","[4, 4, 7, 4, 4, 7, 4, 3, 7]","[5, 4, 7, 4, 4, 7, 4, 3, 7]","[1.0, 1.0, 1.0, 1.0, 1.0, 2.0, 1.0, 0.5, 2.0]","[2.0, 1.5, 3.0, 1.5, 2.0, 3.0, 1.5, 1.0, 3.0]","[0, 0, 1, 0, 0, 1, 0, 0, 1]",2006-01-31 09:30,30.0,3,1.0,80.0,1.0,3.0,100.9123351677189,"[167.40359922257957, 292.25]","[(167.40359922257957, 585.0), (292.25, 5.0)]",1.0,2,2,"[58.5, 0.5]","[167.40359922257957, 292.25]"
6502,"[7.0, 30.0, 13.0, 12.0, 4.0, 2.0, 14.0, 15.0]","[210.0, 250.0, 250.0, 204.0, 156.1325, 272.9777961056527, 180.26846237860732, 180.26846237860732]",3,12.0,"[4.0, 2.0, 14.0, 15.0]","[7.0, 37.0, 50.0, 62.0, 66.0, 68.0, 82.0, 97.0]","[0.0, 7.0, 37.0, 50.0, 62.0, 66.0, 68.0, 82.0]","[1.0, 3.0, 3.0, 2.0, 1.0, 4.0, 3.0, 3.0]","[5, 4, 4, 4, 3, 3, 2, 2]","[5, 4, 4, 4, 4, 3, 3, 3]","[2.0, 1.5, 1.0, 0.5, 0.5, 0.5, 0.3, 0.5]","[3.0, 2.0, 2.0, 1.0, 1.0, 0.5, 0.5, 0.8]","[0, 0, 0, 0, 0, 0, 0, 0]",2006-01-20 11:15,36.0,2,1.0,62.0,1.0,3.0,80.0,"[156.1325, 272.9777961056527, 180.26846237860732, 180.26846237860732]","[(156.1325, 40.0), (272.9777961056527, 20.0), (180.26846237860732, 140.0), (180.26846237860732, 150.0)]",1.0,2,4,"[4.0, 2.0, 14.0, 15.0]","[156.1325, 272.9777961056527, 180.26846237860732, 180.26846237860732]"
6671,"[10.0, 12.0, 16.0, 52.0, 5.0, 19.0, 6.0, 20.0, 1.0]","[210.0, 260.0, 235.0, 259.0, 181.0, 151.75, 272.9777961056527, 104.0, 140.0]",4,5.0,"[19.0, 6.0, 20.0, 1.0]","[10.0, 22.0, 38.0, 90.0, 95.0, 114.0, 120.0, 140.0, 141.0]","[0.0, 10.0, 22.0, 38.0, 90.0, 95.0, 114.0, 120.0, 140.0]","[1.0, 3.0, 2.0, 4.0, 1.5, 1.0, 4.0, 1.5, 1.0]","[5, 5, 5, 9, 4, 4, 3, 1, 6]","[5, 5, 5, 9, 4, 9, 3, 2, 6]","[5.0, 3.0, 2.5, 1.5, 1.0, 1.0, 0.25, 1.0, 0.5]","[6.0, 4.0, 3.0, 2.0, 1.5, 1.5, 0.5, 1.5, 1.0]","[0, 0, 0, 0, 0, 0, 0, 0, 0]",2006-01-30 10:15,40.0,2,1.0,95.0,1.0,3.0,80.0,"[151.75, 272.9777961056527, 104.0, 140.0]","[(151.75, 190.0), (272.9777961056527, 60.0), (104.0, 200.0), (140.0, 10.0)]",1.0,2,4,"[19.0, 6.0, 20.0, 1.0]","[151.75, 272.9777961056527, 104.0, 140.0]"
6675,"[17.0, 12.0, 26.0, 19.0, 7.0, 15.0, 9.0, 10.0, 4.0, 8.5, 0.5, 4.5, 0.5]","[210.0, 222.5, 210.0, 171.0, 250.0, 181.06998247500167, 167.40359922257957, 214.05538713582197, 159.80269941693467, 202.0738495144293, 140.0, 232.12522605741117, 140.0]",1,12.0,"[26.0, 19.0, 7.0, 15.0, 9.0, 10.0, 4.0, 8.5, 0.5, 4.5, 0.5]","[17.0, 29.0, 55.0, 74.0, 81.0, 96.0, 105.0, 115.0, 119.0, 127.5, 128.0, 132.5, 133.0]","[0.0, 17.0, 29.0, 55.0, 74.0, 81.0, 96.0, 105.0, 115.0, 119.0, 127.5, 128.0, 132.5]","[1.0, 1.5, 1.0, 1.0, 3.0, 2.5, 2.0, 3.0, 2.0, 3.0, 1.0, 3.5, 1.0]","[5, 5, 5, 4, 4, 3, 3, 3, 3, 3, 6, 3, 6]","[5, 5, 5, 5, 4, 3, 3, 4, 2, 3, 6, 3, 6]","[5.0, 3.0, 4.0, 2.0, 2.0, 0.25, 0.25, 0.5, 0.5, 0.5, 1.0, 0.25, 1.0]","[6.0, 4.0, 5.0, 2.5, 3.0, 0.25, 0.5, 0.75, 1.0, 1.0, 1.5, 0.5, 1.5]","[0, 0, 0, 0, 0, 0, 0, 0, 0, 0, 0, 0, 0]",2006-03-17 10:30,44.0,3,1.0,53.0,1.0,3.0,100.9123351677189,"[210.0, 171.0, 250.0, 181.06998247500167, 167.40359922257957, 214.05538713582197, 159.80269941693467, 202.0738495144293, 140.0, 232.12522605741117, 140.0]","[(210.0, 260.0), (171.0, 190.0), (250.0, 70.0), (181.06998247500167, 150.0), (167.40359922257957, 90.0), (214.05538713582197, 100.0), (159.80269941693467, 40.0), (202.0738495144293, 85.0), (140.0, 5.0), (232.12522605741117, 45.0), (140.0, 5.0)]",1.0,2,11,"[26.0, 19.0, 7.0, 15.0, 9.0, 10.0, 4.0, 8.5, 0.5, 4.5, 0.5]","[210.0, 171.0, 250.0, 181.06998247500167, 167.40359922257957, 214.05538713582197, 159.80269941693467, 202.0738495144293, 140.0, 232.12522605741117, 140.0]"
6676,"[36.0, 12.0, 18.0, 2.0]","[250.0, 202.0738495144293, 159.41582238929536, 81.0]",-1,,"[36.0, 12.0, 18.0, 2.0]","[36.0, 48.0, 66.0, 68.0]","[0.0, 36.0, 48.0, 66.0]","[3.0, 3.0, 1.5, 1.0]","[4, 3, 3, 1]","[4, 3, 3, 1]","[1.0, 1.0, 0.5, 2.0]","[1.0, 1.0, 1.0, 2.0]","[0, 0, 0, 0]",2005-12-26 15:00,32.0,7,0.0,68.0,3.0,1.0,878.8754841373355,"[250.0, 202.0738495144293, 159.41582238929536, 81.0]","[(250.0, 360.0), (202.0738495144293, 120.0), (159.41582238929536, 180.0), (81.0, 20.0)]",3.0,2,4,"[36.0, 12.0, 18.0, 2.0]","[250.0, 202.0738495144293, 159.41582238929536, 81.0]"
74292,"[16.0, 4.0, 10.0, 37.0, 35.0, 3.0, 15.5, 1.0, 1.5, 15.0]","[248.5, 269.5, 232.12522605741117, 272.9777961056527, 202.0738495144293, 292.25, 159.80269941693467, 156.1325, 292.25, 115.25]",5,3.0,"[15.5, 1.0, 1.5, 15.0]","[16.0, 20.0, 30.0, 67.0, 102.0, 105.0, 120.5, 121.5, 123.0, 138.0]","[0.0, 16.0, 20.0, 30.0, 67.0, 102.0, 105.0, 120.5, 121.5, 123.0]","[3.5, 3.5, 3.5, 4.0, 3.0, 4.5, 2.0, 1.0, 4.0, 1.0]","[9, 7, 3, 3, 3, 7, 3, 3, 7, 2]","[7, 9, 3, 3, 3, 7, 2, 4, 7, 4]","[0.5, 0.5, 0.25, 0.25, 0.25, 1.0, 0.25, 0.5, 0.5, 0.25]","[2.0, 1.5, 0.5, 0.25, 0.5, 1.0, 0.5, 0.5, 1.5, 1.0]","[0, 0, 0, 0, 0, 1, 0, 0, 1, 0]",2009-12-15 11:50,36.0,4,2.0,105.0,3.0,1.0,131.83132262060033,"[159.80269941693467, 156.1325, 292.25, 115.25]","[(159.80269941693467, 155.0), (156.1325, 10.0), (292.25, 15.0), (115.25, 150.0)]",3.0,2,4,"[15.5, 1.0, 1.5, 15.0]","[159.80269941693467, 156.1325, 292.25, 115.25]"
74404,"[30.0, 8.0, 19.0, 23.0, 12.0, 22.0, 9.0, 10.0]","[222.5, 217.0, 296.0, 227.0, 272.9777961056527, 176.55269941693467, 167.40359922257957, 141.8825]",5,22.0,"[9.0, 10.0]","[30.0, 38.0, 57.0, 80.0, 92.0, 114.0, 123.0, 133.0]","[0.0, 30.0, 38.0, 57.0, 80.0, 92.0, 114.0, 123.0]","[1.5, 3.0, 4.0, 2.5, 4.0, 2.0, 2.0, 1.0]","[5, 9, 4, 4, 3, 3, 3, 3]","[5, 9, 4, 4, 3, 4, 3, 2]","[2.0, 2.0, 1.5, 1.0, 0.25, 0.5, 0.25, 0.5]","[3.0, 2.0, 1.5, 1.5, 0.25, 1.0, 0.5, 0.5]","[0, 0, 0, 0, 0, 0, 0, 0]",2010-01-05 11:29,38.0,3,1.0,114.0,1.0,3.0,100.9123351677189,"[167.40359922257957, 141.8825]","[(167.40359922257957, 90.0), (141.8825, 100.0)]",1.0,2,2,"[9.0, 10.0]","[167.40359922257957, 141.8825]"
74431,"[15.0, 49.0, 10.0, 9.0, 5.0, 11.0, 14.0, 13.0, 9.0]","[235.0, 227.0, 296.0, 326.42346393368337, 238.01846237860732, 202.0738495144293, 181.06998247500167, 159.80269941693467, 81.0]",3,9.0,"[5.0, 11.0, 14.0, 13.0, 9.0]","[15.0, 64.0, 74.0, 83.0, 88.0, 99.0, 113.0, 126.0, 135.0]","[0.0, 15.0, 64.0, 74.0, 83.0, 88.0, 99.0, 113.0, 126.0]","[2.0, 2.5, 4.0, 4.5, 3.0, 3.0, 2.5, 2.0, 1.0]","[5, 4, 4, 3, 4, 3, 3, 3, 1]","[5, 4, 4, 3, 3, 3, 3, 2, 1]","[3.0, 1.5, 0.5, 0.25, 0.5, 0.25, 0.25, 0.5, 2.0]","[3.0, 2.0, 0.5, 0.25, 1.0, 0.25, 0.25, 0.5, 2.0]","[0, 0, 0, 0, 0, 0, 0, 0, 0]",2010-01-09 11:50,34.0,2,1.0,83.0,1.0,3.0,80.0,"[238.01846237860732, 202.0738495144293, 181.06998247500167, 159.80269941693467, 81.0]","[(238.01846237860732, 50.0), (202.0738495144293, 110.0), (181.06998247500167, 140.0), (159.80269941693467, 130.0), (81.0, 90.0)]",1.0,2,5,"[5.0, 11.0, 14.0, 13.0, 9.0]","[238.01846237860732, 202.0738495144293, 181.06998247500167, 159.80269941693467, 81.0]"
74557,"[37.0, 25.0, 3.0, 57.0, 19.0, 28.0, 4.0, 5.0, 2.0]","[250.0, 250.0, 296.0, 225.25, 259.0, 158.0, 167.40359922257957, 101.0, 81.0]",-1,,"[37.0, 25.0, 3.0, 57.0, 19.0, 28.0, 4.0, 5.0, 2.0]","[37.0, 62.0, 65.0, 122.0, 141.0, 169.0, 173.0, 178.0, 180.0]","[0.0, 37.0, 62.0, 65.0, 122.0, 141.0, 169.0, 173.0, 178.0]","[3.0, 3.0, 4.0, 3.0, 4.0, 1.0, 2.0, 1.0, 1.0]","[4, 4, 4, 9, 9, 4, 3, 2, 1]","[4, 4, 4, 4, 9, 4, 3, 2, 1]","[2.0, 1.5, 1.0, 1.0, 0.5, 1.0, 0.5, 0.5, 2.0]","[2.0, 2.0, 1.0, 1.5, 0.5, 2.0, 0.75, 1.0, 2.0]","[0, 0, 0, 0, 0, 0, 0, 0, 0]",2010-01-26 13:30,33.0,7,0.0,180.0,3.0,1.0,878.8754841373355,"[250.0, 250.0, 296.0, 225.25, 259.0, 158.0, 167.40359922257957, 101.0, 81.0]","[(250.0, 370.0), (250.0, 250.0), (296.0, 30.0), (225.25, 570.0), (259.0, 190.0), (158.0, 280.0), (167.40359922257957, 40.0), (101.0, 50.0), (81.0, 20.0)]",3.0,2,9,"[37.0, 25.0, 3.0, 57.0, 19.0, 28.0, 4.0, 5.0, 2.0]","[250.0, 250.0, 296.0, 225.25, 259.0, 158.0, 167.40359922257957, 101.0, 81.0]"
74635,"[94.0, 2.0, 4.0, 13.0]","[217.0, 342.0, 342.0, 137.0]",1,2.0,"[4.0, 13.0]","[94.0, 96.0, 100.0, 113.0]","[0.0, 94.0, 96.0, 100.0]","[3.0, 5.0, 5.0, 2.0]","[9, 4, 4, 2]","[9, 4, 4, 2]","[1.0, 0.5, 0.3, 0.5]","[2.0, 1.0, 0.5, 1.0]","[0, 0, 0, 0]",2010-01-31 13:00,30.0,2,1.0,96.0,1.0,3.0,80.0,"[342.0, 137.0]","[(342.0, 40.0), (137.0, 130.0)]",1.0,2,2,"[4.0, 13.0]","[342.0, 137.0]"
74692,"[5.0, 5.0, 24.0, 18.0, 13.0, 2.0, 5.0, 4.0, 11.0, 3.0]","[235.0, 242.375, 227.25, 250.0, 158.0, 296.0, 157.3775, 176.55269941693467, 114.6275, 149.3118667919715]",7,4.0,"[11.0, 3.0]","[5.0, 10.0, 34.0, 52.0, 65.0, 67.0, 72.0, 76.0, 87.0, 90.0]","[0.0, 5.0, 10.0, 34.0, 52.0, 65.0, 67.0, 72.0, 76.0, 87.0]","[2.0, 2.5, 2.0, 3.0, 1.0, 4.0, 1.0, 2.0, 1.0, 1.5]","[5, 5, 5, 4, 4, 4, 4, 3, 2, 3]","[5, 4, 4, 4, 4, 4, 3, 4, 3, 2]","[2.0, 2.0, 3.0, 1.0, 0.8, 0.8, 0.5, 0.5, 0.5, 0.5]","[4.0, 4.0, 5.0, 2.0, 1.5, 1.5, 1.0, 1.0, 1.0, 1.0]","[0, 0, 0, 0, 0, 0, 0, 0, 0, 0]",2010-02-08 10:00,38.0,2,1.0,80.0,1.0,3.0,80.0,"[114.6275, 149.3118667919715]","[(114.6275, 110.0), (149.3118667919715, 30.0)]",1.0,2,2,"[11.0, 3.0]","[114.6275, 149.3118667919715]"
74722,"[15.0, 5.0, 27.0, 15.0, 38.0, 24.0, 3.0, 9.0, 5.0, 3.0, 8.0, 1.0, 17.0]","[210.0, 296.0, 250.0, 268.25, 311.25, 296.0, 217.0, 217.0, 158.0, 205.80538713582197, 155.51, 167.40359922257957, 86.0]",8,5.0,"[3.0, 8.0, 1.0, 17.0]","[15.0, 20.0, 47.0, 62.0, 100.0, 124.0, 127.0, 136.0, 141.0, 144.0, 152.0, 153.0, 170.0]","[0.0, 15.0, 20.0, 47.0, 62.0, 100.0, 124.0, 127.0, 136.0, 141.0, 144.0, 152.0, 153.0]","[1.0, 4.0, 3.0, 4.0, 5.0, 4.0, 3.0, 3.0, 1.0, 3.0, 1.0, 2.0, 1.0]","[5, 4, 4, 9, 9, 4, 9, 9, 4, 3, 3, 3, 1]","[5, 4, 4, 4, 4, 4, 9, 9, 4, 9, 3, 3, 2]","[3.0, 2.0, 1.0, 1.0, 1.0, 1.0, 1.0, 1.0, 1.0, 0.5, 0.25, 0.5, 2.0]","[4.0, 2.0, 3.0, 1.5, 2.0, 2.0, 1.0, 1.5, 1.5, 1.0, 0.5, 1.0, 3.0]","[0, 0, 0, 0, 0, 0, 0, 0, 0, 0, 0, 0, 0]",2010-02-12 08:00,34.0,2,1.0,141.0,1.0,3.0,80.0,"[205.80538713582197, 155.51, 167.40359922257957, 86.0]","[(205.80538713582197, 30.0), (155.51, 80.0), (167.40359922257957, 10.0), (86.0, 170.0)]",1.0,2,4,"[3.0, 8.0, 1.0, 17.0]","[205.80538713582197, 155.51, 167.40359922257957, 86.0]"
74834,"[35.0, 16.0, 24.0, 10.0, 5.0, 11.0, 15.0, 3.0, 25.0, 2.0, 9.0, 5.0, 7.0, 12.0]","[187.5, 301.0, 300.0, 173.75, 250.0, 205.80538713582197, 196.75, 269.48334707923954, 133.0, 269.48334707923954, 167.40359922257957, 144.6008998056449, 202.0738495144293, 86.0]",12,7.0,[12.0],"[35.0, 51.0, 75.0, 85.0, 90.0, 101.0, 116.0, 119.0, 144.0, 146.0, 155.0, 160.0, 167.0, 179.0]","[0.0, 35.0, 51.0, 75.0, 85.0, 90.0, 101.0, 116.0, 119.0, 144.0, 146.0, 155.0, 160.0, 167.0]","[1.0, 5.0, 4.0, 1.5, 3.0, 3.0, 2.0, 4.0, 1.0, 4.0, 2.0, 2.0, 3.0, 1.0]","[5, 9, 4, 4, 4, 3, 4, 3, 9, 3, 3, 2, 3, 1]","[7, 9, 7, 7, 4, 9, 9, 9, 9, 9, 3, 3, 3, 2]","[4.0, 4.0, 1.0, 2.0, 1.0, 0.5, 0.5, 0.5, 0.5, 0.5, 0.25, 0.5, 0.25, 0.5]","[4.0, 4.0, 3.0, 3.0, 2.0, 1.0, 2.0, 0.5, 1.0, 1.0, 0.5, 1.0, 0.5, 1.0]","[0, 0, 0, 0, 0, 0, 0, 0, 0, 0, 0, 0, 0, 0]",2010-02-20 13:00,34.0,2,1.0,167.0,1.0,3.0,80.0,[86.0],"[(86.0, 120.0)]",1.0,2,1,[12.0],[86.0]
74856,"[2.0, 8.0, 10.0, 9.0, 9.0, 19.0, 2.0, 13.0, 8.0, 11.0, 12.0, 1.0]","[182.25, 225.25, 203.75, 286.75, 225.25, 210.0, 217.0, 210.0, 290.2444490264132, 171.0, 101.0, 173.0]",7,13.0,"[8.0, 11.0, 12.0, 1.0]","[2.0, 10.0, 20.0, 29.0, 38.0, 57.0, 59.0, 72.0, 80.0, 91.0, 103.0, 104.0]","[0.0, 2.0, 10.0, 20.0, 29.0, 38.0, 57.0, 59.0, 72.0, 80.0, 91.0, 103.0]","[2.0, 3.0, 2.5, 4.0, 3.0, 1.0, 3.0, 1.0, 4.0, 1.0, 1.0, 3.0]","[9, 9, 9, 4, 9, 5, 9, 5, 4, 4, 2, 2]","[4, 4, 4, 9, 4, 5, 9, 5, 3, 5, 2, 2]","[0.5, 0.5, 0.5, 0.5, 0.5, 2.0, 1.0, 2.0, 0.5, 1.0, 0.5, 0.5]","[2.5, 1.5, 2.0, 1.0, 1.5, 5.0, 2.0, 5.0, 1.0, 4.0, 2.0, 1.0]","[0, 0, 0, 0, 0, 0, 0, 0, 0, 0, 0, 0]",2010-02-25 09:00,35.0,2,1.0,72.0,1.0,3.0,80.0,"[290.2444490264132, 171.0, 101.0, 173.0]","[(290.2444490264132, 80.0), (171.0, 110.0), (101.0, 120.0), (173.0, 10.0)]",1.0,2,4,"[8.0, 11.0, 12.0, 1.0]","[290.2444490264132, 171.0, 101.0, 173.0]"
74888,"[28.0, 6.0, 8.0, 2.0, 23.0, 1.0, 3.0, 2.0, 6.0, 4.0, 12.0, 2.0, 8.0, 3.0, 9.0, 3.0, 5.0, 1.0]","[210.0, 210.0, 273.0, 171.0, 250.0, 210.0, 250.0, 153.5, 241.75, 210.0, 210.0, 210.0, 232.12522605741117, 202.0738495144293, 272.9777961056527, 158.0, 164.8118667919715, 202.0738495144293]",13,3.0,"[9.0, 3.0, 5.0, 1.0]","[28.0, 34.0, 42.0, 44.0, 67.0, 68.0, 71.0, 73.0, 79.0, 83.0, 95.0, 97.0, 105.0, 108.0, 117.0, 120.0, 125.0, 126.0]","[0.0, 28.0, 34.0, 42.0, 44.0, 67.0, 68.0, 71.0, 73.0, 79.0, 83.0, 95.0, 97.0, 105.0, 108.0, 117.0, 120.0, 125.0]","[1.0, 1.0, 3.5, 1.0, 3.0, 1.0, 3.0, 1.0, 3.0, 1.0, 1.0, 1.0, 3.5, 3.0, 4.0, 1.0, 1.5, 3.0]","[5, 5, 4, 4, 4, 5, 4, 4, 4, 5, 5, 5, 3, 3, 3, 4, 3, 3]","[5, 5, 4, 5, 4, 5, 4, 6, 9, 5, 5, 5, 3, 3, 3, 4, 4, 3]","[1.5, 2.0, 0.5, 1.2, 1.2, 1.2, 0.8, 1.2, 1.0, 1.2, 1.0, 1.5, 0.2, 0.2, 0.2, 0.4, 0.2, 0.2]","[2.5, 4.0, 1.8, 2.0, 1.8, 2.0, 1.5, 2.4, 1.5, 2.5, 1.5, 3.0, 0.4, 0.6, 0.4, 0.9, 0.7, 0.4]","[0, 0, 0, 0, 0, 0, 0, 0, 0, 0, 0, 0, 0, 0, 0, 0, 0, 0]",2010-02-27 13:00,33.0,2,1.0,108.0,1.0,3.0,80.0,"[272.9777961056527, 158.0, 164.8118667919715, 202.0738495144293]","[(272.9777961056527, 90.0), (158.0, 30.0), (164.8118667919715, 50.0), (202.0738495144293, 10.0)]",1.0,2,4,"[9.0, 3.0, 5.0, 1.0]","[272.9777961056527, 158.0, 164.8118667919715, 202.0738495144293]"
74948,"[54.0, 4.0, 28.0, 1.0, 1.0, 6.0, 5.0, 2.0, 4.0, 3.0, 1.0, 1.7000000000000028, 0.29999999999999716, 5.0]","[247.5, 290.4375, 247.5, 235.0, 290.4375, 204.0, 210.0, 158.0, 227.0, 273.0, 158.0, 210.0, 281.0625, 101.0]",6,5.0,"[2.0, 4.0, 3.0, 1.0, 1.7000000000000028, 0.29999999999999716, 5.0]","[54.0, 58.0, 86.0, 87.0, 88.0, 94.0, 99.0, 101.0, 105.0, 108.0, 109.0, 110.7, 111.0, 116.0]","[0.0, 54.0, 58.0, 86.0, 87.0, 88.0, 94.0, 99.0, 101.0, 105.0, 108.0, 109.0, 110.7, 111.0]","[2.5, 4.0, 2.5, 2.0, 4.0, 2.0, 1.0, 1.0, 2.5, 3.5, 1.0, 1.0, 2.5, 1.0]","[5, 7, 5, 5, 7, 4, 5, 4, 4, 4, 4, 5, 7, 2]","[5, 5, 5, 5, 5, 4, 5, 4, 4, 4, 4, 5, 5, 2]","[3.0, 2.0, 3.0, 2.0, 1.0, 1.2, 1.5, 1.2, 1.0, 1.0, 1.0, 1.2, 1.0, 1.0]","[4.0, 2.5, 3.0, 3.0, 1.0, 1.2, 2.0, 1.5, 1.0, 1.0, 1.0, 1.2, 1.0, 1.0]","[0, 1, 0, 0, 1, 0, 0, 0, 0, 0, 0, 0, 1, 0]",2010-03-05 09:45,33.0,2,3.0,99.0,1.0,3.0,80.0,"[158.0, 227.0, 273.0, 158.0, 210.0, 281.0625, 101.0]","[(158.0, 20.0), (227.0, 40.0), (273.0, 30.0), (158.0, 10.0), (210.0, 17.00000000000003), (281.0625, 2.9999999999999716), (101.0, 50.0)]",1.0,2,7,"[2.0, 4.0, 3.0, 1.0, 1.7000000000000028, 0.29999999999999716, 5.0]","[158.0, 227.0, 273.0, 158.0, 210.0, 281.0625, 101.0]"
75078,"[25.0, 32.0, 18.0, 45.0, 4.0, 9.0, 15.0, 6.0, 9.0, 5.0, 8.0, 4.0]","[125.0, 235.0, 241.75, 296.0, 148.5, 259.0, 204.0, 259.0, 205.80538713582197, 175.0, 202.0738495144293, 272.9777961056527]",9,5.0,"[8.0, 4.0]","[25.0, 57.0, 75.0, 120.0, 124.0, 133.0, 148.0, 154.0, 163.0, 168.0, 176.0, 180.0]","[0.0, 25.0, 57.0, 75.0, 120.0, 124.0, 133.0, 148.0, 154.0, 163.0, 168.0, 176.0]","[1.0, 2.0, 3.0, 4.0, 1.0, 4.0, 2.0, 4.0, 3.0, 2.0, 3.0, 4.0]","[7, 5, 4, 4, 4, 9, 4, 9, 3, 9, 3, 3]","[6, 5, 9, 4, 7, 9, 4, 9, 9, 9, 3, 3]","[3.0, 2.0, 1.0, 1.0, 1.0, 0.5, 1.0, 1.0, 0.5, 0.5, 0.25, 0.25]","[4.0, 3.0, 1.5, 1.5, 3.0, 1.0, 1.5, 1.0, 1.0, 1.0, 0.5, 0.25]","[0, 0, 0, 0, 0, 0, 0, 0, 0, 0, 0, 0]",2010-03-17 13:40,34.0,2,2.0,168.0,1.0,3.0,80.0,"[202.0738495144293, 272.9777961056527]","[(202.0738495144293, 80.0), (272.9777961056527, 40.0)]",1.0,2,2,"[8.0, 4.0]","[202.0738495144293, 272.9777961056527]"
75212,"[25.0, 55.0, 2.0, 18.0, 31.0]","[212.125, 210.0, 227.0, 159.41582238929536, 101.0]",-1,25.0,"[55.0, 2.0, 18.0, 31.0]","[25.0, 80.0, 82.0, 100.0, 131.0]","[0.0, 25.0, 80.0, 82.0, 100.0]","[1.5, 1.0, 2.5, 1.5, 1.0]","[5, 5, 4, 3, 2]","[4, 5, 4, 3, 2]","[1.0, 2.0, 1.0, 0.5, 1.0]","[2.0, 3.0, 2.0, 0.5, 1.0]","[0, 0, 0, 0, 0]",2010-04-02 14:00,36.0,2,1.0,0.0,1.0,3.0,80.0,"[210.0, 227.0, 159.41582238929536, 101.0]","[(210.0, 550.0), (227.0, 20.0), (159.41582238929536, 180.0), (101.0, 310.0)]",1.0,2,4,"[55.0, 2.0, 18.0, 31.0]","[210.0, 227.0, 159.41582238929536, 101.0]"
75224,"[15.0, 60.0, 10.0, 29.0, 15.0, 13.0, 25.0, 11.0, 10.0]","[184.0, 120.0, 152.0, 292.25, 292.25, 181.06998247500167, 144.6008998056449, 114.0, 86.0]",6,25.0,"[11.0, 10.0]","[15.0, 75.0, 85.0, 114.0, 129.0, 142.0, 167.0, 178.0, 188.0]","[0.0, 15.0, 75.0, 85.0, 114.0, 129.0, 142.0, 167.0, 178.0]","[2.0, 1.0, 1.5, 4.0, 4.0, 2.5, 2.0, 1.5, 1.0]","[7, 7, 7, 7, 7, 3, 2, 2, 1]","[7, 7, 7, 7, 7, 3, 3, 1, 2]","[2.0, 2.0, 1.0, 1.0, 1.0, 0.25, 0.5, 1.0, 0.5]","[3.0, 4.0, 2.0, 1.5, 2.0, 0.75, 1.0, 2.0, 1.5]","[0, 0, 0, 1, 1, 0, 0, 0, 0]",2010-04-06 09:30,38.0,2,2.0,167.0,1.0,3.0,80.0,"[114.0, 86.0]","[(114.0, 110.0), (86.0, 100.0)]",1.0,2,2,"[11.0, 10.0]","[114.0, 86.0]"
75261,"[4.0, 25.0, 9.0, 7.0, 12.0, 8.0, 22.0, 6.0, 7.0, 9.0, 6.0, 9.0, 6.0]","[210.0, 227.0, 289.1875, 250.0, 290.2444490264132, 242.34391954305838, 202.0738495144293, 232.12522605741117, 194.80538713582197, 232.12522605741117, 144.6008998056449, 114.6275, 81.0]",4,12.0,"[8.0, 22.0, 6.0, 7.0, 9.0, 6.0, 9.0, 6.0]","[4.0, 29.0, 38.0, 45.0, 57.0, 65.0, 87.0, 93.0, 100.0, 109.0, 115.0, 124.0, 130.0]","[0.0, 4.0, 29.0, 38.0, 45.0, 57.0, 65.0, 87.0, 93.0, 100.0, 109.0, 115.0, 124.0]","[1.0, 2.5, 4.5, 3.0, 4.0, 3.5, 3.0, 3.5, 3.0, 3.5, 2.0, 1.0, 1.0]","[5, 4, 7, 4, 4, 3, 3, 3, 3, 3, 2, 2, 1]","[5, 4, 9, 4, 3, 4, 3, 3, 2, 3, 3, 3, 1]","[3.0, 1.25, 1.25, 1.0, 1.0, 0.75, 0.5, 0.25, 0.75, 0.25, 1.0, 0.5, 2.5]","[3.0, 1.5, 1.25, 1.0, 1.0, 0.75, 0.5, 0.5, 0.75, 0.5, 1.0, 0.5, 2.5]","[0, 0, 1, 0, 0, 0, 0, 0, 0, 0, 0, 0, 0]",2010-04-15 09:30,40.0,6,3.0,57.0,3.0,1.0,439.4377420686678,"[242.34391954305838, 202.0738495144293, 232.12522605741117, 194.80538713582197, 232.12522605741117, 144.6008998056449, 114.6275, 81.0]","[(242.34391954305838, 80.0), (202.0738495144293, 220.0), (232.12522605741117, 60.0), (194.80538713582197, 70.0), (232.12522605741117, 90.0), (144.6008998056449, 60.0), (114.6275, 90.0), (81.0, 60.0)]",3.0,2,8,"[8.0, 22.0, 6.0, 7.0, 9.0, 6.0, 9.0, 6.0]","[242.34391954305838, 202.0738495144293, 232.12522605741117, 194.80538713582197, 232.12522605741117, 144.6008998056449, 114.6275, 81.0]"
75528,"[15.0, 14.0, 19.0, 15.0, 18.0, 16.0]","[293.25, 204.0, 196.0, 292.25, 161.51749561875042, 256.98334707923954]",4,18.0,[16.0],"[15.0, 29.0, 48.0, 63.0, 81.0, 97.0]","[0.0, 15.0, 29.0, 48.0, 63.0, 81.0]","[4.0, 2.0, 2.5, 3.0, 2.5, 4.0]","[4, 4, 9, 7, 2, 3]","[5, 4, 9, 7, 3, 2]","[1.0, 1.0, 0.5, 0.5, 0.25, 0.25]","[3.0, 2.0, 1.0, 2.0, 1.0, 0.75]","[0, 0, 0, 1, 0, 0]",2010-12-18 10:00,34.0,2,1.0,81.0,1.0,3.0,80.0,[256.98334707923954],"[(256.98334707923954, 160.0)]",1.0,2,1,[16.0],[256.98334707923954]
75544,"[2.0, 24.0, 16.0, 5.0, 4.0, 21.0]","[292.25, 181.0, 181.06998247500167, 167.40359922257957, 174.55248685625125, 96.0]",3,5.0,"[4.0, 21.0]","[2.0, 26.0, 42.0, 47.0, 51.0, 72.0]","[0.0, 2.0, 26.0, 42.0, 47.0, 51.0]","[5.0, 1.5, 2.5, 2.0, 2.5, 1.0]","[7, 4, 3, 3, 3, 2]","[7, 4, 3, 3, 2, 1]","[1.5, 1.0, 0.25, 0.25, 0.25, 1.0]","[2.0, 1.5, 0.5, 0.5, 1.0, 2.0]","[1, 0, 0, 0, 0, 0]",2010-12-26 11:30,37.0,3,1.0,47.0,1.0,3.0,100.9123351677189,"[174.55248685625125, 96.0]","[(174.55248685625125, 40.0), (96.0, 210.0)]",1.0,2,2,"[4.0, 21.0]","[174.55248685625125, 96.0]"
7555,"[20.0, 1.0, 17.0, 14.0, 2.6000000000000014, 0.3999999999999986, 13.0, 9.799999999999997, 0.20000000000000284]","[191.375, 224.25, 154.0, 152.25, 152.25, 199.0, 164.8118667919715, 158.0, 140.0]",4,2.6000000000000014,"[0.3999999999999986, 13.0, 9.799999999999997, 0.20000000000000284]","[20.0, 21.0, 38.0, 52.0, 54.6, 55.0, 68.0, 77.8, 78.0]","[0.0, 20.0, 21.0, 38.0, 52.0, 54.6, 55.0, 68.0, 77.8]","[1.5, 2.5, 1.5, 1.0, 1.0, 2.0, 1.5, 1.0, 1.0]","[4, 4, 9, 9, 9, 4, 3, 4, 6]","[5, 7, 9, 5, 5, 7, 4, 4, 6]","[1.0, 0.75, 1.0, 1.0, 1.0, 0.5, 0.5, 0.5, 1.0]","[2.0, 1.0, 1.5, 2.0, 2.5, 0.75, 0.75, 1.0, 2.0]","[0, 0, 0, 0, 0, 0, 0, 0, 0]",2003-12-11 10:30,34.0,5,2.0,54.6,3.0,1.0,197.7469839309005,"[199.0, 164.8118667919715, 158.0, 140.0]","[(199.0, 3.999999999999986), (164.8118667919715, 130.0), (158.0, 97.99999999999997), (140.0, 2.0000000000000284)]",3.0,2,4,"[0.3999999999999986, 13.0, 9.799999999999997, 0.20000000000000284]","[199.0, 164.8118667919715, 158.0, 140.0]"
7556,"[38.0, 2.0, 20.0, 18.0, 6.0, 4.0, 1.0, 2.5, 0.5, 15.799999999999997, 0.20000000000000284, 9.0, 2.9000000000000057, 0.09999999999999432]","[158.0, 249.5, 154.0, 217.0, 152.25, 158.0, 224.25, 158.0, 199.0, 157.3775, 173.75, 156.1325, 232.12522605741117, 140.0]",4,6.0,"[4.0, 1.0, 2.5, 0.5, 15.799999999999997, 0.20000000000000284, 9.0, 2.9000000000000057, 0.09999999999999432]","[38.0, 40.0, 60.0, 78.0, 84.0, 88.0, 89.0, 91.5, 92.0, 107.8, 108.0, 117.0, 119.9, 120.0]","[0.0, 38.0, 40.0, 60.0, 78.0, 84.0, 88.0, 89.0, 91.5, 92.0, 107.8, 108.0, 117.0, 119.9]","[1.0, 3.0, 1.5, 3.0, 1.0, 1.0, 2.5, 1.0, 2.0, 1.0, 1.5, 1.0, 3.5, 1.0]","[4, 4, 9, 9, 9, 4, 4, 4, 4, 4, 4, 3, 3, 6]","[4, 7, 9, 9, 5, 4, 7, 4, 7, 3, 7, 4, 3, 6]","[2.0, 0.75, 1.0, 0.5, 1.0, 0.5, 0.75, 0.75, 0.5, 0.5, 0.5, 0.5, 0.25, 1.0]","[2.0, 1.0, 1.5, 1.0, 2.0, 1.0, 0.75, 1.25, 0.75, 0.75, 1.0, 0.75, 0.25, 1.0]","[0, 0, 0, 0, 0, 0, 0, 0, 0, 0, 0, 0, 0, 0]",2003-12-11 13:40,34.0,6,3.0,84.0,3.0,1.0,439.4377420686678,"[158.0, 224.25, 158.0, 199.0, 157.3775, 173.75, 156.1325, 232.12522605741117, 140.0]","[(158.0, 40.0), (224.25, 10.0), (158.0, 25.0), (199.0, 5.0), (157.3775, 157.99999999999997), (173.75, 2.0000000000000284), (156.1325, 90.0), (232.12522605741117, 29.000000000000057), (140.0, 0.9999999999999432)]",3.0,2,9,"[4.0, 1.0, 2.5, 0.5, 15.799999999999997, 0.20000000000000284, 9.0, 2.9000000000000057, 0.09999999999999432]","[158.0, 224.25, 158.0, 199.0, 157.3775, 173.75, 156.1325, 232.12522605741117, 140.0]"
75827,"[25.0, 37.0, 35.0, 2.0, 5.0]","[292.25, 181.0, 227.0, 292.25, 86.0]",0,25.0,"[37.0, 35.0, 2.0, 5.0]","[25.0, 62.0, 97.0, 99.0, 104.0]","[0.0, 25.0, 62.0, 97.0, 99.0]","[3.5, 1.5, 2.5, 4.5, 1.0]","[7, 4, 4, 7, 1]","[7, 4, 4, 7, 2]","[3.0, 2.5, 1.5, 1.0, 2.0]","[3.0, 2.5, 1.5, 1.0, 3.0]","[1, 0, 0, 1, 0]",2011-01-30 12:30,36.0,6,3.0,41.0,3.0,1.0,439.4377420686678,"[181.0, 227.0, 292.25, 86.0]","[(181.0, 370.0), (227.0, 350.0), (292.25, 20.0), (86.0, 50.0)]",3.0,2,4,"[37.0, 35.0, 2.0, 5.0]","[181.0, 227.0, 292.25, 86.0]"
75858,"[8.0, 6.0, 36.0, 6.0, 10.0, 29.5, 0.5, 14.0, 20.0]","[171.0, 344.0, 204.0, 344.0, 181.0, 202.0738495144293, 140.0, 167.40359922257957, 114.6275]",6,0.5,"[14.0, 20.0]","[8.0, 14.0, 50.0, 56.0, 66.0, 95.5, 96.0, 110.0, 130.0]","[0.0, 8.0, 14.0, 50.0, 56.0, 66.0, 95.5, 96.0, 110.0]","[1.0, 4.5, 2.0, 4.5, 1.5, 3.0, 1.0, 2.0, 1.0]","[4, 7, 4, 7, 4, 3, 6, 3, 2]","[5, 7, 4, 7, 4, 3, 6, 3, 3]","[3.0, 3.0, 2.0, 3.0, 1.5, 0.5, 3.0, 0.8, 1.0]","[4.0, 3.0, 2.5, 3.5, 2.0, 0.8, 3.0, 1.0, 1.5]","[0, 0, 0, 0, 0, 0, 0, 0, 0]",2011-01-31 09:00,33.0,5,2.0,96.0,3.0,1.0,197.7469839309005,"[167.40359922257957, 114.6275]","[(167.40359922257957, 140.0), (114.6275, 200.0)]",3.0,2,2,"[14.0, 20.0]","[167.40359922257957, 114.6275]"
75918,"[5.0, 75.0, 13.0, 2.0, 10.0, 3.0, 7.0, 3.0, 17.0]","[292.25, 184.0, 120.0, 440.0, 248.0, 440.0, 248.0, 292.25, 292.25]",-1,,"[5.0, 75.0, 13.0, 2.0, 10.0, 3.0, 7.0, 3.0, 17.0]","[5.0, 80.0, 93.0, 95.0, 105.0, 108.0, 115.0, 118.0, 135.0]","[0.0, 5.0, 80.0, 93.0, 95.0, 105.0, 108.0, 115.0, 118.0]","[5.0, 2.0, 1.0, 6.0, 3.0, 6.0, 3.0, 4.0, 5.0]","[7, 7, 7, 8, 7, 8, 7, 7, 7]","[7, 7, 7, 8, 7, 8, 7, 7, 7]","[1.0, 1.5, 1.0, nan, 1.0, nan, 2.0, 2.0, 1.0]","[2.0, 2.0, 1.5, nan, 1.5, nan, 3.0, 3.0, 2.0]","[1, 0, 0, 0, 0, 0, 0, 1, 1]",2011-02-11 09:00,35.0,7,0.0,135.0,3.0,1.0,878.8754841373355,"[292.25, 184.0, 120.0, 440.0, 248.0, 440.0, 248.0, 292.25, 292.25]","[(292.25, 50.0), (184.0, 750.0), (120.0, 130.0), (440.0, 20.0), (248.0, 100.0), (440.0, 30.0), (248.0, 70.0), (292.25, 30.0), (292.25, 170.0)]",3.0,2,9,"[5.0, 75.0, 13.0, 2.0, 10.0, 3.0, 7.0, 3.0, 17.0]","[292.25, 184.0, 120.0, 440.0, 248.0, 440.0, 248.0, 292.25, 292.25]"
75929,"[20.0, 14.0, 9.0, 21.0, 4.0, 12.0]","[171.0, 204.0, 250.0, 158.0, 289.1875, 158.0]",1,14.0,"[9.0, 21.0, 4.0, 12.0]","[20.0, 34.0, 43.0, 64.0, 68.0, 80.0]","[0.0, 20.0, 34.0, 43.0, 64.0, 68.0]","[1.0, 2.0, 3.0, 1.0, 4.5, 1.0]","[4, 4, 4, 4, 7, 4]","[5, 4, 4, 4, 9, 4]","[1.0, 1.0, 0.75, 1.0, 1.0, 1.0]","[4.0, 2.0, 1.5, 2.5, 2.0, 2.0]","[0, 0, 0, 0, 1, 0]",2011-02-13 13:30,41.0,6,3.0,34.0,3.0,1.0,439.4377420686678,"[250.0, 158.0, 289.1875, 158.0]","[(250.0, 90.0), (158.0, 210.0), (289.1875, 40.0), (158.0, 120.0)]",3.0,2,4,"[9.0, 21.0, 4.0, 12.0]","[250.0, 158.0, 289.1875, 158.0]"
75944,"[61.0, 13.0, 5.0, 41.0, 13.0, 13.0, 6.0, 3.5, 0.5]","[292.25, 292.25, 292.25, 204.0, 292.25, 167.40359922257957, 167.40359922257957, 155.51, 292.25]",-1,,"[61.0, 13.0, 5.0, 41.0, 13.0, 13.0, 6.0, 3.5, 0.5]","[61.0, 74.0, 79.0, 120.0, 133.0, 146.0, 152.0, 155.5, 156.0]","[0.0, 61.0, 74.0, 79.0, 120.0, 133.0, 146.0, 152.0, 155.5]","[3.5, 3.0, 3.0, 2.0, 2.5, 2.0, 2.0, 1.0, 3.0]","[7, 7, 7, 4, 7, 3, 3, 3, 7]","[7, 7, 7, 4, 7, 3, 3, 3, 7]","[2.0, 2.0, 2.0, 1.0, 2.0, 0.5, 0.5, 0.5, 1.0]","[4.0, 4.0, 4.0, 1.5, 3.0, 0.5, 0.5, 0.5, 2.0]","[1, 1, 1, 0, 1, 0, 0, 0, 1]",2011-02-15 09:15,34.0,7,0.0,156.0,3.0,1.0,878.8754841373355,"[292.25, 292.25, 292.25, 204.0, 292.25, 167.40359922257957, 167.40359922257957, 155.51, 292.25]","[(292.25, 610.0), (292.25, 130.0), (292.25, 50.0), (204.0, 410.0), (292.25, 130.0), (167.40359922257957, 130.0), (167.40359922257957, 60.0), (155.51, 35.0), (292.25, 5.0)]",3.0,2,9,"[61.0, 13.0, 5.0, 41.0, 13.0, 13.0, 6.0, 3.5, 0.5]","[292.25, 292.25, 292.25, 204.0, 292.25, 167.40359922257957, 167.40359922257957, 155.51, 292.25]"
76009,"[21.0, 13.0, 3.0, 9.0, 19.0, 23.0, 4.0, 6.0, 15.0, 17.0]","[196.75, 291.75, 440.0, 260.0, 319.0, 142.5, 272.9777961056527, 149.8825, 250.0, 96.0]",8,15.0,[17.0],"[21.0, 34.0, 37.0, 46.0, 65.0, 88.0, 92.0, 98.0, 113.0, 130.0]","[0.0, 21.0, 34.0, 37.0, 46.0, 65.0, 88.0, 92.0, 98.0, 113.0]","[2.0, 4.0, 6.0, 3.0, 4.5, 1.0, 4.0, 1.0, 3.0, 1.0]","[7, 5, 8, 5, 4, 7, 3, 3, 4, 2]","[5, 7, 8, 5, 4, 5, 3, 9, 4, 1]","[2.0, 1.0, nan, 2.0, 0.5, 1.0, 0.5, 0.5, 1.0, 0.5]","[4.0, 4.0, nan, 4.0, 2.0, 2.0, 0.5, 1.5, 2.0, 1.0]","[0, 0, 0, 0, 0, 0, 0, 0, 0, 0]",2011-02-25 09:00,36.0,2,2.0,113.0,1.0,3.0,80.0,[96.0],"[(96.0, 170.0)]",1.0,2,1,[17.0],[96.0]
76037,"[40.0, 60.0, 5.0, 20.0, 15.0, 17.0, 13.0]","[257.0, 216.0, 120.0, 199.0, 158.0, 144.6008998056449, 86.0]",2,5.0,"[20.0, 15.0, 17.0, 13.0]","[40.0, 100.0, 105.0, 125.0, 140.0, 157.0, 170.0]","[0.0, 40.0, 100.0, 105.0, 125.0, 140.0, 157.0]","[3.0, 2.5, 1.0, 2.0, 1.0, 2.0, 1.0]","[5, 7, 7, 4, 4, 2, 1]","[7, 7, 7, 7, 4, 3, 2]","[2.0, 2.0, 2.0, 2.0, 2.0, 1.0, 1.0]","[3.0, 2.0, 2.0, 2.0, 2.0, 1.0, 1.0]","[0, 0, 0, 0, 0, 0, 0]",2011-02-28 08:50,30.0,2,1.0,120.0,1.0,3.0,80.0,"[199.0, 158.0, 144.6008998056449, 86.0]","[(199.0, 200.0), (158.0, 150.0), (144.6008998056449, 170.0), (86.0, 130.0)]",1.0,2,4,"[20.0, 15.0, 17.0, 13.0]","[199.0, 158.0, 144.6008998056449, 86.0]"
76064,"[20.0, 23.0, 11.0, 25.0, 5.0, 25.0, 21.0]","[153.5, 219.25, 236.5313065143528, 210.0, 164.8118667919715, 115.25, 101.0]",3,25.0,"[5.0, 25.0, 21.0]","[20.0, 43.0, 54.0, 79.0, 84.0, 109.0, 130.0]","[0.0, 20.0, 43.0, 54.0, 79.0, 84.0, 109.0]","[1.5, 2.5, 3.5, 1.0, 1.5, 1.0, 1.0]","[9, 4, 9, 5, 3, 2, 2]","[7, 9, 3, 5, 4, 4, 2]","[1.0, 1.0, 0.5, 2.0, 0.5, 1.0, 1.0]","[3.0, 3.0, 1.5, 4.0, 1.5, 1.5, 2.0]","[0, 0, 0, 0, 0, 0, 0]",2011-03-01 11:00,38.0,2,1.0,79.0,1.0,3.0,80.0,"[164.8118667919715, 115.25, 101.0]","[(164.8118667919715, 50.0), (115.25, 250.0), (101.0, 210.0)]",1.0,2,3,"[5.0, 25.0, 21.0]","[164.8118667919715, 115.25, 101.0]"
76174,"[28.0, 10.0, 32.0, 20.0, 19.0, 5.0, 3.0, 13.0, 4.0, 5.0, 15.0]","[296.0, 319.0, 296.0, 273.0, 250.0, 212.125, 217.0, 210.0, 287.4375, 157.3775, 202.0738495144293]",6,3.0,"[13.0, 4.0, 5.0, 15.0]","[28.0, 38.0, 70.0, 90.0, 109.0, 114.0, 117.0, 130.0, 134.0, 139.0, 154.0]","[0.0, 28.0, 38.0, 70.0, 90.0, 109.0, 114.0, 117.0, 130.0, 134.0, 139.0]","[4.0, 4.5, 4.0, 3.5, 3.0, 1.5, 3.0, 1.0, 3.5, 1.0, 3.0]","[4, 4, 4, 4, 4, 5, 9, 5, 7, 4, 3]","[4, 4, 4, 4, 4, 4, 9, 5, 4, 3, 3]","[1.5, 1.0, 1.25, 2.0, 1.5, 2.0, 1.5, 2.5, 1.0, 0.75, 0.5]","[1.5, 1.0, 1.75, 2.0, 2.25, 3.0, 2.0, 3.0, 1.0, 1.0, 0.5]","[0, 0, 0, 0, 0, 0, 0, 0, 1, 0, 0]",2011-03-15 10:30,30.0,2,1.0,117.0,1.0,3.0,80.0,"[210.0, 287.4375, 157.3775, 202.0738495144293]","[(210.0, 130.0), (287.4375, 40.0), (157.3775, 50.0), (202.0738495144293, 150.0)]",1.0,2,4,"[13.0, 4.0, 5.0, 15.0]","[210.0, 287.4375, 157.3775, 202.0738495144293]"
76206,"[10.0, 7.0, 1.0, 3.0, 0.8000000000000114, 0.19999999999998863, 5.0, 18.0, 7.0, 1.0, 2.0, 5.0]","[173.1008998056449, 160.75, 158.0, 264.4375, 151.75, 292.25, 96.0, 134.5, 164.8118667919715, 264.4375, 134.5, 143.75]",6,5.0,"[18.0, 7.0, 1.0, 2.0, 5.0]","[131.0, 138.0, 139.0, 142.0, 142.8, 143.0, 148.0, 166.0, 173.0, 174.0, 176.0, 181.0]","[121.0, 131.0, 138.0, 139.0, 142.0, 142.8, 143.0, 148.0, 166.0, 173.0, 174.0, 176.0]","[2.0, 1.5, 1.0, 1.5, 1.0, 1.5, 1.0, 1.5, 1.5, 1.5, 1.5, 1.0]","[9, 9, 4, 7, 4, 7, 2, 2, 3, 7, 2, 4]","[3, 4, 4, 4, 9, 7, 1, 4, 4, 4, 4, 2]","[0.25, 0.5, 0.75, 0.25, 0.75, 0.25, 1.0, 0.75, 0.25, 0.25, 0.25, 0.75]","[0.75, 1.0, 1.25, 0.75, 1.5, 0.25, 1.5, 1.0, 0.5, 0.5, 0.5, 1.0]","[0, 0, 0, 1, 0, 1, 0, 0, 0, 1, 0, 0]",2011-03-21 12:00,30.0,3,1.0,148.0,1.0,3.0,100.9123351677189,"[134.5, 164.8118667919715, 264.4375, 134.5, 143.75]","[(134.5, 180.0), (164.8118667919715, 70.0), (264.4375, 10.0), (134.5, 20.0), (143.75, 50.0)]",1.0,2,5,"[18.0, 7.0, 1.0, 2.0, 5.0]","[134.5, 164.8118667919715, 264.4375, 134.5, 143.75]"
76215,"[36.0, 4.0, 29.0, 3.0, 16.0, 22.0, 19.80000000000001, 0.19999999999998863]","[222.5, 292.25, 210.0, 292.25, 204.0, 181.0, 143.75, 164.8118667919715]",1,4.0,"[29.0, 3.0, 16.0, 22.0, 19.80000000000001, 0.19999999999998863]","[36.0, 40.0, 69.0, 72.0, 88.0, 110.0, 129.8, 130.0]","[0.0, 36.0, 40.0, 69.0, 72.0, 88.0, 110.0, 129.8]","[1.5, 3.5, 1.0, 3.5, 2.0, 1.5, 1.0, 1.5]","[5, 7, 5, 7, 4, 4, 4, 3]","[5, 7, 5, 7, 4, 4, 2, 4]","[4.0, 2.0, 4.0, 1.5, 1.0, 0.5, 1.0, 0.5]","[4.0, 2.0, 4.0, 2.0, 1.0, 1.0, 1.0, 0.5]","[0, 1, 0, 1, 0, 0, 0, 0]",2011-03-22 09:50,42.0,2,1.0,68.0,1.0,3.0,80.0,"[210.0, 292.25, 204.0, 181.0, 143.75, 164.8118667919715]","[(210.0, 290.0), (292.25, 30.0), (204.0, 160.0), (181.0, 220.0), (143.75, 198.0000000000001), (164.8118667919715, 1.9999999999998863)]",1.0,2,6,"[29.0, 3.0, 16.0, 22.0, 19.80000000000001, 0.19999999999998863]","[210.0, 292.25, 204.0, 181.0, 143.75, 164.8118667919715]"
76510,"[35.0, 33.0, 2.0, 20.0, 38.0, 2.0, 27.0]","[250.0, 227.0, 280.0, 137.0, 104.0, 120.0, 81.0]",5,2.0,[27.0],"[35.0, 68.0, 70.0, 90.0, 128.0, 130.0, 157.0]","[0.0, 35.0, 68.0, 70.0, 90.0, 128.0, 130.0]","[3.0, 2.5, 3.5, 2.0, 1.5, 1.0, 1.0]","[4, 4, 7, 2, 1, 0, 1]","[4, 4, 7, 2, 2, 0, 1]","[1.0, 1.0, 2.0, 1.0, 1.0, 2.0, 1.0]","[1.0, 1.0, 2.0, 2.0, 2.0, 3.0, 2.0]","[0, 0, 0, 0, 0, 0, 0]",2011-12-20 13:05,38.0,2,2.0,130.0,1.0,3.0,80.0,[81.0],"[(81.0, 270.0)]",1.0,2,1,[27.0],[81.0]
76638,"[37.0, 4.0, 17.0, 5.0, 20.0, 17.0, 40.0, 40.0, 40.0, 36.0, 4.0]","[202.0738495144293, 312.0, 272.9777961056527, 312.0, 272.9777961056527, 167.40359922257957, 202.0738495144293, 167.40359922257957, 167.40359922257957, 141.8825, 101.0]",9,36.0,[4.0],"[37.0, 41.0, 58.0, 63.0, 83.0, 100.0, 140.0, 180.0, 220.0, 256.0, 260.0]","[0.0, 37.0, 41.0, 58.0, 63.0, 83.0, 100.0, 140.0, 180.0, 220.0, 256.0]","[3.0, 4.0, 4.0, 4.0, 4.0, 2.0, 3.0, 2.0, 2.0, 1.0, 1.0]","[3, 7, 3, 7, 3, 3, 3, 3, 3, 3, 2]","[3, 7, 3, 7, 3, 3, 3, 3, 3, 2, 2]","[0.5, 0.75, 0.2, 1.0, 0.5, 0.5, 0.7, 0.5, 0.5, 0.5, 0.5]","[0.5, 0.75, 0.5, 1.0, 0.5, 0.5, 0.7, 0.5, 0.5, 0.5, 0.5]","[0, 0, 0, 0, 0, 0, 0, 0, 0, 0, 0]",2012-01-10 09:30,25.0,3,1.0,256.0,1.0,3.0,100.9123351677189,[101.0],"[(101.0, 40.0)]",1.0,2,1,[4.0],[101.0]
76639,"[23.0, 2.0, 14.0, 26.0, 4.0, 16.0, 10.0, 28.0, 1.0]","[227.0, 292.25, 238.01846237860732, 214.05538713582197, 292.25, 214.05538713582197, 238.01846237860732, 176.55269941693467, 141.8825]",5,16.0,"[10.0, 28.0, 1.0]","[23.0, 25.0, 39.0, 65.0, 69.0, 85.0, 95.0, 123.0, 124.0]","[0.0, 23.0, 25.0, 39.0, 65.0, 69.0, 85.0, 95.0, 123.0]","[2.5, 4.0, 3.0, 3.0, 4.0, 3.0, 3.0, 2.0, 1.0]","[4, 7, 4, 3, 7, 3, 4, 3, 3]","[4, 7, 3, 4, 7, 4, 3, 4, 2]","[1.5, 1.5, 1.0, 0.5, 1.0, 0.5, 0.5, 0.5, 0.5]","[1.5, 2.0, 1.0, 1.0, 2.0, 0.5, 1.0, 2.0, 1.0]","[0, 1, 0, 0, 1, 0, 0, 0, 0]",2012-01-10 09:30,35.0,3,1.0,85.0,1.0,3.0,100.9123351677189,"[238.01846237860732, 176.55269941693467, 141.8825]","[(238.01846237860732, 100.0), (176.55269941693467, 280.0), (141.8825, 10.0)]",1.0,2,3,"[10.0, 28.0, 1.0]","[238.01846237860732, 176.55269941693467, 141.8825]"
76750,"[20.0, 25.0, 23.0, 61.0, 29.0, 12.0, 2.0]","[252.5, 296.6875, 232.125, 268.25, 225.25, 160.75, 217.0]",3,61.0,"[29.0, 12.0, 2.0]","[20.0, 45.0, 68.0, 129.0, 158.0, 170.0, 172.0]","[0.0, 20.0, 45.0, 68.0, 129.0, 158.0, 170.0]","[3.0, 5.0, 2.5, 4.0, 3.0, 1.5, 3.0]","[4, 7, 4, 9, 9, 9, 9]","[5, 5, 5, 4, 4, 4, 9]","[1.0, 1.0, 1.0, 0.5, 0.5, 0.5, 0.2]","[2.0, 4.0, 3.0, 1.0, 1.0, 1.5, 0.5]","[0, 1, 0, 0, 0, 0, 0]",2012-01-18 11:30,35.0,6,3.0,129.0,3.0,1.0,439.4377420686678,"[225.25, 160.75, 217.0]","[(225.25, 290.0), (160.75, 120.0), (217.0, 20.0)]",3.0,2,3,"[29.0, 12.0, 2.0]","[225.25, 160.75, 217.0]"
76778,"[75.0, 40.0, 8.0, 18.5, 0.5, 19.0, 13.0, 25.5, 0.5]","[278.73334707923954, 202.0738495144293, 173.1008998056449, 204.0, 292.25, 174.55248685625125, 144.6008998056449, 101.0, 207.5]",5,19.0,"[13.0, 25.5, 0.5]","[75.0, 115.0, 123.0, 141.5, 142.0, 161.0, 174.0, 199.5, 200.0]","[0.0, 75.0, 115.0, 123.0, 141.5, 142.0, 161.0, 174.0, 199.5]","[4.0, 3.0, 2.0, 2.0, 4.0, 2.5, 2.0, 1.0, 3.0]","[3, 3, 9, 4, 7, 3, 2, 2, 0]","[4, 3, 3, 4, 7, 2, 3, 2, 7]","[0.25, 0.25, 0.25, 0.5, 1.0, 0.25, 0.25, 1.0, 2.0]","[0.75, 0.25, 0.75, 0.75, 2.0, 1.0, 1.0, 2.0, 3.0]","[0, 0, 0, 0, 1, 0, 0, 0, 0]",2012-01-25 11:00,37.0,3,1.0,161.0,1.0,3.0,100.9123351677189,"[144.6008998056449, 101.0, 207.5]","[(144.6008998056449, 130.0), (101.0, 255.0), (207.5, 5.0)]",1.0,2,3,"[13.0, 25.5, 0.5]","[144.6008998056449, 101.0, 207.5]"
76779,"[1.0, 79.0, 37.0, 3.0, 10.0, 10.0, 29.0, 1.0, 29.0, 1.0]","[158.0, 273.0, 250.0, 156.1325, 181.06998247500167, 129.10395559732385, 101.0, 181.06998247500167, 81.0, 122.0]",7,1.0,"[29.0, 1.0]","[1.0, 80.0, 117.0, 120.0, 130.0, 140.0, 169.0, 170.0, 199.0, 200.0]","[0.0, 1.0, 80.0, 117.0, 120.0, 130.0, 140.0, 169.0, 170.0, 199.0]","[1.0, 3.5, 3.0, 1.0, 2.5, 1.5, 1.0, 2.5, 1.0, 2.0]","[4, 4, 4, 3, 3, 2, 2, 3, 1, 1]","[4, 4, 4, 4, 3, 3, 2, 3, 1, 2]","[2.0, 1.0, 1.0, 0.5, 0.2, 0.5, 1.0, 0.2, 1.0, 1.0]","[3.0, 2.0, 2.0, 1.0, 0.5, 1.0, 1.5, 0.5, 2.0, 2.0]","[0, 0, 0, 0, 0, 0, 0, 0, 0, 0]",2012-01-25 15:00,36.0,2,2.0,180.0,1.0,3.0,80.0,"[81.0, 122.0]","[(81.0, 290.0), (122.0, 10.0)]",1.0,2,2,"[29.0, 1.0]","[81.0, 122.0]"
76865,"[7.0, 22.0, 24.0, 26.0, 21.0, 30.0, 63.0, 45.0, 10.0, 3.0, 15.0, 3.0]","[224.75, 205.80538713582197, 282.73334707923954, 282.73334707923954, 272.9777961056527, 202.0738495144293, 272.9777961056527, 181.06998247500167, 159.80269941693467, 292.25, 96.0, 86.0]",9,3.0,"[15.0, 3.0]","[7.0, 29.0, 53.0, 79.0, 100.0, 130.0, 193.0, 238.0, 248.0, 251.0, 266.0, 269.0]","[0.0, 7.0, 29.0, 53.0, 79.0, 100.0, 130.0, 193.0, 238.0, 248.0, 251.0, 266.0]","[3.0, 3.0, 4.0, 4.0, 4.0, 3.0, 4.0, 2.5, 2.0, 4.0, 1.0, 1.0]","[9, 3, 3, 3, 3, 3, 3, 3, 3, 7, 2, 1]","[7, 9, 7, 7, 3, 3, 3, 3, 2, 7, 1, 2]","[1.0, 0.5, 0.5, 0.5, 0.5, 0.5, 0.25, 0.5, 1.0, 1.0, 2.0, 2.0]","[1.5, 1.0, 1.0, 1.0, 1.0, 1.0, 0.5, 0.5, 1.0, 1.5, 2.0, 2.0]","[0, 0, 0, 0, 0, 0, 0, 0, 0, 1, 0, 0]",2012-02-02 08:45,29.0,6,3.0,251.0,3.0,1.0,439.4377420686678,"[96.0, 86.0]","[(96.0, 150.0), (86.0, 30.0)]",3.0,2,2,"[15.0, 3.0]","[96.0, 86.0]"
76973,"[30.0, 14.0, 16.0, 27.0, 45.0, 3.0, 7.0, 2.0, 6.0, 2.0]","[204.0, 250.0, 175.0, 312.0, 167.40359922257957, 292.25, 158.0, 292.25, 141.8825, 81.0]",7,2.0,"[6.0, 2.0]","[30.0, 44.0, 60.0, 87.0, 132.0, 135.0, 142.0, 144.0, 150.0, 152.0]","[0.0, 30.0, 44.0, 60.0, 87.0, 132.0, 135.0, 142.0, 144.0, 150.0]","[2.0, 3.0, 2.0, 4.0, 2.0, 4.0, 1.0, 4.0, 1.0, 1.0]","[4, 4, 9, 7, 3, 7, 4, 7, 3, 1]","[4, 4, 9, 7, 3, 7, 4, 7, 2, 1]","[1.0, 1.0, 1.0, 1.5, 0.5, 1.5, 1.5, 1.5, 0.5, 1.5]","[1.5, 2.0, 1.0, 2.0, 1.0, 2.0, 3.0, 2.0, 1.0, 1.5]","[0, 0, 0, 0, 0, 1, 0, 1, 0, 0]",2012-02-16 09:50,36.0,2,1.0,144.0,1.0,3.0,80.0,"[141.8825, 81.0]","[(141.8825, 60.0), (81.0, 20.0)]",1.0,2,2,"[6.0, 2.0]","[141.8825, 81.0]"
76976,"[43.0, 35.0, 12.0, 40.0, 2.0]","[167.40359922257957, 204.0, 159.41582238929536, 167.40359922257957, 81.0]",1,35.0,"[12.0, 40.0, 2.0]","[43.0, 78.0, 90.0, 130.0, 132.0]","[0.0, 43.0, 78.0, 90.0, 130.0]","[2.0, 2.0, 1.5, 2.0, 1.0]","[3, 4, 3, 3, 1]","[3, 4, 3, 3, 1]","[0.5, 1.0, 0.5, 0.5, 1.5]","[1.0, 1.5, 0.5, 0.5, 2.0]","[0, 0, 0, 0, 0]",2012-02-17 11:15,36.0,1,1.0,78.0,1.0,3.0,0.0,"[159.41582238929536, 167.40359922257957, 81.0]","[(159.41582238929536, 120.0), (167.40359922257957, 400.0), (81.0, 20.0)]",1.0,2,3,"[12.0, 40.0, 2.0]","[159.41582238929536, 167.40359922257957, 81.0]"
77007,"[24.0, 49.0, 29.0, 6.0, 3.0, 1.0]","[217.0, 181.0, 194.8508998056449, 155.51, 292.25, 155.51]",3,6.0,"[3.0, 1.0]","[24.0, 73.0, 102.0, 108.0, 111.0, 112.0]","[0.0, 24.0, 73.0, 102.0, 108.0, 111.0]","[3.0, 1.5, 2.0, 1.0, 4.0, 1.0]","[9, 4, 4, 3, 7, 3]","[9, 4, 3, 3, 7, 3]","[0.5, 1.5, 1.0, 0.5, 1.5, 1.0]","[1.0, 2.0, 1.0, 1.0, 1.5, 1.0]","[0, 0, 0, 0, 1, 0]",2012-02-22 09:10,29.0,3,1.0,108.0,1.0,3.0,100.9123351677189,"[292.25, 155.51]","[(292.25, 30.0), (155.51, 10.0)]",1.0,2,2,"[3.0, 1.0]","[292.25, 155.51]"
77143,"[40.0, 35.0, 20.0, 41.0, 14.0, 20.0, 18.0]","[291.75, 257.5, 158.0, 158.0, 205.80538713582197, 114.6275, 86.0]",4,14.0,"[20.0, 18.0]","[40.0, 75.0, 95.0, 136.0, 150.0, 170.0, 188.0]","[0.0, 40.0, 75.0, 95.0, 136.0, 150.0, 170.0]","[4.0, 3.0, 1.0, 1.0, 3.0, 1.0, 1.0]","[5, 5, 4, 4, 3, 2, 1]","[7, 4, 4, 4, 9, 3, 2]","[4.0, 2.0, 2.0, 1.5, 0.25, 0.5, 2.0]","[4.0, 5.0, 2.0, 2.5, 1.0, 2.0, 3.0]","[0, 0, 0, 0, 0, 0, 0]",2012-03-07 09:00,36.0,2,1.0,150.0,1.0,3.0,80.0,"[114.6275, 86.0]","[(114.6275, 200.0), (86.0, 180.0)]",1.0,2,2,"[20.0, 18.0]","[114.6275, 86.0]"
77311,"[18.0, 17.0, 37.0, 12.0, 1.0, 7.0, 15.0, 1.0, 8.5, 0.5]","[260.0, 285.0, 247.5, 250.0, 210.0, 273.0, 181.0, 171.0, 158.0, 181.0]",-1,,"[18.0, 17.0, 37.0, 12.0, 1.0, 7.0, 15.0, 1.0, 8.5, 0.5]","[18.0, 35.0, 72.0, 84.0, 85.0, 92.0, 107.0, 108.0, 116.5, 117.0]","[0.0, 18.0, 35.0, 72.0, 84.0, 85.0, 92.0, 107.0, 108.0, 116.5]","[3.0, 4.0, 2.5, 3.0, 1.0, 3.5, 1.5, 1.0, 1.0, 1.5]","[5, 5, 5, 4, 5, 4, 4, 4, 4, 4]","[5, 5, 5, 4, 5, 4, 4, 5, 4, 4]","[2.0, 4.0, 2.0, 1.0, 2.0, 0.5, 1.0, 1.0, 0.5, 1.0]","[3.0, 4.0, 3.0, 2.0, 3.0, 1.0, 1.0, 1.5, 0.8, 1.0]","[0, 0, 0, 0, 0, 0, 0, 0, 0, 0]",2012-03-30 09:30,30.0,7,0.0,117.0,3.0,1.0,878.8754841373355,"[260.0, 285.0, 247.5, 250.0, 210.0, 273.0, 181.0, 171.0, 158.0, 181.0]","[(260.0, 180.0), (285.0, 170.0), (247.5, 370.0), (250.0, 120.0), (210.0, 10.0), (273.0, 70.0), (181.0, 150.0), (171.0, 10.0), (158.0, 85.0), (181.0, 5.0)]",3.0,2,10,"[18.0, 17.0, 37.0, 12.0, 1.0, 7.0, 15.0, 1.0, 8.5, 0.5]","[260.0, 285.0, 247.5, 250.0, 210.0, 273.0, 181.0, 171.0, 158.0, 181.0]"
77406,"[20.0, 55.0, 25.0, 5.0, 10.0, 10.0, 9.0]","[223.875, 184.0, 312.0, 202.0738495144293, 171.55269941693467, 202.0738495144293, 141.8825]",2,25.0,"[5.0, 10.0, 10.0, 9.0]","[20.0, 75.0, 100.0, 105.0, 115.0, 125.0, 134.0]","[0.0, 20.0, 75.0, 100.0, 105.0, 115.0, 125.0]","[2.5, 2.0, 4.0, 3.0, 2.0, 3.0, 1.0]","[7, 7, 7, 3, 3, 3, 3]","[5, 7, 7, 3, 7, 3, 2]","[2.0, 2.0, 2.0, 1.0, 1.0, 1.0, 0.5]","[3.0, 2.0, 2.0, 1.0, 1.0, 1.0, 0.5]","[0, 0, 0, 0, 0, 0, 0]",2012-04-16 09:00,32.0,2,1.0,100.0,1.0,3.0,80.0,"[202.0738495144293, 171.55269941693467, 202.0738495144293, 141.8825]","[(202.0738495144293, 50.0), (171.55269941693467, 100.0), (202.0738495144293, 100.0), (141.8825, 90.0)]",1.0,2,4,"[5.0, 10.0, 10.0, 9.0]","[202.0738495144293, 171.55269941693467, 202.0738495144293, 141.8825]"
77612,"[20.0, 18.0, 2.0, 46.0, 24.0, 10.0, 20.0, 12.0, 13.0]","[217.0, 204.0, 292.25, 167.40359922257957, 167.40359922257957, 114.6275, 101.0, 101.0, 90.75]",5,10.0,"[20.0, 12.0, 13.0]","[20.0, 38.0, 40.0, 86.0, 110.0, 120.0, 140.0, 152.0, 165.0]","[0.0, 20.0, 38.0, 40.0, 86.0, 110.0, 120.0, 140.0, 152.0]","[3.0, 2.0, 3.0, 2.0, 2.0, 1.0, 1.0, 1.0, 1.0]","[9, 4, 7, 3, 3, 2, 2, 2, 1]","[9, 4, 7, 3, 3, 3, 2, 2, 0]","[1.0, 0.5, 0.5, 1.0, 1.0, 1.0, 1.0, 1.0, 1.0]","[1.0, 1.0, 1.0, 1.0, 1.0, 1.0, 1.0, 1.0, 2.0]","[0, 0, 1, 0, 0, 0, 0, 0, 0]",2012-12-05 12:00,30.0,3,1.0,120.0,1.0,3.0,100.9123351677189,"[101.0, 101.0, 90.75]","[(101.0, 200.0), (101.0, 120.0), (90.75, 130.0)]",1.0,2,3,"[20.0, 12.0, 13.0]","[101.0, 101.0, 90.75]"
77613,"[37.0, 28.0, 45.0, 19.0, 18.0, 13.0, 26.0, 16.0, 12.0]","[250.0, 250.0, 296.0, 278.73334707923954, 202.0738495144293, 167.40359922257957, 119.0, 101.0, 81.0]",5,13.0,"[26.0, 16.0, 12.0]","[37.0, 65.0, 110.0, 129.0, 147.0, 160.0, 186.0, 202.0, 214.0]","[0.0, 37.0, 65.0, 110.0, 129.0, 147.0, 160.0, 186.0, 202.0]","[3.0, 3.0, 4.0, 4.0, 3.0, 2.0, 1.5, 1.0, 1.0]","[4, 4, 4, 3, 3, 3, 2, 2, 1]","[4, 4, 4, 4, 3, 3, 2, 2, 1]","[1.5, 1.0, 0.5, 0.5, 0.5, 0.5, 0.5, 1.0, 1.0]","[2.0, 1.0, 1.0, 1.0, 0.5, 0.5, 1.0, 1.0, 1.5]","[0, 0, 0, 0, 0, 0, 0, 0, 0]",2012-12-05 11:00,31.0,2,2.0,160.0,1.0,3.0,80.0,"[119.0, 101.0, 81.0]","[(119.0, 260.0), (101.0, 160.0), (81.0, 120.0)]",1.0,2,3,"[26.0, 16.0, 12.0]","[119.0, 101.0, 81.0]"
77614,"[18.0, 3.0, 65.0, 10.0]","[175.0, 296.0, 101.0, 86.0]",0,18.0,"[3.0, 65.0, 10.0]","[18.0, 21.0, 86.0, 96.0]","[0.0, 18.0, 21.0, 86.0]","[2.0, 4.0, 1.0, 1.0]","[9, 4, 2, 1]","[9, 4, 2, 2]","[1.0, 1.0, 1.0, 1.0]","[1.0, 1.0, 2.0, 2.0]","[0, 0, 0, 0]",2012-12-05 11:45,38.0,2,2.0,20.0,1.0,3.0,80.0,"[296.0, 101.0, 86.0]","[(296.0, 30.0), (101.0, 650.0), (86.0, 100.0)]",1.0,2,3,"[3.0, 65.0, 10.0]","[296.0, 101.0, 86.0]"
77621,"[28.0, 5.0, 9.0, 9.0, 27.0, 20.0, 17.0]","[184.0, 292.25, 204.0, 167.40359922257957, 155.51, 86.0, 81.0]",2,9.0,"[9.0, 27.0, 20.0, 17.0]","[28.0, 33.0, 42.0, 51.0, 78.0, 98.0, 115.0]","[0.0, 28.0, 33.0, 42.0, 51.0, 78.0, 98.0]","[2.0, 4.0, 2.0, 2.0, 1.0, 1.0, 1.0]","[7, 7, 4, 3, 3, 1, 1]","[7, 7, 4, 3, 3, 2, 1]","[1.0, 1.0, 1.0, 0.5, 0.5, 0.5, 2.0]","[1.0, 1.0, 1.0, 0.5, 0.5, 1.0, 2.0]","[0, 1, 0, 0, 0, 0, 0]",2012-12-06 11:00,31.0,2,2.0,42.0,1.0,3.0,80.0,"[167.40359922257957, 155.51, 86.0, 81.0]","[(167.40359922257957, 90.0), (155.51, 270.0), (86.0, 200.0), (81.0, 170.0)]",1.0,2,4,"[9.0, 27.0, 20.0, 17.0]","[167.40359922257957, 155.51, 86.0, 81.0]"
77633,"[2.0, 8.0, 15.0, 23.0, 29.0, 38.0, 24.0, 15.0]","[197.0, 204.0, 326.42346393368337, 169.30269941693467, 161.51749561875042, 221.84391954305838, 119.0, 96.0]",5,38.0,"[24.0, 15.0]","[2.0, 10.0, 25.0, 48.0, 77.0, 115.0, 139.0, 154.0]","[0.0, 2.0, 10.0, 25.0, 48.0, 77.0, 115.0, 139.0]","[1.0, 2.0, 4.5, 2.0, 2.5, 3.5, 1.5, 1.0]","[5, 4, 3, 3, 2, 3, 2, 2]","[4, 4, 3, 9, 3, 2, 2, 1]","[2.0, 1.0, 0.2, 0.5, 0.5, 0.2, 0.5, 0.7]","[2.5, 1.5, 0.5, 1.0, 1.5, 0.5, 1.0, 1.5]","[0, 0, 0, 0, 0, 0, 0, 0]",2012-12-08 09:00,30.0,2,1.0,115.0,1.0,4.0,80.0,"[119.0, 96.0]","[(119.0, 240.0), (96.0, 150.0)]",1.0,2,2,"[24.0, 15.0]","[119.0, 96.0]"
77753,"[6.0, 8.0, 7.0, 34.0, 24.0, 5.0, 14.0, 2.0]","[281.6875, 204.0, 227.0, 202.0738495144293, 194.8508998056449, 283.9375, 181.06998247500167, 96.0]",4,24.0,"[5.0, 14.0, 2.0]","[6.0, 14.0, 21.0, 55.0, 79.0, 84.0, 98.0, 100.0]","[0.0, 6.0, 14.0, 21.0, 55.0, 79.0, 84.0, 98.0]","[3.0, 2.0, 2.5, 3.0, 2.0, 4.0, 2.5, 1.0]","[7, 4, 4, 3, 4, 7, 3, 2]","[4, 4, 4, 3, 3, 9, 3, 1]","[4.0, 2.5, 1.5, 0.25, 0.5, 1.0, 0.25, 1.0]","[5.0, 3.0, 2.0, 0.5, 0.75, 1.5, 0.5, 1.5]","[1, 0, 0, 0, 0, 1, 0, 0]",2012-12-18 11:00,36.0,3,1.0,79.0,1.0,3.0,100.9123351677189,"[283.9375, 181.06998247500167, 96.0]","[(283.9375, 50.0), (181.06998247500167, 140.0), (96.0, 20.0)]",1.0,2,3,"[5.0, 14.0, 2.0]","[283.9375, 181.06998247500167, 96.0]"
77768,"[5.0, 15.0, 68.0, 11.0, 23.0, 21.0, 1.0]","[191.375, 204.0, 273.0, 202.0738495144293, 159.41582238929536, 105.75, 90.75]",4,23.0,"[21.0, 1.0]","[5.0, 20.0, 88.0, 99.0, 122.0, 143.0, 144.0]","[0.0, 5.0, 20.0, 88.0, 99.0, 122.0, 143.0]","[1.5, 2.0, 3.5, 3.0, 1.5, 1.0, 1.0]","[4, 4, 4, 3, 3, 2, 1]","[5, 4, 4, 3, 3, 0, 0]","[1.5, 1.0, 0.5, 0.5, 0.25, 0.5, 1.0]","[2.0, 1.5, 1.0, 0.5, 0.5, 1.0, 2.0]","[0, 0, 0, 0, 0, 0, 0]",2012-12-19 15:00,34.0,2,2.0,122.0,1.0,3.0,80.0,"[105.75, 90.75]","[(105.75, 210.0), (90.75, 10.0)]",1.0,2,2,"[21.0, 1.0]","[105.75, 90.75]"
77794,"[66.0, 4.0, 37.0, 2.0, 1.0, 20.0, 20.0, 5.0]","[196.0, 204.0, 181.06998247500167, 167.40359922257957, 202.0738495144293, 149.3118667919715, 96.0, 144.6008998056449]",6,20.0,[5.0],"[161.0, 165.0, 202.0, 204.0, 205.0, 225.0, 245.0, 250.0]","[95.0, 161.0, 165.0, 202.0, 204.0, 205.0, 225.0, 245.0]","[2.5, 2.0, 2.5, 2.0, 3.0, 1.5, 1.0, 2.0]","[9, 4, 3, 3, 3, 3, 2, 2]","[9, 4, 3, 3, 3, 2, 1, 3]","[0.5, 1.0, 0.5, 0.5, 0.5, 0.5, 1.0, 1.0]","[1.0, 1.0, 0.5, 1.0, 0.5, 1.0, 2.0, 1.0]","[0, 0, 0, 0, 0, 0, 0, 0]",2012-12-23 14:45,35.0,2,2.0,245.0,1.0,3.0,80.0,[144.6008998056449],"[(144.6008998056449, 50.0)]",1.0,2,1,[5.0],[144.6008998056449]
78047,"[57.0, 37.0, 37.0, 5.0, 29.0, 1.0]","[272.9777961056527, 272.9777961056527, 202.0738495144293, 250.0, 155.51, 101.0]",3,5.0,"[29.0, 1.0]","[57.0, 94.0, 131.0, 136.0, 165.0, 166.0]","[0.0, 57.0, 94.0, 131.0, 136.0, 165.0]","[4.0, 4.0, 3.0, 3.0, 1.0, 1.0]","[3, 3, 3, 4, 3, 2]","[3, 3, 3, 4, 3, 2]","[0.2, 0.2, 0.2, 0.5, 0.5, 1.0]","[0.5, 0.5, 0.5, 1.5, 0.5, 1.0]","[0, 0, 0, 0, 0, 0]",2013-01-17 10:00,33.0,3,1.0,136.0,1.0,3.0,100.9123351677189,"[155.51, 101.0]","[(155.51, 290.0), (101.0, 10.0)]",1.0,2,2,"[29.0, 1.0]","[155.51, 101.0]"
78167,"[15.0, 20.0, 30.0, 15.0, 30.0, 55.0, 15.0, 20.0]","[175.0, 217.0, 217.0, 205.80538713582197, 202.0738495144293, 272.9777961056527, 144.6008998056449, 101.0]",6,15.0,[20.0],"[15.0, 35.0, 65.0, 80.0, 110.0, 165.0, 180.0, 200.0]","[0.0, 15.0, 35.0, 65.0, 80.0, 110.0, 165.0, 180.0]","[2.0, 3.0, 3.0, 3.0, 3.0, 4.0, 2.0, 1.0]","[9, 9, 9, 3, 3, 3, 2, 2]","[9, 9, 9, 9, 3, 3, 3, 2]","[1.0, 1.0, 1.0, 0.5, 0.5, 0.5, 0.5, 1.0]","[1.5, 1.5, 1.5, 1.5, 0.5, 0.5, 1.5, 1.0]","[0, 0, 0, 0, 0, 0, 0, 0]",2013-01-29 10:00,41.0,2,2.0,180.0,1.0,3.0,80.0,[101.0],"[(101.0, 200.0)]",1.0,2,1,[20.0],[101.0]
78183,"[5.0, 35.0, 10.0, 10.0, 32.0, 23.0, 5.5, 1.5, 32.5, 0.5, 8.0, 2.5, 1.5]","[286.75, 246.75, 171.125, 225.25, 264.25, 241.75, 174.25, 262.9375, 174.25, 440.0, 96.0, 114.6275, 294.4375]",10,8.0,"[2.5, 1.5]","[5.0, 40.0, 50.0, 60.0, 92.0, 115.0, 120.5, 122.0, 154.5, 155.0, 163.0, 165.5, 167.0]","[0.0, 5.0, 40.0, 50.0, 60.0, 92.0, 115.0, 120.5, 122.0, 154.5, 155.0, 163.0, 165.5]","[4.0, 3.5, 1.5, 3.0, 3.5, 3.0, 1.5, 2.0, 1.5, 6.0, 1.0, 1.0, 5.0]","[4, 9, 9, 9, 4, 4, 4, 7, 4, 8, 2, 2, 7]","[9, 4, 5, 4, 9, 9, 9, 9, 9, 8, 1, 3, 9]","[0.5, 0.5, 1.0, 0.5, 0.5, 0.5, 1.0, 1.0, 0.5, nan, 1.0, 0.5, 1.0]","[1.0, 1.5, 3.0, 2.0, 1.0, 1.25, 1.5, 2.5, 1.25, nan, 3.0, 1.5, 2.5]","[0, 0, 0, 0, 0, 0, 0, 1, 0, 0, 0, 0, 1]",2013-01-31 12:00,38.0,2,1.0,163.0,1.0,3.0,80.0,"[114.6275, 294.4375]","[(114.6275, 25.0), (294.4375, 15.0)]",1.0,2,2,"[2.5, 1.5]","[114.6275, 294.4375]"
78203,"[40.0, 5.0, 44.5, 0.5, 19.0, 1.0, 5.0, 2.0, 12.0]","[250.0, 290.2444490264132, 202.0738495144293, 140.0, 181.06998247500167, 232.12522605741117, 194.8508998056449, 292.25, 81.0]",3,0.5,"[19.0, 1.0, 5.0, 2.0, 12.0]","[40.0, 45.0, 89.5, 90.0, 109.0, 110.0, 115.0, 117.0, 129.0]","[0.0, 40.0, 45.0, 89.5, 90.0, 109.0, 110.0, 115.0, 117.0]","[3.0, 4.0, 3.0, 1.0, 2.5, 3.5, 2.0, 3.0, 1.0]","[4, 4, 3, 6, 3, 3, 4, 7, 1]","[4, 3, 3, 6, 3, 3, 3, 7, 1]","[2.0, 1.0, 0.5, 1.0, 1.0, 1.0, 0.5, 2.0, 2.0]","[2.5, 1.5, 0.8, 1.0, 8.0, 1.5, 1.0, 3.0, 2.5]","[0, 0, 0, 0, 0, 0, 0, 1, 0]",2013-02-01 08:00,33.0,3,1.0,90.0,1.0,3.0,100.9123351677189,"[181.06998247500167, 232.12522605741117, 194.8508998056449, 292.25, 81.0]","[(181.06998247500167, 190.0), (232.12522605741117, 10.0), (194.8508998056449, 50.0), (292.25, 20.0), (81.0, 120.0)]",1.0,2,5,"[19.0, 1.0, 5.0, 2.0, 12.0]","[181.06998247500167, 232.12522605741117, 194.8508998056449, 292.25, 81.0]"
78512,"[3.0, 7.0, 8.0, 4.0, 6.0, 4.0, 13.0, 6.0, 8.0, 9.0, 12.0, 4.5, 0.5]","[212.125, 210.0, 220.0, 222.5, 196.75, 212.125, 204.0, 171.0, 219.25, 204.0, 175.60395559732385, 158.0, 159.41582238929536]",6,13.0,"[6.0, 8.0, 9.0, 12.0, 4.5, 0.5]","[3.0, 10.0, 18.0, 22.0, 28.0, 32.0, 45.0, 51.0, 59.0, 68.0, 80.0, 84.5, 85.0]","[0.0, 3.0, 10.0, 18.0, 22.0, 28.0, 32.0, 45.0, 51.0, 59.0, 68.0, 80.0, 84.5]","[1.5, 1.0, 2.0, 1.5, 2.0, 1.5, 2.0, 1.0, 2.5, 2.0, 1.5, 1.0, 1.5]","[5, 5, 5, 5, 4, 5, 4, 4, 4, 4, 4, 4, 3]","[4, 5, 9, 5, 9, 4, 4, 5, 9, 4, 3, 4, 3]","[2.0, 2.0, 2.0, 2.0, 2.0, 2.0, 2.0, 1.0, 1.0, 0.5, 0.5, 1.0, 0.25]","[3.0, 5.0, 2.0, 5.0, 2.0, 4.0, 3.0, 2.0, 1.5, 1.5, 1.0, 1.0, 0.5]","[0, 0, 0, 0, 0, 0, 0, 0, 0, 0, 0, 0, 0]",2013-03-05 10:30,28.0,5,2.0,45.0,3.0,1.0,197.7469839309005,"[171.0, 219.25, 204.0, 175.60395559732385, 158.0, 159.41582238929536]","[(171.0, 60.0), (219.25, 80.0), (204.0, 90.0), (175.60395559732385, 120.0), (158.0, 45.0), (159.41582238929536, 5.0)]",3.0,2,6,"[6.0, 8.0, 9.0, 12.0, 4.5, 0.5]","[171.0, 219.25, 204.0, 175.60395559732385, 158.0, 159.41582238929536]"
78639,"[5.0, 40.0, 43.0, 25.0, 1.0, 16.0, 25.0, 3.0, 2.0, 2.0, 8.0, 34.0, 1.0]","[191.375, 273.0, 250.0, 214.05538713582197, 440.0, 215.51749561875042, 181.0, 292.25, 130.25, 292.25, 132.0, 104.0, 292.25]",7,3.0,"[2.0, 2.0, 8.0, 34.0, 1.0]","[5.0, 45.0, 88.0, 113.0, 114.0, 130.0, 155.0, 158.0, 160.0, 162.0, 170.0, 204.0, 205.0]","[0.0, 5.0, 45.0, 88.0, 113.0, 114.0, 130.0, 155.0, 158.0, 160.0, 162.0, 170.0, 204.0]","[1.5, 3.5, 3.0, 3.0, 6.0, 2.5, 1.5, 5.0, 1.0, 4.5, 2.0, 1.5, 4.0]","[4, 4, 4, 3, 8, 4, 4, 7, 6, 7, 2, 1, 7]","[5, 4, 4, 4, 8, 3, 4, 7, 2, 7, 1, 2, 7]","[2.0, 1.5, 1.0, 0.8, nan, 0.8, 1.5, 1.5, 2.0, 1.5, 1.0, 1.5, 1.0]","[3.0, 2.5, 1.5, 1.0, nan, 1.0, 2.0, 2.0, 3.0, 2.0, 2.0, 2.5, 1.5]","[0, 0, 0, 0, 0, 0, 0, 1, 0, 1, 0, 0, 1]",2013-03-22 08:00,28.0,3,1.0,158.0,1.0,3.0,100.9123351677189,"[130.25, 292.25, 132.0, 104.0, 292.25]","[(130.25, 20.0), (292.25, 20.0), (132.0, 80.0), (104.0, 340.0), (292.25, 10.0)]",1.0,2,5,"[2.0, 2.0, 8.0, 34.0, 1.0]","[130.25, 292.25, 132.0, 104.0, 292.25]"
78644,"[60.0, 24.0, 15.0, 4.0, 2.0, 45.0, 8.0]","[223.875, 270.1875, 167.40359922257957, 155.51, 312.0, 144.6008998056449, 86.0]",5,45.0,[8.0],"[60.0, 84.0, 99.0, 103.0, 105.0, 150.0, 158.0]","[0.0, 60.0, 84.0, 99.0, 103.0, 105.0, 150.0]","[2.5, 2.0, 2.0, 1.0, 4.0, 2.0, 1.0]","[7, 7, 3, 3, 7, 2, 1]","[5, 4, 3, 3, 7, 3, 2]","[3.0, 2.0, 2.0, 1.0, 2.0, 1.0, 1.0]","[3.0, 2.0, 2.0, 2.0, 2.0, 1.0, 1.0]","[0, 1, 0, 0, 0, 0, 0]",2013-03-25 08:30,32.0,2,1.0,150.0,1.0,3.0,80.0,[86.0],"[(86.0, 80.0)]",1.0,2,1,[8.0],[86.0]
78690,"[20.0, 51.0, 4.0, 14.0, 4.0, 11.0, 6.0]","[247.5, 227.25, 298.9375, 174.55248685625125, 287.4319490264132, 86.0, 114.0]",4,4.0,"[11.0, 6.0]","[20.0, 71.0, 75.0, 89.0, 93.0, 104.0, 110.0]","[0.0, 20.0, 71.0, 75.0, 89.0, 93.0, 104.0]","[2.5, 2.0, 4.5, 2.5, 4.0, 1.0, 1.5]","[5, 5, 7, 3, 7, 1, 2]","[5, 4, 4, 2, 3, 2, 1]","[4.0, 2.0, 1.0, 0.5, 1.0, 1.0, 0.5]","[8.0, 4.0, 2.0, 1.0, 1.5, 2.0, 1.0]","[0, 0, 1, 0, 1, 0, 0]",2013-03-30 10:00,38.0,2,1.0,93.0,1.0,3.0,80.0,"[86.0, 114.0]","[(86.0, 110.0), (114.0, 60.0)]",1.0,2,2,"[11.0, 6.0]","[86.0, 114.0]"
78937,"[13.0, 7.0, 19.0, 10.0, 2.0, 27.0, 1.0, 4.0]","[181.0, 292.25, 181.06998247500167, 194.8508998056449, 181.06998247500167, 181.0, 181.06998247500167, 81.0]",-1,,"[13.0, 7.0, 19.0, 10.0, 2.0, 27.0, 1.0, 4.0]","[13.0, 20.0, 39.0, 49.0, 51.0, 78.0, 79.0, 83.0]","[0.0, 13.0, 20.0, 39.0, 49.0, 51.0, 78.0, 79.0]","[1.5, 3.0, 2.5, 2.0, 2.5, 1.5, 2.5, 1.0]","[4, 7, 3, 4, 3, 4, 3, 1]","[4, 7, 3, 3, 3, 4, 3, 1]","[1.0, 1.0, 0.25, 0.5, 0.25, 1.0, 0.5, 1.0]","[2.0, 3.0, 0.5, 1.0, 0.5, 2.0, 0.5, 1.0]","[0, 1, 0, 0, 0, 0, 0, 0]",2013-12-01 11:15,35.0,7,0.0,83.0,3.0,1.0,878.8754841373355,"[181.0, 292.25, 181.06998247500167, 194.8508998056449, 181.06998247500167, 181.0, 181.06998247500167, 81.0]","[(181.0, 130.0), (292.25, 70.0), (181.06998247500167, 190.0), (194.8508998056449, 100.0), (181.06998247500167, 20.0), (181.0, 270.0), (181.06998247500167, 10.0), (81.0, 40.0)]",3.0,2,8,"[13.0, 7.0, 19.0, 10.0, 2.0, 27.0, 1.0, 4.0]","[181.0, 292.25, 181.06998247500167, 194.8508998056449, 181.06998247500167, 181.0, 181.06998247500167, 81.0]"
78949,"[2.0, 3.0, 20.0, 45.0, 14.0, 16.0]","[292.25, 204.0, 214.05538713582197, 167.40359922257957, 167.40359922257957, 194.80538713582197]",-1,,"[2.0, 3.0, 20.0, 45.0, 14.0, 16.0]","[2.0, 5.0, 25.0, 70.0, 84.0, 100.0]","[0.0, 2.0, 5.0, 25.0, 70.0, 84.0]","[4.0, 2.0, 3.0, 2.0, 2.0, 3.0]","[7, 4, 3, 3, 3, 3]","[7, 4, 4, 3, 3, 2]","[3.0, 1.0, 0.5, 0.2, 0.5, 0.5]","[3.0, 2.0, 1.0, 0.5, 0.5, 0.5]","[1, 0, 0, 0, 0, 0]",2013-12-03 11:00,43.0,7,0.0,100.0,3.0,1.0,878.8754841373355,"[292.25, 204.0, 214.05538713582197, 167.40359922257957, 167.40359922257957, 194.80538713582197]","[(292.25, 20.0), (204.0, 30.0), (214.05538713582197, 200.0), (167.40359922257957, 450.0), (167.40359922257957, 140.0), (194.80538713582197, 160.0)]",3.0,2,6,"[2.0, 3.0, 20.0, 45.0, 14.0, 16.0]","[292.25, 204.0, 214.05538713582197, 167.40359922257957, 167.40359922257957, 194.80538713582197]"
79039,"[11.0, 6.0, 8.0, 11.0, 10.0, 9.0, 12.0, 7.0, 12.0, 4.0, 2.0]","[259.0, 250.0, 204.0, 227.0, 204.0, 204.0, 227.0, 204.0, 232.12522605741117, 214.05538713582197, 157.3775]",-1,,"[11.0, 6.0, 8.0, 11.0, 10.0, 9.0, 12.0, 7.0, 12.0, 4.0, 2.0]","[11.0, 17.0, 25.0, 36.0, 46.0, 55.0, 67.0, 74.0, 86.0, 90.0, 92.0]","[0.0, 11.0, 17.0, 25.0, 36.0, 46.0, 55.0, 67.0, 74.0, 86.0, 90.0]","[4.0, 3.0, 2.0, 2.5, 2.0, 2.0, 2.5, 2.0, 3.5, 3.0, 1.0]","[9, 4, 4, 4, 4, 4, 4, 4, 3, 3, 4]","[9, 4, 4, 4, 4, 4, 4, 4, 3, 4, 3]","[2.0, 0.5, 1.0, 1.0, 1.5, 1.5, 1.5, 1.0, 0.25, 0.25, 0.5]","[3.0, 1.0, 1.5, 1.5, 2.0, 1.5, 1.5, 1.5, 0.5, 0.5, 1.5]","[0, 0, 0, 0, 0, 0, 0, 0, 0, 0, 0]",2013-12-16 08:30,38.0,7,0.0,92.0,3.0,1.0,878.8754841373355,"[259.0, 250.0, 204.0, 227.0, 204.0, 204.0, 227.0, 204.0, 232.12522605741117, 214.05538713582197, 157.3775]","[(259.0, 110.0), (250.0, 60.0), (204.0, 80.0), (227.0, 110.0), (204.0, 100.0), (204.0, 90.0), (227.0, 120.0), (204.0, 70.0), (232.12522605741117, 120.0), (214.05538713582197, 40.0), (157.3775, 20.0)]",3.0,2,11,"[11.0, 6.0, 8.0, 11.0, 10.0, 9.0, 12.0, 7.0, 12.0, 4.0, 2.0]","[259.0, 250.0, 204.0, 227.0, 204.0, 204.0, 227.0, 204.0, 232.12522605741117, 214.05538713582197, 157.3775]"
79044,"[3.0, 11.0, 3.0, 8.0, 15.0, 26.0, 6.0, 2.0, 2.0, 1.0]","[123.25, 357.25, 211.0, 294.4375, 268.25, 151.75, 139.25, 160.75, 151.75, 158.0]",-1,,"[3.0, 11.0, 3.0, 8.0, 15.0, 26.0, 6.0, 2.0, 2.0, 1.0]","[3.0, 14.0, 17.0, 25.0, 40.0, 66.0, 72.0, 74.0, 76.0, 77.0]","[0.0, 3.0, 14.0, 17.0, 25.0, 40.0, 66.0, 72.0, 74.0, 76.0]","[1.0, 5.0, 2.5, 5.0, 4.0, 1.0, 1.0, 1.5, 1.0, 1.0]","[7, 7, 7, 7, 9, 4, 9, 9, 4, 4]","[9, 9, 9, 9, 4, 9, 4, 4, 9, 4]","[1.0, 1.0, 0.5, 0.5, 0.5, 0.5, 0.5, 0.5, 0.5, 0.5]","[3.0, 2.5, 2.5, 2.5, 2.0, 2.0, 2.0, 2.0, 2.0, 1.5]","[0, 0, 0, 1, 0, 0, 0, 0, 0, 0]",2013-12-16 11:15,37.0,7,0.0,77.0,3.0,1.0,878.8754841373355,"[123.25, 357.25, 211.0, 294.4375, 268.25, 151.75, 139.25, 160.75, 151.75, 158.0]","[(123.25, 30.0), (357.25, 110.0), (211.0, 30.0), (294.4375, 80.0), (268.25, 150.0), (151.75, 260.0), (139.25, 60.0), (160.75, 20.0), (151.75, 20.0), (158.0, 10.0)]",3.0,2,10,"[3.0, 11.0, 3.0, 8.0, 15.0, 26.0, 6.0, 2.0, 2.0, 1.0]","[123.25, 357.25, 211.0, 294.4375, 268.25, 151.75, 139.25, 160.75, 151.75, 158.0]"
79070,"[12.0, 1.0, 15.0, 1.0, 5.0, 10.0, 4.0, 3.0, 1.0, 1.0, 2.0, 7.0]","[222.5, 440.0, 273.4375, 269.5, 273.4375, 240.25, 211.0, 281.6875, 211.75, 440.0, 225.25, 115.25]",-1,,"[12.0, 1.0, 15.0, 1.0, 5.0, 10.0, 4.0, 3.0, 1.0, 1.0, 2.0, 7.0]","[12.0, 13.0, 28.0, 29.0, 34.0, 44.0, 48.0, 51.0, 52.0, 53.0, 55.0, 62.0]","[0.0, 12.0, 13.0, 28.0, 29.0, 34.0, 44.0, 48.0, 51.0, 52.0, 53.0, 55.0]","[1.5, 6.0, 3.0, 3.5, 3.0, 3.0, 2.5, 3.0, 2.0, 6.0, 3.0, 1.0]","[5, 8, 7, 7, 7, 7, 7, 7, 4, 8, 9, 2]","[5, 8, 9, 9, 9, 9, 9, 4, 5, 8, 4, 4]","[3.0, nan, 2.0, 1.0, 1.0, 1.0, 1.5, 1.5, 1.5, nan, 1.0, 0.5]","[4.0, nan, 3.0, 1.5, 2.5, 3.0, 3.0, 2.5, 2.5, nan, 1.5, 1.5]","[0, 0, 1, 0, 1, 0, 0, 1, 0, 0, 0, 0]",2013-12-24 10:30,35.0,7,0.0,62.0,3.0,1.0,878.8754841373355,"[222.5, 440.0, 273.4375, 269.5, 273.4375, 240.25, 211.0, 281.6875, 211.75, 440.0, 225.25, 115.25]","[(222.5, 120.0), (440.0, 10.0), (273.4375, 150.0), (269.5, 10.0), (273.4375, 50.0), (240.25, 100.0), (211.0, 40.0), (281.6875, 30.0), (211.75, 10.0), (440.0, 10.0), (225.25, 20.0), (115.25, 70.0)]",3.0,2,12,"[12.0, 1.0, 15.0, 1.0, 5.0, 10.0, 4.0, 3.0, 1.0, 1.0, 2.0, 7.0]","[222.5, 440.0, 273.4375, 269.5, 273.4375, 240.25, 211.0, 281.6875, 211.75, 440.0, 225.25, 115.25]"
79280,"[14.0, 1.0, 33.0, 13.0, 23.0, 5.0, 9.0, 1.0]","[292.25, 120.0, 181.0, 290.2444490264132, 181.06998247500167, 232.12522605741117, 101.0, 144.6008998056449]",-1,,"[14.0, 1.0, 33.0, 13.0, 23.0, 5.0, 9.0, 1.0]","[14.0, 15.0, 48.0, 61.0, 84.0, 89.0, 98.0, 99.0]","[0.0, 14.0, 15.0, 48.0, 61.0, 84.0, 89.0, 98.0]","[4.0, 1.0, 1.5, 4.0, 2.5, 3.5, 1.0, 2.0]","[7, 0, 4, 4, 3, 3, 2, 2]","[7, 0, 4, 3, 3, 3, 2, 3]","[1.0, 2.0, 1.0, 0.5, 5.0, 0.25, 1.0, 0.5]","[2.0, 2.0, 2.0, 0.5, 5.0, 0.5, 1.0, 1.0]","[1, 0, 0, 0, 0, 0, 0, 0]",2014-01-12 14:15,30.0,7,0.0,99.0,3.0,1.0,878.8754841373355,"[292.25, 120.0, 181.0, 290.2444490264132, 181.06998247500167, 232.12522605741117, 101.0, 144.6008998056449]","[(292.25, 140.0), (120.0, 10.0), (181.0, 330.0), (290.2444490264132, 130.0), (181.06998247500167, 230.0), (232.12522605741117, 50.0), (101.0, 90.0), (144.6008998056449, 10.0)]",3.0,2,8,"[14.0, 1.0, 33.0, 13.0, 23.0, 5.0, 9.0, 1.0]","[292.25, 120.0, 181.0, 290.2444490264132, 181.06998247500167, 232.12522605741117, 101.0, 144.6008998056449]"
79329,"[8.0, 16.0, 38.0, 44.0, 24.0, 3.0, 34.0, 15.0]","[292.25, 214.05538713582197, 192.55248685625125, 167.40359922257957, 155.51, 167.40359922257957, 141.8825, 167.40359922257957]",6,34.0,[15.0],"[8.0, 24.0, 62.0, 106.0, 130.0, 133.0, 167.0, 182.0]","[0.0, 8.0, 24.0, 62.0, 106.0, 130.0, 133.0, 167.0]","[1.0, 3.0, 2.5, 2.0, 1.0, 2.0, 1.0, 2.0]","[7, 3, 3, 3, 3, 3, 3, 3]","[7, 4, 4, 3, 3, 3, 2, 3]","[2.0, 0.5, 0.5, 0.5, 0.5, 0.25, 0.25, 0.25]","[4.0, 0.5, 0.5, 0.5, 0.5, 0.25, 0.25, 0.25]","[1, 0, 0, 0, 0, 0, 0, 0]",2014-01-16 09:15,34.0,3,1.0,167.0,1.0,3.0,100.9123351677189,[167.40359922257957],"[(167.40359922257957, 150.0)]",1.0,2,1,[15.0],[167.40359922257957]
79353,"[31.0, 40.0, 15.0, 14.0, 7.0, 13.0, 15.0, 15.0]","[214.05538713582197, 232.12522605741117, 202.0738495144293, 192.55248685625125, 202.0738495144293, 119.0, 129.6008998056449, 81.0]",5,13.0,"[15.0, 15.0]","[31.0, 71.0, 86.0, 100.0, 107.0, 120.0, 135.0, 150.0]","[0.0, 31.0, 71.0, 86.0, 100.0, 107.0, 120.0, 135.0]","[3.0, 3.5, 3.0, 2.5, 3.0, 1.5, 2.0, 1.0]","[3, 3, 3, 3, 3, 2, 1, 1]","[4, 3, 3, 4, 3, 2, 3, 1]","[0.5, 0.25, 0.25, 0.5, 0.25, 1.0, 0.5, 1.0]","[0.5, 0.5, 0.5, 0.5, 0.5, 1.0, 1.0, 2.0]","[0, 0, 0, 0, 0, 0, 0, 0]",2014-01-17 11:00,43.0,2,1.0,120.0,1.0,3.0,80.0,"[129.6008998056449, 81.0]","[(129.6008998056449, 150.0), (81.0, 150.0)]",1.0,2,2,"[15.0, 15.0]","[129.6008998056449, 81.0]"
79431,"[27.0, 60.0, 50.0, 10.0, 5.0, 35.0]","[272.9777961056527, 192.55248685625125, 214.05538713582197, 202.0738495144293, 137.0, 81.0]",4,5.0,[35.0],"[27.0, 87.0, 137.0, 147.0, 152.0, 187.0]","[0.0, 27.0, 87.0, 137.0, 147.0, 152.0]","[4.0, 2.5, 3.0, 3.0, 2.0, 1.0]","[3, 3, 3, 3, 2, 1]","[3, 4, 4, 3, 2, 1]","[0.25, 0.5, 0.5, 0.5, 1.0, 1.0]","[0.5, 1.0, 0.5, 0.5, 2.0, 3.0]","[0, 0, 0, 0, 0, 0]",2014-01-27 15:00,39.0,2,1.0,152.0,1.0,3.0,80.0,[81.0],"[(81.0, 350.0)]",1.0,2,1,[35.0],[81.0]
79434,"[41.0, 50.0, 40.0, 10.0, 35.0, 20.0]","[268.25, 290.2444490264132, 175.0, 202.0738495144293, 272.9777961056527, 81.0]",4,35.0,[20.0],"[41.0, 91.0, 131.0, 141.0, 176.0, 196.0]","[0.0, 41.0, 91.0, 131.0, 141.0, 176.0]","[4.0, 4.0, 2.0, 3.0, 4.0, 1.0]","[9, 4, 9, 3, 3, 1]","[4, 3, 9, 3, 3, 1]","[0.5, 0.5, 0.5, 0.5, 0.5, 1.0]","[0.5, 0.5, 1.0, 0.5, 0.5, 2.0]","[0, 0, 0, 0, 0, 0]",2014-01-28 12:00,41.0,2,1.0,176.0,1.0,3.0,80.0,[81.0],"[(81.0, 200.0)]",1.0,2,1,[20.0],[81.0]
79452,"[5.0, 10.0, 45.0, 8.0, 20.0, 5.0, 14.0, 18.0]","[292.25, 210.0, 259.0, 214.05538713582197, 159.41582238929536, 214.05538713582197, 119.0, 101.0]",6,14.0,[18.0],"[5.0, 15.0, 60.0, 68.0, 88.0, 93.0, 107.0, 125.0]","[0.0, 5.0, 15.0, 60.0, 68.0, 88.0, 93.0, 107.0]","[2.5, 1.0, 4.0, 3.0, 1.5, 3.0, 1.5, 1.0]","[7, 5, 9, 3, 3, 3, 2, 2]","[7, 5, 9, 4, 3, 4, 2, 2]","[1.0, 2.0, 1.0, 0.5, 0.5, 0.5, 1.0, 1.0]","[2.0, 3.0, 1.0, 0.75, 0.5, 0.75, 1.0, 1.0]","[1, 0, 0, 0, 0, 0, 0, 0]",2014-01-29 10:00,33.0,3,1.0,120.0,1.0,3.0,100.9123351677189,[101.0],"[(101.0, 180.0)]",1.0,2,1,[18.0],[101.0]
79551,"[10.0, 64.0, 40.0, 4.0, 2.0, 12.0, 22.0, 2.0, 5.0, 20.0, 4.0, 2.0]","[251.0, 376.0, 249.5, 250.0, 296.0, 264.25, 241.75, 167.40359922257957, 326.42346393368337, 141.8825, 272.9777961056527, 86.0]",9,20.0,"[4.0, 2.0]","[10.0, 74.0, 114.0, 118.0, 120.0, 132.0, 154.0, 156.0, 161.0, 181.0, 185.0, 187.0]","[0.0, 10.0, 74.0, 114.0, 118.0, 120.0, 132.0, 154.0, 156.0, 161.0, 181.0, 185.0]","[3.0, 5.0, 3.0, 3.0, 4.0, 3.5, 3.0, 2.0, 4.5, 1.0, 4.0, 1.0]","[7, 7, 4, 4, 4, 4, 4, 3, 3, 3, 3, 1]","[5, 7, 7, 4, 4, 9, 9, 3, 3, 2, 3, 2]","[2.0, 1.5, 1.0, 1.0, 1.0, 0.5, 1.0, 0.5, 0.5, 1.0, 0.25, 1.0]","[3.0, 2.0, 2.0, 1.5, 1.0, 1.5, 1.5, 1.0, 1.0, 1.5, 0.5, 2.0]","[0, 0, 0, 0, 0, 0, 0, 0, 0, 0, 0, 0]",2014-02-06 09:00,34.0,2,2.0,181.0,1.0,3.0,80.0,"[272.9777961056527, 86.0]","[(272.9777961056527, 40.0), (86.0, 20.0)]",1.0,2,2,"[4.0, 2.0]","[272.9777961056527, 86.0]"
79580,"[5.0, 25.0, 9.0, 27.5, 0.5, 17.5, 0.5, 20.0, 1.0, 8.5, 0.5, 27.0, 2.5, 0.5, 28.0, 19.0, 7.5, 0.5]","[153.5, 133.0, 238.0, 225.25, 140.0, 219.25, 140.0, 242.34391954305838, 232.12522605741117, 214.05538713582197, 140.0, 159.80269941693467, 149.8825, 140.0, 141.8825, 159.41582238929536, 86.0, 125.25]",4,0.5,"[17.5, 0.5, 20.0, 1.0, 8.5, 0.5, 27.0, 2.5, 0.5, 28.0, 19.0, 7.5, 0.5]","[5.0, 30.0, 39.0, 66.5, 67.0, 84.5, 85.0, 105.0, 106.0, 114.5, 115.0, 142.0, 144.5, 145.0, 173.0, 192.0, 199.5, 200.0]","[0.0, 5.0, 30.0, 39.0, 66.5, 67.0, 84.5, 85.0, 105.0, 106.0, 114.5, 115.0, 142.0, 144.5, 145.0, 173.0, 192.0, 199.5]","[1.5, 1.0, 3.5, 3.0, 1.0, 2.5, 1.0, 3.5, 3.5, 3.0, 1.0, 2.0, 1.0, 1.0, 1.0, 1.5, 1.0, 1.0]","[9, 9, 9, 9, 6, 4, 6, 3, 3, 3, 6, 3, 3, 6, 3, 3, 1, 6]","[7, 9, 9, 4, 6, 9, 6, 4, 3, 4, 6, 2, 9, 6, 2, 3, 2, 1]","[1.0, 1.0, 0.5, 0.5, 1.0, 0.5, 1.0, 0.2, 0.2, 0.2, 1.0, 0.2, 0.2, 1.0, 0.2, 0.2, 1.0, 1.0]","[3.0, 2.5, 1.0, 1.5, 2.0, 1.2, 5.0, 1.0, 0.3, 0.75, 2.0, 0.5, 1.25, 2.0, 1.0, 0.3, 3.0, 2.0]","[0, 0, 0, 0, 0, 0, 0, 0, 0, 0, 0, 0, 0, 0, 0, 0, 0, 0]",2014-02-11 13:45,32.0,3,1.0,67.0,1.0,3.0,100.9123351677189,"[219.25, 140.0, 242.34391954305838, 232.12522605741117, 214.05538713582197, 140.0, 159.80269941693467, 149.8825, 140.0, 141.8825, 159.41582238929536, 86.0, 125.25]","[(219.25, 175.0), (140.0, 5.0), (242.34391954305838, 200.0), (232.12522605741117, 10.0), (214.05538713582197, 85.0), (140.0, 5.0), (159.80269941693467, 270.0), (149.8825, 25.0), (140.0, 5.0), (141.8825, 280.0), (159.41582238929536, 190.0), (86.0, 75.0), (125.25, 5.0)]",1.0,2,13,"[17.5, 0.5, 20.0, 1.0, 8.5, 0.5, 27.0, 2.5, 0.5, 28.0, 19.0, 7.5, 0.5]","[219.25, 140.0, 242.34391954305838, 232.12522605741117, 214.05538713582197, 140.0, 159.80269941693467, 149.8825, 140.0, 141.8825, 159.41582238929536, 86.0, 125.25]"
79631,"[12.0, 26.0, 21.0, 7.0, 13.0, 19.0]","[235.0, 259.0, 250.0, 292.25, 119.0, 81.0]",3,7.0,"[13.0, 19.0]","[12.0, 38.0, 59.0, 66.0, 79.0, 98.0]","[0.0, 12.0, 38.0, 59.0, 66.0, 79.0]","[2.0, 4.0, 3.0, 4.5, 1.5, 1.0]","[5, 9, 4, 7, 2, 1]","[5, 9, 4, 7, 2, 1]","[2.0, 1.0, 0.5, 0.5, 1.0, 2.0]","[2.0, 1.0, 1.0, 1.0, 1.0, 2.0]","[0, 0, 0, 1, 0, 0]",2014-02-14 12:00,34.0,2,1.0,66.0,1.0,3.0,80.0,"[119.0, 81.0]","[(119.0, 130.0), (81.0, 190.0)]",1.0,2,2,"[13.0, 19.0]","[119.0, 81.0]"
79698,"[11.0, 1.0, 1.0, 6.0, 4.0, 22.0, 30.0, 30.0, 4.0, 7.0, 5.0, 3.0, 2.0, 1.0, 4.0, 7.0, 3.0, 1.0, 1.0, 1.0, 6.0, 1.0, 2.0]","[310.0, 440.0, 310.0, 260.0, 310.0, 235.0, 259.0, 250.0, 175.0, 262.78130651435276, 158.0, 204.0, 155.51, 217.0, 272.9777961056527, 141.8825, 331.75, 292.25, 202.0738495144293, 440.0, 141.8825, 194.80538713582197, 86.0]",11,3.0,"[2.0, 1.0, 4.0, 7.0, 3.0, 1.0, 1.0, 1.0, 6.0, 1.0, 2.0]","[11.0, 12.0, 13.0, 19.0, 23.0, 45.0, 75.0, 105.0, 109.0, 116.0, 121.0, 124.0, 126.0, 127.0, 131.0, 138.0, 141.0, 142.0, 143.0, 144.0, 150.0, 151.0, 153.0]","[0.0, 11.0, 12.0, 13.0, 19.0, 23.0, 45.0, 75.0, 105.0, 109.0, 116.0, 121.0, 124.0, 126.0, 127.0, 131.0, 138.0, 141.0, 142.0, 143.0, 144.0, 150.0, 151.0]","[5.0, 6.0, 5.0, 3.0, 5.0, 2.0, 4.0, 3.0, 2.0, 3.5, 1.0, 2.0, 1.0, 3.0, 4.0, 1.0, 5.0, 5.0, 3.0, 6.0, 1.0, 3.0, 1.0]","[5, 8, 5, 5, 5, 5, 9, 4, 9, 4, 4, 4, 3, 9, 3, 3, 4, 7, 3, 8, 3, 3, 1]","[5, 8, 5, 5, 5, 5, 9, 4, 9, 3, 4, 4, 3, 9, 3, 2, 9, 7, 3, 8, 2, 2, 2]","[1.5, nan, 2.0, 2.0, 3.0, 2.0, 1.0, 2.0, 1.0, 1.0, 1.5, 1.0, 0.5, 1.0, 1.0, 0.5, 1.0, 3.0, 0.5, nan, 0.5, 0.5, 1.0]","[4.0, nan, 4.0, 4.0, 4.0, 4.0, 1.0, 2.0, 2.0, 3.0, 2.0, 2.0, 1.5, 1.0, 4.0, 1.0, 2.0, 4.0, 0.5, nan, 0.5, 1.0, 1.0]","[0, 0, 0, 0, 0, 0, 0, 0, 0, 0, 0, 0, 0, 0, 0, 0, 0, 1, 0, 0, 0, 0, 0]",2014-02-20 09:00,34.0,2,1.0,125.0,1.0,3.0,80.0,"[155.51, 217.0, 272.9777961056527, 141.8825, 331.75, 292.25, 202.0738495144293, 440.0, 141.8825, 194.80538713582197, 86.0]","[(155.51, 20.0), (217.0, 10.0), (272.9777961056527, 40.0), (141.8825, 70.0), (331.75, 30.0), (292.25, 10.0), (202.0738495144293, 10.0), (440.0, 10.0), (141.8825, 60.0), (194.80538713582197, 10.0), (86.0, 20.0)]",1.0,2,11,"[2.0, 1.0, 4.0, 7.0, 3.0, 1.0, 1.0, 1.0, 6.0, 1.0, 2.0]","[155.51, 217.0, 272.9777961056527, 141.8825, 331.75, 292.25, 202.0738495144293, 440.0, 141.8825, 194.80538713582197, 86.0]"
79869,"[5.0, 5.0, 28.0, 2.0, 3.0, 2.0, 10.0, 15.0, 22.0, 13.0, 10.5, 0.5]","[158.0, 287.4319490264132, 219.25, 277.21880651435276, 184.80248685625125, 232.12522605741117, 181.0, 278.6875, 154.0, 272.9777961056527, 101.0, 259.0414555973238]",-1,,"[5.0, 5.0, 28.0, 2.0, 3.0, 2.0, 10.0, 15.0, 22.0, 13.0, 10.5, 0.5]","[5.0, 10.0, 38.0, 40.0, 43.0, 45.0, 55.0, 70.0, 92.0, 105.0, 115.5, 116.0]","[0.0, 5.0, 10.0, 38.0, 40.0, 43.0, 45.0, 55.0, 70.0, 92.0, 105.0, 115.5]","[1.0, 4.0, 2.5, 3.5, 2.5, 3.5, 1.5, 3.5, 1.5, 4.0, 1.0, 1.5]","[4, 7, 4, 7, 3, 3, 4, 7, 9, 3, 2, 7]","[4, 3, 9, 3, 9, 3, 4, 9, 9, 3, 2, 3]","[1.0, 0.5, 1.0, 0.5, 0.5, 0.25, 1.0, 1.0, 1.0, 0.5, 1.0, 0.5]","[1.5, 2.0, 1.5, 1.5, 1.0, 0.5, 1.5, 2.0, 1.5, 0.5, 1.5, 1.0]","[0, 1, 0, 1, 0, 0, 0, 1, 0, 0, 0, 1]",2014-03-13 14:00,37.0,7,0.0,116.0,3.0,1.0,878.8754841373355,"[158.0, 287.4319490264132, 219.25, 277.21880651435276, 184.80248685625125, 232.12522605741117, 181.0, 278.6875, 154.0, 272.9777961056527, 101.0, 259.0414555973238]","[(158.0, 50.0), (287.4319490264132, 50.0), (219.25, 280.0), (277.21880651435276, 20.0), (184.80248685625125, 30.0), (232.12522605741117, 20.0), (181.0, 100.0), (278.6875, 150.0), (154.0, 220.0), (272.9777961056527, 130.0), (101.0, 105.0), (259.0414555973238, 5.0)]",3.0,2,12,"[5.0, 5.0, 28.0, 2.0, 3.0, 2.0, 10.0, 15.0, 22.0, 13.0, 10.5, 0.5]","[158.0, 287.4319490264132, 219.25, 277.21880651435276, 184.80248685625125, 232.12522605741117, 181.0, 278.6875, 154.0, 272.9777961056527, 101.0, 259.0414555973238]"
79879,"[50.0, 120.0, 17.0]","[211.75, 192.55248685625125, 114.6275]",-1,,"[50.0, 120.0, 17.0]","[50.0, 170.0, 187.0]","[0.0, 50.0, 170.0]","[2.0, 2.5, 1.0]","[4, 3, 2]","[5, 4, 3]","[2.0, 0.5, 0.5]","[3.0, 2.0, 1.0]","[0, 0, 0]",2014-03-14 08:45,30.0,7,0.0,187.0,3.0,1.0,878.8754841373355,"[211.75, 192.55248685625125, 114.6275]","[(211.75, 500.0), (192.55248685625125, 1200.0), (114.6275, 170.0)]",3.0,2,3,"[50.0, 120.0, 17.0]","[211.75, 192.55248685625125, 114.6275]"
79888,"[40.0, 60.0, 7.0, 3.0, 4.0, 19.0, 4.0]","[272.9777961056527, 202.0738495144293, 202.0738495144293, 272.9777961056527, 202.0738495144293, 144.6008998056449, 137.0]",4,4.0,"[19.0, 4.0]","[40.0, 100.0, 107.0, 110.0, 114.0, 133.0, 137.0]","[0.0, 40.0, 100.0, 107.0, 110.0, 114.0, 133.0]","[4.0, 3.0, 3.0, 4.0, 3.0, 2.0, 2.0]","[3, 3, 3, 3, 3, 2, 2]","[3, 3, 3, 3, 3, 3, 2]","[0.25, 0.25, 0.25, 0.5, 0.5, 1.0, 1.0]","[0.25, 0.5, 0.5, 0.5, 0.5, 1.0, 1.0]","[0, 0, 0, 0, 0, 0, 0]",2014-03-14 10:00,35.0,4,2.0,128.0,3.0,1.0,131.83132262060033,"[144.6008998056449, 137.0]","[(144.6008998056449, 190.0), (137.0, 40.0)]",3.0,2,2,"[19.0, 4.0]","[144.6008998056449, 137.0]"
79917,"[9.0, 11.0, 9.0, 13.0, 21.0, 6.0, 10.0, 14.0, 24.0, 7.0, 1.0]","[290.4375, 210.0, 293.1875, 181.0, 204.0, 192.55248685625125, 202.0738495144293, 217.0, 176.55269941693467, 156.1325, 272.9777961056527]",-1,,"[9.0, 11.0, 9.0, 13.0, 21.0, 6.0, 10.0, 14.0, 24.0, 7.0, 1.0]","[9.0, 20.0, 29.0, 42.0, 63.0, 69.0, 79.0, 93.0, 117.0, 124.0, 125.0]","[0.0, 9.0, 20.0, 29.0, 42.0, 63.0, 69.0, 79.0, 93.0, 117.0, 124.0]","[4.0, 1.0, 4.0, 1.5, 2.0, 2.5, 3.0, 3.0, 2.0, 1.0, 4.0]","[7, 5, 7, 4, 4, 3, 3, 9, 3, 3, 3]","[5, 5, 4, 4, 4, 4, 3, 9, 4, 4, 3]","[1.0, 0.8, 0.8, 0.8, 0.8, 0.3, 0.3, 0.3, 0.4, 0.3, 0.3]","[6.0, 2.5, 1.0, 1.6, 1.5, 0.6, 0.5, 0.5, 0.8, 0.6, 0.4]","[1, 0, 1, 0, 0, 0, 0, 0, 0, 0, 0]",2014-03-15 10:00,36.0,7,0.0,125.0,3.0,1.0,878.8754841373355,"[290.4375, 210.0, 293.1875, 181.0, 204.0, 192.55248685625125, 202.0738495144293, 217.0, 176.55269941693467, 156.1325, 272.9777961056527]","[(290.4375, 90.0), (210.0, 110.0), (293.1875, 90.0), (181.0, 130.0), (204.0, 210.0), (192.55248685625125, 60.0), (202.0738495144293, 100.0), (217.0, 140.0), (176.55269941693467, 240.0), (156.1325, 70.0), (272.9777961056527, 10.0)]",3.0,2,11,"[9.0, 11.0, 9.0, 13.0, 21.0, 6.0, 10.0, 14.0, 24.0, 7.0, 1.0]","[290.4375, 210.0, 293.1875, 181.0, 204.0, 192.55248685625125, 202.0738495144293, 217.0, 176.55269941693467, 156.1325, 272.9777961056527]"
79990,"[10.0, 12.0, 43.0, 46.0, 8.0, 5.0, 26.0, 1.0]","[210.0, 250.0, 250.0, 176.55269941693467, 176.55269941693467, 300.0, 155.51, 114.6275]",-1,,"[10.0, 12.0, 43.0, 46.0, 8.0, 5.0, 26.0, 1.0]","[10.0, 22.0, 65.0, 111.0, 119.0, 124.0, 150.0, 151.0]","[0.0, 10.0, 22.0, 65.0, 111.0, 119.0, 124.0, 150.0]","[1.0, 3.0, 3.0, 2.0, 2.0, 4.0, 1.0, 1.0]","[5, 4, 4, 3, 3, 4, 3, 2]","[5, 4, 4, 4, 4, 7, 3, 3]","[1.0, 0.6, 0.6, 0.4, 0.5, 0.8, 0.3, 0.3]","[4.5, 1.0, 0.8, 1.2, 0.8, 1.2, 0.5, 0.7]","[0, 0, 0, 0, 0, 0, 0, 0]",2014-03-28 15:10,32.0,7,0.0,151.0,3.0,1.0,878.8754841373355,"[210.0, 250.0, 250.0, 176.55269941693467, 176.55269941693467, 300.0, 155.51, 114.6275]","[(210.0, 100.0), (250.0, 120.0), (250.0, 430.0), (176.55269941693467, 460.0), (176.55269941693467, 80.0), (300.0, 50.0), (155.51, 260.0), (114.6275, 10.0)]",3.0,2,8,"[10.0, 12.0, 43.0, 46.0, 8.0, 5.0, 26.0, 1.0]","[210.0, 250.0, 250.0, 176.55269941693467, 176.55269941693467, 300.0, 155.51, 114.6275]"
80076,"[25.0, 45.0, 33.0, 22.0, 4.0, 2.0]","[296.0, 319.0, 250.0, 227.0, 292.25, 114.6275]",3,22.0,"[4.0, 2.0]","[25.0, 70.0, 103.0, 125.0, 129.0, 131.0]","[0.0, 25.0, 70.0, 103.0, 125.0, 129.0]","[4.0, 4.5, 3.0, 2.5, 4.0, 1.0]","[4, 4, 4, 4, 7, 2]","[4, 4, 4, 4, 7, 3]","[1.0, 0.5, 0.5, 0.75, 1.5, 0.25]","[1.0, 0.5, 0.5, 1.0, 4.0, 1.0]","[0, 0, 0, 0, 1, 0]",2014-04-14 08:20,38.0,4,3.0,125.0,3.0,1.0,131.83132262060033,"[292.25, 114.6275]","[(292.25, 40.0), (114.6275, 20.0)]",3.0,2,2,"[4.0, 2.0]","[292.25, 114.6275]"
80194,"[16.0, 6.0, 18.0, 6.0, 4.0, 5.0]","[167.40359922257957, 292.25, 202.0738495144293, 167.40359922257957, 292.25, 81.0]",-1,,"[16.0, 6.0, 18.0, 6.0, 4.0, 5.0]","[16.0, 22.0, 40.0, 46.0, 50.0, 55.0]","[0.0, 16.0, 22.0, 40.0, 46.0, 50.0]","[2.0, 4.0, 3.0, 2.0, 4.0, 1.0]","[3, 7, 3, 3, 7, 1]","[3, 7, 3, 3, 7, 1]","[0.5, 1.5, 0.5, 0.5, 2.0, 1.0]","[0.5, 1.5, 0.5, 0.5, 2.0, 2.0]","[0, 1, 0, 0, 1, 0]",2014-12-02 10:30,33.0,7,0.0,55.0,3.0,1.0,878.8754841373355,"[167.40359922257957, 292.25, 202.0738495144293, 167.40359922257957, 292.25, 81.0]","[(167.40359922257957, 160.0), (292.25, 60.0), (202.0738495144293, 180.0), (167.40359922257957, 60.0), (292.25, 40.0), (81.0, 50.0)]",3.0,2,6,"[16.0, 6.0, 18.0, 6.0, 4.0, 5.0]","[167.40359922257957, 292.25, 202.0738495144293, 167.40359922257957, 292.25, 81.0]"
80285,"[40.0, 18.0, 1.0, 4.0, 27.0, 2.0, 5.0, 19.0, 4.0, 15.0, 12.0, 2.0, 2.0]","[272.9777961056527, 262.78130651435276, 204.0, 262.78130651435276, 250.0, 204.0, 293.1875, 227.0, 296.0, 181.0, 242.34391954305838, 204.0, 272.9777961056527]",8,4.0,"[15.0, 12.0, 2.0, 2.0]","[40.0, 58.0, 59.0, 63.0, 90.0, 92.0, 97.0, 116.0, 120.0, 135.0, 147.0, 149.0, 151.0]","[0.0, 40.0, 58.0, 59.0, 63.0, 90.0, 92.0, 97.0, 116.0, 120.0, 135.0, 147.0, 149.0]","[4.0, 3.5, 2.0, 3.5, 3.0, 2.0, 4.0, 2.5, 4.0, 1.5, 3.5, 2.0, 4.0]","[3, 4, 4, 4, 4, 4, 7, 4, 4, 4, 3, 4, 3]","[3, 3, 4, 3, 4, 4, 4, 4, 4, 4, 4, 4, 3]","[0.3, 0.5, 1.0, 0.5, 0.5, 0.8, 1.0, 0.3, 0.3, 0.5, 0.3, 0.5, 0.3]","[0.5, 0.5, 1.0, 0.5, 0.5, 0.8, 1.0, 0.5, 0.5, 1.0, 0.5, 0.8, 0.3]","[0, 0, 0, 0, 0, 0, 1, 0, 0, 0, 0, 0, 0]",2014-12-22 11:04,36.0,3,1.0,125.0,1.0,3.0,100.9123351677189,"[181.0, 242.34391954305838, 204.0, 272.9777961056527]","[(181.0, 150.0), (242.34391954305838, 120.0), (204.0, 20.0), (272.9777961056527, 20.0)]",1.0,2,4,"[15.0, 12.0, 2.0, 2.0]","[181.0, 242.34391954305838, 204.0, 272.9777961056527]"
80311,"[5.0, 5.0, 10.0, 5.0, 17.0, 3.0, 30.0, 10.0]","[210.0, 292.25, 249.5, 292.25, 149.8825, 314.81759795026255, 167.40359922257957, 194.80538713582197]",6,30.0,[10.0],"[5.0, 10.0, 20.0, 25.0, 42.0, 45.0, 75.0, 85.0]","[0.0, 5.0, 10.0, 20.0, 25.0, 42.0, 45.0, 75.0]","[1.0, 4.5, 3.0, 4.0, 1.0, 4.5, 2.0, 3.0]","[5, 7, 4, 7, 3, 3, 3, 3]","[5, 7, 7, 7, 9, 9, 3, 2]","[2.0, 1.5, 1.5, 1.0, 1.0, 1.0, 0.3, 0.2]","[3.0, 1.5, 1.5, 2.0, 1.0, 1.0, 0.5, 0.2]","[0, 1, 0, 1, 0, 0, 0, 0]",2014-12-29 12:30,34.0,2,1.0,75.0,1.0,3.0,80.0,[194.80538713582197],"[(194.80538713582197, 100.0)]",1.0,2,1,[10.0],[194.80538713582197]
80363,"[5.0, 38.0, 51.0, 5.0, 26.0, 6.0]","[204.0, 250.0, 204.0, 214.05538713582197, 159.80269941693467, 101.0]",2,51.0,"[5.0, 26.0, 6.0]","[5.0, 43.0, 94.0, 99.0, 125.0, 131.0]","[0.0, 5.0, 43.0, 94.0, 99.0, 125.0]","[2.0, 3.0, 2.0, 3.0, 2.0, 1.0]","[4, 4, 4, 3, 3, 2]","[4, 4, 4, 4, 2, 2]","[1.5, 1.0, 1.0, 0.5, 0.5, 0.1]","[1.5, 1.0, 1.5, 0.5, 1.0, 0.1]","[0, 0, 0, 0, 0, 0]",2015-01-04 11:00,38.0,2,1.0,94.0,1.0,3.0,80.0,"[214.05538713582197, 159.80269941693467, 101.0]","[(214.05538713582197, 50.0), (159.80269941693467, 260.0), (101.0, 60.0)]",1.0,2,3,"[5.0, 26.0, 6.0]","[214.05538713582197, 159.80269941693467, 101.0]"
80393,"[25.0, 8.0, 1.0, 7.5, 0.5, 1.0, 7.0, 4.0, 12.5, 0.5, 3.0]","[158.0, 158.0, 296.0, 158.0, 440.0, 140.0, 158.0, 250.0, 141.8825, 292.25, 141.8825]",4,0.5,"[1.0, 7.0, 4.0, 12.5, 0.5, 3.0]","[25.0, 33.0, 34.0, 41.5, 42.0, 43.0, 50.0, 54.0, 66.5, 67.0, 70.0]","[0.0, 25.0, 33.0, 34.0, 41.5, 42.0, 43.0, 50.0, 54.0, 66.5, 67.0]","[1.0, 1.0, 4.0, 1.0, 6.0, 1.0, 1.0, 3.0, 1.0, 4.5, 1.0]","[4, 4, 4, 4, 8, 6, 4, 4, 3, 7, 3]","[4, 4, 4, 4, 8, 6, 4, 4, 2, 7, 2]","[1.0, 1.0, 1.0, 2.0, nan, 2.0, 1.0, 1.0, 0.25, 0.25, 0.25]","[3.0, 2.0, 2.0, 2.0, nan, 4.5, 1.5, 2.0, 1.0, 0.5, 1.5]","[0, 0, 0, 0, 0, 0, 0, 0, 0, 1, 0]",2015-01-07 11:00,31.0,3,1.0,42.5,1.0,3.0,100.9123351677189,"[140.0, 158.0, 250.0, 141.8825, 292.25, 141.8825]","[(140.0, 10.0), (158.0, 70.0), (250.0, 40.0), (141.8825, 125.0), (292.25, 5.0), (141.8825, 30.0)]",1.0,2,6,"[1.0, 7.0, 4.0, 12.5, 0.5, 3.0]","[140.0, 158.0, 250.0, 141.8825, 292.25, 141.8825]"
80446,"[22.0, 2.0, 32.0, 2.0]","[210.0, 250.0, 204.0, 250.0]",1,2.0,"[32.0, 2.0]","[22.0, 24.0, 56.0, 58.0]","[0.0, 22.0, 24.0, 56.0]","[1.0, 3.0, 2.0, 3.0]","[5, 4, 4, 4]","[5, 4, 4, 4]","[2.5, 1.25, 1.25, 0.75]","[3.0, 1.25, 1.25, 0.75]","[0, 0, 0, 0]",2015-01-14 11:00,37.0,3,1.0,24.0,1.0,3.0,100.9123351677189,"[204.0, 250.0]","[(204.0, 320.0), (250.0, 20.0)]",1.0,2,2,"[32.0, 2.0]","[204.0, 250.0]"
80605,"[36.0, 11.0, 4.0, 9.0, 15.0]","[357.25, 205.25, 249.5, 167.40359922257957, 101.0]",0,36.0,"[11.0, 4.0, 9.0, 15.0]","[36.0, 47.0, 51.0, 60.0, 75.0]","[0.0, 36.0, 47.0, 51.0, 60.0]","[5.0, 2.5, 3.0, 2.0, 1.0]","[7, 4, 4, 3, 2]","[9, 6, 7, 3, 2]","[2.0, 2.0, 1.5, 0.5, 1.0]","[3.0, 2.5, 2.0, 0.5, 1.5]","[0, 0, 0, 0, 0]",2015-01-31 12:30,37.0,2,1.0,36.0,1.0,3.0,80.0,"[205.25, 249.5, 167.40359922257957, 101.0]","[(205.25, 110.0), (249.5, 40.0), (167.40359922257957, 90.0), (101.0, 150.0)]",1.0,2,4,"[11.0, 4.0, 9.0, 15.0]","[205.25, 249.5, 167.40359922257957, 101.0]"
80639,"[18.0, 7.0, 1.0, 1.0, 7.5, 1.5, 16.0, 13.0]","[224.25, 292.25, 175.0, 292.25, 158.0, 140.0, 115.25, 81.0]",4,7.5,"[1.5, 16.0, 13.0]","[18.0, 25.0, 26.0, 27.0, 34.5, 36.0, 52.0, 65.0]","[0.0, 18.0, 25.0, 26.0, 27.0, 34.5, 36.0, 52.0]","[2.5, 5.0, 2.0, 5.0, 1.0, 1.0, 1.0, 1.0]","[4, 7, 9, 7, 4, 6, 2, 1]","[7, 7, 9, 7, 4, 6, 4, 1]","[2.0, 1.5, 1.0, 1.0, 1.0, 2.0, 0.25, 1.0]","[3.0, 2.0, 1.5, 1.5, 1.5, 3.0, 0.5, 1.5]","[0, 1, 0, 1, 0, 0, 0, 0]",2015-02-02 14:00,32.0,2,1.0,34.5,1.0,3.0,80.0,"[140.0, 115.25, 81.0]","[(140.0, 15.0), (115.25, 160.0), (81.0, 130.0)]",1.0,2,3,"[1.5, 16.0, 13.0]","[140.0, 115.25, 81.0]"
81027,"[12.0, 15.0, 6.0, 25.0, 1.0, 7.0, 1.0, 2.0, 2.5, 10.299999999999997, 0.20000000000000284]","[287.3125, 222.5, 440.0, 151.75, 140.0, 175.0, 281.6875, 158.0, 281.6875, 156.1325, 140.0]",2,6.0,"[25.0, 1.0, 7.0, 1.0, 2.0, 2.5, 10.299999999999997, 0.20000000000000284]","[12.0, 27.0, 33.0, 58.0, 59.0, 66.0, 67.0, 69.0, 71.5, 81.8, 82.0]","[0.0, 12.0, 27.0, 33.0, 58.0, 59.0, 66.0, 67.0, 69.0, 71.5, 81.8]","[3.5, 1.5, 6.0, 1.0, 1.0, 2.0, 3.0, 1.0, 3.0, 1.0, 1.0]","[7, 5, 8, 4, 6, 9, 7, 4, 7, 3, 6]","[5, 5, 8, 9, 6, 9, 4, 4, 4, 4, 6]","[2.0, 2.0, nan, 1.5, 2.0, 1.0, 1.0, 0.75, 1.0, 0.5, 0.5]","[2.0, 3.0, nan, 1.5, 2.5, 1.5, 1.0, 1.0, 1.5, 0.5, 0.5]","[1, 0, 0, 0, 0, 0, 1, 0, 1, 0, 0]",2015-03-10 14:00,28.0,4,2.0,33.0,3.0,1.0,131.83132262060033,"[151.75, 140.0, 175.0, 281.6875, 158.0, 281.6875, 156.1325, 140.0]","[(151.75, 250.0), (140.0, 10.0), (175.0, 70.0), (281.6875, 10.0), (158.0, 20.0), (281.6875, 25.0), (156.1325, 102.99999999999997), (140.0, 2.0000000000000284)]",3.0,2,8,"[25.0, 1.0, 7.0, 1.0, 2.0, 2.5, 10.299999999999997, 0.20000000000000284]","[151.75, 140.0, 175.0, 281.6875, 158.0, 281.6875, 156.1325, 140.0]"
81120,"[6.0, 36.0, 28.0, 17.0, 19.0, 10.0, 50.0]","[260.0, 217.0, 259.0, 286.75, 204.0, 153.75, 86.0]",5,10.0,[50.0],"[6.0, 42.0, 70.0, 87.0, 106.0, 116.0, 166.0]","[0.0, 6.0, 42.0, 70.0, 87.0, 106.0, 116.0]","[3.0, 3.0, 4.0, 4.0, 2.0, 2.0, 1.0]","[5, 9, 9, 4, 4, 2, 1]","[5, 9, 9, 9, 4, 4, 2]","[3.0, 3.0, 2.0, 1.5, 1.0, 1.0, 1.0]","[4.0, 4.0, 3.0, 2.0, 1.0, 1.5, 1.5]","[0, 0, 0, 0, 0, 0, 0]",2015-03-20 10:00,42.0,4,2.0,116.0,3.0,1.0,131.83132262060033,[86.0],"[(86.0, 500.0)]",3.0,2,1,[50.0],[86.0]
81133,"[70.0, 56.0, 25.0, 12.0, 24.0, 13.0]","[311.25, 259.0, 213.26846237860732, 259.0, 217.0, 101.0]",3,12.0,"[24.0, 13.0]","[70.0, 126.0, 151.0, 163.0, 187.0, 200.0]","[0.0, 70.0, 126.0, 151.0, 163.0, 187.0]","[5.0, 4.0, 3.0, 4.0, 3.0, 1.0]","[9, 9, 9, 9, 9, 2]","[4, 9, 3, 9, 9, 2]","[1.0, 1.0, 0.25, 1.0, 0.5, 0.5]","[2.0, 1.5, 0.5, 1.5, 1.0, 1.0]","[0, 0, 0, 0, 0, 0]",2015-03-24 08:30,30.0,5,2.0,163.0,3.0,1.0,197.7469839309005,"[217.0, 101.0]","[(217.0, 240.0), (101.0, 130.0)]",3.0,2,2,"[24.0, 13.0]","[217.0, 101.0]"
81194,"[40.0, 6.0, 4.0, 12.0, 49.0, 2.0, 32.0, 5.0]","[187.5, 376.0, 204.0, 233.59391954305838, 202.0738495144293, 292.25, 167.40359922257957, 101.0]",5,2.0,"[32.0, 5.0]","[40.0, 46.0, 50.0, 62.0, 111.0, 113.0, 145.0, 150.0]","[0.0, 40.0, 46.0, 50.0, 62.0, 111.0, 113.0, 145.0]","[1.0, 5.0, 2.0, 3.5, 3.0, 4.0, 2.0, 1.0]","[5, 7, 4, 3, 3, 7, 3, 2]","[7, 7, 4, 9, 3, 7, 3, 2]","[3.0, 2.0, 1.0, 0.4, 0.2, 1.0, 0.2, 1.0]","[4.0, 3.0, 1.5, 0.8, 0.4, 1.5, 0.4, 1.0]","[0, 0, 0, 0, 0, 1, 0, 0]",2015-04-03 12:00,39.0,2,1.0,135.0,1.0,3.0,80.0,"[167.40359922257957, 101.0]","[(167.40359922257957, 320.0), (101.0, 50.0)]",1.0,2,2,"[32.0, 5.0]","[167.40359922257957, 101.0]"
81222,"[13.0, 21.0, 15.0, 36.0, 5.0, 29.0, 3.0, 3.0, 4.0, 6.0, 1.0, 14.0, 7.900000000000006, 0.09999999999999432]","[259.0, 301.0, 309.25, 286.75, 264.25, 225.25, 259.0, 217.0, 298.75, 137.0, 292.25, 137.0, 294.4375, 140.0]",11,14.0,"[7.900000000000006, 0.09999999999999432]","[13.0, 34.0, 49.0, 85.0, 90.0, 119.0, 122.0, 125.0, 129.0, 135.0, 136.0, 150.0, 157.9, 158.0]","[0.0, 13.0, 34.0, 49.0, 85.0, 90.0, 119.0, 122.0, 125.0, 129.0, 135.0, 136.0, 150.0, 157.9]","[4.0, 5.0, 4.5, 4.0, 3.5, 3.0, 4.0, 3.0, 4.0, 2.0, 5.0, 2.0, 5.0, 1.0]","[9, 9, 4, 4, 4, 9, 9, 9, 7, 2, 7, 2, 7, 6]","[9, 9, 9, 9, 9, 4, 9, 9, 9, 2, 7, 2, 9, 6]","[0.75, 0.5, 0.75, 0.75, 1.0, 1.0, 1.0, 1.0, 1.0, 1.0, 1.0, 1.0, 1.0, 1.0]","[1.5, 1.5, 1.5, 1.5, 1.5, 2.0, 1.5, 2.0, 2.0, 3.0, 1.0, 2.0, 1.0, 1.0]","[0, 0, 0, 0, 0, 0, 0, 0, 0, 0, 1, 0, 1, 0]",2015-04-12 10:10,37.0,4,3.0,150.0,3.0,1.0,131.83132262060033,"[294.4375, 140.0]","[(294.4375, 79.00000000000006), (140.0, 0.9999999999999432)]",3.0,2,2,"[7.900000000000006, 0.09999999999999432]","[294.4375, 140.0]"
81416,"[1.0, 9.0, 30.0, 10.0]","[181.06998247500167, 204.0, 250.0, 250.0]",-1,,"[1.0, 9.0, 30.0, 10.0]","[1.0, 10.0, 40.0, 50.0]","[0.0, 1.0, 10.0, 40.0]","[2.5, 2.0, 3.0, 3.0]","[3, 4, 4, 4]","[3, 4, 4, 4]","[0.2, 1.0, 1.0, 1.0]","[0.5, 2.0, 2.0, 1.0]","[0, 0, 0, 0]",2015-12-15 09:30,30.0,7,0.0,50.0,3.0,1.0,878.8754841373355,"[181.06998247500167, 204.0, 250.0, 250.0]","[(181.06998247500167, 10.0), (204.0, 90.0), (250.0, 300.0), (250.0, 100.0)]",3.0,2,4,"[1.0, 9.0, 30.0, 10.0]","[181.06998247500167, 204.0, 250.0, 250.0]"
81483,"[6.0, 12.0, 35.0, 17.0, 18.0, 12.0, 8.0, 1.0, 1.0]","[210.0, 289.1875, 264.25, 241.75, 182.25, 160.75, 139.25, 268.1875, 86.0]",-1,,"[6.0, 12.0, 35.0, 17.0, 18.0, 12.0, 8.0, 1.0, 1.0]","[6.0, 18.0, 53.0, 70.0, 88.0, 100.0, 108.0, 109.0, 110.0]","[0.0, 6.0, 18.0, 53.0, 70.0, 88.0, 100.0, 108.0, 109.0]","[1.0, 4.5, 3.5, 3.0, 2.0, 1.5, 1.0, 2.5, 1.0]","[5, 7, 4, 4, 9, 9, 9, 7, 1]","[5, 9, 9, 9, 4, 4, 4, 9, 2]","[1.0, 0.5, 0.5, 0.5, 0.5, 0.5, 0.5, 0.5, 1.0]","[4.0, 2.5, 1.5, 1.5, 2.0, 1.5, 1.0, 1.0, 3.0]","[0, 1, 0, 0, 0, 0, 0, 1, 0]",2016-01-01 13:00,33.0,7,0.0,110.0,3.0,1.0,878.8754841373355,"[210.0, 289.1875, 264.25, 241.75, 182.25, 160.75, 139.25, 268.1875, 86.0]","[(210.0, 60.0), (289.1875, 120.0), (264.25, 350.0), (241.75, 170.0), (182.25, 180.0), (160.75, 120.0), (139.25, 80.0), (268.1875, 10.0), (86.0, 10.0)]",3.0,2,9,"[6.0, 12.0, 35.0, 17.0, 18.0, 12.0, 8.0, 1.0, 1.0]","[210.0, 289.1875, 264.25, 241.75, 182.25, 160.75, 139.25, 268.1875, 86.0]"
81496,"[2.0, 33.0, 10.0, 24.0, 1.0, 16.0, 1.0, 1.0, 7.0, 18.0, 2.0, 6.0, 9.0, 10.0, 1.0]","[210.0, 367.5, 227.25, 350.5, 210.0, 273.0, 210.0, 337.75, 250.0, 227.0, 158.0, 296.0, 101.0, 144.6008998056449, 81.0]",9,18.0,"[2.0, 6.0, 9.0, 10.0, 1.0]","[2.0, 35.0, 45.0, 69.0, 70.0, 86.0, 87.0, 88.0, 95.0, 113.0, 115.0, 121.0, 130.0, 140.0, 141.0]","[0.0, 2.0, 35.0, 45.0, 69.0, 70.0, 86.0, 87.0, 88.0, 95.0, 113.0, 115.0, 121.0, 130.0, 140.0]","[1.0, 5.0, 2.0, 5.0, 1.0, 3.5, 1.0, 4.5, 3.0, 2.5, 1.0, 4.5, 1.0, 2.0, 1.0]","[5, 7, 5, 4, 5, 4, 5, 7, 4, 4, 4, 9, 2, 2, 1]","[5, 4, 4, 7, 5, 4, 5, 4, 4, 4, 4, 7, 2, 3, 1]","[2.0, 2.0, 2.0, 1.0, 2.0, 1.5, 2.0, 1.0, 1.0, 1.0, 0.8, 0.8, 0.8, 0.5, 1.0]","[2.0, 2.0, 2.0, 1.0, 2.0, 1.5, 2.0, 1.0, 1.0, 1.0, 0.8, 0.8, 1.0, 0.5, 1.5]","[0, 0, 0, 0, 0, 0, 0, 0, 0, 0, 0, 0, 0, 0, 0]",2016-01-04 09:00,33.0,2,2.0,113.0,1.0,3.0,80.0,"[158.0, 296.0, 101.0, 144.6008998056449, 81.0]","[(158.0, 20.0), (296.0, 60.0), (101.0, 90.0), (144.6008998056449, 100.0), (81.0, 10.0)]",1.0,2,5,"[2.0, 6.0, 9.0, 10.0, 1.0]","[158.0, 296.0, 101.0, 144.6008998056449, 81.0]"
81509,"[1.0, 19.0, 8.0, 2.0, 7.0, 3.0, 10.0, 10.0, 21.0, 1.0]","[283.9375, 197.0, 273.0, 197.0, 211.75, 225.25, 114.6275, 149.3118667919715, 141.8825, 81.0]",5,3.0,"[10.0, 10.0, 21.0, 1.0]","[1.0, 20.0, 28.0, 30.0, 37.0, 40.0, 50.0, 60.0, 81.0, 82.0]","[0.0, 1.0, 20.0, 28.0, 30.0, 37.0, 40.0, 50.0, 60.0, 81.0]","[4.0, 1.0, 3.5, 1.0, 2.0, 3.0, 1.0, 1.5, 1.0, 1.0]","[7, 5, 4, 5, 4, 9, 2, 3, 3, 1]","[9, 4, 4, 4, 5, 4, 3, 2, 2, 1]","[1.0, 2.0, 1.5, 1.5, 1.0, 0.8, 0.2, 0.2, 0.2, 2.0]","[1.5, 3.0, 2.0, 3.0, 2.0, 1.5, 1.0, 0.5, 0.5, 4.0]","[1, 0, 0, 0, 0, 0, 0, 0, 0, 0]",2016-01-06 12:00,36.0,2,2.0,41.0,1.0,3.0,80.0,"[114.6275, 149.3118667919715, 141.8825, 81.0]","[(114.6275, 100.0), (149.3118667919715, 100.0), (141.8825, 210.0), (81.0, 10.0)]",1.0,2,4,"[10.0, 10.0, 21.0, 1.0]","[114.6275, 149.3118667919715, 141.8825, 81.0]"
81561,"[32.0, 17.0, 1.0, 61.0]","[204.0, 167.40359922257957, 292.25, 164.80269941693467]",1,17.0,"[1.0, 61.0]","[32.0, 49.0, 50.0, 111.0]","[0.0, 32.0, 49.0, 50.0]","[2.0, 2.0, 5.0, 2.0]","[4, 3, 7, 3]","[4, 3, 7, 0]","[2.0, 0.25, 1.0, 0.25]","[3.0, 0.5, 2.0, 1.0]","[0, 0, 1, 0]",2016-01-13 10:30,34.0,3,1.0,49.0,1.0,3.0,100.9123351677189,"[292.25, 164.80269941693467]","[(292.25, 10.0), (164.80269941693467, 610.0)]",1.0,2,2,"[1.0, 61.0]","[292.25, 164.80269941693467]"
81579,"[20.0, 30.0, 2.0, 8.0, 12.0, 8.0, 5.0, 25.0, 8.0, 10.0, 21.0, 1.0]","[212.125, 238.01846237860732, 101.0, 194.80538713582197, 129.10395559732385, 159.80269941693467, 119.0, 144.6008998056449, 202.0738495144293, 149.3118667919715, 114.6275, 81.0]",-1,20.0,"[30.0, 2.0, 8.0, 12.0, 8.0, 5.0, 25.0, 8.0, 10.0, 21.0, 1.0]","[20.0, 50.0, 52.0, 60.0, 72.0, 80.0, 85.0, 110.0, 118.0, 128.0, 149.0, 150.0]","[0.0, 20.0, 50.0, 52.0, 60.0, 72.0, 80.0, 85.0, 110.0, 118.0, 128.0, 149.0]","[1.5, 3.0, 1.0, 3.0, 1.5, 2.0, 1.5, 2.0, 3.0, 1.5, 1.0, 1.0]","[5, 4, 2, 3, 2, 3, 2, 2, 3, 3, 2, 1]","[4, 3, 2, 2, 3, 2, 2, 3, 3, 2, 3, 1]","[1.5, 0.5, 0.5, 0.2, 0.5, 0.2, 0.8, 0.5, 0.2, 0.2, 0.5, 1.0]","[4.0, 0.8, 1.0, 0.8, 0.8, 0.8, 1.0, 0.8, 0.5, 0.5, 0.8, 1.5]","[0, 0, 0, 0, 0, 0, 0, 0, 0, 0, 0, 0]",2016-01-14 10:00,24.0,3,1.0,5.0,1.0,3.0,100.9123351677189,"[238.01846237860732, 101.0, 194.80538713582197, 129.10395559732385, 159.80269941693467, 119.0, 144.6008998056449, 202.0738495144293, 149.3118667919715, 114.6275, 81.0]","[(238.01846237860732, 300.0), (101.0, 20.0), (194.80538713582197, 80.0), (129.10395559732385, 120.0), (159.80269941693467, 80.0), (119.0, 50.0), (144.6008998056449, 250.0), (202.0738495144293, 80.0), (149.3118667919715, 100.0), (114.6275, 210.0), (81.0, 10.0)]",1.0,2,11,"[30.0, 2.0, 8.0, 12.0, 8.0, 5.0, 25.0, 8.0, 10.0, 21.0, 1.0]","[238.01846237860732, 101.0, 194.80538713582197, 129.10395559732385, 159.80269941693467, 119.0, 144.6008998056449, 202.0738495144293, 149.3118667919715, 114.6275, 81.0]"
81591,"[25.0, 15.0, 18.0]","[191.375, 155.51, 141.8825]",-1,25.0,"[15.0, 18.0]","[25.0, 40.0, 58.0]","[0.0, 25.0, 40.0]","[1.5, 1.0, 1.0]","[4, 3, 3]","[5, 3, 2]","[2.0, 1.0, 0.5]","[3.0, 1.0, 1.0]","[0, 0, 0]",2016-01-15 08:45,30.0,2,1.0,0.0,1.0,3.0,80.0,"[155.51, 141.8825]","[(155.51, 150.0), (141.8825, 180.0)]",1.0,2,2,"[15.0, 18.0]","[155.51, 141.8825]"
81742,"[10.0, 2.0, 55.0, 27.0, 3.0, 2.0, 1.0]","[197.0, 292.25, 268.1875, 181.0, 158.0, 167.40359922257957, 81.0]",-1,,"[10.0, 2.0, 55.0, 27.0, 3.0, 2.0, 1.0]","[10.0, 12.0, 67.0, 94.0, 97.0, 99.0, 100.0]","[0.0, 10.0, 12.0, 67.0, 94.0, 97.0, 99.0]","[1.0, 3.0, 2.5, 1.5, 1.0, 2.0, 1.0]","[5, 7, 7, 4, 4, 3, 1]","[4, 7, 9, 4, 4, 3, 1]","[2.0, 2.0, 1.0, 1.0, 1.0, 0.5, 1.0]","[4.0, 2.0, 3.0, 1.0, 1.5, 0.5, 2.0]","[0, 1, 1, 0, 0, 0, 0]",2016-01-29 12:00,36.0,7,0.0,100.0,3.0,1.0,878.8754841373355,"[197.0, 292.25, 268.1875, 181.0, 158.0, 167.40359922257957, 81.0]","[(197.0, 100.0), (292.25, 20.0), (268.1875, 550.0), (181.0, 270.0), (158.0, 30.0), (167.40359922257957, 20.0), (81.0, 10.0)]",3.0,2,7,"[10.0, 2.0, 55.0, 27.0, 3.0, 2.0, 1.0]","[197.0, 292.25, 268.1875, 181.0, 158.0, 167.40359922257957, 81.0]"
81799,"[7.0, 15.0, 12.0, 2.0, 14.0, 13.0, 24.0, 2.0, 4.0, 6.0, 13.0, 31.0, 9.0]","[224.25, 274.75, 227.0, 292.25, 264.25, 241.75, 219.25, 292.25, 273.0, 292.25, 194.80538713582197, 96.0, 292.25]",10,13.0,"[31.0, 9.0]","[7.0, 22.0, 34.0, 36.0, 50.0, 63.0, 87.0, 89.0, 93.0, 99.0, 112.0, 143.0, 152.0]","[0.0, 7.0, 22.0, 34.0, 36.0, 50.0, 63.0, 87.0, 89.0, 93.0, 99.0, 112.0, 143.0]","[2.5, 3.5, 2.5, 4.5, 3.5, 3.0, 2.5, 4.5, 3.5, 4.0, 3.0, 1.0, 4.5]","[4, 4, 4, 7, 4, 4, 4, 7, 4, 7, 3, 2, 7]","[7, 7, 4, 7, 9, 9, 9, 7, 4, 7, 2, 1, 7]","[1.0, 2.0, 0.75, 1.0, 0.5, 0.5, 0.75, 1.0, 0.5, 1.0, 0.25, 0.75, 1.0]","[2.0, 3.0, 1.5, 2.0, 1.0, 1.0, 1.25, 2.0, 0.75, 2.0, 0.5, 1.5, 1.5]","[0, 0, 0, 1, 0, 0, 0, 1, 0, 1, 0, 0, 1]",2016-02-02 10:00,35.0,2,2.0,142.0,1.0,3.0,80.0,"[96.0, 292.25]","[(96.0, 310.0), (292.25, 90.0)]",1.0,2,2,"[31.0, 9.0]","[96.0, 292.25]"
81833,"[38.0, 45.0, 29.0, 9.0, 4.0, 25.0, 3.0]","[210.0, 296.0, 262.78130651435276, 214.05538713582197, 232.12522605741117, 132.0, 81.0]",4,4.0,"[25.0, 3.0]","[38.0, 83.0, 112.0, 121.0, 125.0, 150.0, 153.0]","[0.0, 38.0, 83.0, 112.0, 121.0, 125.0, 150.0]","[1.0, 4.0, 3.5, 3.0, 3.5, 2.0, 1.0]","[5, 4, 4, 3, 3, 2, 1]","[5, 4, 3, 4, 3, 1, 1]","[1.0, 0.5, 0.25, 0.25, 0.25, 1.0, 1.0]","[4.0, 1.0, 1.0, 1.0, 0.75, 3.0, 4.0]","[0, 0, 0, 0, 0, 0, 0]",2016-02-12 10:15,36.0,2,2.0,125.0,1.0,3.0,80.0,"[132.0, 81.0]","[(132.0, 250.0), (81.0, 30.0)]",1.0,2,2,"[25.0, 3.0]","[132.0, 81.0]"
81851,"[35.0, 1.0, 17.0, 1.0, 16.0, 1.0, 5.0, 1.0]","[239.625, 292.25, 210.0, 232.12522605741117, 133.0, 167.40359922257957, 101.0, 149.3118667919715]",1,1.0,"[17.0, 1.0, 16.0, 1.0, 5.0, 1.0]","[35.0, 36.0, 53.0, 54.0, 70.0, 71.0, 76.0, 77.0]","[0.0, 35.0, 36.0, 53.0, 54.0, 70.0, 71.0, 76.0]","[2.5, 4.0, 1.0, 3.5, 1.0, 2.0, 1.0, 1.5]","[5, 7, 5, 3, 9, 3, 2, 3]","[7, 7, 5, 3, 9, 3, 2, 2]","[4.0, 2.0, 3.0, 0.4, 3.0, 0.3, 0.4, 0.3]","[4.0, 2.0, 3.0, 0.4, 3.0, 0.3, 0.4, 0.3]","[0, 1, 0, 0, 0, 0, 0, 0]",2016-02-14 12:05,33.0,3,1.0,36.0,1.0,3.0,100.9123351677189,"[210.0, 232.12522605741117, 133.0, 167.40359922257957, 101.0, 149.3118667919715]","[(210.0, 170.0), (232.12522605741117, 10.0), (133.0, 160.0), (167.40359922257957, 10.0), (101.0, 50.0), (149.3118667919715, 10.0)]",1.0,2,6,"[17.0, 1.0, 16.0, 1.0, 5.0, 1.0]","[210.0, 232.12522605741117, 133.0, 167.40359922257957, 101.0, 149.3118667919715]"
82181,"[22.0, 22.0, 24.0, 14.0, 22.0, 1.0, 12.0, 3.0, 28.0, 5.0, 11.5, 0.5, 23.0, 10.0, 2.0]","[246.75, 196.0, 238.0, 328.0, 262.78130651435276, 272.9777961056527, 236.5313065143528, 248.5, 214.05538713582197, 232.12522605741117, 202.0738495144293, 140.0, 181.06998247500167, 149.3118667919715, 140.0]",9,5.0,"[11.5, 0.5, 23.0, 10.0, 2.0]","[22.0, 44.0, 68.0, 82.0, 104.0, 105.0, 117.0, 120.0, 148.0, 153.0, 164.5, 165.0, 188.0, 198.0, 200.0]","[0.0, 22.0, 44.0, 68.0, 82.0, 104.0, 105.0, 117.0, 120.0, 148.0, 153.0, 164.5, 165.0, 188.0, 198.0]","[3.5, 2.5, 3.5, 4.5, 3.5, 4.0, 3.5, 3.5, 3.0, 3.5, 3.0, 1.0, 2.5, 1.5, 1.0]","[9, 9, 9, 7, 4, 3, 9, 9, 3, 3, 3, 6, 3, 3, 6]","[4, 9, 9, 9, 3, 3, 3, 7, 4, 3, 3, 6, 3, 2, 6]","[1.0, 1.0, 1.0, 1.0, 0.2, 0.2, 0.2, 0.5, 0.2, 0.2, 0.2, 1.0, 0.2, 0.2, 2.0]","[2.0, 2.5, 2.5, 2.0, 1.0, 0.5, 1.0, 1.0, 1.0, 0.5, 0.5, 2.0, 0.5, 1.0, 8.0]","[0, 0, 0, 0, 0, 0, 0, 0, 0, 0, 0, 0, 0, 0, 0]",2016-03-15 11:30,31.0,5,3.0,153.0,3.0,1.0,197.7469839309005,"[202.0738495144293, 140.0, 181.06998247500167, 149.3118667919715, 140.0]","[(202.0738495144293, 115.0), (140.0, 5.0), (181.06998247500167, 230.0), (149.3118667919715, 100.0), (140.0, 20.0)]",3.0,2,5,"[11.5, 0.5, 23.0, 10.0, 2.0]","[202.0738495144293, 140.0, 181.06998247500167, 149.3118667919715, 140.0]"
82195,"[7.0, 47.0, 3.0, 13.0, 5.0, 10.0, 1.0, 11.0, 4.0, 5.0, 3.0, 16.0, 4.0, 1.0]","[217.0, 259.0, 292.25, 272.9777961056527, 304.6875, 272.9777961056527, 440.0, 272.9777961056527, 292.25, 202.0738495144293, 440.0, 202.0738495144293, 292.25, 140.0]",-1,,"[7.0, 47.0, 3.0, 13.0, 5.0, 10.0, 1.0, 11.0, 4.0, 5.0, 3.0, 16.0, 4.0, 1.0]","[7.0, 54.0, 57.0, 70.0, 75.0, 85.0, 86.0, 97.0, 101.0, 106.0, 109.0, 125.0, 129.0, 130.0]","[0.0, 7.0, 54.0, 57.0, 70.0, 75.0, 85.0, 86.0, 97.0, 101.0, 106.0, 109.0, 125.0, 129.0]","[3.0, 4.0, 5.0, 4.0, 5.0, 4.0, 6.0, 4.0, 5.0, 3.0, 6.0, 3.0, 4.0, 1.0]","[9, 9, 7, 3, 7, 3, 8, 3, 7, 3, 8, 3, 7, 6]","[9, 9, 7, 3, 4, 3, 8, 3, 7, 3, 8, 3, 7, 6]","[1.0, 1.0, 1.0, 0.2, 0.5, 0.2, nan, 0.2, 0.5, 0.2, nan, 0.2, 1.0, 2.0]","[1.0, 1.0, 1.0, 0.5, 0.5, 0.5, nan, 0.5, 0.5, 0.5, nan, 0.5, 1.0, 2.0]","[0, 0, 1, 0, 1, 0, 0, 0, 1, 0, 0, 0, 1, 0]",2016-03-15 13:30,30.0,7,0.0,130.0,3.0,1.0,878.8754841373355,"[217.0, 259.0, 292.25, 272.9777961056527, 304.6875, 272.9777961056527, 440.0, 272.9777961056527, 292.25, 202.0738495144293, 440.0, 202.0738495144293, 292.25, 140.0]","[(217.0, 70.0), (259.0, 470.0), (292.25, 30.0), (272.9777961056527, 130.0), (304.6875, 50.0), (272.9777961056527, 100.0), (440.0, 10.0), (272.9777961056527, 110.0), (292.25, 40.0), (202.0738495144293, 50.0), (440.0, 30.0), (202.0738495144293, 160.0), (292.25, 40.0), (140.0, 10.0)]",3.0,2,14,"[7.0, 47.0, 3.0, 13.0, 5.0, 10.0, 1.0, 11.0, 4.0, 5.0, 3.0, 16.0, 4.0, 1.0]","[217.0, 259.0, 292.25, 272.9777961056527, 304.6875, 272.9777961056527, 440.0, 272.9777961056527, 292.25, 202.0738495144293, 440.0, 202.0738495144293, 292.25, 140.0]"
82220,"[7.0, 8.0, 31.0, 17.0, 9.0, 4.0, 10.0, 8.0, 13.5, 0.5, 19.0, 1.0, 5.0, 19.0, 5.0]","[210.0, 197.0, 204.0, 192.55248685625125, 204.0, 292.25, 202.0738495144293, 292.25, 269.7059623786073, 151.75, 202.0738495144293, 292.25, 181.06998247500167, 187.25, 292.25]",-1,,"[7.0, 8.0, 31.0, 17.0, 9.0, 4.0, 10.0, 8.0, 13.5, 0.5, 19.0, 1.0, 5.0, 19.0, 5.0]","[7.0, 15.0, 46.0, 63.0, 72.0, 76.0, 86.0, 94.0, 107.5, 108.0, 127.0, 128.0, 133.0, 152.0, 157.0]","[0.0, 7.0, 15.0, 46.0, 63.0, 72.0, 76.0, 86.0, 94.0, 107.5, 108.0, 127.0, 128.0, 133.0, 152.0]","[1.0, 1.0, 2.0, 2.5, 2.0, 3.5, 3.0, 3.5, 3.0, 1.0, 3.0, 4.0, 2.5, 2.0, 3.0]","[5, 5, 4, 3, 4, 7, 3, 7, 7, 4, 3, 7, 3, 4, 7]","[5, 4, 4, 4, 4, 7, 3, 7, 3, 9, 3, 7, 3, 2, 7]","[3.0, 2.0, 2.0, 0.5, 1.5, 2.0, 0.5, 2.0, 0.5, 1.0, 0.5, 1.0, 0.5, 1.0, 2.0]","[5.0, 4.0, 3.0, 1.0, 2.5, 3.0, 0.5, 3.0, 2.0, 2.0, 0.5, 3.0, 0.5, 2.0, 4.0]","[0, 0, 0, 0, 0, 1, 0, 1, 1, 0, 0, 1, 0, 0, 1]",2016-03-22 09:30,35.0,7,0.0,157.0,3.0,1.0,878.8754841373355,"[210.0, 197.0, 204.0, 192.55248685625125, 204.0, 292.25, 202.0738495144293, 292.25, 269.7059623786073, 151.75, 202.0738495144293, 292.25, 181.06998247500167, 187.25, 292.25]","[(210.0, 70.0), (197.0, 80.0), (204.0, 310.0), (192.55248685625125, 170.0), (204.0, 90.0), (292.25, 40.0), (202.0738495144293, 100.0), (292.25, 80.0), (269.7059623786073, 135.0), (151.75, 5.0), (202.0738495144293, 190.0), (292.25, 10.0), (181.06998247500167, 50.0), (187.25, 190.0), (292.25, 50.0)]",3.0,2,15,"[7.0, 8.0, 31.0, 17.0, 9.0, 4.0, 10.0, 8.0, 13.5, 0.5, 19.0, 1.0, 5.0, 19.0, 5.0]","[210.0, 197.0, 204.0, 192.55248685625125, 204.0, 292.25, 202.0738495144293, 292.25, 269.7059623786073, 151.75, 202.0738495144293, 292.25, 181.06998247500167, 187.25, 292.25]"
82322,"[45.0, 35.0, 5.0, 5.0]","[216.0, 120.0, 292.25, 86.0]",-1,,"[45.0, 35.0, 5.0, 5.0]","[45.0, 80.0, 85.0, 90.0]","[0.0, 45.0, 80.0, 85.0]","[2.5, 1.0, 4.0, 1.0]","[7, 7, 7, 1]","[7, 7, 7, 2]","[2.0, 2.0, 2.0, 1.0]","[2.0, 3.0, 2.0, 1.0]","[0, 0, 1, 0]",2016-04-14 08:30,31.0,7,0.0,90.0,3.0,1.0,878.8754841373355,"[216.0, 120.0, 292.25, 86.0]","[(216.0, 450.0), (120.0, 350.0), (292.25, 50.0), (86.0, 50.0)]",3.0,2,4,"[45.0, 35.0, 5.0, 5.0]","[216.0, 120.0, 292.25, 86.0]"
82625,"[25.0, 4.0, 8.0, 25.0, 6.0, 22.0, 3.0, 13.0]","[259.0, 280.0, 301.0, 292.25, 440.0, 119.0, 180.26846237860732, 81.0]",4,6.0,"[22.0, 3.0, 13.0]","[25.0, 29.0, 37.0, 62.0, 68.0, 90.0, 93.0, 106.0]","[0.0, 25.0, 29.0, 37.0, 62.0, 68.0, 90.0, 93.0]","[4.0, 4.5, 5.0, 5.0, 6.0, 1.5, 3.0, 1.0]","[9, 9, 9, 7, 8, 2, 2, 1]","[9, 9, 9, 7, 8, 2, 3, 1]","[1.0, 1.0, 1.0, 2.0, nan, 1.0, 0.5, 1.0]","[1.0, 1.0, 1.0, 3.0, nan, 1.5, 1.0, 2.0]","[0, 0, 0, 1, 0, 0, 0, 0]",2017-01-10 14:00,34.0,2,2.0,88.0,1.0,3.0,80.0,"[119.0, 180.26846237860732, 81.0]","[(119.0, 220.0), (180.26846237860732, 30.0), (81.0, 130.0)]",1.0,2,3,"[22.0, 3.0, 13.0]","[119.0, 180.26846237860732, 81.0]"
82646,"[34.0, 19.0, 9.0, 17.0]","[342.0, 159.41582238929536, 155.51, 159.80269941693467]",2,9.0,[17.0],"[34.0, 53.0, 62.0, 79.0]","[0.0, 34.0, 53.0, 62.0]","[5.0, 1.5, 1.0, 2.0]","[4, 3, 3, 3]","[4, 3, 3, 2]","[1.5, 0.25, 0.25, 0.25]","[2.0, 0.25, 0.25, 0.25]","[0, 0, 0, 0]",2017-01-12 10:30,31.0,2,2.0,62.0,1.0,3.0,80.0,[159.80269941693467],"[(159.80269941693467, 170.0)]",1.0,2,1,[17.0],[159.80269941693467]
82653,"[18.0, 11.0, 14.0, 1.0, 4.0, 4.0, 17.0, 15.0, 16.0]","[210.0, 312.0, 158.0, 312.0, 204.0, 202.0738495144293, 167.40359922257957, 155.51, 86.0]",7,15.0,[16.0],"[18.0, 29.0, 43.0, 44.0, 48.0, 52.0, 69.0, 84.0, 100.0]","[0.0, 18.0, 29.0, 43.0, 44.0, 48.0, 52.0, 69.0, 84.0]","[1.0, 4.0, 1.0, 4.0, 2.0, 3.0, 2.0, 1.0, 1.0]","[5, 7, 4, 7, 4, 3, 3, 3, 1]","[5, 7, 4, 7, 4, 3, 3, 3, 2]","[4.0, 2.0, 1.5, 1.0, 1.0, 0.2, 0.5, 0.5, 1.0]","[6.0, 3.0, 2.5, 2.0, 2.0, 0.4, 0.5, 0.5, 2.0]","[0, 0, 0, 0, 0, 0, 0, 0, 0]",2017-01-13 11:00,31.0,2,2.0,84.0,1.0,3.0,80.0,[86.0],"[(86.0, 160.0)]",1.0,2,1,[16.0],[86.0]
82662,"[18.0, 1.0, 25.0, 3.0, 23.0, 29.0, 41.0]","[298.9375, 140.0, 194.80538713582197, 189.80248685625125, 144.6008998056449, 81.0, 81.0]",4,23.0,"[29.0, 41.0]","[18.0, 19.0, 44.0, 47.0, 70.0, 99.0, 140.0]","[0.0, 18.0, 19.0, 44.0, 47.0, 70.0, 99.0]","[4.5, 1.0, 3.0, 2.5, 2.0, 1.0, 1.0]","[7, 6, 3, 3, 2, 1, 1]","[4, 6, 2, 7, 3, 1, 1]","[1.5, 1.5, 0.5, 0.3, 0.5, 1.0, 1.25]","[2.0, 2.0, 0.5, 0.5, 0.75, 1.0, 1.25]","[1, 0, 0, 0, 0, 0, 0]",2017-01-14 11:15,30.0,2,1.0,70.0,1.0,4.0,80.0,"[81.0, 81.0]","[(81.0, 290.0), (81.0, 410.0)]",1.0,2,2,"[29.0, 41.0]","[81.0, 81.0]"
82665,"[35.0, 6.0, 4.0, 3.0, 16.0]","[272.875, 202.0738495144293, 167.40359922257957, 155.51, 114.6275]",0,35.0,"[6.0, 4.0, 3.0, 16.0]","[35.0, 41.0, 45.0, 48.0, 64.0]","[0.0, 35.0, 41.0, 45.0, 48.0]","[3.5, 3.0, 2.0, 1.0, 1.0]","[4, 3, 3, 3, 2]","[5, 3, 3, 3, 3]","[3.0, 1.0, 1.0, 1.0, 0.5]","[4.0, 2.0, 1.0, 1.0, 0.5]","[0, 0, 0, 0, 0]",2017-01-15 09:00,30.0,2,1.0,40.0,1.0,3.0,80.0,"[202.0738495144293, 167.40359922257957, 155.51, 114.6275]","[(202.0738495144293, 60.0), (167.40359922257957, 40.0), (155.51, 30.0), (114.6275, 160.0)]",1.0,2,4,"[6.0, 4.0, 3.0, 16.0]","[202.0738495144293, 167.40359922257957, 155.51, 114.6275]"
82707,"[15.0, 37.0, 16.0, 2.0, 41.0]","[232.125, 250.0, 211.75, 292.25, 114.6275]",3,2.0,[41.0],"[15.0, 52.0, 68.0, 70.0, 111.0]","[0.0, 15.0, 52.0, 68.0, 70.0]","[2.5, 3.0, 2.0, 5.0, 1.0]","[4, 4, 4, 7, 2]","[5, 4, 5, 7, 3]","[2.5, 1.0, 2.0, 1.0, 0.5]","[4.0, 2.0, 5.0, 1.0, 1.5]","[0, 0, 0, 1, 0]",2017-01-17 09:00,36.0,2,1.0,70.0,1.0,3.0,80.0,[114.6275],"[(114.6275, 410.0)]",1.0,2,1,[41.0],[114.6275]
82976,"[10.0, 22.0, 13.0, 15.0, 3.0, 7.0, 5.0, 8.0, 9.0, 2.9000000000000057, 0.09999999999999432, 10.0, 1.0, 1.5, 0.5]","[196.0, 204.0, 203.75, 259.0, 197.0, 238.01846237860732, 215.51749561875042, 214.05538713582197, 192.55248685625125, 202.0738495144293, 140.0, 101.0, 202.0738495144293, 114.6275, 202.0738495144293]",10,0.09999999999999432,"[10.0, 1.0, 1.5, 0.5]","[10.0, 32.0, 45.0, 60.0, 63.0, 70.0, 75.0, 83.0, 92.0, 94.9, 95.0, 105.0, 106.0, 107.5, 108.0]","[0.0, 10.0, 32.0, 45.0, 60.0, 63.0, 70.0, 75.0, 83.0, 92.0, 94.9, 95.0, 105.0, 106.0, 107.5]","[2.5, 2.0, 2.5, 4.0, 1.0, 3.0, 2.5, 3.0, 2.5, 3.0, 1.0, 1.0, 3.0, 1.0, 3.0]","[9, 4, 9, 9, 5, 4, 4, 3, 3, 3, 6, 2, 3, 2, 3]","[9, 4, 4, 9, 4, 3, 3, 4, 4, 3, 6, 2, 3, 3, 3]","[1.0, 1.0, 1.0, 1.0, 1.0, 0.25, 0.25, 0.25, 0.25, 0.25, 1.0, 0.5, 0.25, 0.25, 0.25]","[2.0, 4.0, 2.0, 2.0, 4.0, 1.5, 1.25, 1.0, 1.0, 0.5, 1.0, 2.0, 0.5, 1.25, 0.5]","[0, 0, 0, 0, 0, 0, 0, 0, 0, 0, 0, 0, 0, 0, 0]",2017-02-15 08:00,36.0,3,1.0,95.0,1.0,3.0,100.9123351677189,"[101.0, 202.0738495144293, 114.6275, 202.0738495144293]","[(101.0, 100.0), (202.0738495144293, 10.0), (114.6275, 15.0), (202.0738495144293, 5.0)]",1.0,2,4,"[10.0, 1.0, 1.5, 0.5]","[101.0, 202.0738495144293, 114.6275, 202.0738495144293]"
83117,"[34.0, 6.0, 24.0, 4.0, 27.0]","[208.875, 152.25, 167.40359922257957, 292.25, 155.51]",0,34.0,"[6.0, 24.0, 4.0, 27.0]","[34.0, 40.0, 64.0, 68.0, 95.0]","[0.0, 34.0, 40.0, 64.0, 68.0]","[2.5, 1.0, 2.0, 4.0, 1.0]","[9, 9, 3, 7, 3]","[5, 5, 3, 7, 3]","[3.0, 3.0, 2.0, 2.0, 1.0]","[4.0, 4.0, 2.0, 3.0, 1.0]","[0, 0, 0, 1, 0]",2017-03-01 09:30,32.0,2,1.0,34.0,1.0,3.0,80.0,"[152.25, 167.40359922257957, 292.25, 155.51]","[(152.25, 60.0), (167.40359922257957, 240.0), (292.25, 40.0), (155.51, 270.0)]",1.0,2,4,"[6.0, 24.0, 4.0, 27.0]","[152.25, 167.40359922257957, 292.25, 155.51]"
83153,"[10.0, 28.0, 7.0, 5.0, 14.0, 10.0, 1.0, 30.0, 37.0, 3.0, 3.0]","[257.0, 235.0, 152.5, 248.0, 218.75, 184.0, 292.25, 202.0738495144293, 114.6275, 221.84391954305838, 155.51]",7,30.0,"[37.0, 3.0, 3.0]","[10.0, 38.0, 45.0, 50.0, 64.0, 74.0, 75.0, 105.0, 142.0, 145.0, 148.0]","[0.0, 10.0, 38.0, 45.0, 50.0, 64.0, 74.0, 75.0, 105.0, 142.0, 145.0]","[3.0, 2.0, 1.5, 3.0, 2.5, 2.0, 4.0, 3.0, 1.0, 3.5, 1.0]","[5, 5, 7, 7, 7, 7, 7, 3, 2, 3, 3]","[7, 5, 9, 7, 4, 7, 7, 3, 3, 2, 3]","[2.0, 3.0, 2.0, 1.0, 1.0, 1.0, 1.0, 0.2, 0.2, 0.2, 0.2]","[5.0, 5.0, 2.0, 2.0, 1.5, 1.5, 1.5, 0.2, 1.0, 1.0, 0.2]","[0, 0, 0, 0, 0, 0, 1, 0, 0, 0, 0]",2017-03-03 07:30,34.0,3,1.0,105.0,1.0,3.0,100.9123351677189,"[114.6275, 221.84391954305838, 155.51]","[(114.6275, 370.0), (221.84391954305838, 30.0), (155.51, 30.0)]",1.0,2,3,"[37.0, 3.0, 3.0]","[114.6275, 221.84391954305838, 155.51]"
83645,"[63.0, 43.0, 40.0, 5.0, 9.0, 4.0, 4.0, 18.0, 4.0, 9.0, 1.0]","[259.0, 269.48334707923954, 269.48334707923954, 296.0, 175.0, 312.0, 101.0, 101.0, 137.0, 101.0, 137.0]",8,4.0,"[9.0, 1.0]","[63.0, 106.0, 146.0, 151.0, 160.0, 164.0, 168.0, 186.0, 190.0, 199.0, 200.0]","[0.0, 63.0, 106.0, 146.0, 151.0, 160.0, 164.0, 168.0, 186.0, 190.0, 199.0]","[4.0, 4.0, 4.0, 4.0, 2.0, 4.0, 1.0, 1.0, 2.0, 1.0, 2.0]","[9, 3, 3, 4, 9, 7, 2, 2, 2, 2, 2]","[9, 9, 9, 4, 9, 7, 2, 2, 2, 2, 2]","[0.2, 0.2, 0.5, 0.5, 0.5, 1.0, 0.5, 0.5, 0.5, 0.5, 0.2]","[0.5, 0.5, 1.0, 1.0, 0.5, 2.0, 1.0, 1.0, 1.0, 1.0, 0.5]","[0, 0, 0, 0, 0, 0, 0, 0, 0, 0, 0]",2017-03-24 10:00,34.0,2,1.0,190.0,1.0,3.0,80.0,"[101.0, 137.0]","[(101.0, 90.0), (137.0, 10.0)]",1.0,2,2,"[9.0, 1.0]","[101.0, 137.0]"
83669,"[10.0, 20.0, 5.0, 23.0, 58.0, 12.0, 15.0, 1.0]","[250.0, 250.0, 250.0, 250.0, 119.0, 144.6008998056449, 96.0, 101.0]",5,12.0,"[15.0, 1.0]","[10.0, 30.0, 35.0, 58.0, 116.0, 128.0, 143.0, 144.0]","[0.0, 10.0, 30.0, 35.0, 58.0, 116.0, 128.0, 143.0]","[3.0, 3.0, 3.0, 3.0, 1.5, 2.0, 1.0, 1.0]","[4, 4, 4, 4, 2, 2, 2, 2]","[4, 4, 4, 4, 2, 3, 1, 2]","[0.75, 1.0, 1.0, 0.75, 0.75, 0.5, 1.0, 0.5]","[1.25, 1.0, 1.0, 1.0, 1.0, 1.5, 1.5, 1.0]","[0, 0, 0, 0, 0, 0, 0, 0]",2017-03-29 09:00,40.0,5,3.0,128.0,3.0,1.0,197.7469839309005,"[96.0, 101.0]","[(96.0, 150.0), (101.0, 10.0)]",3.0,2,2,"[15.0, 1.0]","[96.0, 101.0]"
83707,"[17.0, 24.0, 42.0, 17.0, 30.0, 3.0, 20.0, 6.0, 1.0]","[326.42346393368337, 326.42346393368337, 272.9777961056527, 272.9777961056527, 202.0738495144293, 137.0, 204.0, 101.0, 250.0]",6,20.0,"[6.0, 1.0]","[17.0, 41.0, 83.0, 100.0, 130.0, 133.0, 153.0, 159.0, 160.0]","[0.0, 17.0, 41.0, 83.0, 100.0, 130.0, 133.0, 153.0, 159.0]","[4.5, 4.5, 4.0, 4.0, 3.0, 2.0, 2.0, 1.0, 3.0]","[3, 3, 3, 3, 3, 2, 4, 2, 4]","[3, 3, 3, 3, 3, 2, 4, 2, 4]","[0.2, 0.2, 0.2, 0.2, 0.5, 1.0, 1.0, 1.0, 1.0]","[0.2, 0.2, 0.5, 0.5, 0.5, 1.0, 1.0, 2.0, 2.0]","[0, 0, 0, 0, 0, 0, 0, 0, 0]",2017-04-07 09:30,36.0,5,2.0,153.0,3.0,1.0,197.7469839309005,"[101.0, 250.0]","[(101.0, 60.0), (250.0, 10.0)]",3.0,2,2,"[6.0, 1.0]","[101.0, 250.0]"
83721,"[18.0, 5.0, 7.0, 34.0, 20.0]","[120.0, 248.0, 216.0, 292.25, 292.25]",-1,,"[18.0, 5.0, 7.0, 34.0, 20.0]","[18.0, 23.0, 30.0, 64.0, 84.0]","[0.0, 18.0, 23.0, 30.0, 64.0]","[1.0, 3.0, 2.5, 2.0, 5.0]","[7, 7, 7, 7, 7]","[7, 7, 7, 7, 7]","[3.0, 2.0, 2.0, 2.0, 2.0]","[3.0, 3.0, 3.0, 2.0, 2.0]","[0, 0, 0, 1, 1]",2017-04-12 08:30,30.0,7,0.0,84.0,3.0,1.0,878.8754841373355,"[120.0, 248.0, 216.0, 292.25, 292.25]","[(120.0, 180.0), (248.0, 50.0), (216.0, 70.0), (292.25, 340.0), (292.25, 200.0)]",3.0,2,5,"[18.0, 5.0, 7.0, 34.0, 20.0]","[120.0, 248.0, 216.0, 292.25, 292.25]"
83733,"[54.0, 27.0, 19.0, 15.0, 21.0, 3.0]","[205.375, 190.75, 214.05538713582197, 202.0738495144293, 167.40359922257957, 394.2882093093874]",-1,,"[54.0, 27.0, 19.0, 15.0, 21.0, 3.0]","[54.0, 81.0, 100.0, 115.0, 136.0, 139.0]","[0.0, 54.0, 81.0, 100.0, 115.0, 136.0]","[1.5, 1.0, 3.0, 3.0, 2.0, 5.0]","[5, 5, 3, 3, 3, 3]","[9, 9, 4, 3, 3, 3]","[3.0, 3.0, 0.5, 0.3, 0.5, 0.5]","[5.0, 5.0, 1.5, 0.5, 0.5, 0.5]","[0, 0, 0, 0, 0, 0]",2017-04-17 09:45,35.0,7,0.0,139.0,3.0,1.0,878.8754841373355,"[205.375, 190.75, 214.05538713582197, 202.0738495144293, 167.40359922257957, 394.2882093093874]","[(205.375, 540.0), (190.75, 270.0), (214.05538713582197, 190.0), (202.0738495144293, 150.0), (167.40359922257957, 210.0), (394.2882093093874, 30.0)]",3.0,2,6,"[54.0, 27.0, 19.0, 15.0, 21.0, 3.0]","[205.375, 190.75, 214.05538713582197, 202.0738495144293, 167.40359922257957, 394.2882093093874]"
83736,"[5.0, 15.0, 20.0, 20.0, 17.0, 31.0, 4.0, 7.0, 2.0, 4.0, 35.0]","[152.25, 265.5, 208.875, 152.25, 171.125, 238.0, 217.0, 158.0, 250.0, 158.0, 149.3118667919715]",8,2.0,"[4.0, 35.0]","[5.0, 20.0, 40.0, 60.0, 77.0, 108.0, 112.0, 119.0, 121.0, 125.0, 160.0]","[0.0, 5.0, 20.0, 40.0, 60.0, 77.0, 108.0, 112.0, 119.0, 121.0, 125.0]","[1.0, 4.0, 2.5, 1.0, 1.5, 3.5, 3.0, 1.0, 3.0, 1.0, 1.5]","[9, 9, 9, 9, 9, 9, 9, 4, 4, 4, 3]","[5, 5, 5, 5, 5, 9, 9, 4, 4, 4, 2]","[2.0, 2.0, 2.0, 1.5, 1.5, 0.5, 0.5, 0.5, 0.5, 0.5, 0.25]","[4.0, 4.0, 4.0, 3.0, 3.0, 1.0, 1.5, 1.5, 1.5, 1.5, 1.0]","[0, 0, 0, 0, 0, 0, 0, 0, 0, 0, 0]",2017-04-21 12:00,40.0,2,2.0,123.0,1.0,3.0,80.0,"[158.0, 149.3118667919715]","[(158.0, 40.0), (149.3118667919715, 350.0)]",1.0,2,2,"[4.0, 35.0]","[158.0, 149.3118667919715]"
83743,"[5.0, 28.0, 19.0, 21.0, 36.0, 11.0, 4.0, 6.0, 22.0]","[222.5, 204.0, 236.51846237860732, 189.0, 152.0, 152.0, 158.0, 292.25, 81.0]",6,4.0,"[6.0, 22.0]","[5.0, 33.0, 52.0, 73.0, 109.0, 120.0, 124.0, 130.0, 152.0]","[0.0, 5.0, 33.0, 52.0, 73.0, 109.0, 120.0, 124.0, 130.0]","[1.5, 2.0, 3.0, 2.0, 1.5, 1.5, 1.0, 2.5, 1.0]","[5, 4, 7, 7, 7, 7, 4, 7, 1]","[5, 4, 3, 4, 7, 7, 4, 7, 1]","[2.0, 1.0, 0.5, 1.0, 2.0, 1.0, 1.0, 1.0, 1.0]","[4.0, 1.0, 2.0, 2.0, 2.0, 2.0, 2.0, 3.0, 2.0]","[0, 0, 0, 0, 0, 0, 0, 1, 0]",2017-04-28 10:30,36.0,3,1.0,124.0,1.0,3.0,100.9123351677189,"[292.25, 81.0]","[(292.25, 60.0), (81.0, 220.0)]",1.0,2,2,"[6.0, 22.0]","[292.25, 81.0]"
84146,"[30.0, 20.0, 10.0, 30.0, 8.0, 6.0, 1.0, 10.0, 20.0, 27.0]","[210.0, 324.56759795026255, 202.0738495144293, 180.26846237860732, 180.26846237860732, 376.0, 155.51, 376.0, 137.0, 81.0]",7,10.0,"[20.0, 27.0]","[30.0, 50.0, 60.0, 90.0, 98.0, 104.0, 105.0, 115.0, 135.0, 162.0]","[0.0, 30.0, 50.0, 60.0, 90.0, 98.0, 104.0, 105.0, 115.0, 135.0]","[1.0, 4.5, 3.0, 3.0, 3.0, 5.0, 1.0, 5.0, 2.0, 1.0]","[5, 3, 3, 2, 2, 7, 3, 7, 2, 1]","[5, 4, 3, 3, 3, 7, 3, 7, 2, 1]","[1.0, 0.5, 0.5, 0.2, 0.2, 2.0, 0.2, 2.0, 0.2, 1.0]","[3.0, 1.0, 1.0, 0.8, 0.8, 3.0, 0.5, 3.0, 0.5, 2.0]","[0, 0, 0, 0, 0, 0, 0, 0, 0, 0]",2018-01-11 10:00,35.0,3,1.0,115.0,1.0,3.0,100.9123351677189,"[137.0, 81.0]","[(137.0, 200.0), (81.0, 270.0)]",1.0,2,2,"[20.0, 27.0]","[137.0, 81.0]"
84154,"[30.0, 120.0, 4.0]","[202.0738495144293, 191.0, 86.0]",1,120.0,[4.0],"[30.0, 150.0, 154.0]","[0.0, 30.0, 150.0]","[3.0, 3.5, 1.0]","[3, 2, 1]","[3, 2, 2]","[1.0, 2.0, 1.5]","[1.0, 2.5, 1.5]","[0, 0, 0]",2018-01-11 09:00,32.0,2,1.0,150.0,1.0,3.0,80.0,[86.0],"[(86.0, 40.0)]",1.0,2,1,[4.0],[86.0]
84254,"[27.0, 20.0, 14.0, 18.0, 11.0, 20.0, 5.0, 5.0, 7.0, 3.0, 5.0, 17.0]","[210.0, 175.0, 175.0, 202.0738495144293, 167.40359922257957, 167.40359922257957, 167.40359922257957, 167.40359922257957, 155.51, 155.51, 101.0, 101.0]",4,11.0,"[20.0, 5.0, 5.0, 7.0, 3.0, 5.0, 17.0]","[27.0, 47.0, 61.0, 79.0, 90.0, 110.0, 115.0, 120.0, 127.0, 130.0, 135.0, 152.0]","[0.0, 27.0, 47.0, 61.0, 79.0, 90.0, 110.0, 115.0, 120.0, 127.0, 130.0, 135.0]","[1.0, 2.0, 2.0, 3.0, 2.0, 2.0, 2.0, 2.0, 1.0, 1.0, 1.0, 1.0]","[5, 9, 9, 3, 3, 3, 3, 3, 3, 3, 2, 2]","[5, 9, 9, 3, 3, 3, 3, 3, 3, 3, 2, 2]","[2.0, 2.0, 1.0, 0.5, 0.4, 0.2, 0.3, 0.5, 0.4, 0.2, 1.0, 1.0]","[3.0, 3.0, 2.0, 0.5, 0.4, 0.2, 0.3, 0.5, 0.5, 0.3, 1.0, 2.0]","[0, 0, 0, 0, 0, 0, 0, 0, 0, 0, 0, 0]",2018-01-17 10:50,37.0,2,1.0,90.0,1.0,3.0,80.0,"[167.40359922257957, 167.40359922257957, 167.40359922257957, 155.51, 155.51, 101.0, 101.0]","[(167.40359922257957, 200.0), (167.40359922257957, 50.0), (167.40359922257957, 50.0), (155.51, 70.0), (155.51, 30.0), (101.0, 50.0), (101.0, 170.0)]",1.0,2,7,"[20.0, 5.0, 5.0, 7.0, 3.0, 5.0, 17.0]","[167.40359922257957, 167.40359922257957, 167.40359922257957, 155.51, 155.51, 101.0, 101.0]"
84256,"[20.0, 18.0, 17.0, 15.0, 18.0, 9.0, 12.5, 0.5, 20.0, 20.0]","[171.0, 250.0, 204.0, 202.0738495144293, 202.0738495144293, 202.0738495144293, 167.40359922257957, 272.9777961056527, 155.51, 144.6008998056449]",8,20.0,[20.0],"[20.0, 38.0, 55.0, 70.0, 88.0, 97.0, 109.5, 110.0, 130.0, 150.0]","[0.0, 20.0, 38.0, 55.0, 70.0, 88.0, 97.0, 109.5, 110.0, 130.0]","[1.0, 3.0, 2.0, 3.0, 3.0, 3.0, 2.0, 4.0, 1.0, 2.0]","[4, 4, 4, 3, 3, 3, 3, 3, 3, 2]","[5, 4, 4, 3, 3, 3, 3, 3, 3, 3]","[2.0, 0.8, 1.0, 0.3, 0.2, 0.2, 0.2, 0.2, 0.2, 0.2]","[3.0, 0.8, 1.0, 0.3, 0.2, 0.2, 0.2, 0.2, 0.3, 0.5]","[0, 0, 0, 0, 0, 0, 0, 0, 0, 0]",2018-01-17 12:00,29.0,2,1.0,130.0,1.0,3.0,80.0,[144.6008998056449],"[(144.6008998056449, 200.0)]",1.0,2,1,[20.0],[144.6008998056449]
84277,"[15.0, 7.0, 8.0, 16.0, 29.5, 0.5, 9.0, 3.0, 1.0, 2.0, 8.0, 2.0, 3.0, 2.0, 24.0, 4.0, 4.0, 8.0, 25.0, 13.0]","[191.375, 181.0, 296.0, 273.0, 250.0, 440.0, 296.0, 250.0, 440.0, 292.25, 273.0, 292.25, 250.0, 292.25, 181.0, 158.0, 167.40359922257957, 159.41582238929536, 114.6275, 101.0]",15,4.0,"[4.0, 8.0, 25.0, 13.0]","[15.0, 22.0, 30.0, 46.0, 75.5, 76.0, 85.0, 88.0, 89.0, 91.0, 99.0, 101.0, 104.0, 106.0, 130.0, 134.0, 138.0, 146.0, 171.0, 184.0]","[0.0, 15.0, 22.0, 30.0, 46.0, 75.5, 76.0, 85.0, 88.0, 89.0, 91.0, 99.0, 101.0, 104.0, 106.0, 130.0, 134.0, 138.0, 146.0, 171.0]","[1.5, 1.5, 4.0, 3.5, 3.0, 6.0, 4.0, 3.0, 6.0, 4.0, 3.5, 4.0, 3.0, 4.0, 1.5, 1.0, 2.0, 1.5, 1.0, 1.0]","[4, 4, 4, 4, 4, 8, 4, 4, 8, 7, 4, 7, 4, 7, 4, 4, 3, 3, 2, 2]","[5, 4, 4, 4, 4, 8, 4, 4, 8, 7, 4, 7, 4, 7, 4, 4, 3, 3, 3, 2]","[3.0, 2.0, 1.0, 1.0, 1.0, nan, 0.5, 1.0, nan, 1.0, 0.5, 1.0, 0.5, 1.0, 0.5, 1.0, 0.5, 0.2, 0.5, 1.0]","[4.0, 3.0, 2.0, 1.0, 2.0, nan, 0.5, 1.0, nan, 2.0, 0.5, 2.0, 0.5, 2.0, 1.0, 1.0, 0.5, 0.2, 1.0, 2.0]","[0, 0, 0, 0, 0, 0, 0, 0, 0, 1, 0, 1, 0, 1, 0, 0, 0, 0, 0, 0]",2018-01-21 11:00,29.0,2,2.0,134.0,1.0,3.0,80.0,"[167.40359922257957, 159.41582238929536, 114.6275, 101.0]","[(167.40359922257957, 40.0), (159.41582238929536, 80.0), (114.6275, 250.0), (101.0, 130.0)]",1.0,2,4,"[4.0, 8.0, 25.0, 13.0]","[167.40359922257957, 159.41582238929536, 114.6275, 101.0]"
84300,"[70.0, 35.0, 20.0, 32.5, 0.5, 7.0, 5.5, 0.5, 16.0, 8.0, 5.0]","[272.9777961056527, 202.0738495144293, 202.0738495144293, 167.40359922257957, 140.0, 202.0738495144293, 181.06998247500167, 140.0, 144.6008998056449, 137.0, 101.0]",6,5.5,"[0.5, 16.0, 8.0, 5.0]","[70.0, 105.0, 125.0, 157.5, 158.0, 165.0, 170.5, 171.0, 187.0, 195.0, 200.0]","[0.0, 70.0, 105.0, 125.0, 157.5, 158.0, 165.0, 170.5, 171.0, 187.0, 195.0]","[4.0, 3.0, 3.0, 2.0, 1.0, 3.0, 2.5, 1.0, 2.0, 2.0, 1.0]","[3, 3, 3, 3, 6, 3, 3, 6, 2, 2, 2]","[3, 3, 3, 3, 6, 3, 3, 6, 3, 2, 2]","[0.1, 0.1, 0.1, 0.1, 0.1, 0.1, 0.1, 0.1, 0.2, 0.1, 0.1]","[0.5, 0.2, 0.2, 0.2, 0.2, 0.4, 0.2, 0.2, 0.5, 0.5, 0.5]","[0, 0, 0, 0, 0, 0, 0, 0, 0, 0, 0]",2018-01-24 13:00,29.0,3,1.0,170.5,1.0,3.0,100.9123351677189,"[140.0, 144.6008998056449, 137.0, 101.0]","[(140.0, 5.0), (144.6008998056449, 160.0), (137.0, 80.0), (101.0, 50.0)]",1.0,2,4,"[0.5, 16.0, 8.0, 5.0]","[140.0, 144.6008998056449, 137.0, 101.0]"
84340,"[3.0, 22.0, 9.0, 9.0, 16.0, 4.0, 13.0, 7.0]","[120.0, 292.25, 167.40359922257957, 292.25, 167.40359922257957, 133.0, 144.6008998056449, 95.75]",4,16.0,"[4.0, 13.0, 7.0]","[3.0, 25.0, 34.0, 43.0, 59.0, 63.0, 76.0, 83.0]","[0.0, 3.0, 25.0, 34.0, 43.0, 59.0, 63.0, 76.0]","[1.0, 4.0, 2.0, 2.5, 2.0, 1.0, 2.0, 1.0]","[7, 7, 3, 7, 3, 9, 2, 1]","[7, 7, 3, 7, 3, 9, 3, 6]","[2.0, 2.0, 0.75, 2.0, 0.25, 1.5, 0.75, 2.0]","[3.0, 3.0, 0.75, 2.0, 0.25, 2.0, 0.75, 2.0]","[0, 1, 0, 1, 0, 0, 0, 0]",2018-01-28 10:50,32.0,6,3.0,59.0,3.0,1.0,439.4377420686678,"[133.0, 144.6008998056449, 95.75]","[(133.0, 40.0), (144.6008998056449, 130.0), (95.75, 70.0)]",3.0,2,3,"[4.0, 13.0, 7.0]","[133.0, 144.6008998056449, 95.75]"
84391,"[30.0, 6.0, 84.0, 17.0, 54.0, 9.0]","[314.81759795026255, 292.25, 272.9777961056527, 202.0738495144293, 159.80269941693467, 173.0]",-1,,"[30.0, 6.0, 84.0, 17.0, 54.0, 9.0]","[30.0, 36.0, 120.0, 137.0, 191.0, 200.0]","[0.0, 30.0, 36.0, 120.0, 137.0, 191.0]","[4.5, 5.0, 4.0, 3.0, 2.0, 3.0]","[3, 7, 3, 3, 3, 2]","[9, 7, 3, 3, 2, 2]","[0.5, 1.0, 0.25, 0.25, 0.3, 1.0]","[1.5, 2.5, 0.5, 0.5, 1.25, 1.5]","[0, 1, 0, 0, 0, 0]",2018-01-31 13:30,43.0,7,0.0,200.0,3.0,1.0,878.8754841373355,"[314.81759795026255, 292.25, 272.9777961056527, 202.0738495144293, 159.80269941693467, 173.0]","[(314.81759795026255, 300.0), (292.25, 60.0), (272.9777961056527, 840.0), (202.0738495144293, 170.0), (159.80269941693467, 540.0), (173.0, 90.0)]",3.0,2,6,"[30.0, 6.0, 84.0, 17.0, 54.0, 9.0]","[314.81759795026255, 292.25, 272.9777961056527, 202.0738495144293, 159.80269941693467, 173.0]"
84455,"[35.0, 1.0, 14.0, 2.0, 23.0, 2.0, 10.0, 1.0, 3.0]","[190.75, 238.0, 154.0, 296.0, 227.0, 293.1875, 158.0, 158.0, 86.0]",-1,,"[35.0, 1.0, 14.0, 2.0, 23.0, 2.0, 10.0, 1.0, 3.0]","[35.0, 36.0, 50.0, 52.0, 75.0, 77.0, 87.0, 88.0, 91.0]","[0.0, 35.0, 36.0, 50.0, 52.0, 75.0, 77.0, 87.0, 88.0]","[1.0, 3.5, 1.5, 4.0, 2.5, 4.0, 1.0, 2.5, 1.0]","[5, 9, 9, 4, 4, 7, 4, 1, 1]","[9, 9, 9, 4, 4, 4, 4, 4, 2]","[2.0, 1.5, 1.0, 0.5, 0.5, 1.0, 0.5, 0.5, 1.0]","[3.0, 2.0, 1.5, 0.5, 1.0, 1.0, 0.75, 0.5, 1.0]","[0, 0, 0, 0, 0, 1, 0, 0, 0]",2018-02-12 10:15,33.0,7,0.0,91.0,3.0,1.0,878.8754841373355,"[190.75, 238.0, 154.0, 296.0, 227.0, 293.1875, 158.0, 158.0, 86.0]","[(190.75, 350.0), (238.0, 10.0), (154.0, 140.0), (296.0, 20.0), (227.0, 230.0), (293.1875, 20.0), (158.0, 100.0), (158.0, 10.0), (86.0, 30.0)]",3.0,2,9,"[35.0, 1.0, 14.0, 2.0, 23.0, 2.0, 10.0, 1.0, 3.0]","[190.75, 238.0, 154.0, 296.0, 227.0, 293.1875, 158.0, 158.0, 86.0]"
84622,"[5.0, 20.0, 60.0, 35.0, 25.0, 12.0, 9.0, 1.0, 9.0, 24.0]","[210.0, 252.5, 273.0, 273.0, 181.06998247500167, 176.55269941693467, 129.10395559732385, 202.0738495144293, 114.6275, 161.51749561875042]",7,1.0,"[9.0, 24.0]","[5.0, 25.0, 85.0, 120.0, 145.0, 157.0, 166.0, 167.0, 176.0, 200.0]","[0.0, 5.0, 25.0, 85.0, 120.0, 145.0, 157.0, 166.0, 167.0, 176.0]","[1.0, 3.0, 3.5, 3.5, 2.5, 2.0, 1.5, 3.0, 1.0, 2.5]","[5, 4, 4, 4, 3, 3, 2, 3, 2, 2]","[5, 5, 4, 4, 3, 4, 3, 3, 3, 3]","[2.0, 2.0, 0.5, 0.5, 0.25, 0.25, 0.25, 0.25, 0.5, 0.25]","[5.0, 3.0, 1.0, 1.0, 0.5, 0.75, 1.5, 0.5, 1.0, 1.0]","[0, 0, 0, 0, 0, 0, 0, 0, 0, 0]",2018-03-03 11:00,35.0,2,1.0,172.0,1.0,3.0,80.0,"[114.6275, 161.51749561875042]","[(114.6275, 90.0), (161.51749561875042, 240.0)]",1.0,2,2,"[9.0, 24.0]","[114.6275, 161.51749561875042]"
84675,"[50.0, 2.0, 6.0, 20.0, 35.0, 2.0, 43.0, 42.0]","[324.56759795026255, 204.0, 250.0, 290.2444490264132, 202.0738495144293, 292.25, 137.0, 86.0]",6,43.0,[42.0],"[50.0, 52.0, 58.0, 78.0, 113.0, 115.0, 158.0, 200.0]","[0.0, 50.0, 52.0, 58.0, 78.0, 113.0, 115.0, 158.0]","[4.5, 2.0, 3.0, 4.0, 3.0, 5.0, 2.0, 1.0]","[3, 4, 4, 4, 3, 7, 2, 1]","[4, 4, 4, 3, 3, 7, 2, 2]","[0.25, 2.0, 1.0, 0.5, 0.25, 1.0, 1.0, 2.0]","[1.0, 3.0, 3.0, 1.5, 0.75, 3.0, 2.0, 3.0]","[0, 0, 0, 0, 0, 1, 0, 0]",2018-03-14 10:15,45.0,2,1.0,170.0,1.0,3.0,80.0,[86.0],"[(86.0, 420.0)]",1.0,2,1,[42.0],[86.0]
84681,"[40.0, 4.0, 59.0, 20.0, 18.5, 0.5, 4.0, 12.0, 12.0, 0.5, 13.5, 16.0]","[272.9777961056527, 269.48334707923954, 272.9777961056527, 167.40359922257957, 167.40359922257957, 140.0, 217.0, 141.8825, 144.6008998056449, 140.0, 101.0, 101.0]",8,12.0,"[0.5, 13.5, 16.0]","[40.0, 44.0, 103.0, 123.0, 141.5, 142.0, 146.0, 158.0, 170.0, 170.5, 184.0, 200.0]","[0.0, 40.0, 44.0, 103.0, 123.0, 141.5, 142.0, 146.0, 158.0, 170.0, 170.5, 184.0]","[4.0, 4.0, 4.0, 2.0, 2.0, 1.0, 3.0, 1.0, 2.0, 1.0, 1.0, 1.0]","[3, 3, 3, 3, 3, 6, 9, 3, 2, 6, 2, 2]","[3, 9, 3, 3, 3, 6, 9, 2, 3, 6, 2, 2]","[0.1, 0.1, 0.1, 0.2, 0.2, 1.0, 0.5, 0.5, 0.5, 0.5, 0.5, 0.5]","[0.5, 0.5, 0.5, 0.5, 0.5, 3.0, 1.0, 1.0, 1.0, 5.0, 1.0, 1.0]","[0, 0, 0, 0, 0, 0, 0, 0, 0, 0, 0, 0]",2018-03-14 11:00,41.0,2,1.0,170.0,1.0,3.0,80.0,"[140.0, 101.0, 101.0]","[(140.0, 5.0), (101.0, 135.0), (101.0, 160.0)]",1.0,2,3,"[0.5, 13.5, 16.0]","[140.0, 101.0, 101.0]"
84690,"[4.0, 63.0, 10.0, 13.0, 22.0, 2.0, 15.0, 5.0, 10.0, 3.0, 4.0, 1.0]","[319.75, 196.75, 272.25, 264.25, 250.0, 292.25, 215.51749561875042, 292.25, 159.80269941693467, 292.25, 144.6008998056449, 292.25]",6,15.0,"[5.0, 10.0, 3.0, 4.0, 1.0]","[4.0, 67.0, 77.0, 90.0, 112.0, 114.0, 129.0, 134.0, 144.0, 147.0, 151.0, 152.0]","[0.0, 4.0, 67.0, 77.0, 90.0, 112.0, 114.0, 129.0, 134.0, 144.0, 147.0, 151.0]","[5.0, 2.0, 4.0, 3.5, 3.0, 4.0, 2.5, 4.0, 2.0, 5.0, 2.0, 4.0]","[9, 4, 9, 4, 4, 7, 4, 7, 3, 7, 2, 7]","[7, 9, 7, 9, 4, 7, 3, 7, 2, 7, 3, 7]","[2.0, 1.5, 2.0, 1.0, 1.0, 2.0, 1.0, 2.0, 0.2, 2.0, 0.2, 1.0]","[4.0, 4.0, 3.0, 1.0, 1.5, 2.0, 1.5, 3.0, 0.5, 3.0, 1.0, 1.0]","[0, 0, 0, 0, 0, 1, 0, 1, 0, 1, 0, 1]",2018-03-15 09:00,36.0,2,1.0,129.0,1.0,3.0,80.0,"[292.25, 159.80269941693467, 292.25, 144.6008998056449, 292.25]","[(292.25, 50.0), (159.80269941693467, 100.0), (292.25, 30.0), (144.6008998056449, 40.0), (292.25, 10.0)]",1.0,2,5,"[5.0, 10.0, 3.0, 4.0, 1.0]","[292.25, 159.80269941693467, 292.25, 144.6008998056449, 292.25]"
8470,"[10.0, 11.0, 11.0, 18.0, 22.0, 18.0, 6.0, 2.0, 2.0, 2.0, 1.0, 10.0, 12.0, 18.0, 2.0, 1.0, 4.0, 12.0, 6.0, 10.5, 0.5, 1.0]","[249.25, 234.625, 291.75, 205.375, 197.0, 191.375, 242.375, 232.125, 214.05538713582197, 204.0, 272.875, 262.78130651435276, 214.05538713582197, 194.8508998056449, 171.0, 293.1875, 211.75, 181.0, 176.55269941693467, 157.3775, 218.1008998056449, 95.75]",11,10.0,"[12.0, 18.0, 2.0, 1.0, 4.0, 12.0, 6.0, 10.5, 0.5, 1.0]","[10.0, 21.0, 32.0, 50.0, 72.0, 90.0, 96.0, 98.0, 100.0, 102.0, 103.0, 113.0, 125.0, 143.0, 145.0, 146.0, 150.0, 162.0, 168.0, 178.5, 179.0, 180.0]","[0.0, 10.0, 21.0, 32.0, 50.0, 72.0, 90.0, 96.0, 98.0, 100.0, 102.0, 103.0, 113.0, 125.0, 143.0, 145.0, 146.0, 150.0, 162.0, 168.0, 178.5, 179.0]","[3.0, 2.5, 4.0, 1.5, 1.0, 1.5, 2.5, 2.5, 3.0, 2.0, 3.5, 3.5, 3.0, 2.0, 1.0, 4.0, 2.0, 1.5, 2.0, 1.0, 2.0, 1.0]","[5, 5, 5, 5, 5, 4, 5, 4, 3, 4, 4, 4, 3, 4, 4, 7, 4, 4, 3, 4, 5, 1]","[9, 9, 7, 9, 4, 5, 4, 5, 4, 4, 5, 3, 4, 3, 5, 4, 5, 4, 4, 3, 3, 6]","[1.0, 1.0, 2.0, 2.0, 2.0, 1.0, 1.0, 1.0, 0.5, 1.0, 0.5, 1.0, 0.5, 0.5, 1.0, 1.0, 2.0, 1.0, 0.25, 0.5, 0.5, 1.0]","[3.0, 3.0, 3.0, 4.0, 3.0, 3.0, 3.0, 2.0, 1.0, 2.0, 0.5, 1.0, 0.5, 1.0, 1.0, 2.0, 2.0, 2.0, 1.0, 1.0, 0.5, 3.0]","[0, 0, 0, 0, 0, 0, 0, 0, 0, 0, 0, 0, 0, 0, 0, 1, 0, 0, 0, 0, 0, 0]",2003-03-01 12:00,40.0,6,3.0,113.0,3.0,1.0,439.4377420686678,"[214.05538713582197, 194.8508998056449, 171.0, 293.1875, 211.75, 181.0, 176.55269941693467, 157.3775, 218.1008998056449, 95.75]","[(214.05538713582197, 120.0), (194.8508998056449, 180.0), (171.0, 20.0), (293.1875, 10.0), (211.75, 40.0), (181.0, 120.0), (176.55269941693467, 60.0), (157.3775, 105.0), (218.1008998056449, 5.0), (95.75, 10.0)]",3.0,2,10,"[12.0, 18.0, 2.0, 1.0, 4.0, 12.0, 6.0, 10.5, 0.5, 1.0]","[214.05538713582197, 194.8508998056449, 171.0, 293.1875, 211.75, 181.0, 176.55269941693467, 157.3775, 218.1008998056449, 95.75]"
84741,"[5.0, 38.0, 2.0, 27.0, 2.0, 14.0, 2.0, 3.0, 9.0, 4.0, 5.0, 2.0]","[248.0, 312.0, 202.0738495144293, 272.9777961056527, 440.0, 217.0, 301.0, 175.0, 342.0, 159.41582238929536, 202.0738495144293, 101.0]",9,4.0,"[5.0, 2.0]","[5.0, 43.0, 45.0, 72.0, 74.0, 88.0, 90.0, 93.0, 102.0, 106.0, 111.0, 113.0]","[0.0, 5.0, 43.0, 45.0, 72.0, 74.0, 88.0, 90.0, 93.0, 102.0, 106.0, 111.0]","[3.0, 4.0, 3.0, 4.0, 6.0, 3.0, 5.0, 2.0, 5.0, 1.5, 3.0, 1.0]","[7, 7, 3, 3, 8, 9, 9, 9, 4, 3, 3, 2]","[7, 7, 3, 3, 8, 9, 9, 9, 4, 3, 3, 2]","[1.0, 0.5, 0.5, 0.2, nan, 1.0, 1.0, 1.0, 1.5, 0.5, 1.0, 0.5]","[2.0, 1.5, 1.0, 0.5, nan, 2.0, 2.0, 2.0, 2.5, 1.0, 2.0, 2.0]","[0, 0, 0, 0, 0, 0, 0, 0, 0, 0, 0, 0]",2018-03-21 11:00,38.0,2,2.0,106.0,1.0,3.0,80.0,"[202.0738495144293, 101.0]","[(202.0738495144293, 50.0), (101.0, 20.0)]",1.0,2,2,"[5.0, 2.0]","[202.0738495144293, 101.0]"
84786,"[35.0, 20.0, 28.0, 37.0, 2.0, 19.0, 1.0, 12.0, 1.0, 6.0, 3.0, 9.0, 1.0, 3.0, 3.0, 2.0]","[210.0, 225.25, 236.5313065143528, 213.26846237860732, 280.0, 175.0, 216.0, 133.0, 216.0, 155.51, 216.0, 114.6275, 216.0, 114.6275, 216.0, 81.0]",12,1.0,"[3.0, 3.0, 2.0]","[35.0, 55.0, 83.0, 120.0, 122.0, 141.0, 142.0, 154.0, 155.0, 161.0, 164.0, 173.0, 174.0, 177.0, 180.0, 182.0]","[0.0, 35.0, 55.0, 83.0, 120.0, 122.0, 141.0, 142.0, 154.0, 155.0, 161.0, 164.0, 173.0, 174.0, 177.0, 180.0]","[1.0, 3.0, 3.5, 3.0, 3.5, 2.0, 2.5, 1.0, 2.5, 1.0, 2.5, 1.0, 2.5, 1.0, 2.5, 1.0]","[5, 9, 9, 9, 7, 9, 7, 9, 7, 3, 7, 2, 7, 2, 7, 1]","[5, 4, 3, 3, 7, 9, 7, 9, 7, 3, 7, 3, 7, 3, 7, 1]","[2.0, 0.5, 0.5, 0.5, 2.0, 1.0, 1.0, 1.0, 0.2, 0.2, 1.0, 0.8, 0.5, 0.8, 0.5, 1.0]","[4.0, 2.0, 1.5, 1.5, 3.0, 2.5, 2.5, 1.5, 1.5, 0.5, 2.0, 1.2, 1.0, 1.2, 1.0, 1.5]","[0, 0, 0, 0, 0, 0, 0, 0, 0, 0, 0, 0, 0, 0, 0, 0]",2018-03-30 09:00,37.0,2,2.0,174.0,1.0,3.0,80.0,"[114.6275, 216.0, 81.0]","[(114.6275, 30.0), (216.0, 30.0), (81.0, 20.0)]",1.0,2,3,"[3.0, 3.0, 2.0]","[114.6275, 216.0, 81.0]"
85272,"[20.0, 6.0, 6.0, 12.0, 8.0, 9.0, 7.0, 2.0, 7.0, 2.0]","[280.0, 280.0, 292.25, 181.06998247500167, 202.0738495144293, 159.80269941693467, 129.10395559732385, 292.25, 167.40359922257957, 174.55248685625125]",7,2.0,"[7.0, 2.0]","[20.0, 26.0, 32.0, 44.0, 52.0, 61.0, 68.0, 70.0, 77.0, 79.0]","[0.0, 20.0, 26.0, 32.0, 44.0, 52.0, 61.0, 68.0, 70.0, 77.0]","[3.5, 3.5, 5.0, 2.5, 3.0, 2.0, 1.5, 5.0, 2.0, 2.5]","[7, 7, 7, 3, 3, 3, 2, 7, 3, 3]","[7, 7, 7, 3, 3, 2, 3, 7, 3, 2]","[3.0, 2.0, 1.0, 0.3, 0.2, 0.5, 0.8, 1.5, 0.5, 0.5]","[3.0, 3.0, 2.0, 0.3, 0.2, 0.5, 0.8, 1.5, 0.5, 0.5]","[0, 0, 1, 0, 0, 0, 0, 1, 0, 0]",2019-01-08 11:40,34.0,2,2.0,70.0,1.0,3.0,80.0,"[167.40359922257957, 174.55248685625125]","[(167.40359922257957, 70.0), (174.55248685625125, 20.0)]",1.0,2,2,"[7.0, 2.0]","[167.40359922257957, 174.55248685625125]"
85335,"[20.0, 35.0, 11.0, 4.0, 18.0, 15.0, 37.0]","[292.25, 292.25, 129.5, 440.0, 176.55269941693467, 167.40359922257957, 96.0]",3,4.0,"[18.0, 15.0, 37.0]","[20.0, 55.0, 66.0, 70.0, 88.0, 103.0, 140.0]","[0.0, 20.0, 55.0, 66.0, 70.0, 88.0, 103.0]","[5.0, 3.0, 1.0, 6.0, 2.0, 2.0, 1.0]","[7, 7, 7, 8, 3, 3, 2]","[7, 7, 4, 8, 4, 3, 1]","[2.0, 2.0, 2.0, nan, 1.0, 1.0, 0.5]","[3.0, 2.0, 2.0, nan, 2.0, 1.0, 1.0]","[1, 1, 0, 0, 0, 0, 0]",2019-01-15 09:30,29.0,2,1.0,70.0,1.0,3.0,80.0,"[176.55269941693467, 167.40359922257957, 96.0]","[(176.55269941693467, 180.0), (167.40359922257957, 150.0), (96.0, 370.0)]",1.0,2,3,"[18.0, 15.0, 37.0]","[176.55269941693467, 167.40359922257957, 96.0]"
85405,"[49.0, 59.0, 25.0, 37.0, 26.0, 4.0]","[326.42346393368337, 256.98334707923954, 221.84391954305838, 180.26846237860732, 144.6008998056449, 86.0]",3,37.0,"[26.0, 4.0]","[49.0, 108.0, 133.0, 170.0, 196.0, 200.0]","[0.0, 49.0, 108.0, 133.0, 170.0, 196.0]","[4.5, 4.0, 3.5, 3.0, 2.0, 1.0]","[3, 3, 3, 2, 2, 1]","[3, 2, 2, 3, 3, 2]","[0.2, 0.2, 0.25, 0.5, 0.6, 1.0]","[0.5, 0.8, 1.0, 1.0, 1.25, 2.0]","[0, 0, 0, 0, 0, 0]",2019-01-18 11:00,37.0,2,1.0,170.0,1.0,3.0,80.0,"[144.6008998056449, 86.0]","[(144.6008998056449, 260.0), (86.0, 40.0)]",1.0,2,2,"[26.0, 4.0]","[144.6008998056449, 86.0]"
85470,"[1.0, 49.0, 2.0, 26.0, 2.0, 25.0, 5.0, 24.0, 13.0, 12.0, 5.0, 1.0, 8.0, 2.0]","[210.0, 280.0, 292.25, 259.0, 292.25, 250.0, 292.25, 272.9777961056527, 238.0, 204.0, 217.0, 440.0, 101.0, 140.0]",-1,,"[1.0, 49.0, 2.0, 26.0, 2.0, 25.0, 5.0, 24.0, 13.0, 12.0, 5.0, 1.0, 8.0, 2.0]","[1.0, 50.0, 52.0, 78.0, 80.0, 105.0, 110.0, 134.0, 147.0, 159.0, 164.0, 165.0, 173.0, 175.0]","[0.0, 1.0, 50.0, 52.0, 78.0, 80.0, 105.0, 110.0, 134.0, 147.0, 159.0, 164.0, 165.0, 173.0]","[1.0, 4.5, 5.0, 4.0, 4.5, 3.0, 4.5, 4.0, 3.5, 2.0, 3.0, 6.0, 1.0, 1.0]","[5, 9, 7, 9, 7, 4, 7, 3, 9, 4, 9, 8, 2, 6]","[5, 9, 7, 9, 7, 4, 7, 3, 9, 4, 9, 8, 2, 6]","[3.0, 1.0, 1.0, 1.0, 3.0, 2.0, 2.0, 0.5, 1.0, 1.0, 1.0, nan, 1.0, 1.0]","[10.0, 2.0, 2.0, 3.0, 3.0, 2.0, 2.0, 0.5, 1.0, 2.0, 2.0, nan, 2.0, 4.0]","[0, 0, 1, 0, 1, 0, 1, 0, 0, 0, 0, 0, 0, 0]",2019-01-24 11:00,40.0,7,0.0,175.0,3.0,1.0,878.8754841373355,"[210.0, 280.0, 292.25, 259.0, 292.25, 250.0, 292.25, 272.9777961056527, 238.0, 204.0, 217.0, 440.0, 101.0, 140.0]","[(210.0, 10.0), (280.0, 490.0), (292.25, 20.0), (259.0, 260.0), (292.25, 20.0), (250.0, 250.0), (292.25, 50.0), (272.9777961056527, 240.0), (238.0, 130.0), (204.0, 120.0), (217.0, 50.0), (440.0, 10.0), (101.0, 80.0), (140.0, 20.0)]",3.0,2,14,"[1.0, 49.0, 2.0, 26.0, 2.0, 25.0, 5.0, 24.0, 13.0, 12.0, 5.0, 1.0, 8.0, 2.0]","[210.0, 280.0, 292.25, 259.0, 292.25, 250.0, 292.25, 272.9777961056527, 238.0, 204.0, 217.0, 440.0, 101.0, 140.0]"
85486,"[16.0, 14.0, 15.0, 9.0, 8.0, 5.0, 19.0, 12.0, 18.0, 7.0, 11.0, 25.0, 26.0, 5.0, 3.0]","[210.0, 277.9375, 275.9375, 204.0, 204.0, 264.25, 296.0, 296.0, 242.34391954305838, 194.80538713582197, 232.12522605741117, 232.12522605741117, 194.80538713582197, 181.06998247500167, 274.25]",-1,,"[16.0, 14.0, 15.0, 9.0, 8.0, 5.0, 19.0, 12.0, 18.0, 7.0, 11.0, 25.0, 26.0, 5.0, 3.0]","[16.0, 30.0, 45.0, 54.0, 62.0, 67.0, 86.0, 98.0, 116.0, 123.0, 134.0, 159.0, 185.0, 190.0, 193.0]","[0.0, 16.0, 30.0, 45.0, 54.0, 62.0, 67.0, 86.0, 98.0, 116.0, 123.0, 134.0, 159.0, 185.0, 190.0]","[1.0, 2.0, 2.5, 2.0, 2.0, 3.5, 4.0, 4.0, 3.5, 3.0, 3.5, 3.5, 3.0, 2.5, 4.0]","[5, 7, 7, 4, 4, 4, 4, 4, 3, 3, 3, 3, 3, 3, 4]","[5, 5, 4, 4, 4, 9, 4, 4, 4, 2, 3, 3, 2, 3, 2]","[3.0, 2.0, 1.0, 0.5, 1.0, 0.5, 0.75, 0.5, 0.25, 0.25, 0.25, 0.25, 0.5, 0.25, 0.5]","[4.0, 3.0, 1.5, 1.0, 1.5, 1.0, 1.25, 1.0, 0.75, 0.5, 0.25, 0.25, 1.0, 0.25, 1.0]","[0, 1, 1, 0, 0, 0, 0, 0, 0, 0, 0, 0, 0, 0, 0]",2019-01-25 13:15,34.0,7,0.0,193.0,3.0,1.0,878.8754841373355,"[210.0, 277.9375, 275.9375, 204.0, 204.0, 264.25, 296.0, 296.0, 242.34391954305838, 194.80538713582197, 232.12522605741117, 232.12522605741117, 194.80538713582197, 181.06998247500167, 274.25]","[(210.0, 160.0), (277.9375, 140.0), (275.9375, 150.0), (204.0, 90.0), (204.0, 80.0), (264.25, 50.0), (296.0, 190.0), (296.0, 120.0), (242.34391954305838, 180.0), (194.80538713582197, 70.0), (232.12522605741117, 110.0), (232.12522605741117, 250.0), (194.80538713582197, 260.0), (181.06998247500167, 50.0), (274.25, 30.0)]",3.0,2,15,"[16.0, 14.0, 15.0, 9.0, 8.0, 5.0, 19.0, 12.0, 18.0, 7.0, 11.0, 25.0, 26.0, 5.0, 3.0]","[210.0, 277.9375, 275.9375, 204.0, 204.0, 264.25, 296.0, 296.0, 242.34391954305838, 194.80538713582197, 232.12522605741117, 232.12522605741117, 194.80538713582197, 181.06998247500167, 274.25]"
85593,"[20.0, 40.0, 36.0, 1.0, 9.0, 32.0, 2.0, 10.0, 23.0, 7.0, 10.0, 9.0, 1.0]","[227.25, 250.0, 160.75, 287.4319490264132, 174.55248685625125, 159.80269941693467, 272.9777961056527, 180.26846237860732, 181.06998247500167, 159.80269941693467, 101.0, 96.0, 149.3118667919715]",10,10.0,"[9.0, 1.0]","[20.0, 60.0, 96.0, 97.0, 106.0, 138.0, 140.0, 150.0, 173.0, 180.0, 190.0, 199.0, 200.0]","[0.0, 20.0, 60.0, 96.0, 97.0, 106.0, 138.0, 140.0, 150.0, 173.0, 180.0, 190.0, 199.0]","[2.0, 3.0, 1.5, 4.0, 2.5, 2.0, 4.0, 3.0, 2.5, 2.0, 1.0, 1.0, 1.5]","[5, 4, 9, 7, 3, 3, 3, 2, 3, 3, 2, 2, 3]","[4, 4, 4, 3, 2, 2, 3, 3, 3, 2, 2, 1, 2]","[1.5, 0.8, 1.0, 0.2, 0.2, 0.2, 0.2, 0.2, 0.1, 0.1, 1.0, 1.0, 0.1]","[3.5, 1.2, 1.5, 1.0, 1.0, 0.8, 0.5, 1.0, 0.3, 0.8, 2.0, 2.0, 1.3]","[0, 0, 0, 1, 0, 0, 0, 0, 0, 0, 0, 0, 0]",2019-02-04 13:00,39.0,2,2.0,190.0,1.0,3.0,80.0,"[96.0, 149.3118667919715]","[(96.0, 90.0), (149.3118667919715, 10.0)]",1.0,2,2,"[9.0, 1.0]","[96.0, 149.3118667919715]"
85610,"[12.0, 13.0, 8.0, 25.0, 36.0, 1.0, 37.0, 17.0, 26.0, 13.0, 2.0]","[227.75, 246.625, 278.5, 246.625, 225.25, 292.25, 225.25, 221.84391954305838, 194.80538713582197, 114.6275, 271.4375]",8,26.0,"[13.0, 2.0]","[12.0, 25.0, 33.0, 58.0, 94.0, 95.0, 132.0, 149.0, 175.0, 188.0, 190.0]","[0.0, 12.0, 25.0, 33.0, 58.0, 94.0, 95.0, 132.0, 149.0, 175.0, 188.0]","[3.0, 3.5, 4.0, 3.5, 3.0, 3.5, 3.0, 3.5, 3.0, 1.0, 4.0]","[9, 9, 5, 9, 9, 7, 9, 3, 3, 2, 7]","[5, 5, 9, 5, 4, 7, 4, 2, 2, 3, 2]","[2.5, 2.0, 1.5, 1.5, 1.0, 1.0, 0.75, 0.25, 0.25, 0.25, 0.5]","[3.5, 3.0, 3.0, 2.5, 2.0, 1.5, 1.25, 0.5, 0.5, 1.0, 1.5]","[0, 0, 0, 0, 0, 1, 0, 0, 0, 0, 1]",2019-02-06 10:00,39.0,2,2.0,186.0,1.0,3.0,80.0,"[114.6275, 271.4375]","[(114.6275, 130.0), (271.4375, 20.0)]",1.0,2,2,"[13.0, 2.0]","[114.6275, 271.4375]"
85794,"[20.0, 6.0, 15.0, 12.0, 10.0, 1.0, 11.0, 3.0, 19.0, 3.0, 20.0, 4.0]","[301.0, 342.0, 259.0, 204.0, 250.0, 440.0, 204.0, 440.0, 158.0, 313.1875, 204.0, 292.25]",3,12.0,"[10.0, 1.0, 11.0, 3.0, 19.0, 3.0, 20.0, 4.0]","[20.0, 26.0, 41.0, 53.0, 63.0, 64.0, 75.0, 78.0, 97.0, 100.0, 120.0, 124.0]","[0.0, 20.0, 26.0, 41.0, 53.0, 63.0, 64.0, 75.0, 78.0, 97.0, 100.0, 120.0]","[5.0, 5.0, 4.0, 2.0, 3.0, 6.0, 2.0, 6.0, 1.0, 5.0, 2.0, 5.0]","[9, 4, 9, 4, 4, 8, 4, 8, 4, 7, 4, 7]","[9, 4, 9, 4, 4, 8, 4, 8, 4, 8, 4, 7]","[1.5, 1.5, 1.0, 3.0, 2.5, nan, 2.0, nan, 2.0, 3.0, 2.0, 3.0]","[1.5, 1.5, 1.0, 3.0, 2.5, nan, 2.0, nan, 2.0, 3.0, 2.0, 3.0]","[0, 0, 0, 0, 0, 0, 0, 0, 0, 1, 0, 1]",2019-02-24 08:44,33.0,5,2.0,60.0,3.0,1.0,197.7469839309005,"[250.0, 440.0, 204.0, 440.0, 158.0, 313.1875, 204.0, 292.25]","[(250.0, 100.0), (440.0, 10.0), (204.0, 110.0), (440.0, 30.0), (158.0, 190.0), (313.1875, 30.0), (204.0, 200.0), (292.25, 40.0)]",3.0,2,8,"[10.0, 1.0, 11.0, 3.0, 19.0, 3.0, 20.0, 4.0]","[250.0, 440.0, 204.0, 440.0, 158.0, 313.1875, 204.0, 292.25]"
85797,"[2.0, 20.0, 4.0, 37.0, 51.0, 21.0, 9.0, 2.0, 9.0]","[191.375, 296.0, 319.0, 342.0, 319.0, 296.0, 250.0, 204.0, 296.0]",-1,,"[2.0, 20.0, 4.0, 37.0, 51.0, 21.0, 9.0, 2.0, 9.0]","[2.0, 22.0, 26.0, 63.0, 114.0, 135.0, 144.0, 146.0, 155.0]","[0.0, 2.0, 22.0, 26.0, 63.0, 114.0, 135.0, 144.0, 146.0]","[1.5, 4.0, 4.5, 5.0, 4.5, 4.0, 3.0, 2.0, 4.0]","[4, 4, 4, 4, 4, 4, 4, 4, 4]","[5, 4, 4, 4, 4, 4, 4, 4, 4]","[2.0, 2.0, 2.0, 1.5, 0.75, 1.0, 1.0, 1.0, 0.5]","[3.5, 3.0, 2.5, 2.0, 1.25, 1.5, 2.0, 1.5, 1.0]","[0, 0, 0, 0, 0, 0, 0, 0, 0]",2019-02-25 10:30,30.0,7,0.0,155.0,3.0,1.0,878.8754841373355,"[191.375, 296.0, 319.0, 342.0, 319.0, 296.0, 250.0, 204.0, 296.0]","[(191.375, 20.0), (296.0, 200.0), (319.0, 40.0), (342.0, 370.0), (319.0, 510.0), (296.0, 210.0), (250.0, 90.0), (204.0, 20.0), (296.0, 90.0)]",3.0,2,9,"[2.0, 20.0, 4.0, 37.0, 51.0, 21.0, 9.0, 2.0, 9.0]","[191.375, 296.0, 319.0, 342.0, 319.0, 296.0, 250.0, 204.0, 296.0]"
85810,"[26.0, 12.0, 11.0, 27.0, 25.0, 1.0, 8.0, 10.0, 5.0]","[250.0, 319.0, 342.0, 319.0, 250.0, 273.0, 227.0, 273.0, 204.0]",6,8.0,"[10.0, 5.0]","[26.0, 38.0, 49.0, 76.0, 101.0, 102.0, 110.0, 120.0, 125.0]","[0.0, 26.0, 38.0, 49.0, 76.0, 101.0, 102.0, 110.0, 120.0]","[3.0, 4.5, 5.0, 4.5, 3.0, 3.5, 2.5, 3.5, 2.0]","[4, 4, 4, 4, 4, 4, 4, 4, 4]","[4, 4, 4, 4, 4, 4, 4, 4, 4]","[1.5, 1.0, 1.0, 0.75, 0.75, 0.75, 0.75, 0.5, 0.75]","[2.0, 1.25, 1.25, 1.0, 1.0, 0.75, 0.75, 0.75, 0.75]","[0, 0, 0, 0, 0, 0, 0, 0, 0]",2019-02-26 09:10,40.0,5,3.0,110.0,3.0,1.0,197.7469839309005,"[273.0, 204.0]","[(273.0, 100.0), (204.0, 50.0)]",3.0,2,2,"[10.0, 5.0]","[273.0, 204.0]"
85856,"[34.0, 21.0, 3.0, 30.0, 2.0, 17.0, 17.0, 10.0]","[120.0, 184.0, 248.0, 216.0, 292.25, 248.0, 292.25, 120.0]",4,2.0,"[17.0, 17.0, 10.0]","[34.0, 55.0, 58.0, 88.0, 90.0, 107.0, 124.0, 134.0]","[0.0, 34.0, 55.0, 58.0, 88.0, 90.0, 107.0, 124.0]","[1.0, 2.0, 3.0, 2.5, 4.0, 3.0, 4.5, 1.0]","[7, 7, 7, 7, 7, 7, 7, 7]","[7, 7, 7, 7, 7, 7, 7, 7]","[3.0, 3.0, 2.0, 2.0, 1.0, 1.0, 2.0, 2.0]","[3.0, 3.0, 3.0, 2.0, 2.0, 2.0, 2.0, 3.0]","[0, 0, 0, 0, 1, 0, 1, 0]",2019-02-28 11:00,34.0,4,3.0,105.0,3.0,1.0,131.83132262060033,"[248.0, 292.25, 120.0]","[(248.0, 170.0), (292.25, 170.0), (120.0, 100.0)]",3.0,2,3,"[17.0, 17.0, 10.0]","[248.0, 292.25, 120.0]"
85871,"[2.0, 1.0, 16.0, 1.0, 35.0, 20.0, 25.0, 9.0, 1.0, 4.0, 1.0]","[440.0, 318.0, 334.0, 292.25, 319.0, 250.0, 203.75, 173.1008998056449, 292.25, 155.51, 292.25]",5,20.0,"[25.0, 9.0, 1.0, 4.0, 1.0]","[2.0, 3.0, 19.0, 20.0, 55.0, 75.0, 100.0, 109.0, 110.0, 114.0, 115.0]","[0.0, 2.0, 3.0, 19.0, 20.0, 55.0, 75.0, 100.0, 109.0, 110.0, 114.0]","[6.0, 5.0, 5.0, 5.0, 4.5, 3.0, 2.5, 2.0, 5.0, 1.0, 5.0]","[8, 5, 4, 7, 4, 4, 9, 9, 7, 3, 7]","[8, 4, 5, 7, 4, 4, 4, 3, 7, 3, 7]","[nan, 2.0, 2.0, 1.5, 2.0, 1.5, 1.0, 1.0, 1.0, 1.0, 0.5]","[nan, 2.5, 2.0, 1.5, 2.0, 1.5, 1.5, 1.0, 1.0, 1.0, 0.5]","[0, 0, 0, 1, 0, 0, 0, 0, 1, 0, 1]",2019-03-01 11:00,36.0,5,3.0,98.0,3.0,1.0,197.7469839309005,"[203.75, 173.1008998056449, 292.25, 155.51, 292.25]","[(203.75, 250.0), (173.1008998056449, 90.0), (292.25, 10.0), (155.51, 40.0), (292.25, 10.0)]",3.0,2,5,"[25.0, 9.0, 1.0, 4.0, 1.0]","[203.75, 173.1008998056449, 292.25, 155.51, 292.25]"
85931,"[15.0, 14.0, 55.0, 2.0, 16.0, 7.0, 6.0, 2.0, 10.0, 9.0, 4.0, 10.0]","[283.9375, 278.6875, 292.25, 440.0, 292.25, 181.0, 292.25, 440.0, 161.51749561875042, 144.6008998056449, 119.0, 81.0]",10,4.0,[10.0],"[15.0, 29.0, 84.0, 86.0, 102.0, 109.0, 115.0, 117.0, 127.0, 136.0, 140.0, 150.0]","[0.0, 15.0, 29.0, 84.0, 86.0, 102.0, 109.0, 115.0, 117.0, 127.0, 136.0, 140.0]","[4.0, 3.5, 4.0, 6.0, 3.0, 1.5, 3.0, 6.0, 2.5, 2.0, 1.5, 1.0]","[7, 7, 7, 8, 7, 4, 7, 8, 2, 2, 2, 1]","[9, 9, 7, 8, 7, 4, 7, 8, 3, 3, 2, 1]","[2.0, 1.0, 1.0, nan, 2.0, 2.0, 2.0, nan, 0.5, 0.5, 1.0, 2.0]","[3.0, 2.0, 3.0, nan, 2.0, 2.0, 2.0, nan, 0.75, 0.75, 1.0, 2.0]","[1, 1, 1, 0, 1, 0, 1, 0, 0, 0, 0, 0]",2019-03-15 10:30,42.0,2,2.0,140.0,1.0,3.0,80.0,[81.0],"[(81.0, 100.0)]",1.0,2,1,[10.0],[81.0]
8794,"[47.0, 10.0, 4.0, 20.0, 4.0, 12.0, 29.0, 3.0]","[210.0, 181.06998247500167, 158.0, 174.25, 181.06998247500167, 176.55269941693467, 149.3118667919715, 167.40359922257957]",5,12.0,"[29.0, 3.0]","[47.0, 57.0, 61.0, 81.0, 85.0, 97.0, 126.0, 129.0]","[0.0, 47.0, 57.0, 61.0, 81.0, 85.0, 97.0, 126.0]","[1.0, 2.5, 1.0, 1.5, 2.5, 2.0, 1.5, 2.0]","[5, 3, 4, 4, 3, 3, 3, 3]","[5, 3, 4, 9, 3, 4, 2, 3]","[3.0, 0.25, 1.0, 1.0, 0.25, 0.5, 0.25, 0.25]","[5.0, 0.5, 1.5, 1.0, 0.25, 0.5, 0.5, 0.25]","[0, 0, 0, 0, 0, 0, 0, 0]",2005-01-04 13:50,34.0,1,1.0,97.0,1.0,3.0,0.0,"[149.3118667919715, 167.40359922257957]","[(149.3118667919715, 290.0), (167.40359922257957, 30.0)]",1.0,2,2,"[29.0, 3.0]","[149.3118667919715, 167.40359922257957]"
8795,"[18.0, 27.0, 5.0, 20.0]","[287.3125, 151.75, 292.25, 149.3118667919715]",2,5.0,[20.0],"[18.0, 45.0, 50.0, 70.0]","[0.0, 18.0, 45.0, 50.0]","[3.5, 1.0, 2.5, 1.5]","[7, 4, 7, 3]","[5, 9, 7, 2]","[2.0, 0.75, 1.0, 0.25]","[2.5, 1.25, 1.2, 0.25]","[1, 0, 1, 0]",2005-01-04 14:30,34.0,1,1.0,50.0,1.0,3.0,0.0,[149.3118667919715],"[(149.3118667919715, 200.0)]",1.0,2,1,[20.0],[149.3118667919715]
8903,"[21.0, 13.0, 10.0, 6.0, 20.0, 22.0, 3.0, 5.0, 12.0, 12.0, 6.0, 19.0]","[292.25, 181.0, 275.9375, 133.0, 205.80538713582197, 167.40359922257957, 101.0, 137.0, 123.875, 101.0, 119.0, 147.0]",5,22.0,"[3.0, 5.0, 12.0, 12.0, 6.0, 19.0]","[21.0, 34.0, 44.0, 50.0, 70.0, 92.0, 95.0, 100.0, 112.0, 124.0, 130.0, 149.0]","[0.0, 21.0, 34.0, 44.0, 50.0, 70.0, 92.0, 95.0, 100.0, 112.0, 124.0, 130.0]","[4.0, 1.5, 2.5, 1.0, 3.0, 2.0, 1.0, 2.0, 1.5, 1.0, 1.5, 2.0]","[7, 4, 7, 9, 3, 3, 2, 2, 2, 2, 2, 0]","[7, 4, 4, 9, 9, 3, 2, 2, 0, 2, 2, 1]","[1.0, 2.0, 1.0, 0.5, 0.5, 0.5, 1.0, 1.0, 1.0, 1.0, 1.0, 1.0]","[1.5, 2.5, 1.0, 1.0, 0.5, 0.5, 1.5, 1.0, 1.0, 1.5, 2.0, 1.5]","[1, 0, 1, 0, 0, 0, 0, 0, 0, 0, 0, 0]",2006-02-19 09:44,37.0,1,1.0,93.0,1.0,3.0,0.0,"[101.0, 137.0, 123.875, 101.0, 119.0, 147.0]","[(101.0, 30.0), (137.0, 50.0), (123.875, 120.0), (101.0, 120.0), (119.0, 60.0), (147.0, 190.0)]",1.0,2,6,"[3.0, 5.0, 12.0, 12.0, 6.0, 19.0]","[101.0, 137.0, 123.875, 101.0, 119.0, 147.0]"
9302,"[55.0, 20.0, 15.0, 25.0, 15.0, 23.0, 21.0, 10.800000000000011, 0.19999999999998863, 10.0, 5.0]","[259.0, 217.0, 217.0, 202.0738495144293, 202.0738495144293, 272.9777961056527, 202.0738495144293, 232.12522605741117, 140.0, 326.42346393368337, 141.8825]",8,0.19999999999998863,"[10.0, 5.0]","[55.0, 75.0, 90.0, 115.0, 130.0, 153.0, 174.0, 184.8, 185.0, 195.0, 200.0]","[0.0, 55.0, 75.0, 90.0, 115.0, 130.0, 153.0, 174.0, 184.8, 185.0, 195.0]","[4.0, 3.0, 3.0, 3.0, 3.0, 4.0, 3.0, 3.5, 1.0, 4.5, 1.0]","[9, 9, 9, 3, 3, 3, 3, 3, 6, 3, 3]","[9, 9, 9, 3, 3, 3, 3, 3, 6, 3, 2]","[1.0, 1.0, 1.0, 1.0, 0.5, 0.5, 0.5, 0.5, 1.0, 0.5, 0.5]","[1.0, 1.5, 1.5, 1.0, 1.0, 0.5, 0.5, 0.5, 3.0, 1.0, 1.0]","[0, 0, 0, 0, 0, 0, 0, 0, 0, 0, 0]",2003-03-11 12:30,40.0,6,1.0,185.0,3.0,1.0,439.4377420686678,"[326.42346393368337, 141.8825]","[(326.42346393368337, 100.0), (141.8825, 50.0)]",3.0,2,2,"[10.0, 5.0]","[326.42346393368337, 141.8825]"
9304,"[45.0, 25.0, 15.0, 25.0, 15.0, 20.0, 25.0, 22.0, 1.0, 7.0, 1.0, 4.0, 23.0, 7.0]","[278.73334707923954, 292.25, 278.73334707923954, 227.0, 232.12522605741117, 272.9777961056527, 232.12522605741117, 169.30269941693467, 292.25, 152.0, 292.25, 154.0, 174.55248685625125, 272.9777961056527]",12,23.0,[7.0],"[45.0, 70.0, 85.0, 110.0, 125.0, 145.0, 170.0, 192.0, 193.0, 200.0, 201.0, 205.0, 228.0, 235.0]","[0.0, 45.0, 70.0, 85.0, 110.0, 125.0, 145.0, 170.0, 192.0, 193.0, 200.0, 201.0, 205.0, 228.0]","[4.0, 4.5, 4.0, 2.5, 3.5, 4.0, 3.5, 2.0, 2.5, 1.5, 3.0, 1.5, 2.5, 4.0]","[3, 7, 3, 4, 3, 3, 3, 3, 7, 7, 7, 9, 3, 3]","[4, 7, 4, 4, 3, 3, 3, 9, 7, 7, 7, 9, 2, 3]","[0.75, 1.0, 0.5, 0.75, 0.5, 0.5, 0.5, 0.5, 1.0, 1.0, 1.0, 0.75, 0.5, 0.5]","[1.5, 2.0, 0.75, 1.5, 0.5, 0.5, 0.5, 1.0, 1.0, 1.5, 1.0, 1.5, 1.0, 0.5]","[0, 1, 0, 0, 0, 0, 0, 0, 1, 0, 1, 0, 0, 0]",2003-03-06 11:00,37.0,6,3.0,228.0,3.0,1.0,439.4377420686678,[272.9777961056527],"[(272.9777961056527, 70.0)]",3.0,2,1,[7.0],[272.9777961056527]
9323,"[47.0, 14.0, 16.0, 12.0, 33.0, 17.0, 25.0, 14.0, 12.0, 8.0]","[259.0, 259.0, 175.0, 238.0, 217.0, 175.0, 202.0738495144293, 202.0738495144293, 167.40359922257957, 292.25]",-1,,"[47.0, 14.0, 16.0, 12.0, 33.0, 17.0, 25.0, 14.0, 12.0, 8.0]","[47.0, 61.0, 77.0, 89.0, 122.0, 139.0, 164.0, 178.0, 190.0, 198.0]","[0.0, 47.0, 61.0, 77.0, 89.0, 122.0, 139.0, 164.0, 178.0, 190.0]","[4.0, 4.0, 2.0, 3.5, 3.0, 2.0, 3.0, 3.0, 2.0, 4.0]","[9, 9, 9, 9, 9, 9, 3, 3, 3, 7]","[9, 9, 9, 9, 9, 9, 3, 3, 3, 7]","[1.0, 1.0, 1.5, 1.0, 1.0, 0.5, 0.25, 0.25, 0.25, 0.5]","[1.0, 1.5, 2.0, 1.5, 1.0, 1.0, 0.5, 0.5, 0.5, 1.0]","[0, 0, 0, 0, 0, 0, 0, 0, 0, 1]",2003-03-06 11:00,45.0,7,0.0,198.0,3.0,1.0,878.8754841373355,"[259.0, 259.0, 175.0, 238.0, 217.0, 175.0, 202.0738495144293, 202.0738495144293, 167.40359922257957, 292.25]","[(259.0, 470.0), (259.0, 140.0), (175.0, 160.0), (238.0, 120.0), (217.0, 330.0), (175.0, 170.0), (202.0738495144293, 250.0), (202.0738495144293, 140.0), (167.40359922257957, 120.0), (292.25, 80.0)]",3.0,2,10,"[47.0, 14.0, 16.0, 12.0, 33.0, 17.0, 25.0, 14.0, 12.0, 8.0]","[259.0, 259.0, 175.0, 238.0, 217.0, 175.0, 202.0738495144293, 202.0738495144293, 167.40359922257957, 292.25]"
9412,"[2.0, 60.0, 6.0, 10.0, 9.0, 1.0, 8.0, 2.0, 2.0]","[440.0, 217.0, 250.0, 250.0, 210.0, 158.0, 158.0, 238.01846237860732, 143.8775]",-1,,"[2.0, 60.0, 6.0, 10.0, 9.0, 1.0, 8.0, 2.0, 2.0]","[2.0, 62.0, 68.0, 78.0, 87.0, 88.0, 96.0, 98.0, 100.0]","[0.0, 2.0, 62.0, 68.0, 78.0, 87.0, 88.0, 96.0, 98.0]","[6.0, 3.0, 3.0, 3.0, 1.0, 1.0, 1.0, 3.0, 1.0]","[8, 9, 4, 4, 5, 4, 4, 4, 6]","[8, 9, 4, 4, 5, 4, 4, 3, 3]","[0.0, 0.5, 0.5, 0.5, 1.5, 1.0, 0.5, 0.5, 0.5]","[0.0, 1.0, 0.75, 1.0, 2.0, 1.5, 1.0, 0.75, 1.0]","[0, 0, 0, 0, 0, 0, 0, 0, 0]",2003-12-11 14:00,35.0,7,0.0,100.0,3.0,1.0,878.8754841373355,"[440.0, 217.0, 250.0, 250.0, 210.0, 158.0, 158.0, 238.01846237860732, 143.8775]","[(440.0, 20.0), (217.0, 600.0), (250.0, 60.0), (250.0, 100.0), (210.0, 90.0), (158.0, 10.0), (158.0, 80.0), (238.01846237860732, 20.0), (143.8775, 20.0)]",3.0,2,9,"[2.0, 60.0, 6.0, 10.0, 9.0, 1.0, 8.0, 2.0, 2.0]","[440.0, 217.0, 250.0, 250.0, 210.0, 158.0, 158.0, 238.01846237860732, 143.8775]"
9413,"[38.0, 2.0, 20.0, 18.0, 6.0, 4.0, 1.0, 2.5, 0.5, 15.799999999999997, 0.20000000000000284, 9.0, 2.9000000000000057, 0.09999999999999432]","[158.0, 249.5, 154.0, 217.0, 152.25, 158.0, 224.25, 158.0, 199.0, 157.3775, 173.75, 156.1325, 232.12522605741117, 140.0]",4,6.0,"[4.0, 1.0, 2.5, 0.5, 15.799999999999997, 0.20000000000000284, 9.0, 2.9000000000000057, 0.09999999999999432]","[38.0, 40.0, 60.0, 78.0, 84.0, 88.0, 89.0, 91.5, 92.0, 107.8, 108.0, 117.0, 119.9, 120.0]","[0.0, 38.0, 40.0, 60.0, 78.0, 84.0, 88.0, 89.0, 91.5, 92.0, 107.8, 108.0, 117.0, 119.9]","[1.0, 3.0, 1.5, 3.0, 1.0, 1.0, 2.5, 1.0, 2.0, 1.0, 1.5, 1.0, 3.5, 1.0]","[4, 4, 9, 9, 9, 4, 4, 4, 4, 4, 4, 3, 3, 6]","[4, 7, 9, 9, 5, 4, 7, 4, 7, 3, 7, 4, 3, 6]","[2.0, 0.75, 1.0, 0.5, 1.0, 0.5, 0.75, 0.75, 0.5, 0.5, 0.5, 0.5, 0.25, 1.0]","[2.0, 1.0, 1.5, 1.0, 2.0, 1.0, 0.75, 1.25, 0.75, 0.75, 1.0, 0.75, 0.25, 1.0]","[0, 0, 0, 0, 0, 0, 0, 0, 0, 0, 0, 0, 0, 0]",2003-12-11 13:40,34.0,6,3.0,84.0,3.0,1.0,439.4377420686678,"[158.0, 224.25, 158.0, 199.0, 157.3775, 173.75, 156.1325, 232.12522605741117, 140.0]","[(158.0, 40.0), (224.25, 10.0), (158.0, 25.0), (199.0, 5.0), (157.3775, 157.99999999999997), (173.75, 2.0000000000000284), (156.1325, 90.0), (232.12522605741117, 29.000000000000057), (140.0, 0.9999999999999432)]",3.0,2,9,"[4.0, 1.0, 2.5, 0.5, 15.799999999999997, 0.20000000000000284, 9.0, 2.9000000000000057, 0.09999999999999432]","[158.0, 224.25, 158.0, 199.0, 157.3775, 173.75, 156.1325, 232.12522605741117, 140.0]"
9651,"[12.0, 5.0, 25.0, 13.0, 14.0, 20.0, 1.0]","[175.0, 292.25, 278.73334707923954, 242.34391954305838, 214.05538713582197, 204.0, 242.34391954305838]",-1,,"[12.0, 5.0, 25.0, 13.0, 14.0, 20.0, 1.0]","[12.0, 17.0, 42.0, 55.0, 69.0, 89.0, 90.0]","[0.0, 12.0, 17.0, 42.0, 55.0, 69.0, 89.0]","[2.0, 5.0, 4.0, 3.5, 3.0, 2.0, 3.5]","[9, 7, 3, 3, 3, 4, 3]","[9, 7, 4, 4, 4, 4, 4]","[1.5, 1.0, 0.5, 0.5, 0.5, 0.75, 0.75]","[2.0, 1.5, 0.75, 0.5, 0.75, 1.0, 0.75]","[0, 1, 0, 0, 0, 0, 0]",2006-12-29 11:00,41.0,7,0.0,90.0,3.0,1.0,878.8754841373355,"[175.0, 292.25, 278.73334707923954, 242.34391954305838, 214.05538713582197, 204.0, 242.34391954305838]","[(175.0, 120.0), (292.25, 50.0), (278.73334707923954, 250.0), (242.34391954305838, 130.0), (214.05538713582197, 140.0), (204.0, 200.0), (242.34391954305838, 10.0)]",3.0,2,7,"[12.0, 5.0, 25.0, 13.0, 14.0, 20.0, 1.0]","[175.0, 292.25, 278.73334707923954, 242.34391954305838, 214.05538713582197, 204.0, 242.34391954305838]"
9770,"[20.0, 6.0, 18.0, 9.0, 10.0, 2.0, 9.0]","[212.125, 171.0, 238.01846237860732, 192.55248685625125, 176.55269941693467, 304.6875, 181.06998247500167]",-1,20.0,"[6.0, 18.0, 9.0, 10.0, 2.0, 9.0]","[20.0, 26.0, 44.0, 53.0, 63.0, 65.0, 74.0]","[0.0, 20.0, 26.0, 44.0, 53.0, 63.0, 65.0]","[1.5, 1.0, 3.0, 2.5, 2.0, 5.0, 2.5]","[5, 4, 4, 3, 3, 7, 3]","[4, 5, 3, 4, 4, 4, 3]","[2.0, 2.0, 0.25, 0.25, 0.25, 1.0, 0.25]","[6.0, 4.0, 1.25, 1.0, 1.0, 2.0, 0.5]","[0, 0, 0, 0, 0, 1, 0]",2007-01-15 10:00,39.0,3,1.0,0.0,1.0,3.0,100.9123351677189,"[171.0, 238.01846237860732, 192.55248685625125, 176.55269941693467, 304.6875, 181.06998247500167]","[(171.0, 60.0), (238.01846237860732, 180.0), (192.55248685625125, 90.0), (176.55269941693467, 100.0), (304.6875, 20.0), (181.06998247500167, 90.0)]",1.0,2,6,"[6.0, 18.0, 9.0, 10.0, 2.0, 9.0]","[171.0, 238.01846237860732, 192.55248685625125, 176.55269941693467, 304.6875, 181.06998247500167]"
9987,"[13.0, 18.0, 6.0, 1.0, 5.700000000000003, 0.29999999999999716, 7.0, 4.0, 10.0, 1.0]","[293.1875, 292.25, 138.6275, 292.25, 144.6008998056449, 292.25, 180.26846237860732, 144.6008998056449, 161.51749561875042, 114.6275]",3,1.0,"[5.700000000000003, 0.29999999999999716, 7.0, 4.0, 10.0, 1.0]","[13.0, 31.0, 37.0, 38.0, 43.7, 44.0, 51.0, 55.0, 65.0, 66.0]","[0.0, 13.0, 31.0, 37.0, 38.0, 43.7, 44.0, 51.0, 55.0, 65.0]","[4.0, 4.5, 1.0, 4.0, 2.0, 3.0, 3.0, 2.0, 2.5, 1.0]","[7, 7, 9, 7, 2, 7, 2, 2, 2, 2]","[4, 7, 3, 7, 3, 7, 3, 3, 3, 3]","[1.0, 1.0, 0.5, 0.25, 0.25, 0.5, 0.25, 0.5, 0.5, 0.5]","[2.0, 2.0, 1.0, 1.0, 1.0, 1.25, 1.0, 1.0, 1.0, 1.0]","[1, 1, 0, 1, 0, 1, 0, 0, 0, 0]",2007-02-14 13:00,31.0,2,1.0,38.0,1.0,3.0,80.0,"[144.6008998056449, 292.25, 180.26846237860732, 144.6008998056449, 161.51749561875042, 114.6275]","[(144.6008998056449, 57.00000000000003), (292.25, 2.9999999999999716), (180.26846237860732, 70.0), (144.6008998056449, 40.0), (161.51749561875042, 100.0), (114.6275, 10.0)]",1.0,2,6,"[5.700000000000003, 0.29999999999999716, 7.0, 4.0, 10.0, 1.0]","[144.6008998056449, 292.25, 180.26846237860732, 144.6008998056449, 161.51749561875042, 114.6275]"
