profID,layer_thickness,density_combined,wl_index,wl_thickness,layers_above_wl,layer_top,layer_bottom,hardness,gt1,gt2,gs1,gs2,crust,datetime,slopeangle,RB_score,RB_releasetype,RB_height_obs,RB_class,localNowcast,approximate_critical_loads,density_above_wl,snow_profiles,RB_class,region,nbr_layers,trunc_layers_above_wl,trunc_density_above_wl
10020,"[10.0, 40.0, 36.0, 2.0, 4.0, 3.0, 25.0, 15.0, 5.0, 15.0, 38.0, 12.0]","[187.5, 148.5, 214.05538713582197, 292.25, 440.0, 292.25, 202.0738495144293, 167.40359922257957, 292.25, 202.0738495144293, 167.40359922257957, 101.0]",8,5.0,"[15.0, 38.0, 12.0]","[10.0, 50.0, 86.0, 88.0, 92.0, 95.0, 120.0, 135.0, 140.0, 155.0, 193.0, 205.0]","[0.0, 10.0, 50.0, 86.0, 88.0, 92.0, 95.0, 120.0, 135.0, 140.0, 155.0, 193.0]","[1.0, 1.0, 3.0, 3.5, 6.0, 4.0, 3.0, 2.0, 4.0, 3.0, 2.0, 1.0]","[5, 4, 3, 7, 8, 7, 3, 3, 7, 3, 3, 2]","[7, 7, 4, 7, 8, 7, 3, 3, 7, 3, 3, 2]","[2.0, 1.5, 1.0, 3.0, nan, 3.0, 0.5, 0.5, 2.0, 0.5, 0.5, 1.0]","[3.0, 2.0, 1.0, 4.0, nan, 4.0, 0.5, 0.75, 3.0, 0.5, 0.5, 1.0]","[0, 0, 0, 1, 0, 1, 0, 0, 1, 0, 0, 0]",2007-02-16 09:15,38,3,1.0,140.0,1.0,3.0,100.9123351677189,"[202.0738495144293, 167.40359922257957, 101.0]","[(202.0738495144293, 150.0), (167.40359922257957, 380.0), (101.0, 120.0)]",1.0,2,3,"[15.0, 38.0, 12.0]","[202.0738495144293, 167.40359922257957, 101.0]"
14290,"[42.0, 2.5, 0.5, 10.0, 6.0, 2.0, 12.0]","[292.25, 158.0, 292.25, 144.6008998056449, 122.0, 81.0, 117.0]",5,2.0,[12.0],"[42.0, 44.5, 45.0, 55.0, 61.0, 63.0, 75.0]","[0.0, 42.0, 44.5, 45.0, 55.0, 61.0, 63.0]","[5.0, 1.0, 4.5, 2.0, 2.0, 1.0, 2.0]","[7, 4, 7, 2, 1, 1, 1]","[7, 4, 7, 3, 2, 1, 1]","[1.0, 1.0, 1.0, 0.5, 1.0, 1.0, 1.0]","[3.0, 1.0, 1.0, 1.0, 1.0, 2.0, 1.0]","[1, 0, 1, 0, 0, 0, 0]",2007-12-04 14:45,28,2,1.0,63.0,1.0,3.0,80.0,[117.0],"[(117.0, 120.0)]",1.0,2,1,[12.0],[117.0]
14670,"[8.0, 31.0, 3.0, 2.0, 17.0, 14.0, 15.0]","[175.0, 292.25, 158.0, 305.1875, 96.0, 194.80538713582197, 232.12522605741117]",4,17.0,"[14.0, 15.0]","[8.0, 39.0, 42.0, 44.0, 61.0, 75.0, 90.0]","[0.0, 8.0, 39.0, 42.0, 44.0, 61.0, 75.0]","[2.0, 3.5, 1.0, 4.5, 1.0, 3.0, 3.5]","[9, 7, 4, 7, 2, 3, 3]","[9, 7, 4, 8, 1, 2, 3]","[0.5, 0.5, 0.5, 0.5, 0.25, 0.25, 0.25]","[1.5, 1.5, 2.0, 1.5, 1.0, 0.5, 0.25]","[0, 1, 0, 1, 0, 0, 0]",2007-12-13 14:00,32,3,1.0,61.0,1.0,3.0,100.9123351677189,"[194.80538713582197, 232.12522605741117]","[(194.80538713582197, 140.0), (232.12522605741117, 150.0)]",1.0,2,2,"[14.0, 15.0]","[194.80538713582197, 232.12522605741117]"
15110,"[5.0, 9.0, 24.0, 22.0, 18.0, 2.0]","[292.25, 151.75, 201.2813065143528, 180.26846237860732, 144.6008998056449, 101.0]",3,22.0,"[18.0, 2.0]","[5.0, 14.0, 38.0, 60.0, 78.0, 80.0]","[0.0, 5.0, 14.0, 38.0, 60.0, 78.0]","[4.5, 1.0, 3.5, 3.0, 2.0, 1.0]","[7, 4, 2, 2, 2, 2]","[7, 9, 3, 3, 3, 2]","[1.5, 2.0, 0.5, 0.75, 0.75, 1.0]","[2.0, 2.0, 0.5, 0.75, 1.0, 1.0]","[1, 0, 0, 0, 0, 0]",2007-12-14 11:00,33,2,2.0,65.0,1.0,3.0,80.0,"[144.6008998056449, 101.0]","[(144.6008998056449, 180.0), (101.0, 20.0)]",1.0,2,2,"[18.0, 2.0]","[144.6008998056449, 101.0]"
15731,"[30.0, 8.0, 7.0, 25.0, 17.0, 3.0, 8.0, 6.0]","[278.73334707923954, 250.0, 204.0, 272.9777961056527, 202.0738495144293, 157.3775, 167.40359922257957, 158.0]",-1,,[],"[30.0, 38.0, 45.0, 70.0, 87.0, 90.0, 98.0, 104.0]","[0.0, 30.0, 38.0, 45.0, 70.0, 87.0, 90.0, 98.0]","[4.0, 3.0, 2.0, 4.0, 3.0, 1.0, 2.0, 1.0]","[3, 4, 4, 3, 3, 4, 3, 4]","[4, 4, 4, 3, 3, 3, 3, 4]","[0.5, 0.5, 1.0, 0.25, 0.5, 0.5, 0.25, 0.5]","[0.75, 1.0, 1.0, 0.5, 0.5, 1.0, 0.5, 1.0]","[0, 0, 0, 0, 0, 0, 0, 0]",2007-12-20 10:00,38,7,0.0,104.0,3.0,1.0,878.8754841373355,[],[],3.0,2,0,[],[]
16070,"[33.0, 17.0, 14.0, 23.0, 7.0, 0.7999999999999972, 0.20000000000000284]","[181.0, 250.0, 204.0, 181.0, 215.51749561875042, 262.78130651435276, 140.0]",0,33.0,"[17.0, 14.0, 23.0, 7.0, 0.7999999999999972, 0.20000000000000284]","[33.0, 50.0, 64.0, 87.0, 94.0, 94.8, 95.0]","[0.0, 33.0, 50.0, 64.0, 87.0, 94.0, 94.8]","[1.5, 3.0, 2.0, 1.5, 2.5, 3.5, 1.0]","[4, 4, 4, 4, 4, 4, 6]","[4, 4, 4, 4, 3, 3, 6]","[1.0, 1.0, 1.0, 0.5, 0.25, 0.5, 1.0]","[3.0, 2.0, 2.0, 1.5, 1.0, 1.0, 2.0]","[0, 0, 0, 0, 0, 0, 0]",2007-12-27 10:10,35,6,3.0,33.0,3.0,1.0,439.4377420686678,"[250.0, 204.0, 181.0, 215.51749561875042, 262.78130651435276, 140.0]","[(250.0, 170.0), (204.0, 140.0), (181.0, 230.0), (215.51749561875042, 70.0), (262.78130651435276, 7.999999999999972), (140.0, 2.0000000000000284)]",3.0,2,6,"[17.0, 14.0, 23.0, 7.0, 0.7999999999999972, 0.20000000000000284]","[250.0, 204.0, 181.0, 215.51749561875042, 262.78130651435276, 140.0]"
16130,"[75.0, 35.0, 5.0, 10.0, 25.0]","[292.25, 202.0738495144293, 292.25, 144.6008998056449, 114.6275]",-1,,[],"[75.0, 110.0, 115.0, 125.0, 150.0]","[0.0, 75.0, 110.0, 115.0, 125.0]","[4.0, 3.0, 2.5, 2.0, 1.0]","[7, 3, 7, 2, 2]","[7, 3, 7, 3, 3]","[1.0, 0.5, 1.0, 0.5, 0.5]","[1.5, 0.5, 1.5, 0.5, 1.0]","[1, 0, 1, 0, 0]",2007-12-27 13:30,34,7,0.0,150.0,3.0,1.0,878.8754841373355,[],[],3.0,2,0,[],[]
16331,"[7.0, 6.0, 10.0, 4.0, 2.0, 7.0, 1.0, 6.0, 10.0, 21.0, 3.5, 0.5]","[204.0, 250.0, 250.0, 204.0, 250.0, 204.0, 296.0, 204.0, 204.0, 204.0, 296.0, 140.0]",-1,,[],"[7.0, 13.0, 23.0, 27.0, 29.0, 36.0, 37.0, 43.0, 53.0, 74.0, 77.5, 78.0]","[0.0, 7.0, 13.0, 23.0, 27.0, 29.0, 36.0, 37.0, 43.0, 53.0, 74.0, 77.5]","[2.0, 3.0, 3.0, 2.0, 3.0, 2.0, 4.0, 2.0, 2.0, 2.0, 4.0, 1.0]","[4, 4, 4, 4, 4, 4, 4, 4, 4, 4, 4, 6]","[4, 4, 4, 4, 4, 4, 4, 4, 4, 4, 4, 6]","[1.0, 1.0, 1.0, 0.5, 1.5, 1.0, 2.0, 1.0, 1.0, 0.5, 0.5, 2.0]","[2.0, 2.0, 1.5, 1.0, 3.0, 1.0, 2.0, 2.0, 2.0, 1.0, 0.5, 4.0]","[0, 0, 0, 0, 0, 0, 0, 0, 0, 0, 0, 0]",2007-12-29 09:15,36,7,0.0,78.0,3.0,1.0,878.8754841373355,[],[],3.0,2,0,[],[]
16630,"[5.0, 35.0, 17.0, 10.0, 21.0, 2.0]","[171.0, 176.55269941693467, 214.05538713582197, 167.40359922257957, 164.8118667919715, 86.0]",-1,,[],"[5.0, 40.0, 57.0, 67.0, 88.0, 90.0]","[0.0, 5.0, 40.0, 57.0, 67.0, 88.0]","[1.0, 2.0, 3.0, 2.0, 1.5, 1.0]","[4, 3, 3, 3, 3, 1]","[5, 4, 4, 3, 4, 2]","[2.0, 1.0, 1.0, 1.0, 2.0, 1.0]","[3.0, 1.0, 2.0, 1.0, 2.0, 2.0]","[0, 0, 0, 0, 0, 0]",2007-12-31 08:45,35,7,0.0,90.0,3.0,1.0,878.8754841373355,[],[],3.0,2,0,[],[]
18091,"[5.0, 7.0, 26.0, 10.0, 9.0, 16.0, 6.0, 1.0, 5.0, 14.0]","[211.75, 171.0, 296.0, 211.75, 158.0, 167.40359922257957, 114.6275, 180.26846237860732, 114.6275, 114.6275]",3,10.0,"[9.0, 16.0, 6.0, 1.0, 5.0, 14.0]","[5.0, 12.0, 38.0, 48.0, 57.0, 73.0, 79.0, 80.0, 85.0, 99.0]","[0.0, 5.0, 12.0, 38.0, 48.0, 57.0, 73.0, 79.0, 80.0, 85.0]","[2.0, 1.0, 4.0, 2.0, 1.0, 2.0, 1.0, 3.0, 1.0, 1.0]","[4, 4, 4, 4, 4, 3, 2, 2, 2, 2]","[5, 5, 4, 5, 4, 3, 3, 3, 3, 3]","[1.0, 2.0, 2.0, 1.0, 1.0, 0.25, 0.5, 0.5, 0.5, 0.5]","[2.0, 4.0, 4.0, 2.0, 2.0, 0.5, 1.0, 0.5, 1.0, 1.0]","[0, 0, 0, 0, 0, 0, 0, 0, 0, 0]",2008-01-14 09:30,32,3,1.0,48.0,1.0,3.5,100.9123351677189,"[158.0, 167.40359922257957, 114.6275, 180.26846237860732, 114.6275, 114.6275]","[(158.0, 90.0), (167.40359922257957, 160.0), (114.6275, 60.0), (180.26846237860732, 10.0), (114.6275, 50.0), (114.6275, 140.0)]",1.0,2,6,"[9.0, 16.0, 6.0, 1.0, 5.0, 14.0]","[158.0, 167.40359922257957, 114.6275, 180.26846237860732, 114.6275, 114.6275]"
18310,"[23.0, 21.0, 3.0, 1.0, 5.5, 0.5, 10.0, 25.0, 0.09999999999999432]","[219.25, 196.75, 197.0, 191.375, 171.0, 202.0738495144293, 174.55248685625125, 114.6275, 115.25]",2,3.0,"[1.0, 5.5, 0.5, 10.0, 25.0, 0.09999999999999432]","[23.0, 44.0, 47.0, 48.0, 53.5, 54.0, 64.0, 89.0, 89.1]","[0.0, 23.0, 44.0, 47.0, 48.0, 53.5, 54.0, 64.0, 89.0]","[2.5, 2.0, 1.0, 1.5, 1.0, 3.0, 2.5, 1.0, 1.0]","[4, 4, 5, 4, 4, 3, 3, 2, 0]","[9, 9, 4, 5, 5, 3, 2, 3, 2]","[0.5, 0.5, 1.0, 0.5, 1.0, 0.25, 0.25, 0.25, 0.25]","[1.5, 1.5, 3.0, 2.0, 2.5, 0.25, 0.75, 1.0, 2.0]","[0, 0, 0, 0, 0, 0, 0, 0, 0]",2008-01-14 10:45,27,2,1.0,47.0,1.0,3.0,80.0,"[191.375, 171.0, 202.0738495144293, 174.55248685625125, 114.6275, 115.25]","[(191.375, 10.0), (171.0, 55.0), (202.0738495144293, 5.0), (174.55248685625125, 100.0), (114.6275, 250.0), (115.25, 0.9999999999999432)]",1.0,2,6,"[1.0, 5.5, 0.5, 10.0, 25.0, 0.09999999999999432]","[191.375, 171.0, 202.0738495144293, 174.55248685625125, 114.6275, 115.25]"
18910,"[10.0, 21.0, 31.0, 2.0, 21.0, 30.0]","[210.0, 158.0, 156.1325, 140.0, 159.41582238929536, 114.6275]",2,31.0,"[2.0, 21.0, 30.0]","[10.0, 31.0, 62.0, 64.0, 85.0, 115.0]","[0.0, 10.0, 31.0, 62.0, 64.0, 85.0]","[1.0, 1.0, 1.0, 1.0, 1.5, 1.0]","[5, 4, 3, 6, 3, 2]","[5, 4, 4, 6, 3, 3]","[2.0, 1.5, 1.0, 2.0, 0.5, 0.5]","[3.0, 2.0, 1.5, 3.0, 0.5, 1.5]","[0, 0, 0, 0, 0, 0]",2008-01-15 15:30,40,3,1.0,62.0,1.0,3.0,100.9123351677189,"[140.0, 159.41582238929536, 114.6275]","[(140.0, 20.0), (159.41582238929536, 210.0), (114.6275, 300.0)]",1.0,2,3,"[2.0, 21.0, 30.0]","[140.0, 159.41582238929536, 114.6275]"
19590,"[45.0, 5.0, 15.0, 15.0, 3.0]","[210.0, 175.0, 204.0, 133.0, 175.0]",0,45.0,"[5.0, 15.0, 15.0, 3.0]","[45.0, 50.0, 65.0, 80.0, 83.0]","[0.0, 45.0, 50.0, 65.0, 80.0]","[1.0, 2.0, 2.0, 1.0, 2.0]","[5, 9, 4, 9, 9]","[5, 9, 4, 9, 9]","[5.0, 1.5, 0.5, 1.0, 1.0]","[7.0, 2.0, 0.7, 1.0, 1.0]","[0, 0, 0, 0, 0]",2008-01-22 12:00,32,2,2.0,45.0,1.0,3.0,80.0,"[175.0, 204.0, 133.0, 175.0]","[(175.0, 50.0), (204.0, 150.0), (133.0, 150.0), (175.0, 30.0)]",1.0,2,4,"[5.0, 15.0, 15.0, 3.0]","[175.0, 204.0, 133.0, 175.0]"
22810,"[5.0, 23.0, 15.0, 30.0, 25.0, 45.0, 32.0, 10.0, 10.0]","[272.875, 211.75, 227.0, 181.0, 202.0738495144293, 174.55248685625125, 101.0, 119.0, 101.0]",3,30.0,"[25.0, 45.0, 32.0, 10.0, 10.0]","[5.0, 28.0, 43.0, 73.0, 98.0, 143.0, 175.0, 185.0, 195.0]","[0.0, 5.0, 28.0, 43.0, 73.0, 98.0, 143.0, 175.0, 185.0]","[3.5, 2.0, 2.5, 1.5, 3.0, 2.5, 1.0, 1.5, 1.0]","[4, 4, 4, 4, 3, 3, 2, 2, 2]","[5, 5, 4, 4, 3, 2, 2, 2, 2]","[3.0, 2.0, 2.0, 2.0, 1.0, 1.0, 0.5, 1.0, 1.0]","[3.0, 3.0, 2.0, 2.0, 1.0, 1.0, 1.0, 1.0, 1.0]","[0, 0, 0, 0, 0, 0, 0, 0, 0]",2008-02-13 11:00,36,6,2.0,73.0,3.0,1.0,439.4377420686678,"[202.0738495144293, 174.55248685625125, 101.0, 119.0, 101.0]","[(202.0738495144293, 250.0), (174.55248685625125, 450.0), (101.0, 320.0), (119.0, 100.0), (101.0, 100.0)]",3.0,2,5,"[25.0, 45.0, 32.0, 10.0, 10.0]","[202.0738495144293, 174.55248685625125, 101.0, 119.0, 101.0]"
23370,"[5.0, 3.0, 14.0, 25.0, 20.0, 8.0, 23.0, 1.0, 18.0, 12.0, 6.0, 14.0, 4.0]","[204.0, 158.0, 204.0, 204.0, 204.0, 204.0, 194.8508998056449, 278.73334707923954, 214.05538713582197, 204.0, 181.0, 158.0, 158.0]",-1,,[],"[5.0, 8.0, 22.0, 47.0, 67.0, 75.0, 98.0, 99.0, 117.0, 129.0, 135.0, 149.0, 153.0]","[0.0, 5.0, 8.0, 22.0, 47.0, 67.0, 75.0, 98.0, 99.0, 117.0, 129.0, 135.0, 149.0]","[2.0, 1.0, 2.0, 2.0, 2.0, 2.0, 2.0, 4.0, 3.0, 2.0, 1.5, 1.0, 1.0]","[4, 4, 4, 4, 4, 4, 4, 3, 3, 4, 4, 4, 4]","[4, 4, 4, 4, 4, 4, 3, 4, 4, 4, 4, 4, 4]","[1.0, 1.0, 0.5, 1.0, 1.0, 1.0, 0.5, 0.5, 0.5, 0.25, 0.25, 0.25, 0.5]","[1.5, 1.5, 1.0, 1.5, 1.5, 1.5, 0.5, 0.5, 0.5, 0.5, 0.5, 0.5, 0.5]","[0, 0, 0, 0, 0, 0, 0, 0, 0, 0, 0, 0, 0]",2008-02-15 09:30,32,7,0.0,153.0,3.0,1.0,878.8754841373355,[],[],3.0,2,0,[],[]
23471,"[20.0, 55.0, 7.0, 6.0, 7.0, 14.0, 3.0, 8.0]","[196.75, 181.0, 227.0, 262.78130651435276, 238.01846237860732, 204.0, 214.05538713582197, 157.3775]",1,55.0,"[7.0, 6.0, 7.0, 14.0, 3.0, 8.0]","[20.0, 75.0, 82.0, 88.0, 95.0, 109.0, 112.0, 120.0]","[0.0, 20.0, 75.0, 82.0, 88.0, 95.0, 109.0, 112.0]","[2.0, 1.5, 2.5, 3.5, 3.0, 2.0, 3.0, 1.0]","[4, 4, 4, 4, 4, 4, 3, 4]","[9, 4, 4, 3, 3, 4, 4, 3]","[1.0, 1.0, 0.5, 0.25, 0.25, 0.5, 0.25, 0.5]","[3.0, 2.0, 1.0, 1.0, 1.0, 1.5, 1.0, 1.5]","[0, 0, 0, 0, 0, 0, 0, 0]",2008-02-15 11:10,42,5,2.0,75.0,3.0,1.0,197.7469839309005,"[227.0, 262.78130651435276, 238.01846237860732, 204.0, 214.05538713582197, 157.3775]","[(227.0, 70.0), (262.78130651435276, 60.0), (238.01846237860732, 70.0), (204.0, 140.0), (214.05538713582197, 30.0), (157.3775, 80.0)]",3.0,2,6,"[7.0, 6.0, 7.0, 14.0, 3.0, 8.0]","[227.0, 262.78130651435276, 238.01846237860732, 204.0, 214.05538713582197, 157.3775]"
24650,"[7.0, 38.0, 3.0, 4.0, 18.0, 8.0, 14.0, 10.0, 16.0, 12.0, 19.0, 16.0, 12.0]","[296.0, 227.0, 192.55248685625125, 250.0, 262.78130651435276, 278.73334707923954, 242.34391954305838, 242.34391954305838, 214.05538713582197, 192.55248685625125, 227.0, 204.0, 204.0]",-1,,[],"[7.0, 45.0, 48.0, 52.0, 70.0, 78.0, 92.0, 102.0, 118.0, 130.0, 149.0, 165.0, 177.0]","[0.0, 7.0, 45.0, 48.0, 52.0, 70.0, 78.0, 92.0, 102.0, 118.0, 130.0, 149.0, 165.0]","[4.0, 2.5, 2.5, 3.0, 3.5, 4.0, 3.5, 3.5, 3.0, 2.5, 2.5, 2.0, 2.0]","[4, 4, 3, 4, 4, 3, 3, 3, 3, 3, 4, 4, 4]","[4, 4, 4, 4, 3, 4, 4, 4, 4, 4, 4, 4, 4]","[1.0, 1.0, 0.5, 1.0, 0.5, 0.5, 0.5, 0.5, 0.25, 0.25, 0.25, 0.5, 0.5]","[1.5, 2.0, 0.5, 1.0, 1.0, 0.5, 0.5, 0.5, 0.5, 0.5, 0.5, 0.5, 0.5]","[0, 0, 0, 0, 0, 0, 0, 0, 0, 0, 0, 0, 0]",2008-02-27 09:30,37,7,0.0,177.0,3.0,1.0,878.8754841373355,[],[],3.0,2,0,[],[]
26930,"[9.0, 1.0, 10.0, 30.0, 15.0, 7.0, 13.0, 3.0, 1.0, 36.0, 39.0]","[184.0, 292.25, 120.0, 184.0, 216.0, 184.0, 152.0, 167.40359922257957, 128.8775, 101.0, 86.0]",9,36.0,[39.0],"[9.0, 10.0, 20.0, 50.0, 65.0, 72.0, 85.0, 88.0, 89.0, 125.0, 164.0]","[0.0, 9.0, 10.0, 20.0, 50.0, 65.0, 72.0, 85.0, 88.0, 89.0, 125.0]","[2.0, 2.5, 1.0, 2.0, 2.5, 2.0, 1.5, 2.0, 1.0, 1.0, 1.0]","[7, 7, 7, 7, 7, 7, 7, 3, 7, 2, 1]","[7, 7, 7, 7, 7, 7, 7, 3, 3, 2, 2]","[1.0, 1.25, 0.75, 0.75, 1.0, 0.5, 1.5, 0.25, 0.5, 0.75, 1.5]","[1.0, 1.25, 0.75, 1.0, 1.5, 0.5, 1.5, 0.25, 0.75, 1.5, 2.0]","[0, 1, 0, 0, 0, 0, 0, 0, 0, 0, 0]",2008-03-21 10:15,33,2,1.0,125.0,1.0,3.0,80.0,[86.0],"[(86.0, 390.0)]",1.0,2,1,[39.0],[86.0]
27050,"[28.0, 2.0, 8.0, 24.799999999999997, 0.20000000000000284, 3.0, 8.0, 15.0, 1.0, 23.0, 18.0]","[250.0, 204.0, 296.0, 250.0, 140.0, 272.9777961056527, 194.80538713582197, 137.0, 224.99444902641318, 132.0, 86.0]",4,0.20000000000000284,"[3.0, 8.0, 15.0, 1.0, 23.0, 18.0]","[28.0, 30.0, 38.0, 62.8, 63.0, 66.0, 74.0, 89.0, 90.0, 113.0, 131.0]","[0.0, 28.0, 30.0, 38.0, 62.8, 63.0, 66.0, 74.0, 89.0, 90.0, 113.0]","[3.0, 2.0, 4.0, 3.0, 1.0, 4.0, 3.0, 2.0, 4.0, 2.0, 1.0]","[4, 4, 4, 4, 6, 3, 3, 2, 2, 2, 1]","[4, 4, 4, 4, 6, 3, 2, 2, 3, 1, 2]","[0.5, 1.0, 0.5, 0.5, 1.0, 0.25, 0.25, 1.0, 0.5, 1.0, 1.0]","[1.5, 2.0, 1.25, 1.5, 2.0, 0.5, 1.5, 2.0, 1.25, 2.0, 3.0]","[0, 0, 0, 0, 0, 0, 0, 0, 0, 0, 0]",2008-03-24 13:50,38,3,1.0,63.0,1.0,3.0,100.9123351677189,"[272.9777961056527, 194.80538713582197, 137.0, 224.99444902641318, 132.0, 86.0]","[(272.9777961056527, 30.0), (194.80538713582197, 80.0), (137.0, 150.0), (224.99444902641318, 10.0), (132.0, 230.0), (86.0, 180.0)]",1.0,2,6,"[3.0, 8.0, 15.0, 1.0, 23.0, 18.0]","[272.9777961056527, 194.80538713582197, 137.0, 224.99444902641318, 132.0, 86.0]"
3813,"[14.0, 43.0, 17.0, 4.0, 10.0, 8.0, 24.0]","[210.0, 296.0, 197.0, 250.0, 197.0, 171.0, 114.6275]",3,4.0,"[10.0, 8.0, 24.0]","[14.0, 57.0, 74.0, 78.0, 88.0, 96.0, 120.0]","[0.0, 14.0, 57.0, 74.0, 78.0, 88.0, 96.0]","[1.0, 4.0, 1.0, 3.0, 1.0, 1.0, 1.0]","[5, 4, 5, 4, 5, 4, 2]","[5, 4, 4, 4, 4, 5, 3]","[2.0, 0.5, 1.0, 1.0, 2.0, 1.0, 0.25]","[7.0, 1.0, 5.0, 2.0, 6.0, 3.0, 0.25]","[0, 0, 0, 0, 0, 0, 0]",2002-02-08 09:30,40,3,1.0,78.0,1.0,3.0,100.9123351677189,"[197.0, 171.0, 114.6275]","[(197.0, 100.0), (171.0, 80.0), (114.6275, 240.0)]",1.0,2,3,"[10.0, 8.0, 24.0]","[197.0, 171.0, 114.6275]"
4151,"[22.0, 6.0, 12.0, 10.0, 50.0]","[296.0, 376.0, 204.0, 312.0, 132.0]",3,10.0,[50.0],"[22.0, 28.0, 40.0, 50.0, 100.0]","[0.0, 22.0, 28.0, 40.0, 50.0]","[4.0, 5.0, 2.0, 4.0, 2.0]","[4, 7, 4, 7, 2]","[4, 7, 4, 7, 1]","[1.0, 1.0, 0.5, 1.0, 0.5]","[2.0, 2.0, 1.0, 2.0, 1.0]","[0, 0, 0, 0, 0]",2002-12-17 10:30,30,2,1.0,50.0,1.0,3.0,80.0,[132.0],"[(132.0, 500.0)]",1.0,2,1,[50.0],[132.0]
43610,"[15.0, 15.0, 8.0, 2.0, 50.0, 20.0, 13.0, 42.0, 15.0]","[272.9777961056527, 292.25, 204.0, 292.25, 204.0, 202.0738495144293, 159.80269941693467, 101.0, 81.0]",4,50.0,"[20.0, 13.0, 42.0, 15.0]","[15.0, 30.0, 38.0, 40.0, 90.0, 110.0, 123.0, 165.0, 180.0]","[0.0, 15.0, 30.0, 38.0, 40.0, 90.0, 110.0, 123.0, 165.0]","[4.0, 5.0, 2.0, 5.0, 2.0, 3.0, 2.0, 1.0, 1.0]","[3, 7, 4, 7, 4, 3, 3, 2, 1]","[3, 7, 4, 7, 4, 3, 2, 2, 1]","[0.5, 2.0, 2.0, 2.0, 1.0, 0.5, 0.5, 1.0, 2.0]","[1.0, 4.0, 2.0, 4.0, 2.0, 0.5, 1.0, 2.0, 2.0]","[0, 1, 0, 1, 0, 0, 0, 0, 0]",2008-12-01 09:00,39,2,1.0,90.0,1.0,3.0,80.0,"[202.0738495144293, 159.80269941693467, 101.0, 81.0]","[(202.0738495144293, 200.0), (159.80269941693467, 130.0), (101.0, 420.0), (81.0, 150.0)]",1.0,2,4,"[20.0, 13.0, 42.0, 15.0]","[202.0738495144293, 159.80269941693467, 101.0, 81.0]"
44890,"[30.0, 15.0, 65.0, 30.0, 25.0, 30.0, 3.0]","[292.25, 167.40359922257957, 159.80269941693467, 114.6275, 114.0, 86.0, 90.75]",4,25.0,"[30.0, 3.0]","[30.0, 45.0, 110.0, 140.0, 165.0, 195.0, 198.0]","[0.0, 30.0, 45.0, 110.0, 140.0, 165.0, 195.0]","[3.5, 2.0, 2.0, 1.0, 1.5, 1.0, 1.0]","[7, 3, 3, 2, 2, 1, 1]","[7, 3, 2, 3, 1, 2, 0]","[2.0, 1.0, 0.5, 1.0, 1.0, 2.0, 2.0]","[4.0, 1.0, 1.0, 1.0, 1.0, 2.0, 2.0]","[1, 0, 0, 0, 0, 0, 0]",2008-12-14 13:30,33,2,3.0,165.0,1.0,3.0,80.0,"[86.0, 90.75]","[(86.0, 300.0), (90.75, 30.0)]",1.0,2,2,"[30.0, 3.0]","[86.0, 90.75]"
46210,"[1.0, 3.0, 38.0, 4.0, 16.0, 2.0, 8.0, 2.0, 10.0, 4.0, 9.0]","[440.0, 269.5, 233.59391954305838, 292.25, 157.3775, 292.25, 215.51749561875042, 342.0, 181.0, 292.25, 394.2882093093874]",7,2.0,"[10.0, 4.0, 9.0]","[1.0, 4.0, 42.0, 46.0, 62.0, 64.0, 72.0, 74.0, 84.0, 88.0, 97.0]","[0.0, 1.0, 4.0, 42.0, 46.0, 62.0, 64.0, 72.0, 74.0, 84.0, 88.0]","[6.0, 3.5, 3.5, 5.0, 1.0, 5.0, 2.5, 5.0, 1.5, 5.0, 5.0]","[8, 7, 3, 7, 4, 7, 4, 4, 4, 7, 3]","[8, 9, 9, 7, 3, 7, 3, 4, 4, 7, 3]","[nan, 0.8, 0.5, 1.5, 0.5, 0.8, 0.5, 1.0, 1.0, 0.2, 0.2]","[nan, 1.0, 1.2, 2.0, 0.8, 1.0, 0.8, 1.0, 1.0, 1.0, 0.2]","[0, 0, 0, 1, 0, 1, 0, 0, 0, 1, 0]",2008-12-27 10:00,38,2,1.0,74.0,1.0,3.0,80.0,"[181.0, 292.25, 394.2882093093874]","[(181.0, 100.0), (292.25, 40.0), (394.2882093093874, 90.0)]",1.0,2,3,"[10.0, 4.0, 9.0]","[181.0, 292.25, 394.2882093093874]"
46550,"[14.0, 6.0, 3.0, 4.0, 2.0, 31.0, 1.0, 21.0, 16.0, 3.0, 3.0]","[152.25, 176.55269941693467, 296.0, 167.40359922257957, 204.0, 202.0738495144293, 140.0, 202.0738495144293, 155.51, 141.8825, 167.40359922257957]",5,31.0,"[1.0, 21.0, 16.0, 3.0, 3.0]","[14.0, 20.0, 23.0, 27.0, 29.0, 60.0, 61.0, 82.0, 98.0, 101.0, 104.0]","[0.0, 14.0, 20.0, 23.0, 27.0, 29.0, 60.0, 61.0, 82.0, 98.0, 101.0]","[1.0, 2.0, 4.0, 2.0, 2.0, 3.0, 1.0, 3.0, 1.0, 1.0, 2.0]","[9, 3, 4, 3, 4, 3, 6, 3, 3, 3, 3]","[5, 4, 4, 3, 4, 3, 6, 3, 3, 2, 3]","[0.5, 0.5, 0.5, 0.5, 3.0, 0.25, 1.0, 0.5, 0.25, 0.25, 0.25]","[1.5, 1.0, 1.5, 0.5, 3.0, 0.5, 1.0, 0.5, 0.25, 0.5, 0.25]","[0, 0, 0, 0, 0, 0, 0, 0, 0, 0, 0]",2008-12-29 14:30,36,5,3.0,60.0,3.0,1.0,197.7469839309005,"[140.0, 202.0738495144293, 155.51, 141.8825, 167.40359922257957]","[(140.0, 10.0), (202.0738495144293, 210.0), (155.51, 160.0), (141.8825, 30.0), (167.40359922257957, 30.0)]",3.0,2,5,"[1.0, 21.0, 16.0, 3.0, 3.0]","[140.0, 202.0738495144293, 155.51, 141.8825, 167.40359922257957]"
47370,"[35.0, 42.0, 15.0, 18.0, 10.0, 10.0, 30.0, 25.0, 14.0, 1.0]","[272.9777961056527, 272.9777961056527, 272.9777961056527, 272.9777961056527, 272.9777961056527, 272.9777961056527, 272.9777961056527, 272.9777961056527, 155.51, 141.8825]",7,25.0,"[14.0, 1.0]","[35.0, 77.0, 92.0, 110.0, 120.0, 130.0, 160.0, 185.0, 199.0, 200.0]","[0.0, 35.0, 77.0, 92.0, 110.0, 120.0, 130.0, 160.0, 185.0, 199.0]","[4.0, 4.0, 4.0, 4.0, 4.0, 4.0, 4.0, 4.0, 1.0, 1.0]","[3, 3, 3, 3, 3, 3, 3, 3, 3, 3]","[3, 3, 3, 3, 3, 3, 3, 3, 3, 2]","[0.5, 0.5, 0.5, 0.5, 0.5, 0.5, 0.5, 0.5, 0.5, 0.5]","[0.5, 0.5, 0.5, 0.5, 0.5, 0.5, 0.5, 0.5, 0.5, 0.5]","[0, 0, 0, 0, 0, 0, 0, 0, 0, 0]",2009-01-04 10:00,35,3,1.0,185.0,1.0,3.0,100.9123351677189,"[155.51, 141.8825]","[(155.51, 140.0), (141.8825, 10.0)]",1.0,2,2,"[14.0, 1.0]","[155.51, 141.8825]"
48272,"[31.0, 14.0, 4.0, 9.0, 23.0, 2.0, 11.0, 5.0, 6.0]","[285.0, 250.0, 204.0, 250.0, 204.0, 238.01846237860732, 204.0, 250.0, 157.3775]",-1,,[],"[31.0, 45.0, 49.0, 58.0, 81.0, 83.0, 94.0, 99.0, 105.0]","[0.0, 31.0, 45.0, 49.0, 58.0, 81.0, 83.0, 94.0, 99.0]","[4.0, 3.0, 2.0, 3.0, 2.0, 3.0, 2.0, 3.0, 1.0]","[5, 4, 4, 4, 4, 4, 4, 4, 4]","[5, 4, 4, 4, 4, 3, 4, 4, 3]","[3.0, 1.5, 1.5, 1.0, 1.5, 1.0, 1.5, 1.0, 1.0]","[3.0, 1.5, 2.0, 1.5, 1.5, 1.0, 1.5, 1.5, 1.0]","[0, 0, 0, 0, 0, 0, 0, 0, 0]",2009-01-14 11:15,33,7,0.0,105.0,3.0,1.0,878.8754841373355,[],[],3.0,2,0,[],[]
4836,"[14.0, 16.0, 3.0, 16.0, 4.0, 2.0, 7.0, 10.0, 3.0, 4.0, 7.0, 20.0, 6.0, 9.0, 9.0, 10.800000000000011, 0.19999999999998863, 6.0]","[238.0, 204.0, 292.25, 227.0, 250.0, 350.5, 273.0, 290.2444490264132, 238.01846237860732, 324.56759795026255, 290.2444490264132, 227.0, 290.2444490264132, 238.01846237860732, 194.8508998056449, 232.12522605741117, 140.0, 256.98334707923954]",16,0.19999999999998863,[6.0],"[14.0, 30.0, 33.0, 49.0, 53.0, 55.0, 62.0, 72.0, 75.0, 79.0, 86.0, 106.0, 112.0, 121.0, 130.0, 140.8, 141.0, 147.0]","[0.0, 14.0, 30.0, 33.0, 49.0, 53.0, 55.0, 62.0, 72.0, 75.0, 79.0, 86.0, 106.0, 112.0, 121.0, 130.0, 140.8, 141.0]","[3.5, 2.0, 5.0, 2.5, 3.0, 5.0, 3.5, 4.0, 3.0, 4.5, 4.0, 2.5, 4.0, 3.0, 2.0, 3.5, 1.0, 4.0]","[9, 4, 7, 4, 4, 4, 4, 4, 4, 3, 4, 4, 4, 4, 4, 3, 6, 3]","[9, 4, 7, 4, 4, 7, 4, 3, 3, 4, 3, 4, 3, 3, 3, 3, 6, 2]","[0.5, 1.0, 1.0, 1.0, 1.0, 1.0, 0.5, 0.25, 0.25, 0.25, 0.25, 0.5, 0.25, 0.25, 0.25, 0.25, 1.0, 0.25]","[2.0, 3.0, 1.0, 2.25, 2.0, 2.0, 1.5, 1.0, 1.25, 1.0, 1.0, 1.25, 1.0, 1.0, 1.0, 0.75, 2.0, 1.0]","[0, 0, 1, 0, 0, 0, 0, 0, 0, 0, 0, 0, 0, 0, 0, 0, 0, 0]",2004-01-25 09:15,36,2,2.0,141.0,1.0,3.0,80.0,[256.98334707923954],"[(256.98334707923954, 60.0)]",1.0,2,1,[6.0],[256.98334707923954]
49170,"[10.0, 10.0, 10.0, 15.0, 40.0, 17.0, 56.0, 17.0, 49.0, 10.699999999999989, 0.30000000000001137, 14.5, 0.5]","[292.25, 250.0, 292.25, 272.9777961056527, 292.25, 248.0, 272.9777961056527, 202.0738495144293, 181.06998247500167, 159.41582238929536, 292.25, 114.6275, 181.06998247500167]",7,17.0,"[49.0, 10.699999999999989, 0.30000000000001137, 14.5, 0.5]","[10.0, 20.0, 30.0, 45.0, 85.0, 102.0, 158.0, 175.0, 224.0, 234.7, 235.0, 249.5, 250.0]","[0.0, 10.0, 20.0, 30.0, 45.0, 85.0, 102.0, 158.0, 175.0, 224.0, 234.7, 235.0, 249.5]","[4.0, 3.0, 5.0, 4.0, 4.5, 3.0, 4.0, 3.0, 2.5, 1.5, 2.5, 1.0, 2.5]","[7, 4, 7, 3, 7, 7, 3, 3, 3, 3, 7, 2, 3]","[7, 4, 7, 3, 7, 7, 3, 3, 3, 3, 7, 3, 3]","[1.0, 2.0, 2.0, 1.0, 3.0, 2.0, 0.5, 1.0, 1.0, 1.0, 1.0, 1.0, 0.5]","[2.0, 2.0, 2.0, 1.0, 4.0, 2.0, 1.0, 1.0, 2.0, 1.0, 1.0, 1.0, 1.0]","[1, 0, 1, 0, 1, 0, 0, 0, 0, 0, 1, 0, 0]",2009-01-17 13:00,37,6,3.0,210.0,3.0,1.0,439.4377420686678,"[181.06998247500167, 159.41582238929536, 292.25, 114.6275, 181.06998247500167]","[(181.06998247500167, 490.0), (159.41582238929536, 106.99999999999989), (292.25, 3.0000000000001137), (114.6275, 145.0), (181.06998247500167, 5.0)]",3.0,2,5,"[49.0, 10.699999999999989, 0.30000000000001137, 14.5, 0.5]","[181.06998247500167, 159.41582238929536, 292.25, 114.6275, 181.06998247500167]"
49250,"[15.0, 5.0, 5.0, 34.0, 15.0, 2.0, 13.0, 6.0, 3.0, 12.0, 25.0, 10.0, 5.0, 2.0, 3.0, 6.0, 10.0]","[250.0, 296.0, 278.73334707923954, 242.34391954305838, 217.0, 181.06998247500167, 296.0, 259.0, 272.9777961056527, 250.0, 296.0, 250.0, 202.0738495144293, 204.0, 214.05538713582197, 133.0, 156.1325]",14,3.0,"[6.0, 10.0]","[15.0, 20.0, 25.0, 59.0, 74.0, 76.0, 89.0, 95.0, 98.0, 110.0, 135.0, 145.0, 150.0, 152.0, 155.0, 161.0, 171.0]","[0.0, 15.0, 20.0, 25.0, 59.0, 74.0, 76.0, 89.0, 95.0, 98.0, 110.0, 135.0, 145.0, 150.0, 152.0, 155.0, 161.0]","[3.0, 4.0, 4.0, 3.5, 3.0, 2.5, 4.0, 4.0, 4.0, 3.0, 4.0, 3.0, 3.0, 2.0, 3.0, 1.0, 1.0]","[4, 4, 3, 3, 9, 3, 4, 9, 3, 4, 4, 4, 3, 4, 3, 9, 3]","[4, 4, 4, 4, 9, 3, 4, 9, 3, 4, 4, 4, 3, 4, 4, 9, 4]","[1.5, 2.0, 0.5, 0.5, 2.0, 0.5, 1.0, 2.0, 0.5, 1.0, 1.0, 1.0, 1.0, 1.5, 0.5, 1.0, 0.5]","[1.5, 2.0, 1.5, 1.5, 2.0, 0.5, 1.5, 2.0, 0.5, 2.0, 2.0, 1.5, 1.0, 1.5, 1.0, 1.5, 1.0]","[0, 0, 0, 0, 0, 0, 0, 0, 0, 0, 0, 0, 0, 0, 0, 0, 0]",2009-01-17 11:00,34,5,3.0,155.0,3.0,1.0,197.7469839309005,"[133.0, 156.1325]","[(133.0, 60.0), (156.1325, 100.0)]",3.0,2,2,"[6.0, 10.0]","[133.0, 156.1325]"
49390,"[2.0, 31.0, 19.0, 14.0, 23.0, 1.0]","[292.25, 269.48334707923954, 205.80538713582197, 158.0, 165.5, 129.10395559732385]",3,14.0,"[23.0, 1.0]","[4.0, 35.0, 54.0, 68.0, 91.0, 92.0]","[2.0, 4.0, 35.0, 54.0, 68.0, 91.0]","[5.0, 4.0, 3.0, 1.0, 1.5, 1.5]","[7, 3, 3, 4, 4, 2]","[7, 9, 9, 4, 2, 3]","[1.0, 0.25, 0.25, 1.0, 0.25, 0.25]","[3.0, 1.0, 1.0, 2.0, 1.0, 0.75]","[1, 0, 0, 0, 0, 0]",2009-01-19 12:00,32,2,1.0,68.0,1.0,3.0,80.0,"[165.5, 129.10395559732385]","[(165.5, 230.0), (129.10395559732385, 10.0)]",1.0,2,2,"[23.0, 1.0]","[165.5, 129.10395559732385]"
49690,"[59.0, 2.0, 23.0, 6.0, 3.0, 2.0, 25.0, 27.0, 3.0]","[296.0, 292.25, 250.0, 292.25, 181.06998247500167, 292.25, 155.0, 101.0, 101.0]",5,2.0,"[25.0, 27.0, 3.0]","[59.0, 61.0, 84.0, 90.0, 93.0, 95.0, 120.0, 147.0, 150.0]","[0.0, 59.0, 61.0, 84.0, 90.0, 93.0, 95.0, 120.0, 147.0]","[4.0, 4.0, 3.0, 5.0, 2.5, 5.0, 2.5, 1.0, 1.0]","[4, 7, 4, 7, 3, 7, 2, 2, 2]","[4, 7, 4, 7, 3, 7, 2, 2, 2]","[1.5, 0.5, 1.0, 0.5, 0.25, 0.5, 1.0, 1.0, 1.0]","[1.5, 0.5, 1.0, 0.5, 0.25, 0.5, 1.0, 1.0, 1.0]","[0, 1, 0, 1, 0, 1, 0, 0, 0]",2009-01-23 10:00,35,3,1.0,95.0,1.0,3.0,100.9123351677189,"[155.0, 101.0, 101.0]","[(155.0, 250.0), (101.0, 270.0), (101.0, 30.0)]",1.0,2,3,"[25.0, 27.0, 3.0]","[155.0, 101.0, 101.0]"
49910,"[10.0, 28.0, 17.0, 18.0, 27.0, 10.0, 18.0, 7.0, 22.0, 8.0]","[120.0, 272.9777961056527, 202.0738495144293, 181.06998247500167, 154.0, 250.0, 158.0, 202.0738495144293, 155.51, 119.0]",7,7.0,"[22.0, 8.0]","[10.0, 38.0, 55.0, 73.0, 100.0, 110.0, 128.0, 135.0, 157.0, 165.0]","[0.0, 10.0, 38.0, 55.0, 73.0, 100.0, 110.0, 128.0, 135.0, 157.0]","[1.0, 4.0, 3.0, 2.5, 1.5, 3.0, 1.0, 3.0, 1.0, 1.5]","[7, 3, 3, 3, 9, 4, 4, 3, 3, 2]","[7, 3, 3, 3, 9, 4, 4, 3, 3, 2]","[2.0, 0.5, 1.0, 1.0, 1.0, 0.5, 1.0, 0.5, 0.5, 1.0]","[3.0, 1.0, 1.0, 1.0, 2.0, 1.0, 1.0, 0.5, 0.5, 1.0]","[0, 0, 0, 0, 0, 0, 0, 0, 0, 0]",2009-01-25 13:50,30,2,1.0,135.0,1.0,3.0,80.0,"[155.51, 119.0]","[(155.51, 220.0), (119.0, 80.0)]",1.0,2,2,"[22.0, 8.0]","[155.51, 119.0]"
4993,"[12.0, 27.0, 22.0, 4.0, 14.0, 8.0, 9.0, 22.0, 2.0]","[219.25, 286.75, 241.75, 292.25, 202.0738495144293, 181.06998247500167, 155.51, 155.51, 272.9777961056527]",7,22.0,[2.0],"[12.0, 39.0, 61.0, 65.0, 79.0, 87.0, 96.0, 118.0, 120.0]","[0.0, 12.0, 39.0, 61.0, 65.0, 79.0, 87.0, 96.0, 118.0]","[2.5, 4.0, 3.0, 4.5, 3.0, 2.5, 1.0, 1.0, 4.0]","[4, 4, 4, 7, 3, 3, 3, 3, 3]","[9, 9, 9, 7, 3, 3, 3, 3, 3]","[0.8, 0.6, 0.5, 0.8, 0.25, 0.25, 0.5, 0.5, 0.25]","[1.5, 1.0, 1.2, 1.2, 0.5, 0.5, 0.5, 0.5, 0.5]","[0, 0, 0, 1, 0, 0, 0, 0, 0]",2003-12-13 09:20,34,4,2.0,118.0,3.0,1.0,131.83132262060033,[272.9777961056527],"[(272.9777961056527, 20.0)]",3.0,2,1,[2.0],[272.9777961056527]
50510,"[74.0, 2.0, 18.0, 41.0, 9.0, 10.0, 7.0, 14.0, 8.0]","[290.2444490264132, 250.0, 290.2444490264132, 227.0, 164.8118667919715, 194.80538713582197, 201.2813065143528, 144.6008998056449, 155.51]",6,7.0,"[14.0, 8.0]","[74.0, 76.0, 94.0, 135.0, 144.0, 154.0, 161.0, 175.0, 183.0]","[0.0, 74.0, 76.0, 94.0, 135.0, 144.0, 154.0, 161.0, 175.0]","[4.0, 3.0, 4.0, 2.5, 1.5, 3.0, 3.5, 2.0, 1.0]","[4, 4, 4, 4, 3, 3, 2, 2, 3]","[3, 4, 3, 4, 4, 2, 3, 3, 3]","[0.25, 1.0, 0.25, 1.0, 0.25, 0.25, 0.25, 0.25, 0.25]","[1.0, 2.0, 1.5, 2.0, 1.0, 0.75, 1.0, 1.0, 0.75]","[0, 0, 0, 0, 0, 0, 0, 0, 0]",2009-01-29 14:25,39,3,1.0,161.0,1.0,3.0,100.9123351677189,"[144.6008998056449, 155.51]","[(144.6008998056449, 140.0), (155.51, 80.0)]",1.0,2,2,"[14.0, 8.0]","[144.6008998056449, 155.51]"
52110,"[8.0, 17.0, 30.0, 11.0, 17.0, 16.0, 9.0, 12.0, 8.0, 19.0, 6.0, 22.0]","[312.0, 248.0, 312.0, 280.0, 249.5, 227.0, 155.51, 176.55269941693467, 159.41582238929536, 114.6275, 86.0, 81.0]",7,12.0,"[8.0, 19.0, 6.0, 22.0]","[8.0, 25.0, 55.0, 66.0, 83.0, 99.0, 108.0, 120.0, 128.0, 147.0, 153.0, 175.0]","[0.0, 8.0, 25.0, 55.0, 66.0, 83.0, 99.0, 108.0, 120.0, 128.0, 147.0, 153.0]","[4.0, 3.0, 4.0, 3.5, 3.0, 2.5, 1.0, 2.0, 1.5, 1.0, 1.0, 1.0]","[7, 7, 7, 7, 4, 4, 3, 3, 3, 2, 1, 1]","[7, 7, 7, 7, 7, 4, 3, 4, 3, 3, 2, 1]","[2.0, 3.0, 2.0, 2.0, 1.0, 1.0, 0.5, 0.5, 0.5, 0.5, 0.5, 1.0]","[3.0, 3.0, 3.0, 3.0, 2.0, 1.0, 0.5, 1.0, 0.5, 0.5, 1.0, 1.0]","[0, 0, 0, 0, 0, 0, 0, 0, 0, 0, 0, 0]",2009-02-08 14:30,34,2,1.0,125.0,1.0,3.0,80.0,"[159.41582238929536, 114.6275, 86.0, 81.0]","[(159.41582238929536, 80.0), (114.6275, 190.0), (86.0, 60.0), (81.0, 220.0)]",1.0,2,4,"[8.0, 19.0, 6.0, 22.0]","[159.41582238929536, 114.6275, 86.0, 81.0]"
52430,"[26.0, 4.0, 11.0, 3.0, 10.0, 2.0, 12.0, 13.0, 22.0]","[212.125, 269.5, 154.0, 292.25, 155.51, 292.25, 174.55248685625125, 96.0, 81.0]",0,26.0,"[4.0, 11.0, 3.0, 10.0, 2.0, 12.0, 13.0, 22.0]","[26.0, 30.0, 41.0, 44.0, 54.0, 56.0, 68.0, 81.0, 103.0]","[0.0, 26.0, 30.0, 41.0, 44.0, 54.0, 56.0, 68.0, 81.0]","[1.5, 3.5, 1.5, 4.5, 1.0, 4.0, 2.5, 1.0, 1.0]","[5, 7, 9, 7, 3, 7, 3, 2, 1]","[4, 9, 9, 7, 3, 7, 2, 1, 1]","[1.0, 1.0, 0.5, 1.0, 0.25, 0.5, 0.25, 0.5, 1.0]","[5.0, 1.5, 1.5, 1.5, 0.5, 1.5, 0.5, 1.0, 2.0]","[0, 0, 0, 1, 0, 1, 0, 0, 0]",2009-02-11 13:30,30,2,1.0,26.0,1.0,3.0,80.0,"[269.5, 154.0, 292.25, 155.51, 292.25, 174.55248685625125, 96.0, 81.0]","[(269.5, 40.0), (154.0, 110.0), (292.25, 30.0), (155.51, 100.0), (292.25, 20.0), (174.55248685625125, 120.0), (96.0, 130.0), (81.0, 220.0)]",1.0,2,8,"[4.0, 11.0, 3.0, 10.0, 2.0, 47.0]","[269.5, 154.0, 292.25, 155.51, 292.25, 117.18416228541707]"
5260,"[10.0, 46.0, 2.0, 13.0, 3.0, 12.0, 4.0, 0.5]","[247.5, 268.25, 175.0, 324.32205232734685, 292.25, 158.0, 292.25, 125.25]",4,3.0,"[12.0, 4.0, 0.5]","[10.0, 56.0, 58.0, 71.0, 74.0, 86.0, 90.0, 90.5]","[0.0, 10.0, 56.0, 58.0, 71.0, 74.0, 86.0, 90.0]","[2.5, 4.0, 2.0, 5.0, 5.0, 1.0, 4.0, 1.0]","[5, 9, 9, 9, 7, 4, 7, 6]","[5, 4, 9, 3, 7, 4, 7, 1]","[1.0, 0.5, 0.5, 0.25, 0.25, 0.25, 0.5, 1.0]","[5.0, 1.5, 1.0, 0.5, 0.25, 0.75, 1.0, 1.5]","[0, 0, 0, 0, 1, 0, 1, 0]",2004-03-27 13:30,31,6,3.0,74.0,3.0,1.0,439.4377420686678,"[158.0, 292.25, 125.25]","[(158.0, 120.0), (292.25, 40.0), (125.25, 5.0)]",3.0,2,3,"[12.0, 4.0, 0.5]","[158.0, 292.25, 125.25]"
52790,"[10.0, 69.0, 36.0, 4.0, 3.0, 2.0, 1.0, 36.0, 4.0]","[171.0, 181.0, 158.0, 394.2882093093874, 156.1325, 272.9777961056527, 140.0, 155.51, 137.0]",5,2.0,"[1.0, 36.0, 4.0]","[10.0, 79.0, 115.0, 119.0, 122.0, 124.0, 125.0, 161.0, 165.0]","[0.0, 10.0, 79.0, 115.0, 119.0, 122.0, 124.0, 125.0, 161.0]","[1.0, 1.5, 1.0, 5.0, 1.0, 4.0, 1.0, 1.0, 2.0]","[4, 4, 4, 3, 3, 3, 6, 3, 2]","[5, 4, 4, 3, 4, 3, 6, 3, 2]","[3.0, 2.0, 2.0, 0.5, 0.5, 0.25, 2.0, 0.5, 1.0]","[4.0, 3.0, 2.0, 0.5, 1.0, 0.25, 4.0, 0.5, 2.0]","[0, 0, 0, 0, 0, 0, 0, 0, 0]",2009-02-13 15:00,28,3,1.0,124.0,1.0,3.0,100.9123351677189,"[140.0, 155.51, 137.0]","[(140.0, 10.0), (155.51, 360.0), (137.0, 40.0)]",1.0,2,3,"[1.0, 36.0, 4.0]","[140.0, 155.51, 137.0]"
5379,"[18.0, 20.0, 3.0, 3.0, 5.0, 4.0, 2.0, 29.0, 1.0, 7.0]","[272.9777961056527, 214.05538713582197, 227.0, 204.0, 292.25, 204.0, 292.25, 119.0, 173.0, 86.0]",6,2.0,"[29.0, 1.0, 7.0]","[18.0, 38.0, 41.0, 44.0, 49.0, 53.0, 55.0, 84.0, 85.0, 92.0]","[0.0, 18.0, 38.0, 41.0, 44.0, 49.0, 53.0, 55.0, 84.0, 85.0]","[4.0, 3.0, 2.5, 2.0, 4.5, 2.0, 4.0, 1.5, 3.0, 1.0]","[3, 3, 4, 4, 7, 4, 7, 2, 2, 1]","[3, 4, 4, 4, 7, 4, 7, 2, 2, 2]","[0.5, 0.5, 1.0, 1.0, 2.0, 1.0, 2.0, 1.0, 1.5, 1.0]","[0.5, 1.0, 1.0, 1.0, 3.0, 1.0, 3.0, 1.5, 1.5, 2.0]","[0, 0, 0, 0, 1, 0, 1, 0, 0, 0]",2004-12-30 10:30,40,2,2.0,55.0,1.0,3.0,80.0,"[119.0, 173.0, 86.0]","[(119.0, 290.0), (173.0, 10.0), (86.0, 70.0)]",1.0,2,3,"[29.0, 1.0, 7.0]","[119.0, 173.0, 86.0]"
53950,"[35.0, 20.0, 10.0, 5.0, 8.0, 19.0, 4.0, 12.0, 4.0, 13.0, 24.0, 42.0, 2.0]","[222.25, 223.875, 251.0, 298.9375, 250.0, 215.51749561875042, 298.9375, 214.05538713582197, 292.25, 214.05538713582197, 181.06998247500167, 86.0, 119.0]",10,24.0,"[42.0, 2.0]","[35.0, 55.0, 65.0, 70.0, 78.0, 97.0, 101.0, 113.0, 117.0, 130.0, 154.0, 196.0, 198.0]","[0.0, 35.0, 55.0, 65.0, 70.0, 78.0, 97.0, 101.0, 113.0, 117.0, 130.0, 154.0, 196.0]","[2.0, 2.5, 3.0, 4.5, 3.0, 2.5, 4.5, 3.0, 4.0, 3.0, 2.5, 1.0, 1.5]","[5, 7, 7, 7, 4, 4, 7, 3, 7, 3, 3, 1, 2]","[7, 5, 5, 4, 4, 3, 4, 4, 7, 4, 3, 2, 2]","[1.0, 1.0, 1.0, 1.0, 0.5, 0.5, 0.5, 0.5, 0.5, 0.3, 0.2, 1.0, 0.5]","[4.0, 2.0, 3.0, 2.0, 1.0, 1.0, 1.0, 1.0, 1.5, 0.7, 0.5, 2.0, 1.0]","[0, 0, 0, 1, 0, 0, 1, 0, 1, 0, 0, 0, 0]",2009-02-19 10:00,40,2,1.0,154.0,1.0,3.0,80.0,"[86.0, 119.0]","[(86.0, 420.0), (119.0, 20.0)]",1.0,2,2,"[42.0, 2.0]","[86.0, 119.0]"
5472,"[31.0, 31.0, 15.0, 11.0, 1.0, 10.0, 3.9000000000000057, 0.09999999999999432, 9.0, 8.799999999999997, 0.20000000000000284]","[210.0, 211.75, 238.0, 151.75, 286.75, 144.6008998056449, 194.80538713582197, 140.0, 256.98334707923954, 86.0, 140.0]",7,0.09999999999999432,"[9.0, 8.799999999999997, 0.20000000000000284]","[31.0, 62.0, 77.0, 88.0, 89.0, 99.0, 102.9, 103.0, 112.0, 120.8, 121.0]","[0.0, 31.0, 62.0, 77.0, 88.0, 89.0, 99.0, 102.9, 103.0, 112.0, 120.8]","[1.0, 2.0, 3.5, 1.0, 4.0, 2.0, 3.0, 1.0, 4.0, 1.0, 1.0]","[5, 4, 9, 4, 4, 2, 3, 6, 3, 1, 6]","[5, 5, 9, 9, 9, 3, 2, 6, 2, 2, 6]","[3.0, 1.0, 1.0, 1.0, 1.0, 0.25, 0.25, 1.0, 0.25, 0.5, 2.0]","[6.0, 4.0, 1.0, 2.0, 1.0, 1.0, 0.75, 1.0, 0.5, 3.0, 2.0]","[0, 0, 0, 0, 0, 0, 0, 0, 0, 0, 0]",2005-03-11 11:00,36,2,1.0,103.0,1.0,3.0,80.0,"[256.98334707923954, 86.0, 140.0]","[(256.98334707923954, 90.0), (86.0, 87.99999999999997), (140.0, 2.0000000000000284)]",1.0,2,3,"[9.0, 8.799999999999997, 0.20000000000000284]","[256.98334707923954, 86.0, 140.0]"
55850,"[51.0, 11.0, 17.0, 22.0, 5.0, 1.0, 19.0, 5.0, 5.0, 1.0, 1.0, 1.0, 32.0]","[272.5, 196.75, 278.73334707923954, 241.75, 250.0, 278.73334707923954, 176.55269941693467, 272.9777961056527, 181.06998247500167, 167.40359922257957, 167.40359922257957, 202.0738495144293, 101.0]",4,5.0,"[1.0, 19.0, 5.0, 5.0, 1.0, 1.0, 1.0, 32.0]","[51.0, 62.0, 79.0, 101.0, 106.0, 107.0, 126.0, 131.0, 136.0, 137.0, 138.0, 139.0, 171.0]","[0.0, 51.0, 62.0, 79.0, 101.0, 106.0, 107.0, 126.0, 131.0, 136.0, 137.0, 138.0, 139.0]","[3.5, 2.0, 4.0, 3.0, 3.0, 4.0, 2.0, 4.0, 2.5, 2.0, 2.0, 3.0, 1.0]","[5, 4, 3, 4, 4, 3, 3, 3, 3, 3, 3, 3, 2]","[5, 9, 4, 9, 4, 4, 4, 3, 3, 3, 3, 3, 2]","[4.0, 2.0, 0.5, 2.0, 1.0, 0.5, 0.5, 0.5, 0.25, 0.5, 0.5, 0.25, 0.5]","[4.0, 3.0, 1.5, 2.0, 2.0, 1.5, 1.5, 0.5, 0.5, 0.5, 0.5, 0.5, 1.0]","[0, 0, 0, 0, 0, 0, 0, 0, 0, 0, 0, 0, 0]",2009-03-07 14:30,32,3,1.0,106.0,1.0,3.0,100.9123351677189,"[278.73334707923954, 176.55269941693467, 272.9777961056527, 181.06998247500167, 167.40359922257957, 167.40359922257957, 202.0738495144293, 101.0]","[(278.73334707923954, 10.0), (176.55269941693467, 190.0), (272.9777961056527, 50.0), (181.06998247500167, 50.0), (167.40359922257957, 10.0), (167.40359922257957, 10.0), (202.0738495144293, 10.0), (101.0, 320.0)]",1.0,2,8,"[1.0, 19.0, 5.0, 5.0, 1.0, 34.0]","[278.73334707923954, 176.55269941693467, 272.9777961056527, 181.06998247500167, 167.40359922257957, 156.82581624566964]"
56850,"[70.0, 8.0, 12.0, 15.0, 5.0, 10.0, 2.0, 8.0, 22.0, 13.0, 10.0, 9.0, 1.0]","[248.0, 292.25, 292.25, 184.0, 296.0, 278.73334707923954, 292.25, 272.9777961056527, 248.0, 202.0738495144293, 296.0, 278.73334707923954, 342.0]",9,13.0,"[10.0, 9.0, 1.0]","[70.0, 78.0, 90.0, 105.0, 110.0, 120.0, 122.0, 130.0, 152.0, 165.0, 175.0, 184.0, 185.0]","[0.0, 70.0, 78.0, 90.0, 105.0, 110.0, 120.0, 122.0, 130.0, 152.0, 165.0, 175.0, 184.0]","[3.0, 5.0, 3.0, 2.0, 4.0, 4.0, 5.0, 4.0, 3.0, 3.0, 4.0, 4.0, 5.0]","[7, 7, 7, 7, 4, 3, 7, 3, 7, 3, 4, 3, 4]","[7, 7, 7, 7, 4, 4, 7, 3, 7, 3, 4, 4, 4]","[1.0, 1.0, 1.0, 1.0, 1.0, 0.5, 1.0, 0.5, 1.0, 0.5, 1.0, 1.0, 1.0]","[2.0, 2.0, 2.0, 1.0, 1.0, 0.5, 2.0, 0.5, 1.0, 0.5, 2.0, 2.0, 1.0]","[0, 1, 1, 0, 0, 0, 1, 0, 0, 0, 0, 0, 0]",2009-03-15 09:30,40,3,1.0,165.0,1.0,3.0,100.9123351677189,"[296.0, 278.73334707923954, 342.0]","[(296.0, 100.0), (278.73334707923954, 90.0), (342.0, 10.0)]",1.0,2,3,"[10.0, 9.0, 1.0]","[296.0, 278.73334707923954, 342.0]"
5772,"[10.0, 18.0, 14.0, 25.0, 20.0]","[171.0, 192.55248685625125, 174.55248685625125, 119.0, 101.0]",1,18.0,"[14.0, 25.0, 20.0]","[10.0, 28.0, 42.0, 67.0, 87.0]","[0.0, 10.0, 28.0, 42.0, 67.0]","[1.0, 2.5, 2.5, 1.5, 1.0]","[4, 3, 3, 2, 2]","[5, 4, 2, 2, 2]","[2.0, 0.5, 0.5, 1.0, 1.0]","[4.0, 2.0, 0.5, 1.0, 1.0]","[0, 0, 0, 0, 0]",2004-12-27 11:00,36,3,1.0,28.0,1.0,3.5,100.9123351677189,"[174.55248685625125, 119.0, 101.0]","[(174.55248685625125, 140.0), (119.0, 250.0), (101.0, 200.0)]",1.0,2,3,"[14.0, 25.0, 20.0]","[174.55248685625125, 119.0, 101.0]"
58070,"[39.0, 17.0, 30.0, 9.0, 14.0, 6.0, 8.0, 2.0, 5.0, 8.0, 1.0, 8.0, 3.0]","[273.0, 250.0, 319.0, 227.0, 211.75, 222.5, 191.375, 250.0, 204.0, 250.0, 204.0, 227.0, 250.0]",11,8.0,[3.0],"[39.0, 56.0, 86.0, 95.0, 109.0, 115.0, 123.0, 125.0, 130.0, 138.0, 139.0, 147.0, 150.0]","[0.0, 39.0, 56.0, 86.0, 95.0, 109.0, 115.0, 123.0, 125.0, 130.0, 138.0, 139.0, 147.0]","[3.5, 3.0, 4.5, 2.5, 2.0, 1.5, 1.5, 3.0, 2.0, 3.0, 2.0, 2.5, 3.0]","[4, 4, 4, 4, 4, 5, 4, 4, 4, 4, 4, 4, 4]","[4, 4, 4, 4, 5, 5, 5, 4, 4, 4, 4, 4, 4]","[1.0, 1.5, 0.8, 2.0, 3.0, 3.0, 2.0, 1.5, 1.2, 1.0, 1.0, 1.2, 1.0]","[2.0, 2.0, 1.2, 2.5, 4.0, 4.0, 3.0, 2.0, 1.2, 1.5, 2.0, 1.2, 1.0]","[0, 0, 0, 0, 0, 0, 0, 0, 0, 0, 0, 0, 0]",2009-03-27 10:00,35,2,3.0,147.0,1.0,3.0,80.0,[250.0],"[(250.0, 30.0)]",1.0,2,1,[3.0],[250.0]
5842,"[7.0, 36.0, 2.0, 10.0, 10.0, 21.0]","[274.375, 171.0, 250.0, 158.0, 129.10395559732385, 86.0]",3,10.0,"[10.0, 21.0]","[7.0, 43.0, 45.0, 55.0, 65.0, 86.0]","[0.0, 7.0, 43.0, 45.0, 55.0, 65.0]","[3.5, 1.0, 3.0, 1.0, 1.5, 1.0]","[5, 4, 4, 4, 2, 1]","[7, 5, 4, 4, 3, 2]","[1.0, 1.0, 0.5, 0.5, 0.25, 0.5]","[3.0, 5.0, 1.0, 1.5, 0.5, 1.0]","[0, 0, 0, 0, 0, 0]",2005-01-21 15:00,31,1,1.0,55.0,1.0,3.0,0.0,"[129.10395559732385, 86.0]","[(129.10395559732385, 100.0), (86.0, 210.0)]",1.0,2,2,"[10.0, 21.0]","[129.10395559732385, 86.0]"
5843,"[12.0, 53.0, 16.0, 3.0, 16.0]","[304.6875, 122.0, 191.0, 122.0, 191.0]",3,3.0,[16.0],"[12.0, 65.0, 81.0, 84.0, 100.0]","[0.0, 12.0, 65.0, 81.0, 84.0]","[5.0, 2.0, 3.5, 2.0, 3.5]","[7, 1, 2, 1, 2]","[4, 2, 2, 2, 2]","[0.0, 0.0, 0.0, 0.0, 0.0]","[0.0, 0.0, 0.0, 0.0, 0.0]","[1, 0, 0, 0, 0]",2005-01-25 13:00,37,3,1.0,84.0,1.0,3.0,100.9123351677189,[191.0],"[(191.0, 160.0)]",1.0,2,1,[16.0],[191.0]
5946,"[19.0, 10.0, 13.0, 16.0, 8.0, 2.0, 3.0, 23.0, 6.0, 1.0, 47.0, 2.0, 5.0, 7.0, 9.0]","[210.0, 262.9375, 190.75, 190.75, 204.0, 250.0, 144.5, 268.25, 204.0, 140.0, 202.0738495144293, 169.30269941693467, 155.51, 159.41582238929536, 81.0]",9,1.0,"[47.0, 2.0, 5.0, 7.0, 9.0]","[19.0, 29.0, 42.0, 58.0, 66.0, 68.0, 71.0, 94.0, 100.0, 101.0, 148.0, 150.0, 155.0, 162.0, 171.0]","[0.0, 19.0, 29.0, 42.0, 58.0, 66.0, 68.0, 71.0, 94.0, 100.0, 101.0, 148.0, 150.0, 155.0, 162.0]","[1.0, 2.0, 1.0, 1.0, 2.0, 3.0, 1.0, 4.0, 2.0, 1.0, 3.0, 2.0, 1.0, 1.5, 1.0]","[5, 7, 5, 5, 4, 4, 6, 9, 4, 6, 3, 3, 3, 3, 1]","[5, 9, 9, 9, 4, 4, 4, 4, 4, 6, 3, 9, 3, 3, 1]","[0.5, 0.5, 0.5, 0.5, 0.25, 0.5, 0.5, 0.5, 0.5, 0.5, 0.25, 0.5, 0.25, 0.25, 0.5]","[5.0, 1.0, 1.5, 2.0, 1.0, 0.5, 2.0, 1.5, 1.5, 1.5, 0.25, 0.5, 0.25, 0.5, 1.5]","[0, 1, 0, 0, 0, 0, 0, 0, 0, 0, 0, 0, 0, 0, 0]",2006-02-26 12:30,37,5,2.0,101.0,3.0,1.0,197.7469839309005,"[202.0738495144293, 169.30269941693467, 155.51, 159.41582238929536, 81.0]","[(202.0738495144293, 470.0), (169.30269941693467, 20.0), (155.51, 50.0), (159.41582238929536, 70.0), (81.0, 90.0)]",3.0,2,5,"[47.0, 2.0, 5.0, 7.0, 9.0]","[202.0738495144293, 169.30269941693467, 155.51, 159.41582238929536, 81.0]"
5951,"[11.0, 10.0, 1.0, 9.0, 3.0, 44.0, 7.0, 7.0, 11.0, 3.0, 2.0, 8.0, 8.0, 4.0, 10.0, 6.0]","[210.0, 152.25, 296.0, 202.0738495144293, 250.0, 167.40359922257957, 250.0, 167.40359922257957, 167.40359922257957, 182.25, 155.51, 182.25, 177.25, 146.6325, 146.6325, 101.0]",12,8.0,"[4.0, 10.0, 6.0]","[11.0, 21.0, 22.0, 31.0, 34.0, 78.0, 85.0, 92.0, 103.0, 106.0, 108.0, 116.0, 124.0, 128.0, 138.0, 144.0]","[0.0, 11.0, 21.0, 22.0, 31.0, 34.0, 78.0, 85.0, 92.0, 103.0, 106.0, 108.0, 116.0, 124.0, 128.0, 138.0]","[1.0, 1.0, 4.0, 3.0, 3.0, 2.0, 3.0, 2.0, 2.0, 2.0, 1.0, 2.0, 2.0, 1.0, 1.0, 1.0]","[5, 9, 4, 3, 4, 3, 4, 3, 3, 9, 3, 9, 9, 3, 3, 2]","[5, 5, 4, 3, 4, 3, 4, 3, 3, 4, 3, 4, 7, 7, 7, 2]","[0.5, 0.5, 0.5, 0.25, 0.5, 0.5, 0.5, 0.5, 0.5, 0.5, 0.25, 0.5, 0.25, 0.25, 0.5, 0.25]","[4.0, 0.5, 1.5, 0.25, 1.0, 2.0, 1.0, 1.0, 0.5, 1.5, 0.5, 1.5, 1.0, 0.5, 0.5, 0.5]","[0, 0, 0, 0, 0, 0, 0, 0, 0, 0, 0, 0, 0, 0, 0, 0]",2006-04-02 11:30,39,4,2.0,124.0,3.0,1.0,131.83132262060033,"[146.6325, 146.6325, 101.0]","[(146.6325, 40.0), (146.6325, 100.0), (101.0, 60.0)]",3.0,2,3,"[4.0, 10.0, 6.0]","[146.6325, 146.6325, 101.0]"
59630,"[14.0, 14.0, 22.0, 9.0, 29.0, 33.0, 2.0, 18.0, 6.0, 5.0, 2.0]","[181.0, 273.0, 250.0, 204.0, 273.0, 227.25, 293.1875, 227.0, 204.0, 194.8508998056449, 181.0]",6,2.0,"[18.0, 6.0, 5.0, 2.0]","[14.0, 28.0, 50.0, 59.0, 88.0, 121.0, 123.0, 141.0, 147.0, 152.0, 154.0]","[0.0, 14.0, 28.0, 50.0, 59.0, 88.0, 121.0, 123.0, 141.0, 147.0, 152.0]","[1.5, 3.5, 3.0, 2.0, 3.5, 2.0, 4.0, 2.5, 2.0, 2.0, 1.5]","[4, 4, 4, 4, 4, 5, 7, 4, 4, 4, 4]","[4, 4, 4, 4, 4, 4, 4, 4, 4, 3, 4]","[1.0, 1.5, 2.0, 2.0, 1.5, 2.0, 1.0, 1.5, 0.5, 0.3, 1.0]","[1.0, 1.5, 2.0, 2.0, 1.5, 2.0, 1.5, 2.0, 0.5, 1.0, 1.0]","[0, 0, 0, 0, 0, 0, 1, 0, 0, 0, 0]",2009-04-07 09:45,35,6,3.0,123.0,3.0,1.0,439.4377420686678,"[227.0, 204.0, 194.8508998056449, 181.0]","[(227.0, 180.0), (204.0, 60.0), (194.8508998056449, 50.0), (181.0, 20.0)]",3.0,2,4,"[18.0, 6.0, 5.0, 2.0]","[227.0, 204.0, 194.8508998056449, 181.0]"
5974,"[14.0, 20.0, 31.0, 9.0, 1.0, 7.0, 1.0, 0.5]","[212.125, 273.0, 171.0, 181.0, 250.0, 158.0, 238.01846237860732, 140.0]",1,20.0,"[31.0, 9.0, 1.0, 7.0, 1.0, 0.5]","[14.0, 34.0, 65.0, 74.0, 75.0, 82.0, 83.0, 83.5]","[0.0, 14.0, 34.0, 65.0, 74.0, 75.0, 82.0, 83.0]","[1.5, 3.5, 1.0, 1.5, 3.0, 1.0, 3.0, 1.0]","[5, 4, 4, 4, 4, 4, 4, 6]","[4, 4, 5, 4, 4, 4, 3, 6]","[1.0, 0.5, 1.0, 0.5, 0.5, 0.5, 0.25, 0.5]","[7.0, 1.5, 2.0, 1.0, 1.5, 1.5, 0.5, 1.5]","[0, 0, 0, 0, 0, 0, 0, 0]",2006-01-15 11:20,37,5,2.0,34.0,3.0,1.0,197.7469839309005,"[171.0, 181.0, 250.0, 158.0, 238.01846237860732, 140.0]","[(171.0, 310.0), (181.0, 90.0), (250.0, 10.0), (158.0, 70.0), (238.01846237860732, 10.0), (140.0, 5.0)]",3.0,2,6,"[31.0, 9.0, 1.0, 7.0, 1.0, 0.5]","[171.0, 181.0, 250.0, 158.0, 238.01846237860732, 140.0]"
5977,"[16.0, 17.0, 45.0, 11.0, 1.0, 10.0, 19.0]","[296.0, 250.0, 286.75, 213.26846237860732, 272.9777961056527, 181.06998247500167, 272.9777961056527]",5,10.0,[19.0],"[16.0, 33.0, 78.0, 89.0, 90.0, 100.0, 119.0]","[0.0, 16.0, 33.0, 78.0, 89.0, 90.0, 100.0]","[4.0, 3.0, 4.0, 3.0, 4.0, 2.5, 4.0]","[4, 4, 4, 9, 3, 3, 3]","[4, 4, 9, 3, 3, 3, 3]","[0.5, 1.0, 0.5, 0.25, 0.25, 0.25, 0.25]","[2.0, 2.0, 1.0, 1.0, 0.5, 0.25, 0.25]","[0, 0, 0, 0, 0, 0, 0]",2006-01-31 10:30,35,4,2.0,100.0,3.0,1.0,131.83132262060033,[272.9777961056527],"[(272.9777961056527, 190.0)]",3.0,2,1,[19.0],[272.9777961056527]
5978,"[35.0, 27.0, 5.0, 1.0, 25.0, 9.0, 8.0, 6.0, 8.0, 5.0, 25.0]","[232.12522605741117, 326.42346393368337, 175.0, 292.25, 196.75, 272.9777961056527, 169.30269941693467, 202.0738495144293, 159.41582238929536, 326.42346393368337, 114.6275]",6,8.0,"[6.0, 8.0, 5.0, 25.0]","[35.0, 62.0, 67.0, 68.0, 93.0, 102.0, 110.0, 116.0, 124.0, 129.0, 154.0]","[0.0, 35.0, 62.0, 67.0, 68.0, 93.0, 102.0, 110.0, 116.0, 124.0, 129.0]","[3.5, 4.5, 2.0, 5.0, 2.0, 4.0, 2.0, 3.0, 1.5, 4.5, 1.0]","[3, 3, 9, 7, 4, 3, 3, 3, 3, 3, 2]","[3, 3, 9, 7, 9, 3, 9, 3, 3, 3, 3]","[0.5, 0.5, 0.5, 1.0, 0.5, 0.25, 0.25, 0.25, 0.25, 0.25, 0.25]","[1.0, 1.0, 1.5, 3.0, 1.0, 0.5, 1.0, 0.5, 0.5, 0.25, 1.0]","[0, 0, 0, 1, 0, 0, 0, 0, 0, 0, 0]",2006-02-13 10:00,42,4,3.0,110.0,3.0,1.0,131.83132262060033,"[202.0738495144293, 159.41582238929536, 326.42346393368337, 114.6275]","[(202.0738495144293, 60.0), (159.41582238929536, 80.0), (326.42346393368337, 50.0), (114.6275, 250.0)]",3.0,2,4,"[6.0, 8.0, 5.0, 25.0]","[202.0738495144293, 159.41582238929536, 326.42346393368337, 114.6275]"
5979,"[20.0, 24.0, 4.0, 4.0, 1.0, 21.0, 8.0, 1.0, 1.0]","[171.0, 273.0, 174.25, 241.75, 292.25, 202.0738495144293, 167.40359922257957, 140.0, 81.0]",-1,,[],"[20.0, 44.0, 48.0, 52.0, 53.0, 74.0, 82.0, 83.0, 84.0]","[0.0, 20.0, 44.0, 48.0, 52.0, 53.0, 74.0, 82.0, 83.0]","[1.0, 3.5, 1.5, 3.0, 4.5, 3.0, 2.0, 1.5, 1.0]","[4, 4, 4, 4, 7, 3, 3, 6, 1]","[5, 4, 9, 9, 7, 3, 3, 6, 1]","[1.0, 1.0, 1.0, 0.5, 0.5, 0.25, 0.25, 0.5, 1.0]","[3.0, 2.0, 2.0, 1.5, 0.5, 0.25, 0.25, 2.5, 1.0]","[0, 0, 0, 0, 1, 0, 0, 0, 0]",2006-02-28 11:15,38,4,2.0,0.0,3.0,1.0,131.83132262060033,[],[],3.0,2,0,[],[]
60070,"[35.0, 25.0, 35.0, 30.0, 24.0, 1.0, 17.0, 9.0, 3.0, 5.0, 2.5, 0.5]","[222.25, 211.0, 187.5, 218.75, 222.25, 248.5, 192.55248685625125, 169.30269941693467, 292.25, 196.75, 152.0, 264.4375]",4,24.0,"[1.0, 17.0, 9.0, 3.0, 5.0, 2.5, 0.5]","[35.0, 60.0, 95.0, 125.0, 149.0, 150.0, 167.0, 176.0, 179.0, 184.0, 186.5, 187.0]","[0.0, 35.0, 60.0, 95.0, 125.0, 149.0, 150.0, 167.0, 176.0, 179.0, 184.0, 186.5]","[2.0, 2.5, 1.0, 2.5, 2.0, 3.0, 2.5, 2.0, 2.5, 2.0, 1.5, 1.5]","[5, 7, 5, 7, 5, 7, 3, 3, 7, 7, 7, 7]","[7, 9, 7, 4, 7, 4, 4, 9, 7, 5, 7, 4]","[2.0, 1.0, 2.0, 1.0, 1.0, 1.0, 0.5, 0.5, 1.0, 1.0, 1.5, 1.0]","[4.0, 2.5, 3.0, 3.0, 2.0, 2.0, 0.5, 1.0, 2.0, 2.0, 2.5, 2.5]","[0, 0, 0, 0, 0, 0, 0, 0, 1, 0, 0, 1]",2009-04-14 16:00,32,6,3.0,149.0,3.0,1.0,439.4377420686678,"[248.5, 192.55248685625125, 169.30269941693467, 292.25, 196.75, 152.0, 264.4375]","[(248.5, 10.0), (192.55248685625125, 170.0), (169.30269941693467, 90.0), (292.25, 30.0), (196.75, 50.0), (152.0, 25.0), (264.4375, 5.0)]",3.0,2,7,"[1.0, 17.0, 9.0, 3.0, 5.0, 3.0]","[248.5, 192.55248685625125, 169.30269941693467, 292.25, 196.75, 208.21875]"
60670,"[3.0, 12.0, 167.0, 2.0, 30.0, 33.0, 4.0, 47.0, 5.0, 9.0]","[318.0, 248.0, 248.0, 248.0, 248.0, 248.0, 184.0, 184.0, 120.0, 248.5]",8,5.0,[9.0],"[3.0, 15.0, 182.0, 184.0, 214.0, 247.0, 251.0, 298.0, 303.0, 312.0]","[0.0, 3.0, 15.0, 182.0, 184.0, 214.0, 247.0, 251.0, 298.0, 303.0]","[5.0, 3.0, 3.0, 3.0, 3.0, 3.0, 2.0, 2.0, 1.0, 3.0]","[5, 7, 7, 7, 7, 7, 7, 7, 7, 7]","[4, 7, 7, 7, 7, 7, 7, 7, 7, 4]","[3.0, 3.0, 2.0, 2.0, 2.0, 2.0, 2.0, 2.0, 4.0, 2.0]","[4.0, 4.0, 3.0, 2.0, 2.0, 3.0, 3.0, 3.0, 4.0, 2.0]","[0, 0, 0, 0, 0, 0, 0, 0, 0, 0]",2009-04-21 11:00,34,5,2.0,303.0,3.0,1.0,197.7469839309005,[248.5],"[(248.5, 90.0)]",3.0,2,1,[9.0],[248.5]
60671,"[3.0, 12.0, 167.0, 2.0, 30.0, 33.0, 4.0, 47.0, 5.0, 9.0]","[318.0, 248.0, 248.0, 248.0, 248.0, 248.0, 248.0, 184.0, 120.0, 248.0]",8,5.0,[9.0],"[3.0, 15.0, 182.0, 184.0, 214.0, 247.0, 251.0, 298.0, 303.0, 312.0]","[0.0, 3.0, 15.0, 182.0, 184.0, 214.0, 247.0, 251.0, 298.0, 303.0]","[5.0, 3.0, 3.0, 3.0, 3.0, 3.0, 3.0, 2.0, 1.0, 3.0]","[5, 7, 7, 7, 7, 7, 7, 7, 7, 7]","[4, 7, 7, 7, 7, 7, 7, 7, 7, 7]","[3.0, 3.0, 2.0, 2.0, 2.0, 2.0, 2.0, 3.0, 3.0, 2.0]","[4.0, 4.0, 3.0, 2.0, 2.0, 3.0, 3.0, 3.0, 4.0, 3.0]","[0, 0, 0, 0, 0, 0, 0, 0, 0, 0]",2009-04-21 11:00,34,5,2.0,303.0,3.0,1.0,197.7469839309005,[248.0],"[(248.0, 90.0)]",3.0,2,1,[9.0],[248.0]
6070,"[6.0, 29.0, 16.0, 14.0, 34.900000000000006, 0.09999999999999432, 30.0, 10.0, 8.0]","[210.0, 227.0, 232.12522605741117, 180.26846237860732, 137.0, 140.0, 137.0, 114.0, 81.0]",6,30.0,"[10.0, 8.0]","[6.0, 35.0, 51.0, 65.0, 99.9, 100.0, 130.0, 140.0, 148.0]","[0.0, 6.0, 35.0, 51.0, 65.0, 99.9, 100.0, 130.0, 140.0]","[1.0, 2.5, 3.5, 3.0, 2.0, 1.0, 2.0, 1.5, 1.0]","[5, 4, 3, 2, 2, 6, 2, 2, 1]","[5, 4, 3, 3, 2, 6, 2, 1, 1]","[3.0, 1.0, 0.5, 0.5, 0.7, 2.0, 0.7, 1.0, 2.0]","[5.0, 1.5, 0.5, 1.0, 1.0, 2.0, 1.0, 1.0, 2.0]","[0, 0, 0, 0, 0, 0, 0, 0, 0]",2006-03-03 12:45,33,2,2.0,130.0,1.0,3.0,80.0,"[114.0, 81.0]","[(114.0, 100.0), (81.0, 80.0)]",1.0,2,2,"[10.0, 8.0]","[114.0, 81.0]"
6166,"[10.0, 5.0, 6.0, 37.0, 4.0, 2.0]","[289.1875, 197.0, 164.8118667919715, 144.6008998056449, 194.80538713582197, 81.0]",1,5.0,"[6.0, 37.0, 4.0, 2.0]","[10.0, 15.0, 21.0, 58.0, 62.0, 64.0]","[0.0, 10.0, 15.0, 21.0, 58.0, 62.0]","[4.5, 1.0, 1.5, 2.0, 3.0, 1.0]","[7, 5, 3, 2, 3, 1]","[9, 4, 4, 3, 2, 1]","[1.0, 2.0, 0.25, 0.25, 0.25, 2.0]","[2.0, 4.0, 1.0, 1.0, 0.5, 2.0]","[1, 0, 0, 0, 0, 0]",2005-12-13 10:10,34,2,1.0,15.0,1.0,3.0,80.0,"[164.8118667919715, 144.6008998056449, 194.80538713582197, 81.0]","[(164.8118667919715, 60.0), (144.6008998056449, 370.0), (194.80538713582197, 40.0), (81.0, 20.0)]",1.0,2,4,"[6.0, 37.0, 4.0, 2.0]","[164.8118667919715, 144.6008998056449, 194.80538713582197, 81.0]"
6224,"[18.0, 25.0, 2.0, 13.0, 2.0, 30.0, 10.0, 1.0, 2.0, 49.0]","[367.5, 296.0, 367.5, 308.0, 304.6875, 225.25, 311.25, 202.0738495144293, 367.5, 173.0]",8,2.0,[49.0],"[18.0, 43.0, 45.0, 58.0, 60.0, 90.0, 100.0, 101.0, 103.0, 152.0]","[0.0, 18.0, 43.0, 45.0, 58.0, 60.0, 90.0, 100.0, 101.0, 103.0]","[5.0, 4.0, 5.0, 4.0, 5.0, 3.0, 5.0, 3.0, 5.0, 3.0]","[7, 4, 7, 7, 7, 9, 9, 3, 7, 2]","[4, 4, 4, 4, 4, 4, 4, 3, 4, 2]","[1.0, 1.0, 1.0, 1.0, 1.0, 1.0, 1.0, 0.2, 1.0, 0.4]","[2.0, 1.5, 2.5, 1.0, 1.5, 1.5, 2.0, 0.4, 2.0, 0.6]","[0, 0, 0, 0, 1, 0, 0, 0, 0, 0]",2006-02-19 11:46,35,2,1.0,103.0,1.0,3.0,80.0,[173.0],"[(173.0, 490.0)]",1.0,2,1,[49.0],[173.0]
6397,"[5.0, 23.0, 1.0, 9.0, 32.0, 1.0, 9.0, 58.5, 0.5]","[252.5, 296.0, 292.25, 250.0, 250.0, 292.25, 158.0, 167.40359922257957, 292.25]",6,9.0,"[58.5, 0.5]","[5.0, 28.0, 29.0, 38.0, 70.0, 71.0, 80.0, 138.5, 139.0]","[0.0, 5.0, 28.0, 29.0, 38.0, 70.0, 71.0, 80.0, 138.5]","[3.0, 4.0, 3.0, 3.0, 3.0, 3.0, 1.0, 2.0, 3.0]","[4, 4, 7, 4, 4, 7, 4, 3, 7]","[5, 4, 7, 4, 4, 7, 4, 3, 7]","[1.0, 1.0, 1.0, 1.0, 1.0, 2.0, 1.0, 0.5, 2.0]","[2.0, 1.5, 3.0, 1.5, 2.0, 3.0, 1.5, 1.0, 3.0]","[0, 0, 1, 0, 0, 1, 0, 0, 1]",2006-01-31 09:30,30,3,1.0,80.0,1.0,3.0,100.9123351677189,"[167.40359922257957, 292.25]","[(167.40359922257957, 585.0), (292.25, 5.0)]",1.0,2,2,"[58.5, 0.5]","[167.40359922257957, 292.25]"
6502,"[7.0, 30.0, 13.0, 12.0, 4.0, 2.0, 14.0, 15.0]","[210.0, 250.0, 250.0, 204.0, 156.1325, 272.9777961056527, 180.26846237860732, 180.26846237860732]",3,12.0,"[4.0, 2.0, 14.0, 15.0]","[7.0, 37.0, 50.0, 62.0, 66.0, 68.0, 82.0, 97.0]","[0.0, 7.0, 37.0, 50.0, 62.0, 66.0, 68.0, 82.0]","[1.0, 3.0, 3.0, 2.0, 1.0, 4.0, 3.0, 3.0]","[5, 4, 4, 4, 3, 3, 2, 2]","[5, 4, 4, 4, 4, 3, 3, 3]","[2.0, 1.5, 1.0, 0.5, 0.5, 0.5, 0.3, 0.5]","[3.0, 2.0, 2.0, 1.0, 1.0, 0.5, 0.5, 0.8]","[0, 0, 0, 0, 0, 0, 0, 0]",2006-01-20 11:15,36,2,1.0,62.0,1.0,3.0,80.0,"[156.1325, 272.9777961056527, 180.26846237860732, 180.26846237860732]","[(156.1325, 40.0), (272.9777961056527, 20.0), (180.26846237860732, 140.0), (180.26846237860732, 150.0)]",1.0,2,4,"[4.0, 2.0, 14.0, 15.0]","[156.1325, 272.9777961056527, 180.26846237860732, 180.26846237860732]"
6671,"[10.0, 12.0, 16.0, 52.0, 5.0, 19.0, 6.0, 20.0, 1.0]","[210.0, 260.0, 235.0, 259.0, 181.0, 151.75, 272.9777961056527, 104.0, 140.0]",4,5.0,"[19.0, 6.0, 20.0, 1.0]","[10.0, 22.0, 38.0, 90.0, 95.0, 114.0, 120.0, 140.0, 141.0]","[0.0, 10.0, 22.0, 38.0, 90.0, 95.0, 114.0, 120.0, 140.0]","[1.0, 3.0, 2.0, 4.0, 1.5, 1.0, 4.0, 1.5, 1.0]","[5, 5, 5, 9, 4, 4, 3, 1, 6]","[5, 5, 5, 9, 4, 9, 3, 2, 6]","[5.0, 3.0, 2.5, 1.5, 1.0, 1.0, 0.25, 1.0, 0.5]","[6.0, 4.0, 3.0, 2.0, 1.5, 1.5, 0.5, 1.5, 1.0]","[0, 0, 0, 0, 0, 0, 0, 0, 0]",2006-01-30 10:15,40,2,1.0,95.0,1.0,3.0,80.0,"[151.75, 272.9777961056527, 104.0, 140.0]","[(151.75, 190.0), (272.9777961056527, 60.0), (104.0, 200.0), (140.0, 10.0)]",1.0,2,4,"[19.0, 6.0, 20.0, 1.0]","[151.75, 272.9777961056527, 104.0, 140.0]"
6675,"[17.0, 12.0, 26.0, 19.0, 7.0, 15.0, 9.0, 10.0, 4.0, 8.5, 0.5, 4.5, 0.5]","[210.0, 222.5, 210.0, 171.0, 250.0, 181.06998247500167, 167.40359922257957, 214.05538713582197, 159.80269941693467, 202.0738495144293, 140.0, 232.12522605741117, 140.0]",1,12.0,"[26.0, 19.0, 7.0, 15.0, 9.0, 10.0, 4.0, 8.5, 0.5, 4.5, 0.5]","[17.0, 29.0, 55.0, 74.0, 81.0, 96.0, 105.0, 115.0, 119.0, 127.5, 128.0, 132.5, 133.0]","[0.0, 17.0, 29.0, 55.0, 74.0, 81.0, 96.0, 105.0, 115.0, 119.0, 127.5, 128.0, 132.5]","[1.0, 1.5, 1.0, 1.0, 3.0, 2.5, 2.0, 3.0, 2.0, 3.0, 1.0, 3.5, 1.0]","[5, 5, 5, 4, 4, 3, 3, 3, 3, 3, 6, 3, 6]","[5, 5, 5, 5, 4, 3, 3, 4, 2, 3, 6, 3, 6]","[5.0, 3.0, 4.0, 2.0, 2.0, 0.25, 0.25, 0.5, 0.5, 0.5, 1.0, 0.25, 1.0]","[6.0, 4.0, 5.0, 2.5, 3.0, 0.25, 0.5, 0.75, 1.0, 1.0, 1.5, 0.5, 1.5]","[0, 0, 0, 0, 0, 0, 0, 0, 0, 0, 0, 0, 0]",2006-03-17 10:30,44,3,1.0,53.0,1.0,3.0,100.9123351677189,"[210.0, 171.0, 250.0, 181.06998247500167, 167.40359922257957, 214.05538713582197, 159.80269941693467, 202.0738495144293, 140.0, 232.12522605741117, 140.0]","[(210.0, 260.0), (171.0, 190.0), (250.0, 70.0), (181.06998247500167, 150.0), (167.40359922257957, 90.0), (214.05538713582197, 100.0), (159.80269941693467, 40.0), (202.0738495144293, 85.0), (140.0, 5.0), (232.12522605741117, 45.0), (140.0, 5.0)]",1.0,2,11,"[26.0, 19.0, 7.0, 15.0, 9.0, 28.0]","[210.0, 171.0, 250.0, 181.06998247500167, 167.40359922257957, 181.34286035409954]"
6676,"[36.0, 12.0, 18.0, 2.0]","[250.0, 202.0738495144293, 159.41582238929536, 81.0]",-1,,[],"[36.0, 48.0, 66.0, 68.0]","[0.0, 36.0, 48.0, 66.0]","[3.0, 3.0, 1.5, 1.0]","[4, 3, 3, 1]","[4, 3, 3, 1]","[1.0, 1.0, 0.5, 2.0]","[1.0, 1.0, 1.0, 2.0]","[0, 0, 0, 0]",2005-12-26 15:00,32,7,0.0,68.0,3.0,1.0,878.8754841373355,[],[],3.0,2,0,[],[]
74292,"[16.0, 4.0, 10.0, 37.0, 35.0, 3.0, 15.5, 1.0, 1.5, 15.0]","[248.5, 269.5, 232.12522605741117, 272.9777961056527, 202.0738495144293, 292.25, 159.80269941693467, 156.1325, 292.25, 115.25]",5,3.0,"[15.5, 1.0, 1.5, 15.0]","[16.0, 20.0, 30.0, 67.0, 102.0, 105.0, 120.5, 121.5, 123.0, 138.0]","[0.0, 16.0, 20.0, 30.0, 67.0, 102.0, 105.0, 120.5, 121.5, 123.0]","[3.5, 3.5, 3.5, 4.0, 3.0, 4.5, 2.0, 1.0, 4.0, 1.0]","[9, 7, 3, 3, 3, 7, 3, 3, 7, 2]","[7, 9, 3, 3, 3, 7, 2, 4, 7, 4]","[0.5, 0.5, 0.25, 0.25, 0.25, 1.0, 0.25, 0.5, 0.5, 0.25]","[2.0, 1.5, 0.5, 0.25, 0.5, 1.0, 0.5, 0.5, 1.5, 1.0]","[0, 0, 0, 0, 0, 1, 0, 0, 1, 0]",2009-12-15 11:50,36,4,2.0,105.0,3.0,1.0,131.83132262060033,"[159.80269941693467, 156.1325, 292.25, 115.25]","[(159.80269941693467, 155.0), (156.1325, 10.0), (292.25, 15.0), (115.25, 150.0)]",3.0,2,4,"[15.5, 1.0, 1.5, 15.0]","[159.80269941693467, 156.1325, 292.25, 115.25]"
74404,"[30.0, 8.0, 19.0, 23.0, 12.0, 22.0, 9.0, 10.0]","[222.5, 217.0, 296.0, 227.0, 272.9777961056527, 176.55269941693467, 167.40359922257957, 141.8825]",5,22.0,"[9.0, 10.0]","[30.0, 38.0, 57.0, 80.0, 92.0, 114.0, 123.0, 133.0]","[0.0, 30.0, 38.0, 57.0, 80.0, 92.0, 114.0, 123.0]","[1.5, 3.0, 4.0, 2.5, 4.0, 2.0, 2.0, 1.0]","[5, 9, 4, 4, 3, 3, 3, 3]","[5, 9, 4, 4, 3, 4, 3, 2]","[2.0, 2.0, 1.5, 1.0, 0.25, 0.5, 0.25, 0.5]","[3.0, 2.0, 1.5, 1.5, 0.25, 1.0, 0.5, 0.5]","[0, 0, 0, 0, 0, 0, 0, 0]",2010-01-05 11:29,38,3,1.0,114.0,1.0,3.0,100.9123351677189,"[167.40359922257957, 141.8825]","[(167.40359922257957, 90.0), (141.8825, 100.0)]",1.0,2,2,"[9.0, 10.0]","[167.40359922257957, 141.8825]"
74431,"[15.0, 49.0, 10.0, 9.0, 5.0, 11.0, 14.0, 13.0, 9.0]","[235.0, 227.0, 296.0, 326.42346393368337, 238.01846237860732, 202.0738495144293, 181.06998247500167, 159.80269941693467, 81.0]",3,9.0,"[5.0, 11.0, 14.0, 13.0, 9.0]","[15.0, 64.0, 74.0, 83.0, 88.0, 99.0, 113.0, 126.0, 135.0]","[0.0, 15.0, 64.0, 74.0, 83.0, 88.0, 99.0, 113.0, 126.0]","[2.0, 2.5, 4.0, 4.5, 3.0, 3.0, 2.5, 2.0, 1.0]","[5, 4, 4, 3, 4, 3, 3, 3, 1]","[5, 4, 4, 3, 3, 3, 3, 2, 1]","[3.0, 1.5, 0.5, 0.25, 0.5, 0.25, 0.25, 0.5, 2.0]","[3.0, 2.0, 0.5, 0.25, 1.0, 0.25, 0.25, 0.5, 2.0]","[0, 0, 0, 0, 0, 0, 0, 0, 0]",2010-01-09 11:50,34,2,1.0,83.0,1.0,3.0,80.0,"[238.01846237860732, 202.0738495144293, 181.06998247500167, 159.80269941693467, 81.0]","[(238.01846237860732, 50.0), (202.0738495144293, 110.0), (181.06998247500167, 140.0), (159.80269941693467, 130.0), (81.0, 90.0)]",1.0,2,5,"[5.0, 11.0, 14.0, 13.0, 9.0]","[238.01846237860732, 202.0738495144293, 181.06998247500167, 159.80269941693467, 81.0]"
74557,"[37.0, 25.0, 3.0, 57.0, 19.0, 28.0, 4.0, 5.0, 2.0]","[250.0, 250.0, 296.0, 225.25, 259.0, 158.0, 167.40359922257957, 101.0, 81.0]",-1,,[],"[37.0, 62.0, 65.0, 122.0, 141.0, 169.0, 173.0, 178.0, 180.0]","[0.0, 37.0, 62.0, 65.0, 122.0, 141.0, 169.0, 173.0, 178.0]","[3.0, 3.0, 4.0, 3.0, 4.0, 1.0, 2.0, 1.0, 1.0]","[4, 4, 4, 9, 9, 4, 3, 2, 1]","[4, 4, 4, 4, 9, 4, 3, 2, 1]","[2.0, 1.5, 1.0, 1.0, 0.5, 1.0, 0.5, 0.5, 2.0]","[2.0, 2.0, 1.0, 1.5, 0.5, 2.0, 0.75, 1.0, 2.0]","[0, 0, 0, 0, 0, 0, 0, 0, 0]",2010-01-26 13:30,33,7,0.0,180.0,3.0,1.0,878.8754841373355,[],[],3.0,2,0,[],[]
74635,"[94.0, 2.0, 4.0, 13.0]","[217.0, 342.0, 342.0, 137.0]",1,2.0,"[4.0, 13.0]","[94.0, 96.0, 100.0, 113.0]","[0.0, 94.0, 96.0, 100.0]","[3.0, 5.0, 5.0, 2.0]","[9, 4, 4, 2]","[9, 4, 4, 2]","[1.0, 0.5, 0.3, 0.5]","[2.0, 1.0, 0.5, 1.0]","[0, 0, 0, 0]",2010-01-31 13:00,30,2,1.0,96.0,1.0,3.0,80.0,"[342.0, 137.0]","[(342.0, 40.0), (137.0, 130.0)]",1.0,2,2,"[4.0, 13.0]","[342.0, 137.0]"
74692,"[5.0, 5.0, 24.0, 18.0, 13.0, 2.0, 5.0, 4.0, 11.0, 3.0]","[235.0, 242.375, 227.25, 250.0, 158.0, 296.0, 157.3775, 176.55269941693467, 114.6275, 149.3118667919715]",7,4.0,"[11.0, 3.0]","[5.0, 10.0, 34.0, 52.0, 65.0, 67.0, 72.0, 76.0, 87.0, 90.0]","[0.0, 5.0, 10.0, 34.0, 52.0, 65.0, 67.0, 72.0, 76.0, 87.0]","[2.0, 2.5, 2.0, 3.0, 1.0, 4.0, 1.0, 2.0, 1.0, 1.5]","[5, 5, 5, 4, 4, 4, 4, 3, 2, 3]","[5, 4, 4, 4, 4, 4, 3, 4, 3, 2]","[2.0, 2.0, 3.0, 1.0, 0.8, 0.8, 0.5, 0.5, 0.5, 0.5]","[4.0, 4.0, 5.0, 2.0, 1.5, 1.5, 1.0, 1.0, 1.0, 1.0]","[0, 0, 0, 0, 0, 0, 0, 0, 0, 0]",2010-02-08 10:00,38,2,1.0,80.0,1.0,3.0,80.0,"[114.6275, 149.3118667919715]","[(114.6275, 110.0), (149.3118667919715, 30.0)]",1.0,2,2,"[11.0, 3.0]","[114.6275, 149.3118667919715]"
74722,"[15.0, 5.0, 27.0, 15.0, 38.0, 24.0, 3.0, 9.0, 5.0, 3.0, 8.0, 1.0, 17.0]","[210.0, 296.0, 250.0, 268.25, 311.25, 296.0, 217.0, 217.0, 158.0, 205.80538713582197, 155.51, 167.40359922257957, 86.0]",8,5.0,"[3.0, 8.0, 1.0, 17.0]","[15.0, 20.0, 47.0, 62.0, 100.0, 124.0, 127.0, 136.0, 141.0, 144.0, 152.0, 153.0, 170.0]","[0.0, 15.0, 20.0, 47.0, 62.0, 100.0, 124.0, 127.0, 136.0, 141.0, 144.0, 152.0, 153.0]","[1.0, 4.0, 3.0, 4.0, 5.0, 4.0, 3.0, 3.0, 1.0, 3.0, 1.0, 2.0, 1.0]","[5, 4, 4, 9, 9, 4, 9, 9, 4, 3, 3, 3, 1]","[5, 4, 4, 4, 4, 4, 9, 9, 4, 9, 3, 3, 2]","[3.0, 2.0, 1.0, 1.0, 1.0, 1.0, 1.0, 1.0, 1.0, 0.5, 0.25, 0.5, 2.0]","[4.0, 2.0, 3.0, 1.5, 2.0, 2.0, 1.0, 1.5, 1.5, 1.0, 0.5, 1.0, 3.0]","[0, 0, 0, 0, 0, 0, 0, 0, 0, 0, 0, 0, 0]",2010-02-12 08:00,34,2,1.0,141.0,1.0,3.0,80.0,"[205.80538713582197, 155.51, 167.40359922257957, 86.0]","[(205.80538713582197, 30.0), (155.51, 80.0), (167.40359922257957, 10.0), (86.0, 170.0)]",1.0,2,4,"[3.0, 8.0, 1.0, 17.0]","[205.80538713582197, 155.51, 167.40359922257957, 86.0]"
74834,"[35.0, 16.0, 24.0, 10.0, 5.0, 11.0, 15.0, 3.0, 25.0, 2.0, 9.0, 5.0, 7.0, 12.0]","[187.5, 301.0, 300.0, 173.75, 250.0, 205.80538713582197, 196.75, 269.48334707923954, 133.0, 269.48334707923954, 167.40359922257957, 144.6008998056449, 202.0738495144293, 86.0]",12,7.0,[12.0],"[35.0, 51.0, 75.0, 85.0, 90.0, 101.0, 116.0, 119.0, 144.0, 146.0, 155.0, 160.0, 167.0, 179.0]","[0.0, 35.0, 51.0, 75.0, 85.0, 90.0, 101.0, 116.0, 119.0, 144.0, 146.0, 155.0, 160.0, 167.0]","[1.0, 5.0, 4.0, 1.5, 3.0, 3.0, 2.0, 4.0, 1.0, 4.0, 2.0, 2.0, 3.0, 1.0]","[5, 9, 4, 4, 4, 3, 4, 3, 9, 3, 3, 2, 3, 1]","[7, 9, 7, 7, 4, 9, 9, 9, 9, 9, 3, 3, 3, 2]","[4.0, 4.0, 1.0, 2.0, 1.0, 0.5, 0.5, 0.5, 0.5, 0.5, 0.25, 0.5, 0.25, 0.5]","[4.0, 4.0, 3.0, 3.0, 2.0, 1.0, 2.0, 0.5, 1.0, 1.0, 0.5, 1.0, 0.5, 1.0]","[0, 0, 0, 0, 0, 0, 0, 0, 0, 0, 0, 0, 0, 0]",2010-02-20 13:00,34,2,1.0,167.0,1.0,3.0,80.0,[86.0],"[(86.0, 120.0)]",1.0,2,1,[12.0],[86.0]
74856,"[2.0, 8.0, 10.0, 9.0, 9.0, 19.0, 2.0, 13.0, 8.0, 11.0, 12.0, 1.0]","[182.25, 225.25, 203.75, 286.75, 225.25, 210.0, 217.0, 210.0, 290.2444490264132, 171.0, 101.0, 173.0]",7,13.0,"[8.0, 11.0, 12.0, 1.0]","[2.0, 10.0, 20.0, 29.0, 38.0, 57.0, 59.0, 72.0, 80.0, 91.0, 103.0, 104.0]","[0.0, 2.0, 10.0, 20.0, 29.0, 38.0, 57.0, 59.0, 72.0, 80.0, 91.0, 103.0]","[2.0, 3.0, 2.5, 4.0, 3.0, 1.0, 3.0, 1.0, 4.0, 1.0, 1.0, 3.0]","[9, 9, 9, 4, 9, 5, 9, 5, 4, 4, 2, 2]","[4, 4, 4, 9, 4, 5, 9, 5, 3, 5, 2, 2]","[0.5, 0.5, 0.5, 0.5, 0.5, 2.0, 1.0, 2.0, 0.5, 1.0, 0.5, 0.5]","[2.5, 1.5, 2.0, 1.0, 1.5, 5.0, 2.0, 5.0, 1.0, 4.0, 2.0, 1.0]","[0, 0, 0, 0, 0, 0, 0, 0, 0, 0, 0, 0]",2010-02-25 09:00,35,2,1.0,72.0,1.0,3.0,80.0,"[290.2444490264132, 171.0, 101.0, 173.0]","[(290.2444490264132, 80.0), (171.0, 110.0), (101.0, 120.0), (173.0, 10.0)]",1.0,2,4,"[8.0, 11.0, 12.0, 1.0]","[290.2444490264132, 171.0, 101.0, 173.0]"
74888,"[28.0, 6.0, 8.0, 2.0, 23.0, 1.0, 3.0, 2.0, 6.0, 4.0, 12.0, 2.0, 8.0, 3.0, 9.0, 3.0, 5.0, 1.0]","[210.0, 210.0, 273.0, 171.0, 250.0, 210.0, 250.0, 153.5, 241.75, 210.0, 210.0, 210.0, 232.12522605741117, 202.0738495144293, 272.9777961056527, 158.0, 164.8118667919715, 202.0738495144293]",13,3.0,"[9.0, 3.0, 5.0, 1.0]","[28.0, 34.0, 42.0, 44.0, 67.0, 68.0, 71.0, 73.0, 79.0, 83.0, 95.0, 97.0, 105.0, 108.0, 117.0, 120.0, 125.0, 126.0]","[0.0, 28.0, 34.0, 42.0, 44.0, 67.0, 68.0, 71.0, 73.0, 79.0, 83.0, 95.0, 97.0, 105.0, 108.0, 117.0, 120.0, 125.0]","[1.0, 1.0, 3.5, 1.0, 3.0, 1.0, 3.0, 1.0, 3.0, 1.0, 1.0, 1.0, 3.5, 3.0, 4.0, 1.0, 1.5, 3.0]","[5, 5, 4, 4, 4, 5, 4, 4, 4, 5, 5, 5, 3, 3, 3, 4, 3, 3]","[5, 5, 4, 5, 4, 5, 4, 6, 9, 5, 5, 5, 3, 3, 3, 4, 4, 3]","[1.5, 2.0, 0.5, 1.2, 1.2, 1.2, 0.8, 1.2, 1.0, 1.2, 1.0, 1.5, 0.2, 0.2, 0.2, 0.4, 0.2, 0.2]","[2.5, 4.0, 1.8, 2.0, 1.8, 2.0, 1.5, 2.4, 1.5, 2.5, 1.5, 3.0, 0.4, 0.6, 0.4, 0.9, 0.7, 0.4]","[0, 0, 0, 0, 0, 0, 0, 0, 0, 0, 0, 0, 0, 0, 0, 0, 0, 0]",2010-02-27 13:00,33,2,1.0,108.0,1.0,3.0,80.0,"[272.9777961056527, 158.0, 164.8118667919715, 202.0738495144293]","[(272.9777961056527, 90.0), (158.0, 30.0), (164.8118667919715, 50.0), (202.0738495144293, 10.0)]",1.0,2,4,"[9.0, 3.0, 5.0, 1.0]","[272.9777961056527, 158.0, 164.8118667919715, 202.0738495144293]"
74948,"[54.0, 4.0, 28.0, 1.0, 1.0, 6.0, 5.0, 2.0, 4.0, 3.0, 1.0, 1.7000000000000028, 0.29999999999999716, 5.0]","[247.5, 290.4375, 247.5, 235.0, 290.4375, 204.0, 210.0, 158.0, 227.0, 273.0, 158.0, 210.0, 281.0625, 101.0]",6,5.0,"[2.0, 4.0, 3.0, 1.0, 1.7000000000000028, 0.29999999999999716, 5.0]","[54.0, 58.0, 86.0, 87.0, 88.0, 94.0, 99.0, 101.0, 105.0, 108.0, 109.0, 110.7, 111.0, 116.0]","[0.0, 54.0, 58.0, 86.0, 87.0, 88.0, 94.0, 99.0, 101.0, 105.0, 108.0, 109.0, 110.7, 111.0]","[2.5, 4.0, 2.5, 2.0, 4.0, 2.0, 1.0, 1.0, 2.5, 3.5, 1.0, 1.0, 2.5, 1.0]","[5, 7, 5, 5, 7, 4, 5, 4, 4, 4, 4, 5, 7, 2]","[5, 5, 5, 5, 5, 4, 5, 4, 4, 4, 4, 5, 5, 2]","[3.0, 2.0, 3.0, 2.0, 1.0, 1.2, 1.5, 1.2, 1.0, 1.0, 1.0, 1.2, 1.0, 1.0]","[4.0, 2.5, 3.0, 3.0, 1.0, 1.2, 2.0, 1.5, 1.0, 1.0, 1.0, 1.2, 1.0, 1.0]","[0, 1, 0, 0, 1, 0, 0, 0, 0, 0, 0, 0, 1, 0]",2010-03-05 09:45,33,2,3.0,99.0,1.0,3.0,80.0,"[158.0, 227.0, 273.0, 158.0, 210.0, 281.0625, 101.0]","[(158.0, 20.0), (227.0, 40.0), (273.0, 30.0), (158.0, 10.0), (210.0, 17.00000000000003), (281.0625, 2.9999999999999716), (101.0, 50.0)]",1.0,2,7,"[2.0, 4.0, 3.0, 1.0, 1.7000000000000028, 5.299999999999997]","[158.0, 227.0, 273.0, 158.0, 210.0, 191.03125]"
75078,"[25.0, 32.0, 18.0, 45.0, 4.0, 9.0, 15.0, 6.0, 9.0, 5.0, 8.0, 4.0]","[125.0, 235.0, 241.75, 296.0, 148.5, 259.0, 204.0, 259.0, 205.80538713582197, 175.0, 202.0738495144293, 272.9777961056527]",9,5.0,"[8.0, 4.0]","[25.0, 57.0, 75.0, 120.0, 124.0, 133.0, 148.0, 154.0, 163.0, 168.0, 176.0, 180.0]","[0.0, 25.0, 57.0, 75.0, 120.0, 124.0, 133.0, 148.0, 154.0, 163.0, 168.0, 176.0]","[1.0, 2.0, 3.0, 4.0, 1.0, 4.0, 2.0, 4.0, 3.0, 2.0, 3.0, 4.0]","[7, 5, 4, 4, 4, 9, 4, 9, 3, 9, 3, 3]","[6, 5, 9, 4, 7, 9, 4, 9, 9, 9, 3, 3]","[3.0, 2.0, 1.0, 1.0, 1.0, 0.5, 1.0, 1.0, 0.5, 0.5, 0.25, 0.25]","[4.0, 3.0, 1.5, 1.5, 3.0, 1.0, 1.5, 1.0, 1.0, 1.0, 0.5, 0.25]","[0, 0, 0, 0, 0, 0, 0, 0, 0, 0, 0, 0]",2010-03-17 13:40,34,2,2.0,168.0,1.0,3.0,80.0,"[202.0738495144293, 272.9777961056527]","[(202.0738495144293, 80.0), (272.9777961056527, 40.0)]",1.0,2,2,"[8.0, 4.0]","[202.0738495144293, 272.9777961056527]"
75212,"[25.0, 55.0, 2.0, 18.0, 31.0]","[212.125, 210.0, 227.0, 159.41582238929536, 101.0]",-1,,[],"[25.0, 80.0, 82.0, 100.0, 131.0]","[0.0, 25.0, 80.0, 82.0, 100.0]","[1.5, 1.0, 2.5, 1.5, 1.0]","[5, 5, 4, 3, 2]","[4, 5, 4, 3, 2]","[1.0, 2.0, 1.0, 0.5, 1.0]","[2.0, 3.0, 2.0, 0.5, 1.0]","[0, 0, 0, 0, 0]",2010-04-02 14:00,36,2,1.0,0.0,1.0,3.0,80.0,[],[],1.0,2,0,[],[]
75224,"[15.0, 60.0, 10.0, 29.0, 15.0, 13.0, 25.0, 11.0, 10.0]","[184.0, 120.0, 152.0, 292.25, 292.25, 181.06998247500167, 144.6008998056449, 114.0, 86.0]",6,25.0,"[11.0, 10.0]","[15.0, 75.0, 85.0, 114.0, 129.0, 142.0, 167.0, 178.0, 188.0]","[0.0, 15.0, 75.0, 85.0, 114.0, 129.0, 142.0, 167.0, 178.0]","[2.0, 1.0, 1.5, 4.0, 4.0, 2.5, 2.0, 1.5, 1.0]","[7, 7, 7, 7, 7, 3, 2, 2, 1]","[7, 7, 7, 7, 7, 3, 3, 1, 2]","[2.0, 2.0, 1.0, 1.0, 1.0, 0.25, 0.5, 1.0, 0.5]","[3.0, 4.0, 2.0, 1.5, 2.0, 0.75, 1.0, 2.0, 1.5]","[0, 0, 0, 1, 1, 0, 0, 0, 0]",2010-04-06 09:30,38,2,2.0,167.0,1.0,3.0,80.0,"[114.0, 86.0]","[(114.0, 110.0), (86.0, 100.0)]",1.0,2,2,"[11.0, 10.0]","[114.0, 86.0]"
75261,"[4.0, 25.0, 9.0, 7.0, 12.0, 8.0, 22.0, 6.0, 7.0, 9.0, 6.0, 9.0, 6.0]","[210.0, 227.0, 289.1875, 250.0, 290.2444490264132, 242.34391954305838, 202.0738495144293, 232.12522605741117, 194.80538713582197, 232.12522605741117, 144.6008998056449, 114.6275, 81.0]",4,12.0,"[8.0, 22.0, 6.0, 7.0, 9.0, 6.0, 9.0, 6.0]","[4.0, 29.0, 38.0, 45.0, 57.0, 65.0, 87.0, 93.0, 100.0, 109.0, 115.0, 124.0, 130.0]","[0.0, 4.0, 29.0, 38.0, 45.0, 57.0, 65.0, 87.0, 93.0, 100.0, 109.0, 115.0, 124.0]","[1.0, 2.5, 4.5, 3.0, 4.0, 3.5, 3.0, 3.5, 3.0, 3.5, 2.0, 1.0, 1.0]","[5, 4, 7, 4, 4, 3, 3, 3, 3, 3, 2, 2, 1]","[5, 4, 9, 4, 3, 4, 3, 3, 2, 3, 3, 3, 1]","[3.0, 1.25, 1.25, 1.0, 1.0, 0.75, 0.5, 0.25, 0.75, 0.25, 1.0, 0.5, 2.5]","[3.0, 1.5, 1.25, 1.0, 1.0, 0.75, 0.5, 0.5, 0.75, 0.5, 1.0, 0.5, 2.5]","[0, 0, 1, 0, 0, 0, 0, 0, 0, 0, 0, 0, 0]",2010-04-15 09:30,40,6,3.0,57.0,3.0,1.0,439.4377420686678,"[242.34391954305838, 202.0738495144293, 232.12522605741117, 194.80538713582197, 232.12522605741117, 144.6008998056449, 114.6275, 81.0]","[(242.34391954305838, 80.0), (202.0738495144293, 220.0), (232.12522605741117, 60.0), (194.80538713582197, 70.0), (232.12522605741117, 90.0), (144.6008998056449, 60.0), (114.6275, 90.0), (81.0, 60.0)]",3.0,2,8,"[8.0, 22.0, 6.0, 7.0, 9.0, 21.0]","[242.34391954305838, 202.0738495144293, 232.12522605741117, 194.80538713582197, 232.12522605741117, 113.40946660188165]"
75528,"[15.0, 14.0, 19.0, 15.0, 18.0, 16.0]","[293.25, 204.0, 196.0, 292.25, 161.51749561875042, 256.98334707923954]",4,18.0,[16.0],"[15.0, 29.0, 48.0, 63.0, 81.0, 97.0]","[0.0, 15.0, 29.0, 48.0, 63.0, 81.0]","[4.0, 2.0, 2.5, 3.0, 2.5, 4.0]","[4, 4, 9, 7, 2, 3]","[5, 4, 9, 7, 3, 2]","[1.0, 1.0, 0.5, 0.5, 0.25, 0.25]","[3.0, 2.0, 1.0, 2.0, 1.0, 0.75]","[0, 0, 0, 1, 0, 0]",2010-12-18 10:00,34,2,1.0,81.0,1.0,3.0,80.0,[256.98334707923954],"[(256.98334707923954, 160.0)]",1.0,2,1,[16.0],[256.98334707923954]
75544,"[2.0, 24.0, 16.0, 5.0, 4.0, 21.0]","[292.25, 181.0, 181.06998247500167, 167.40359922257957, 174.55248685625125, 96.0]",3,5.0,"[4.0, 21.0]","[2.0, 26.0, 42.0, 47.0, 51.0, 72.0]","[0.0, 2.0, 26.0, 42.0, 47.0, 51.0]","[5.0, 1.5, 2.5, 2.0, 2.5, 1.0]","[7, 4, 3, 3, 3, 2]","[7, 4, 3, 3, 2, 1]","[1.5, 1.0, 0.25, 0.25, 0.25, 1.0]","[2.0, 1.5, 0.5, 0.5, 1.0, 2.0]","[1, 0, 0, 0, 0, 0]",2010-12-26 11:30,37,3,1.0,47.0,1.0,3.0,100.9123351677189,"[174.55248685625125, 96.0]","[(174.55248685625125, 40.0), (96.0, 210.0)]",1.0,2,2,"[4.0, 21.0]","[174.55248685625125, 96.0]"
7555,"[20.0, 1.0, 17.0, 14.0, 2.6000000000000014, 0.3999999999999986, 13.0, 9.799999999999997, 0.20000000000000284]","[191.375, 224.25, 154.0, 152.25, 152.25, 199.0, 164.8118667919715, 158.0, 140.0]",4,2.6000000000000014,"[0.3999999999999986, 13.0, 9.799999999999997, 0.20000000000000284]","[20.0, 21.0, 38.0, 52.0, 54.6, 55.0, 68.0, 77.8, 78.0]","[0.0, 20.0, 21.0, 38.0, 52.0, 54.6, 55.0, 68.0, 77.8]","[1.5, 2.5, 1.5, 1.0, 1.0, 2.0, 1.5, 1.0, 1.0]","[4, 4, 9, 9, 9, 4, 3, 4, 6]","[5, 7, 9, 5, 5, 7, 4, 4, 6]","[1.0, 0.75, 1.0, 1.0, 1.0, 0.5, 0.5, 0.5, 1.0]","[2.0, 1.0, 1.5, 2.0, 2.5, 0.75, 0.75, 1.0, 2.0]","[0, 0, 0, 0, 0, 0, 0, 0, 0]",2003-12-11 10:30,34,5,2.0,54.6,3.0,1.0,197.7469839309005,"[199.0, 164.8118667919715, 158.0, 140.0]","[(199.0, 3.999999999999986), (164.8118667919715, 130.0), (158.0, 97.99999999999997), (140.0, 2.0000000000000284)]",3.0,2,4,"[0.3999999999999986, 13.0, 9.799999999999997, 0.20000000000000284]","[199.0, 164.8118667919715, 158.0, 140.0]"
7556,"[38.0, 2.0, 20.0, 18.0, 6.0, 4.0, 1.0, 2.5, 0.5, 15.799999999999997, 0.20000000000000284, 9.0, 2.9000000000000057, 0.09999999999999432]","[158.0, 249.5, 154.0, 217.0, 152.25, 158.0, 224.25, 158.0, 199.0, 157.3775, 173.75, 156.1325, 232.12522605741117, 140.0]",4,6.0,"[4.0, 1.0, 2.5, 0.5, 15.799999999999997, 0.20000000000000284, 9.0, 2.9000000000000057, 0.09999999999999432]","[38.0, 40.0, 60.0, 78.0, 84.0, 88.0, 89.0, 91.5, 92.0, 107.8, 108.0, 117.0, 119.9, 120.0]","[0.0, 38.0, 40.0, 60.0, 78.0, 84.0, 88.0, 89.0, 91.5, 92.0, 107.8, 108.0, 117.0, 119.9]","[1.0, 3.0, 1.5, 3.0, 1.0, 1.0, 2.5, 1.0, 2.0, 1.0, 1.5, 1.0, 3.5, 1.0]","[4, 4, 9, 9, 9, 4, 4, 4, 4, 4, 4, 3, 3, 6]","[4, 7, 9, 9, 5, 4, 7, 4, 7, 3, 7, 4, 3, 6]","[2.0, 0.75, 1.0, 0.5, 1.0, 0.5, 0.75, 0.75, 0.5, 0.5, 0.5, 0.5, 0.25, 1.0]","[2.0, 1.0, 1.5, 1.0, 2.0, 1.0, 0.75, 1.25, 0.75, 0.75, 1.0, 0.75, 0.25, 1.0]","[0, 0, 0, 0, 0, 0, 0, 0, 0, 0, 0, 0, 0, 0]",2003-12-11 13:40,34,6,3.0,84.0,3.0,1.0,439.4377420686678,"[158.0, 224.25, 158.0, 199.0, 157.3775, 173.75, 156.1325, 232.12522605741117, 140.0]","[(158.0, 40.0), (224.25, 10.0), (158.0, 25.0), (199.0, 5.0), (157.3775, 157.99999999999997), (173.75, 2.0000000000000284), (156.1325, 90.0), (232.12522605741117, 29.000000000000057), (140.0, 0.9999999999999432)]",3.0,2,9,"[4.0, 1.0, 2.5, 0.5, 15.799999999999997, 12.200000000000003]","[158.0, 224.25, 158.0, 199.0, 157.3775, 175.5019315143528]"
75827,"[25.0, 37.0, 35.0, 2.0, 5.0]","[292.25, 181.0, 227.0, 292.25, 86.0]",0,25.0,"[37.0, 35.0, 2.0, 5.0]","[25.0, 62.0, 97.0, 99.0, 104.0]","[0.0, 25.0, 62.0, 97.0, 99.0]","[3.5, 1.5, 2.5, 4.5, 1.0]","[7, 4, 4, 7, 1]","[7, 4, 4, 7, 2]","[3.0, 2.5, 1.5, 1.0, 2.0]","[3.0, 2.5, 1.5, 1.0, 3.0]","[1, 0, 0, 1, 0]",2011-01-30 12:30,36,6,3.0,41.0,3.0,1.0,439.4377420686678,"[181.0, 227.0, 292.25, 86.0]","[(181.0, 370.0), (227.0, 350.0), (292.25, 20.0), (86.0, 50.0)]",3.0,2,4,"[37.0, 35.0, 2.0, 5.0]","[181.0, 227.0, 292.25, 86.0]"
75858,"[8.0, 6.0, 36.0, 6.0, 10.0, 29.5, 0.5, 14.0, 20.0]","[171.0, 344.0, 204.0, 344.0, 181.0, 202.0738495144293, 140.0, 167.40359922257957, 114.6275]",6,0.5,"[14.0, 20.0]","[8.0, 14.0, 50.0, 56.0, 66.0, 95.5, 96.0, 110.0, 130.0]","[0.0, 8.0, 14.0, 50.0, 56.0, 66.0, 95.5, 96.0, 110.0]","[1.0, 4.5, 2.0, 4.5, 1.5, 3.0, 1.0, 2.0, 1.0]","[4, 7, 4, 7, 4, 3, 6, 3, 2]","[5, 7, 4, 7, 4, 3, 6, 3, 3]","[3.0, 3.0, 2.0, 3.0, 1.5, 0.5, 3.0, 0.8, 1.0]","[4.0, 3.0, 2.5, 3.5, 2.0, 0.8, 3.0, 1.0, 1.5]","[0, 0, 0, 0, 0, 0, 0, 0, 0]",2011-01-31 09:00,33,5,2.0,96.0,3.0,1.0,197.7469839309005,"[167.40359922257957, 114.6275]","[(167.40359922257957, 140.0), (114.6275, 200.0)]",3.0,2,2,"[14.0, 20.0]","[167.40359922257957, 114.6275]"
75918,"[5.0, 75.0, 13.0, 2.0, 10.0, 3.0, 7.0, 3.0, 17.0]","[292.25, 184.0, 120.0, 440.0, 248.0, 440.0, 248.0, 292.25, 292.25]",-1,,[],"[5.0, 80.0, 93.0, 95.0, 105.0, 108.0, 115.0, 118.0, 135.0]","[0.0, 5.0, 80.0, 93.0, 95.0, 105.0, 108.0, 115.0, 118.0]","[5.0, 2.0, 1.0, 6.0, 3.0, 6.0, 3.0, 4.0, 5.0]","[7, 7, 7, 8, 7, 8, 7, 7, 7]","[7, 7, 7, 8, 7, 8, 7, 7, 7]","[1.0, 1.5, 1.0, nan, 1.0, nan, 2.0, 2.0, 1.0]","[2.0, 2.0, 1.5, nan, 1.5, nan, 3.0, 3.0, 2.0]","[1, 0, 0, 0, 0, 0, 0, 1, 1]",2011-02-11 09:00,35,7,0.0,135.0,3.0,1.0,878.8754841373355,[],[],3.0,2,0,[],[]
75929,"[20.0, 14.0, 9.0, 21.0, 4.0, 12.0]","[171.0, 204.0, 250.0, 158.0, 289.1875, 158.0]",1,14.0,"[9.0, 21.0, 4.0, 12.0]","[20.0, 34.0, 43.0, 64.0, 68.0, 80.0]","[0.0, 20.0, 34.0, 43.0, 64.0, 68.0]","[1.0, 2.0, 3.0, 1.0, 4.5, 1.0]","[4, 4, 4, 4, 7, 4]","[5, 4, 4, 4, 9, 4]","[1.0, 1.0, 0.75, 1.0, 1.0, 1.0]","[4.0, 2.0, 1.5, 2.5, 2.0, 2.0]","[0, 0, 0, 0, 1, 0]",2011-02-13 13:30,41,6,3.0,34.0,3.0,1.0,439.4377420686678,"[250.0, 158.0, 289.1875, 158.0]","[(250.0, 90.0), (158.0, 210.0), (289.1875, 40.0), (158.0, 120.0)]",3.0,2,4,"[9.0, 21.0, 4.0, 12.0]","[250.0, 158.0, 289.1875, 158.0]"
75944,"[61.0, 13.0, 5.0, 41.0, 13.0, 13.0, 6.0, 3.5, 0.5]","[292.25, 292.25, 292.25, 204.0, 292.25, 167.40359922257957, 167.40359922257957, 155.51, 292.25]",-1,,[],"[61.0, 74.0, 79.0, 120.0, 133.0, 146.0, 152.0, 155.5, 156.0]","[0.0, 61.0, 74.0, 79.0, 120.0, 133.0, 146.0, 152.0, 155.5]","[3.5, 3.0, 3.0, 2.0, 2.5, 2.0, 2.0, 1.0, 3.0]","[7, 7, 7, 4, 7, 3, 3, 3, 7]","[7, 7, 7, 4, 7, 3, 3, 3, 7]","[2.0, 2.0, 2.0, 1.0, 2.0, 0.5, 0.5, 0.5, 1.0]","[4.0, 4.0, 4.0, 1.5, 3.0, 0.5, 0.5, 0.5, 2.0]","[1, 1, 1, 0, 1, 0, 0, 0, 1]",2011-02-15 09:15,34,7,0.0,156.0,3.0,1.0,878.8754841373355,[],[],3.0,2,0,[],[]
76009,"[21.0, 13.0, 3.0, 9.0, 19.0, 23.0, 4.0, 6.0, 15.0, 17.0]","[196.75, 291.75, 440.0, 260.0, 319.0, 142.5, 272.9777961056527, 149.8825, 250.0, 96.0]",8,15.0,[17.0],"[21.0, 34.0, 37.0, 46.0, 65.0, 88.0, 92.0, 98.0, 113.0, 130.0]","[0.0, 21.0, 34.0, 37.0, 46.0, 65.0, 88.0, 92.0, 98.0, 113.0]","[2.0, 4.0, 6.0, 3.0, 4.5, 1.0, 4.0, 1.0, 3.0, 1.0]","[7, 5, 8, 5, 4, 7, 3, 3, 4, 2]","[5, 7, 8, 5, 4, 5, 3, 9, 4, 1]","[2.0, 1.0, nan, 2.0, 0.5, 1.0, 0.5, 0.5, 1.0, 0.5]","[4.0, 4.0, nan, 4.0, 2.0, 2.0, 0.5, 1.5, 2.0, 1.0]","[0, 0, 0, 0, 0, 0, 0, 0, 0, 0]",2011-02-25 09:00,36,2,2.0,113.0,1.0,3.0,80.0,[96.0],"[(96.0, 170.0)]",1.0,2,1,[17.0],[96.0]
76037,"[40.0, 60.0, 5.0, 20.0, 15.0, 17.0, 13.0]","[257.0, 216.0, 120.0, 199.0, 158.0, 144.6008998056449, 86.0]",2,5.0,"[20.0, 15.0, 17.0, 13.0]","[40.0, 100.0, 105.0, 125.0, 140.0, 157.0, 170.0]","[0.0, 40.0, 100.0, 105.0, 125.0, 140.0, 157.0]","[3.0, 2.5, 1.0, 2.0, 1.0, 2.0, 1.0]","[5, 7, 7, 4, 4, 2, 1]","[7, 7, 7, 7, 4, 3, 2]","[2.0, 2.0, 2.0, 2.0, 2.0, 1.0, 1.0]","[3.0, 2.0, 2.0, 2.0, 2.0, 1.0, 1.0]","[0, 0, 0, 0, 0, 0, 0]",2011-02-28 08:50,30,2,1.0,120.0,1.0,3.0,80.0,"[199.0, 158.0, 144.6008998056449, 86.0]","[(199.0, 200.0), (158.0, 150.0), (144.6008998056449, 170.0), (86.0, 130.0)]",1.0,2,4,"[20.0, 15.0, 17.0, 13.0]","[199.0, 158.0, 144.6008998056449, 86.0]"
76064,"[20.0, 23.0, 11.0, 25.0, 5.0, 25.0, 21.0]","[153.5, 219.25, 236.5313065143528, 210.0, 164.8118667919715, 115.25, 101.0]",3,25.0,"[5.0, 25.0, 21.0]","[20.0, 43.0, 54.0, 79.0, 84.0, 109.0, 130.0]","[0.0, 20.0, 43.0, 54.0, 79.0, 84.0, 109.0]","[1.5, 2.5, 3.5, 1.0, 1.5, 1.0, 1.0]","[9, 4, 9, 5, 3, 2, 2]","[7, 9, 3, 5, 4, 4, 2]","[1.0, 1.0, 0.5, 2.0, 0.5, 1.0, 1.0]","[3.0, 3.0, 1.5, 4.0, 1.5, 1.5, 2.0]","[0, 0, 0, 0, 0, 0, 0]",2011-03-01 11:00,38,2,1.0,79.0,1.0,3.0,80.0,"[164.8118667919715, 115.25, 101.0]","[(164.8118667919715, 50.0), (115.25, 250.0), (101.0, 210.0)]",1.0,2,3,"[5.0, 25.0, 21.0]","[164.8118667919715, 115.25, 101.0]"
76174,"[28.0, 10.0, 32.0, 20.0, 19.0, 5.0, 3.0, 13.0, 4.0, 5.0, 15.0]","[296.0, 319.0, 296.0, 273.0, 250.0, 212.125, 217.0, 210.0, 287.4375, 157.3775, 202.0738495144293]",6,3.0,"[13.0, 4.0, 5.0, 15.0]","[28.0, 38.0, 70.0, 90.0, 109.0, 114.0, 117.0, 130.0, 134.0, 139.0, 154.0]","[0.0, 28.0, 38.0, 70.0, 90.0, 109.0, 114.0, 117.0, 130.0, 134.0, 139.0]","[4.0, 4.5, 4.0, 3.5, 3.0, 1.5, 3.0, 1.0, 3.5, 1.0, 3.0]","[4, 4, 4, 4, 4, 5, 9, 5, 7, 4, 3]","[4, 4, 4, 4, 4, 4, 9, 5, 4, 3, 3]","[1.5, 1.0, 1.25, 2.0, 1.5, 2.0, 1.5, 2.5, 1.0, 0.75, 0.5]","[1.5, 1.0, 1.75, 2.0, 2.25, 3.0, 2.0, 3.0, 1.0, 1.0, 0.5]","[0, 0, 0, 0, 0, 0, 0, 0, 1, 0, 0]",2011-03-15 10:30,30,2,1.0,117.0,1.0,3.0,80.0,"[210.0, 287.4375, 157.3775, 202.0738495144293]","[(210.0, 130.0), (287.4375, 40.0), (157.3775, 50.0), (202.0738495144293, 150.0)]",1.0,2,4,"[13.0, 4.0, 5.0, 15.0]","[210.0, 287.4375, 157.3775, 202.0738495144293]"
76206,"[10.0, 7.0, 1.0, 3.0, 0.8000000000000114, 0.19999999999998863, 5.0, 18.0, 7.0, 1.0, 2.0, 5.0]","[173.1008998056449, 160.75, 158.0, 264.4375, 151.75, 292.25, 96.0, 134.5, 164.8118667919715, 264.4375, 134.5, 143.75]",6,5.0,"[18.0, 7.0, 1.0, 2.0, 5.0]","[131.0, 138.0, 139.0, 142.0, 142.8, 143.0, 148.0, 166.0, 173.0, 174.0, 176.0, 181.0]","[121.0, 131.0, 138.0, 139.0, 142.0, 142.8, 143.0, 148.0, 166.0, 173.0, 174.0, 176.0]","[2.0, 1.5, 1.0, 1.5, 1.0, 1.5, 1.0, 1.5, 1.5, 1.5, 1.5, 1.0]","[9, 9, 4, 7, 4, 7, 2, 2, 3, 7, 2, 4]","[3, 4, 4, 4, 9, 7, 1, 4, 4, 4, 4, 2]","[0.25, 0.5, 0.75, 0.25, 0.75, 0.25, 1.0, 0.75, 0.25, 0.25, 0.25, 0.75]","[0.75, 1.0, 1.25, 0.75, 1.5, 0.25, 1.5, 1.0, 0.5, 0.5, 0.5, 1.0]","[0, 0, 0, 1, 0, 1, 0, 0, 0, 1, 0, 0]",2011-03-21 12:00,30,3,1.0,148.0,1.0,3.0,100.9123351677189,"[134.5, 164.8118667919715, 264.4375, 134.5, 143.75]","[(134.5, 180.0), (164.8118667919715, 70.0), (264.4375, 10.0), (134.5, 20.0), (143.75, 50.0)]",1.0,2,5,"[18.0, 7.0, 1.0, 2.0, 5.0]","[134.5, 164.8118667919715, 264.4375, 134.5, 143.75]"
76215,"[36.0, 4.0, 29.0, 3.0, 16.0, 22.0, 19.80000000000001, 0.19999999999998863]","[222.5, 292.25, 210.0, 292.25, 204.0, 181.0, 143.75, 164.8118667919715]",1,4.0,"[29.0, 3.0, 16.0, 22.0, 19.80000000000001, 0.19999999999998863]","[36.0, 40.0, 69.0, 72.0, 88.0, 110.0, 129.8, 130.0]","[0.0, 36.0, 40.0, 69.0, 72.0, 88.0, 110.0, 129.8]","[1.5, 3.5, 1.0, 3.5, 2.0, 1.5, 1.0, 1.5]","[5, 7, 5, 7, 4, 4, 4, 3]","[5, 7, 5, 7, 4, 4, 2, 4]","[4.0, 2.0, 4.0, 1.5, 1.0, 0.5, 1.0, 0.5]","[4.0, 2.0, 4.0, 2.0, 1.0, 1.0, 1.0, 0.5]","[0, 1, 0, 1, 0, 0, 0, 0]",2011-03-22 09:50,42,2,1.0,68.0,1.0,3.0,80.0,"[210.0, 292.25, 204.0, 181.0, 143.75, 164.8118667919715]","[(210.0, 290.0), (292.25, 30.0), (204.0, 160.0), (181.0, 220.0), (143.75, 198.0000000000001), (164.8118667919715, 1.9999999999998863)]",1.0,2,6,"[29.0, 3.0, 16.0, 22.0, 19.80000000000001, 0.19999999999998863]","[210.0, 292.25, 204.0, 181.0, 143.75, 164.8118667919715]"
76510,"[35.0, 33.0, 2.0, 20.0, 38.0, 2.0, 27.0]","[250.0, 227.0, 280.0, 137.0, 104.0, 120.0, 81.0]",5,2.0,[27.0],"[35.0, 68.0, 70.0, 90.0, 128.0, 130.0, 157.0]","[0.0, 35.0, 68.0, 70.0, 90.0, 128.0, 130.0]","[3.0, 2.5, 3.5, 2.0, 1.5, 1.0, 1.0]","[4, 4, 7, 2, 1, 0, 1]","[4, 4, 7, 2, 2, 0, 1]","[1.0, 1.0, 2.0, 1.0, 1.0, 2.0, 1.0]","[1.0, 1.0, 2.0, 2.0, 2.0, 3.0, 2.0]","[0, 0, 0, 0, 0, 0, 0]",2011-12-20 13:05,38,2,2.0,130.0,1.0,3.0,80.0,[81.0],"[(81.0, 270.0)]",1.0,2,1,[27.0],[81.0]
76638,"[37.0, 4.0, 17.0, 5.0, 20.0, 17.0, 40.0, 40.0, 40.0, 36.0, 4.0]","[202.0738495144293, 312.0, 272.9777961056527, 312.0, 272.9777961056527, 167.40359922257957, 202.0738495144293, 167.40359922257957, 167.40359922257957, 141.8825, 101.0]",9,36.0,[4.0],"[37.0, 41.0, 58.0, 63.0, 83.0, 100.0, 140.0, 180.0, 220.0, 256.0, 260.0]","[0.0, 37.0, 41.0, 58.0, 63.0, 83.0, 100.0, 140.0, 180.0, 220.0, 256.0]","[3.0, 4.0, 4.0, 4.0, 4.0, 2.0, 3.0, 2.0, 2.0, 1.0, 1.0]","[3, 7, 3, 7, 3, 3, 3, 3, 3, 3, 2]","[3, 7, 3, 7, 3, 3, 3, 3, 3, 2, 2]","[0.5, 0.75, 0.2, 1.0, 0.5, 0.5, 0.7, 0.5, 0.5, 0.5, 0.5]","[0.5, 0.75, 0.5, 1.0, 0.5, 0.5, 0.7, 0.5, 0.5, 0.5, 0.5]","[0, 0, 0, 0, 0, 0, 0, 0, 0, 0, 0]",2012-01-10 09:30,25,3,1.0,256.0,1.0,3.0,100.9123351677189,[101.0],"[(101.0, 40.0)]",1.0,2,1,[4.0],[101.0]
76639,"[23.0, 2.0, 14.0, 26.0, 4.0, 16.0, 10.0, 28.0, 1.0]","[227.0, 292.25, 238.01846237860732, 214.05538713582197, 292.25, 214.05538713582197, 238.01846237860732, 176.55269941693467, 141.8825]",5,16.0,"[10.0, 28.0, 1.0]","[23.0, 25.0, 39.0, 65.0, 69.0, 85.0, 95.0, 123.0, 124.0]","[0.0, 23.0, 25.0, 39.0, 65.0, 69.0, 85.0, 95.0, 123.0]","[2.5, 4.0, 3.0, 3.0, 4.0, 3.0, 3.0, 2.0, 1.0]","[4, 7, 4, 3, 7, 3, 4, 3, 3]","[4, 7, 3, 4, 7, 4, 3, 4, 2]","[1.5, 1.5, 1.0, 0.5, 1.0, 0.5, 0.5, 0.5, 0.5]","[1.5, 2.0, 1.0, 1.0, 2.0, 0.5, 1.0, 2.0, 1.0]","[0, 1, 0, 0, 1, 0, 0, 0, 0]",2012-01-10 09:30,35,3,1.0,85.0,1.0,3.0,100.9123351677189,"[238.01846237860732, 176.55269941693467, 141.8825]","[(238.01846237860732, 100.0), (176.55269941693467, 280.0), (141.8825, 10.0)]",1.0,2,3,"[10.0, 28.0, 1.0]","[238.01846237860732, 176.55269941693467, 141.8825]"
76750,"[20.0, 25.0, 23.0, 61.0, 29.0, 12.0, 2.0]","[252.5, 296.6875, 232.125, 268.25, 225.25, 160.75, 217.0]",3,61.0,"[29.0, 12.0, 2.0]","[20.0, 45.0, 68.0, 129.0, 158.0, 170.0, 172.0]","[0.0, 20.0, 45.0, 68.0, 129.0, 158.0, 170.0]","[3.0, 5.0, 2.5, 4.0, 3.0, 1.5, 3.0]","[4, 7, 4, 9, 9, 9, 9]","[5, 5, 5, 4, 4, 4, 9]","[1.0, 1.0, 1.0, 0.5, 0.5, 0.5, 0.2]","[2.0, 4.0, 3.0, 1.0, 1.0, 1.5, 0.5]","[0, 1, 0, 0, 0, 0, 0]",2012-01-18 11:30,35,6,3.0,129.0,3.0,1.0,439.4377420686678,"[225.25, 160.75, 217.0]","[(225.25, 290.0), (160.75, 120.0), (217.0, 20.0)]",3.0,2,3,"[29.0, 12.0, 2.0]","[225.25, 160.75, 217.0]"
76778,"[75.0, 40.0, 8.0, 18.5, 0.5, 19.0, 13.0, 25.5, 0.5]","[278.73334707923954, 202.0738495144293, 173.1008998056449, 204.0, 292.25, 174.55248685625125, 144.6008998056449, 101.0, 207.5]",5,19.0,"[13.0, 25.5, 0.5]","[75.0, 115.0, 123.0, 141.5, 142.0, 161.0, 174.0, 199.5, 200.0]","[0.0, 75.0, 115.0, 123.0, 141.5, 142.0, 161.0, 174.0, 199.5]","[4.0, 3.0, 2.0, 2.0, 4.0, 2.5, 2.0, 1.0, 3.0]","[3, 3, 9, 4, 7, 3, 2, 2, 0]","[4, 3, 3, 4, 7, 2, 3, 2, 7]","[0.25, 0.25, 0.25, 0.5, 1.0, 0.25, 0.25, 1.0, 2.0]","[0.75, 0.25, 0.75, 0.75, 2.0, 1.0, 1.0, 2.0, 3.0]","[0, 0, 0, 0, 1, 0, 0, 0, 0]",2012-01-25 11:00,37,3,1.0,161.0,1.0,3.0,100.9123351677189,"[144.6008998056449, 101.0, 207.5]","[(144.6008998056449, 130.0), (101.0, 255.0), (207.5, 5.0)]",1.0,2,3,"[13.0, 25.5, 0.5]","[144.6008998056449, 101.0, 207.5]"
76779,"[1.0, 79.0, 37.0, 3.0, 10.0, 10.0, 29.0, 1.0, 29.0, 1.0]","[158.0, 273.0, 250.0, 156.1325, 181.06998247500167, 129.10395559732385, 101.0, 181.06998247500167, 81.0, 122.0]",7,1.0,"[29.0, 1.0]","[1.0, 80.0, 117.0, 120.0, 130.0, 140.0, 169.0, 170.0, 199.0, 200.0]","[0.0, 1.0, 80.0, 117.0, 120.0, 130.0, 140.0, 169.0, 170.0, 199.0]","[1.0, 3.5, 3.0, 1.0, 2.5, 1.5, 1.0, 2.5, 1.0, 2.0]","[4, 4, 4, 3, 3, 2, 2, 3, 1, 1]","[4, 4, 4, 4, 3, 3, 2, 3, 1, 2]","[2.0, 1.0, 1.0, 0.5, 0.2, 0.5, 1.0, 0.2, 1.0, 1.0]","[3.0, 2.0, 2.0, 1.0, 0.5, 1.0, 1.5, 0.5, 2.0, 2.0]","[0, 0, 0, 0, 0, 0, 0, 0, 0, 0]",2012-01-25 15:00,36,2,2.0,180.0,1.0,3.0,80.0,"[81.0, 122.0]","[(81.0, 290.0), (122.0, 10.0)]",1.0,2,2,"[29.0, 1.0]","[81.0, 122.0]"
76865,"[7.0, 22.0, 24.0, 26.0, 21.0, 30.0, 63.0, 45.0, 10.0, 3.0, 15.0, 3.0]","[224.75, 205.80538713582197, 282.73334707923954, 282.73334707923954, 272.9777961056527, 202.0738495144293, 272.9777961056527, 181.06998247500167, 159.80269941693467, 292.25, 96.0, 86.0]",9,3.0,"[15.0, 3.0]","[7.0, 29.0, 53.0, 79.0, 100.0, 130.0, 193.0, 238.0, 248.0, 251.0, 266.0, 269.0]","[0.0, 7.0, 29.0, 53.0, 79.0, 100.0, 130.0, 193.0, 238.0, 248.0, 251.0, 266.0]","[3.0, 3.0, 4.0, 4.0, 4.0, 3.0, 4.0, 2.5, 2.0, 4.0, 1.0, 1.0]","[9, 3, 3, 3, 3, 3, 3, 3, 3, 7, 2, 1]","[7, 9, 7, 7, 3, 3, 3, 3, 2, 7, 1, 2]","[1.0, 0.5, 0.5, 0.5, 0.5, 0.5, 0.25, 0.5, 1.0, 1.0, 2.0, 2.0]","[1.5, 1.0, 1.0, 1.0, 1.0, 1.0, 0.5, 0.5, 1.0, 1.5, 2.0, 2.0]","[0, 0, 0, 0, 0, 0, 0, 0, 0, 1, 0, 0]",2012-02-02 08:45,29,6,3.0,251.0,3.0,1.0,439.4377420686678,"[96.0, 86.0]","[(96.0, 150.0), (86.0, 30.0)]",3.0,2,2,"[15.0, 3.0]","[96.0, 86.0]"
76973,"[30.0, 14.0, 16.0, 27.0, 45.0, 3.0, 7.0, 2.0, 6.0, 2.0]","[204.0, 250.0, 175.0, 312.0, 167.40359922257957, 292.25, 158.0, 292.25, 141.8825, 81.0]",7,2.0,"[6.0, 2.0]","[30.0, 44.0, 60.0, 87.0, 132.0, 135.0, 142.0, 144.0, 150.0, 152.0]","[0.0, 30.0, 44.0, 60.0, 87.0, 132.0, 135.0, 142.0, 144.0, 150.0]","[2.0, 3.0, 2.0, 4.0, 2.0, 4.0, 1.0, 4.0, 1.0, 1.0]","[4, 4, 9, 7, 3, 7, 4, 7, 3, 1]","[4, 4, 9, 7, 3, 7, 4, 7, 2, 1]","[1.0, 1.0, 1.0, 1.5, 0.5, 1.5, 1.5, 1.5, 0.5, 1.5]","[1.5, 2.0, 1.0, 2.0, 1.0, 2.0, 3.0, 2.0, 1.0, 1.5]","[0, 0, 0, 0, 0, 1, 0, 1, 0, 0]",2012-02-16 09:50,36,2,1.0,144.0,1.0,3.0,80.0,"[141.8825, 81.0]","[(141.8825, 60.0), (81.0, 20.0)]",1.0,2,2,"[6.0, 2.0]","[141.8825, 81.0]"
76976,"[43.0, 35.0, 12.0, 40.0, 2.0]","[167.40359922257957, 204.0, 159.41582238929536, 167.40359922257957, 81.0]",1,35.0,"[12.0, 40.0, 2.0]","[43.0, 78.0, 90.0, 130.0, 132.0]","[0.0, 43.0, 78.0, 90.0, 130.0]","[2.0, 2.0, 1.5, 2.0, 1.0]","[3, 4, 3, 3, 1]","[3, 4, 3, 3, 1]","[0.5, 1.0, 0.5, 0.5, 1.5]","[1.0, 1.5, 0.5, 0.5, 2.0]","[0, 0, 0, 0, 0]",2012-02-17 11:15,36,1,1.0,78.0,1.0,3.0,0.0,"[159.41582238929536, 167.40359922257957, 81.0]","[(159.41582238929536, 120.0), (167.40359922257957, 400.0), (81.0, 20.0)]",1.0,2,3,"[12.0, 40.0, 2.0]","[159.41582238929536, 167.40359922257957, 81.0]"
77007,"[24.0, 49.0, 29.0, 6.0, 3.0, 1.0]","[217.0, 181.0, 194.8508998056449, 155.51, 292.25, 155.51]",3,6.0,"[3.0, 1.0]","[24.0, 73.0, 102.0, 108.0, 111.0, 112.0]","[0.0, 24.0, 73.0, 102.0, 108.0, 111.0]","[3.0, 1.5, 2.0, 1.0, 4.0, 1.0]","[9, 4, 4, 3, 7, 3]","[9, 4, 3, 3, 7, 3]","[0.5, 1.5, 1.0, 0.5, 1.5, 1.0]","[1.0, 2.0, 1.0, 1.0, 1.5, 1.0]","[0, 0, 0, 0, 1, 0]",2012-02-22 09:10,29,3,1.0,108.0,1.0,3.0,100.9123351677189,"[292.25, 155.51]","[(292.25, 30.0), (155.51, 10.0)]",1.0,2,2,"[3.0, 1.0]","[292.25, 155.51]"
77143,"[40.0, 35.0, 20.0, 41.0, 14.0, 20.0, 18.0]","[291.75, 257.5, 158.0, 158.0, 205.80538713582197, 114.6275, 86.0]",4,14.0,"[20.0, 18.0]","[40.0, 75.0, 95.0, 136.0, 150.0, 170.0, 188.0]","[0.0, 40.0, 75.0, 95.0, 136.0, 150.0, 170.0]","[4.0, 3.0, 1.0, 1.0, 3.0, 1.0, 1.0]","[5, 5, 4, 4, 3, 2, 1]","[7, 4, 4, 4, 9, 3, 2]","[4.0, 2.0, 2.0, 1.5, 0.25, 0.5, 2.0]","[4.0, 5.0, 2.0, 2.5, 1.0, 2.0, 3.0]","[0, 0, 0, 0, 0, 0, 0]",2012-03-07 09:00,36,2,1.0,150.0,1.0,3.0,80.0,"[114.6275, 86.0]","[(114.6275, 200.0), (86.0, 180.0)]",1.0,2,2,"[20.0, 18.0]","[114.6275, 86.0]"
77311,"[18.0, 17.0, 37.0, 12.0, 1.0, 7.0, 15.0, 1.0, 8.5, 0.5]","[260.0, 285.0, 247.5, 250.0, 210.0, 273.0, 181.0, 171.0, 158.0, 181.0]",-1,,[],"[18.0, 35.0, 72.0, 84.0, 85.0, 92.0, 107.0, 108.0, 116.5, 117.0]","[0.0, 18.0, 35.0, 72.0, 84.0, 85.0, 92.0, 107.0, 108.0, 116.5]","[3.0, 4.0, 2.5, 3.0, 1.0, 3.5, 1.5, 1.0, 1.0, 1.5]","[5, 5, 5, 4, 5, 4, 4, 4, 4, 4]","[5, 5, 5, 4, 5, 4, 4, 5, 4, 4]","[2.0, 4.0, 2.0, 1.0, 2.0, 0.5, 1.0, 1.0, 0.5, 1.0]","[3.0, 4.0, 3.0, 2.0, 3.0, 1.0, 1.0, 1.5, 0.8, 1.0]","[0, 0, 0, 0, 0, 0, 0, 0, 0, 0]",2012-03-30 09:30,30,7,0.0,117.0,3.0,1.0,878.8754841373355,[],[],3.0,2,0,[],[]
77406,"[20.0, 55.0, 25.0, 5.0, 10.0, 10.0, 9.0]","[223.875, 184.0, 312.0, 202.0738495144293, 171.55269941693467, 202.0738495144293, 141.8825]",2,25.0,"[5.0, 10.0, 10.0, 9.0]","[20.0, 75.0, 100.0, 105.0, 115.0, 125.0, 134.0]","[0.0, 20.0, 75.0, 100.0, 105.0, 115.0, 125.0]","[2.5, 2.0, 4.0, 3.0, 2.0, 3.0, 1.0]","[7, 7, 7, 3, 3, 3, 3]","[5, 7, 7, 3, 7, 3, 2]","[2.0, 2.0, 2.0, 1.0, 1.0, 1.0, 0.5]","[3.0, 2.0, 2.0, 1.0, 1.0, 1.0, 0.5]","[0, 0, 0, 0, 0, 0, 0]",2012-04-16 09:00,32,2,1.0,100.0,1.0,3.0,80.0,"[202.0738495144293, 171.55269941693467, 202.0738495144293, 141.8825]","[(202.0738495144293, 50.0), (171.55269941693467, 100.0), (202.0738495144293, 100.0), (141.8825, 90.0)]",1.0,2,4,"[5.0, 10.0, 10.0, 9.0]","[202.0738495144293, 171.55269941693467, 202.0738495144293, 141.8825]"
77612,"[20.0, 18.0, 2.0, 46.0, 24.0, 10.0, 20.0, 12.0, 13.0]","[217.0, 204.0, 292.25, 167.40359922257957, 167.40359922257957, 114.6275, 101.0, 101.0, 90.75]",5,10.0,"[20.0, 12.0, 13.0]","[20.0, 38.0, 40.0, 86.0, 110.0, 120.0, 140.0, 152.0, 165.0]","[0.0, 20.0, 38.0, 40.0, 86.0, 110.0, 120.0, 140.0, 152.0]","[3.0, 2.0, 3.0, 2.0, 2.0, 1.0, 1.0, 1.0, 1.0]","[9, 4, 7, 3, 3, 2, 2, 2, 1]","[9, 4, 7, 3, 3, 3, 2, 2, 0]","[1.0, 0.5, 0.5, 1.0, 1.0, 1.0, 1.0, 1.0, 1.0]","[1.0, 1.0, 1.0, 1.0, 1.0, 1.0, 1.0, 1.0, 2.0]","[0, 0, 1, 0, 0, 0, 0, 0, 0]",2012-12-05 12:00,30,3,1.0,120.0,1.0,3.0,100.9123351677189,"[101.0, 101.0, 90.75]","[(101.0, 200.0), (101.0, 120.0), (90.75, 130.0)]",1.0,2,3,"[20.0, 12.0, 13.0]","[101.0, 101.0, 90.75]"
77613,"[37.0, 28.0, 45.0, 19.0, 18.0, 13.0, 26.0, 16.0, 12.0]","[250.0, 250.0, 296.0, 278.73334707923954, 202.0738495144293, 167.40359922257957, 119.0, 101.0, 81.0]",5,13.0,"[26.0, 16.0, 12.0]","[37.0, 65.0, 110.0, 129.0, 147.0, 160.0, 186.0, 202.0, 214.0]","[0.0, 37.0, 65.0, 110.0, 129.0, 147.0, 160.0, 186.0, 202.0]","[3.0, 3.0, 4.0, 4.0, 3.0, 2.0, 1.5, 1.0, 1.0]","[4, 4, 4, 3, 3, 3, 2, 2, 1]","[4, 4, 4, 4, 3, 3, 2, 2, 1]","[1.5, 1.0, 0.5, 0.5, 0.5, 0.5, 0.5, 1.0, 1.0]","[2.0, 1.0, 1.0, 1.0, 0.5, 0.5, 1.0, 1.0, 1.5]","[0, 0, 0, 0, 0, 0, 0, 0, 0]",2012-12-05 11:00,31,2,2.0,160.0,1.0,3.0,80.0,"[119.0, 101.0, 81.0]","[(119.0, 260.0), (101.0, 160.0), (81.0, 120.0)]",1.0,2,3,"[26.0, 16.0, 12.0]","[119.0, 101.0, 81.0]"
77614,"[18.0, 3.0, 65.0, 10.0]","[175.0, 296.0, 101.0, 86.0]",0,18.0,"[3.0, 65.0, 10.0]","[18.0, 21.0, 86.0, 96.0]","[0.0, 18.0, 21.0, 86.0]","[2.0, 4.0, 1.0, 1.0]","[9, 4, 2, 1]","[9, 4, 2, 2]","[1.0, 1.0, 1.0, 1.0]","[1.0, 1.0, 2.0, 2.0]","[0, 0, 0, 0]",2012-12-05 11:45,38,2,2.0,20.0,1.0,3.0,80.0,"[296.0, 101.0, 86.0]","[(296.0, 30.0), (101.0, 650.0), (86.0, 100.0)]",1.0,2,3,"[3.0, 65.0, 10.0]","[296.0, 101.0, 86.0]"
77621,"[28.0, 5.0, 9.0, 9.0, 27.0, 20.0, 17.0]","[184.0, 292.25, 204.0, 167.40359922257957, 155.51, 86.0, 81.0]",2,9.0,"[9.0, 27.0, 20.0, 17.0]","[28.0, 33.0, 42.0, 51.0, 78.0, 98.0, 115.0]","[0.0, 28.0, 33.0, 42.0, 51.0, 78.0, 98.0]","[2.0, 4.0, 2.0, 2.0, 1.0, 1.0, 1.0]","[7, 7, 4, 3, 3, 1, 1]","[7, 7, 4, 3, 3, 2, 1]","[1.0, 1.0, 1.0, 0.5, 0.5, 0.5, 2.0]","[1.0, 1.0, 1.0, 0.5, 0.5, 1.0, 2.0]","[0, 1, 0, 0, 0, 0, 0]",2012-12-06 11:00,31,2,2.0,42.0,1.0,3.0,80.0,"[167.40359922257957, 155.51, 86.0, 81.0]","[(167.40359922257957, 90.0), (155.51, 270.0), (86.0, 200.0), (81.0, 170.0)]",1.0,2,4,"[9.0, 27.0, 20.0, 17.0]","[167.40359922257957, 155.51, 86.0, 81.0]"
77633,"[2.0, 8.0, 15.0, 23.0, 29.0, 38.0, 24.0, 15.0]","[197.0, 204.0, 326.42346393368337, 169.30269941693467, 161.51749561875042, 221.84391954305838, 119.0, 96.0]",5,38.0,"[24.0, 15.0]","[2.0, 10.0, 25.0, 48.0, 77.0, 115.0, 139.0, 154.0]","[0.0, 2.0, 10.0, 25.0, 48.0, 77.0, 115.0, 139.0]","[1.0, 2.0, 4.5, 2.0, 2.5, 3.5, 1.5, 1.0]","[5, 4, 3, 3, 2, 3, 2, 2]","[4, 4, 3, 9, 3, 2, 2, 1]","[2.0, 1.0, 0.2, 0.5, 0.5, 0.2, 0.5, 0.7]","[2.5, 1.5, 0.5, 1.0, 1.5, 0.5, 1.0, 1.5]","[0, 0, 0, 0, 0, 0, 0, 0]",2012-12-08 09:00,30,2,1.0,115.0,1.0,4.0,80.0,"[119.0, 96.0]","[(119.0, 240.0), (96.0, 150.0)]",1.0,2,2,"[24.0, 15.0]","[119.0, 96.0]"
77753,"[6.0, 8.0, 7.0, 34.0, 24.0, 5.0, 14.0, 2.0]","[281.6875, 204.0, 227.0, 202.0738495144293, 194.8508998056449, 283.9375, 181.06998247500167, 96.0]",4,24.0,"[5.0, 14.0, 2.0]","[6.0, 14.0, 21.0, 55.0, 79.0, 84.0, 98.0, 100.0]","[0.0, 6.0, 14.0, 21.0, 55.0, 79.0, 84.0, 98.0]","[3.0, 2.0, 2.5, 3.0, 2.0, 4.0, 2.5, 1.0]","[7, 4, 4, 3, 4, 7, 3, 2]","[4, 4, 4, 3, 3, 9, 3, 1]","[4.0, 2.5, 1.5, 0.25, 0.5, 1.0, 0.25, 1.0]","[5.0, 3.0, 2.0, 0.5, 0.75, 1.5, 0.5, 1.5]","[1, 0, 0, 0, 0, 1, 0, 0]",2012-12-18 11:00,36,3,1.0,79.0,1.0,3.0,100.9123351677189,"[283.9375, 181.06998247500167, 96.0]","[(283.9375, 50.0), (181.06998247500167, 140.0), (96.0, 20.0)]",1.0,2,3,"[5.0, 14.0, 2.0]","[283.9375, 181.06998247500167, 96.0]"
77768,"[5.0, 15.0, 68.0, 11.0, 23.0, 21.0, 1.0]","[191.375, 204.0, 273.0, 202.0738495144293, 159.41582238929536, 105.75, 90.75]",4,23.0,"[21.0, 1.0]","[5.0, 20.0, 88.0, 99.0, 122.0, 143.0, 144.0]","[0.0, 5.0, 20.0, 88.0, 99.0, 122.0, 143.0]","[1.5, 2.0, 3.5, 3.0, 1.5, 1.0, 1.0]","[4, 4, 4, 3, 3, 2, 1]","[5, 4, 4, 3, 3, 0, 0]","[1.5, 1.0, 0.5, 0.5, 0.25, 0.5, 1.0]","[2.0, 1.5, 1.0, 0.5, 0.5, 1.0, 2.0]","[0, 0, 0, 0, 0, 0, 0]",2012-12-19 15:00,34,2,2.0,122.0,1.0,3.0,80.0,"[105.75, 90.75]","[(105.75, 210.0), (90.75, 10.0)]",1.0,2,2,"[21.0, 1.0]","[105.75, 90.75]"
77794,"[66.0, 4.0, 37.0, 2.0, 1.0, 20.0, 20.0, 5.0]","[196.0, 204.0, 181.06998247500167, 167.40359922257957, 202.0738495144293, 149.3118667919715, 96.0, 144.6008998056449]",6,20.0,[5.0],"[161.0, 165.0, 202.0, 204.0, 205.0, 225.0, 245.0, 250.0]","[95.0, 161.0, 165.0, 202.0, 204.0, 205.0, 225.0, 245.0]","[2.5, 2.0, 2.5, 2.0, 3.0, 1.5, 1.0, 2.0]","[9, 4, 3, 3, 3, 3, 2, 2]","[9, 4, 3, 3, 3, 2, 1, 3]","[0.5, 1.0, 0.5, 0.5, 0.5, 0.5, 1.0, 1.0]","[1.0, 1.0, 0.5, 1.0, 0.5, 1.0, 2.0, 1.0]","[0, 0, 0, 0, 0, 0, 0, 0]",2012-12-23 14:45,35,2,2.0,245.0,1.0,3.0,80.0,[144.6008998056449],"[(144.6008998056449, 50.0)]",1.0,2,1,[5.0],[144.6008998056449]
78047,"[57.0, 37.0, 37.0, 5.0, 29.0, 1.0]","[272.9777961056527, 272.9777961056527, 202.0738495144293, 250.0, 155.51, 101.0]",3,5.0,"[29.0, 1.0]","[57.0, 94.0, 131.0, 136.0, 165.0, 166.0]","[0.0, 57.0, 94.0, 131.0, 136.0, 165.0]","[4.0, 4.0, 3.0, 3.0, 1.0, 1.0]","[3, 3, 3, 4, 3, 2]","[3, 3, 3, 4, 3, 2]","[0.2, 0.2, 0.2, 0.5, 0.5, 1.0]","[0.5, 0.5, 0.5, 1.5, 0.5, 1.0]","[0, 0, 0, 0, 0, 0]",2013-01-17 10:00,33,3,1.0,136.0,1.0,3.0,100.9123351677189,"[155.51, 101.0]","[(155.51, 290.0), (101.0, 10.0)]",1.0,2,2,"[29.0, 1.0]","[155.51, 101.0]"
78167,"[15.0, 20.0, 30.0, 15.0, 30.0, 55.0, 15.0, 20.0]","[175.0, 217.0, 217.0, 205.80538713582197, 202.0738495144293, 272.9777961056527, 144.6008998056449, 101.0]",6,15.0,[20.0],"[15.0, 35.0, 65.0, 80.0, 110.0, 165.0, 180.0, 200.0]","[0.0, 15.0, 35.0, 65.0, 80.0, 110.0, 165.0, 180.0]","[2.0, 3.0, 3.0, 3.0, 3.0, 4.0, 2.0, 1.0]","[9, 9, 9, 3, 3, 3, 2, 2]","[9, 9, 9, 9, 3, 3, 3, 2]","[1.0, 1.0, 1.0, 0.5, 0.5, 0.5, 0.5, 1.0]","[1.5, 1.5, 1.5, 1.5, 0.5, 0.5, 1.5, 1.0]","[0, 0, 0, 0, 0, 0, 0, 0]",2013-01-29 10:00,41,2,2.0,180.0,1.0,3.0,80.0,[101.0],"[(101.0, 200.0)]",1.0,2,1,[20.0],[101.0]
78183,"[5.0, 35.0, 10.0, 10.0, 32.0, 23.0, 5.5, 1.5, 32.5, 0.5, 8.0, 2.5, 1.5]","[286.75, 246.75, 171.125, 225.25, 264.25, 241.75, 174.25, 262.9375, 174.25, 440.0, 96.0, 114.6275, 294.4375]",10,8.0,"[2.5, 1.5]","[5.0, 40.0, 50.0, 60.0, 92.0, 115.0, 120.5, 122.0, 154.5, 155.0, 163.0, 165.5, 167.0]","[0.0, 5.0, 40.0, 50.0, 60.0, 92.0, 115.0, 120.5, 122.0, 154.5, 155.0, 163.0, 165.5]","[4.0, 3.5, 1.5, 3.0, 3.5, 3.0, 1.5, 2.0, 1.5, 6.0, 1.0, 1.0, 5.0]","[4, 9, 9, 9, 4, 4, 4, 7, 4, 8, 2, 2, 7]","[9, 4, 5, 4, 9, 9, 9, 9, 9, 8, 1, 3, 9]","[0.5, 0.5, 1.0, 0.5, 0.5, 0.5, 1.0, 1.0, 0.5, nan, 1.0, 0.5, 1.0]","[1.0, 1.5, 3.0, 2.0, 1.0, 1.25, 1.5, 2.5, 1.25, nan, 3.0, 1.5, 2.5]","[0, 0, 0, 0, 0, 0, 0, 1, 0, 0, 0, 0, 1]",2013-01-31 12:00,38,2,1.0,163.0,1.0,3.0,80.0,"[114.6275, 294.4375]","[(114.6275, 25.0), (294.4375, 15.0)]",1.0,2,2,"[2.5, 1.5]","[114.6275, 294.4375]"
78203,"[40.0, 5.0, 44.5, 0.5, 19.0, 1.0, 5.0, 2.0, 12.0]","[250.0, 290.2444490264132, 202.0738495144293, 140.0, 181.06998247500167, 232.12522605741117, 194.8508998056449, 292.25, 81.0]",3,0.5,"[19.0, 1.0, 5.0, 2.0, 12.0]","[40.0, 45.0, 89.5, 90.0, 109.0, 110.0, 115.0, 117.0, 129.0]","[0.0, 40.0, 45.0, 89.5, 90.0, 109.0, 110.0, 115.0, 117.0]","[3.0, 4.0, 3.0, 1.0, 2.5, 3.5, 2.0, 3.0, 1.0]","[4, 4, 3, 6, 3, 3, 4, 7, 1]","[4, 3, 3, 6, 3, 3, 3, 7, 1]","[2.0, 1.0, 0.5, 1.0, 1.0, 1.0, 0.5, 2.0, 2.0]","[2.5, 1.5, 0.8, 1.0, 8.0, 1.5, 1.0, 3.0, 2.5]","[0, 0, 0, 0, 0, 0, 0, 1, 0]",2013-02-01 08:00,33,3,1.0,90.0,1.0,3.0,100.9123351677189,"[181.06998247500167, 232.12522605741117, 194.8508998056449, 292.25, 81.0]","[(181.06998247500167, 190.0), (232.12522605741117, 10.0), (194.8508998056449, 50.0), (292.25, 20.0), (81.0, 120.0)]",1.0,2,5,"[19.0, 1.0, 5.0, 2.0, 12.0]","[181.06998247500167, 232.12522605741117, 194.8508998056449, 292.25, 81.0]"
78512,"[3.0, 7.0, 8.0, 4.0, 6.0, 4.0, 13.0, 6.0, 8.0, 9.0, 12.0, 4.5, 0.5]","[212.125, 210.0, 220.0, 222.5, 196.75, 212.125, 204.0, 171.0, 219.25, 204.0, 175.60395559732385, 158.0, 159.41582238929536]",6,13.0,"[6.0, 8.0, 9.0, 12.0, 4.5, 0.5]","[3.0, 10.0, 18.0, 22.0, 28.0, 32.0, 45.0, 51.0, 59.0, 68.0, 80.0, 84.5, 85.0]","[0.0, 3.0, 10.0, 18.0, 22.0, 28.0, 32.0, 45.0, 51.0, 59.0, 68.0, 80.0, 84.5]","[1.5, 1.0, 2.0, 1.5, 2.0, 1.5, 2.0, 1.0, 2.5, 2.0, 1.5, 1.0, 1.5]","[5, 5, 5, 5, 4, 5, 4, 4, 4, 4, 4, 4, 3]","[4, 5, 9, 5, 9, 4, 4, 5, 9, 4, 3, 4, 3]","[2.0, 2.0, 2.0, 2.0, 2.0, 2.0, 2.0, 1.0, 1.0, 0.5, 0.5, 1.0, 0.25]","[3.0, 5.0, 2.0, 5.0, 2.0, 4.0, 3.0, 2.0, 1.5, 1.5, 1.0, 1.0, 0.5]","[0, 0, 0, 0, 0, 0, 0, 0, 0, 0, 0, 0, 0]",2013-03-05 10:30,28,5,2.0,45.0,3.0,1.0,197.7469839309005,"[171.0, 219.25, 204.0, 175.60395559732385, 158.0, 159.41582238929536]","[(171.0, 60.0), (219.25, 80.0), (204.0, 90.0), (175.60395559732385, 120.0), (158.0, 45.0), (159.41582238929536, 5.0)]",3.0,2,6,"[6.0, 8.0, 9.0, 12.0, 4.5, 0.5]","[171.0, 219.25, 204.0, 175.60395559732385, 158.0, 159.41582238929536]"
78639,"[5.0, 40.0, 43.0, 25.0, 1.0, 16.0, 25.0, 3.0, 2.0, 2.0, 8.0, 34.0, 1.0]","[191.375, 273.0, 250.0, 214.05538713582197, 440.0, 215.51749561875042, 181.0, 292.25, 130.25, 292.25, 132.0, 104.0, 292.25]",7,3.0,"[2.0, 2.0, 8.0, 34.0, 1.0]","[5.0, 45.0, 88.0, 113.0, 114.0, 130.0, 155.0, 158.0, 160.0, 162.0, 170.0, 204.0, 205.0]","[0.0, 5.0, 45.0, 88.0, 113.0, 114.0, 130.0, 155.0, 158.0, 160.0, 162.0, 170.0, 204.0]","[1.5, 3.5, 3.0, 3.0, 6.0, 2.5, 1.5, 5.0, 1.0, 4.5, 2.0, 1.5, 4.0]","[4, 4, 4, 3, 8, 4, 4, 7, 6, 7, 2, 1, 7]","[5, 4, 4, 4, 8, 3, 4, 7, 2, 7, 1, 2, 7]","[2.0, 1.5, 1.0, 0.8, nan, 0.8, 1.5, 1.5, 2.0, 1.5, 1.0, 1.5, 1.0]","[3.0, 2.5, 1.5, 1.0, nan, 1.0, 2.0, 2.0, 3.0, 2.0, 2.0, 2.5, 1.5]","[0, 0, 0, 0, 0, 0, 0, 1, 0, 1, 0, 0, 1]",2013-03-22 08:00,28,3,1.0,158.0,1.0,3.0,100.9123351677189,"[130.25, 292.25, 132.0, 104.0, 292.25]","[(130.25, 20.0), (292.25, 20.0), (132.0, 80.0), (104.0, 340.0), (292.25, 10.0)]",1.0,2,5,"[2.0, 2.0, 8.0, 34.0, 1.0]","[130.25, 292.25, 132.0, 104.0, 292.25]"
78644,"[60.0, 24.0, 15.0, 4.0, 2.0, 45.0, 8.0]","[223.875, 270.1875, 167.40359922257957, 155.51, 312.0, 144.6008998056449, 86.0]",5,45.0,[8.0],"[60.0, 84.0, 99.0, 103.0, 105.0, 150.0, 158.0]","[0.0, 60.0, 84.0, 99.0, 103.0, 105.0, 150.0]","[2.5, 2.0, 2.0, 1.0, 4.0, 2.0, 1.0]","[7, 7, 3, 3, 7, 2, 1]","[5, 4, 3, 3, 7, 3, 2]","[3.0, 2.0, 2.0, 1.0, 2.0, 1.0, 1.0]","[3.0, 2.0, 2.0, 2.0, 2.0, 1.0, 1.0]","[0, 1, 0, 0, 0, 0, 0]",2013-03-25 08:30,32,2,1.0,150.0,1.0,3.0,80.0,[86.0],"[(86.0, 80.0)]",1.0,2,1,[8.0],[86.0]
78690,"[20.0, 51.0, 4.0, 14.0, 4.0, 11.0, 6.0]","[247.5, 227.25, 298.9375, 174.55248685625125, 287.4319490264132, 86.0, 114.0]",4,4.0,"[11.0, 6.0]","[20.0, 71.0, 75.0, 89.0, 93.0, 104.0, 110.0]","[0.0, 20.0, 71.0, 75.0, 89.0, 93.0, 104.0]","[2.5, 2.0, 4.5, 2.5, 4.0, 1.0, 1.5]","[5, 5, 7, 3, 7, 1, 2]","[5, 4, 4, 2, 3, 2, 1]","[4.0, 2.0, 1.0, 0.5, 1.0, 1.0, 0.5]","[8.0, 4.0, 2.0, 1.0, 1.5, 2.0, 1.0]","[0, 0, 1, 0, 1, 0, 0]",2013-03-30 10:00,38,2,1.0,93.0,1.0,3.0,80.0,"[86.0, 114.0]","[(86.0, 110.0), (114.0, 60.0)]",1.0,2,2,"[11.0, 6.0]","[86.0, 114.0]"
78937,"[13.0, 7.0, 19.0, 10.0, 2.0, 27.0, 1.0, 4.0]","[181.0, 292.25, 181.06998247500167, 194.8508998056449, 181.06998247500167, 181.0, 181.06998247500167, 81.0]",-1,,[],"[13.0, 20.0, 39.0, 49.0, 51.0, 78.0, 79.0, 83.0]","[0.0, 13.0, 20.0, 39.0, 49.0, 51.0, 78.0, 79.0]","[1.5, 3.0, 2.5, 2.0, 2.5, 1.5, 2.5, 1.0]","[4, 7, 3, 4, 3, 4, 3, 1]","[4, 7, 3, 3, 3, 4, 3, 1]","[1.0, 1.0, 0.25, 0.5, 0.25, 1.0, 0.5, 1.0]","[2.0, 3.0, 0.5, 1.0, 0.5, 2.0, 0.5, 1.0]","[0, 1, 0, 0, 0, 0, 0, 0]",2013-12-01 11:15,35,7,0.0,83.0,3.0,1.0,878.8754841373355,[],[],3.0,2,0,[],[]
78949,"[2.0, 3.0, 20.0, 45.0, 14.0, 16.0]","[292.25, 204.0, 214.05538713582197, 167.40359922257957, 167.40359922257957, 194.80538713582197]",-1,,[],"[2.0, 5.0, 25.0, 70.0, 84.0, 100.0]","[0.0, 2.0, 5.0, 25.0, 70.0, 84.0]","[4.0, 2.0, 3.0, 2.0, 2.0, 3.0]","[7, 4, 3, 3, 3, 3]","[7, 4, 4, 3, 3, 2]","[3.0, 1.0, 0.5, 0.2, 0.5, 0.5]","[3.0, 2.0, 1.0, 0.5, 0.5, 0.5]","[1, 0, 0, 0, 0, 0]",2013-12-03 11:00,43,7,0.0,100.0,3.0,1.0,878.8754841373355,[],[],3.0,2,0,[],[]
79039,"[11.0, 6.0, 8.0, 11.0, 10.0, 9.0, 12.0, 7.0, 12.0, 4.0, 2.0]","[259.0, 250.0, 204.0, 227.0, 204.0, 204.0, 227.0, 204.0, 232.12522605741117, 214.05538713582197, 157.3775]",-1,,[],"[11.0, 17.0, 25.0, 36.0, 46.0, 55.0, 67.0, 74.0, 86.0, 90.0, 92.0]","[0.0, 11.0, 17.0, 25.0, 36.0, 46.0, 55.0, 67.0, 74.0, 86.0, 90.0]","[4.0, 3.0, 2.0, 2.5, 2.0, 2.0, 2.5, 2.0, 3.5, 3.0, 1.0]","[9, 4, 4, 4, 4, 4, 4, 4, 3, 3, 4]","[9, 4, 4, 4, 4, 4, 4, 4, 3, 4, 3]","[2.0, 0.5, 1.0, 1.0, 1.5, 1.5, 1.5, 1.0, 0.25, 0.25, 0.5]","[3.0, 1.0, 1.5, 1.5, 2.0, 1.5, 1.5, 1.5, 0.5, 0.5, 1.5]","[0, 0, 0, 0, 0, 0, 0, 0, 0, 0, 0]",2013-12-16 08:30,38,7,0.0,92.0,3.0,1.0,878.8754841373355,[],[],3.0,2,0,[],[]
79044,"[3.0, 11.0, 3.0, 8.0, 15.0, 26.0, 6.0, 2.0, 2.0, 1.0]","[123.25, 357.25, 211.0, 294.4375, 268.25, 151.75, 139.25, 160.75, 151.75, 158.0]",-1,,[],"[3.0, 14.0, 17.0, 25.0, 40.0, 66.0, 72.0, 74.0, 76.0, 77.0]","[0.0, 3.0, 14.0, 17.0, 25.0, 40.0, 66.0, 72.0, 74.0, 76.0]","[1.0, 5.0, 2.5, 5.0, 4.0, 1.0, 1.0, 1.5, 1.0, 1.0]","[7, 7, 7, 7, 9, 4, 9, 9, 4, 4]","[9, 9, 9, 9, 4, 9, 4, 4, 9, 4]","[1.0, 1.0, 0.5, 0.5, 0.5, 0.5, 0.5, 0.5, 0.5, 0.5]","[3.0, 2.5, 2.5, 2.5, 2.0, 2.0, 2.0, 2.0, 2.0, 1.5]","[0, 0, 0, 1, 0, 0, 0, 0, 0, 0]",2013-12-16 11:15,37,7,0.0,77.0,3.0,1.0,878.8754841373355,[],[],3.0,2,0,[],[]
79070,"[12.0, 1.0, 15.0, 1.0, 5.0, 10.0, 4.0, 3.0, 1.0, 1.0, 2.0, 7.0]","[222.5, 440.0, 273.4375, 269.5, 273.4375, 240.25, 211.0, 281.6875, 211.75, 440.0, 225.25, 115.25]",-1,,[],"[12.0, 13.0, 28.0, 29.0, 34.0, 44.0, 48.0, 51.0, 52.0, 53.0, 55.0, 62.0]","[0.0, 12.0, 13.0, 28.0, 29.0, 34.0, 44.0, 48.0, 51.0, 52.0, 53.0, 55.0]","[1.5, 6.0, 3.0, 3.5, 3.0, 3.0, 2.5, 3.0, 2.0, 6.0, 3.0, 1.0]","[5, 8, 7, 7, 7, 7, 7, 7, 4, 8, 9, 2]","[5, 8, 9, 9, 9, 9, 9, 4, 5, 8, 4, 4]","[3.0, nan, 2.0, 1.0, 1.0, 1.0, 1.5, 1.5, 1.5, nan, 1.0, 0.5]","[4.0, nan, 3.0, 1.5, 2.5, 3.0, 3.0, 2.5, 2.5, nan, 1.5, 1.5]","[0, 0, 1, 0, 1, 0, 0, 1, 0, 0, 0, 0]",2013-12-24 10:30,35,7,0.0,62.0,3.0,1.0,878.8754841373355,[],[],3.0,2,0,[],[]
79280,"[14.0, 1.0, 33.0, 13.0, 23.0, 5.0, 9.0, 1.0]","[292.25, 120.0, 181.0, 290.2444490264132, 181.06998247500167, 232.12522605741117, 101.0, 144.6008998056449]",-1,,[],"[14.0, 15.0, 48.0, 61.0, 84.0, 89.0, 98.0, 99.0]","[0.0, 14.0, 15.0, 48.0, 61.0, 84.0, 89.0, 98.0]","[4.0, 1.0, 1.5, 4.0, 2.5, 3.5, 1.0, 2.0]","[7, 0, 4, 4, 3, 3, 2, 2]","[7, 0, 4, 3, 3, 3, 2, 3]","[1.0, 2.0, 1.0, 0.5, 5.0, 0.25, 1.0, 0.5]","[2.0, 2.0, 2.0, 0.5, 5.0, 0.5, 1.0, 1.0]","[1, 0, 0, 0, 0, 0, 0, 0]",2014-01-12 14:15,30,7,0.0,99.0,3.0,1.0,878.8754841373355,[],[],3.0,2,0,[],[]
79329,"[8.0, 16.0, 38.0, 44.0, 24.0, 3.0, 34.0, 15.0]","[292.25, 214.05538713582197, 192.55248685625125, 167.40359922257957, 155.51, 167.40359922257957, 141.8825, 167.40359922257957]",6,34.0,[15.0],"[8.0, 24.0, 62.0, 106.0, 130.0, 133.0, 167.0, 182.0]","[0.0, 8.0, 24.0, 62.0, 106.0, 130.0, 133.0, 167.0]","[1.0, 3.0, 2.5, 2.0, 1.0, 2.0, 1.0, 2.0]","[7, 3, 3, 3, 3, 3, 3, 3]","[7, 4, 4, 3, 3, 3, 2, 3]","[2.0, 0.5, 0.5, 0.5, 0.5, 0.25, 0.25, 0.25]","[4.0, 0.5, 0.5, 0.5, 0.5, 0.25, 0.25, 0.25]","[1, 0, 0, 0, 0, 0, 0, 0]",2014-01-16 09:15,34,3,1.0,167.0,1.0,3.0,100.9123351677189,[167.40359922257957],"[(167.40359922257957, 150.0)]",1.0,2,1,[15.0],[167.40359922257957]
79353,"[31.0, 40.0, 15.0, 14.0, 7.0, 13.0, 15.0, 15.0]","[214.05538713582197, 232.12522605741117, 202.0738495144293, 192.55248685625125, 202.0738495144293, 119.0, 129.6008998056449, 81.0]",5,13.0,"[15.0, 15.0]","[31.0, 71.0, 86.0, 100.0, 107.0, 120.0, 135.0, 150.0]","[0.0, 31.0, 71.0, 86.0, 100.0, 107.0, 120.0, 135.0]","[3.0, 3.5, 3.0, 2.5, 3.0, 1.5, 2.0, 1.0]","[3, 3, 3, 3, 3, 2, 1, 1]","[4, 3, 3, 4, 3, 2, 3, 1]","[0.5, 0.25, 0.25, 0.5, 0.25, 1.0, 0.5, 1.0]","[0.5, 0.5, 0.5, 0.5, 0.5, 1.0, 1.0, 2.0]","[0, 0, 0, 0, 0, 0, 0, 0]",2014-01-17 11:00,43,2,1.0,120.0,1.0,3.0,80.0,"[129.6008998056449, 81.0]","[(129.6008998056449, 150.0), (81.0, 150.0)]",1.0,2,2,"[15.0, 15.0]","[129.6008998056449, 81.0]"
79431,"[27.0, 60.0, 50.0, 10.0, 5.0, 35.0]","[272.9777961056527, 192.55248685625125, 214.05538713582197, 202.0738495144293, 137.0, 81.0]",4,5.0,[35.0],"[27.0, 87.0, 137.0, 147.0, 152.0, 187.0]","[0.0, 27.0, 87.0, 137.0, 147.0, 152.0]","[4.0, 2.5, 3.0, 3.0, 2.0, 1.0]","[3, 3, 3, 3, 2, 1]","[3, 4, 4, 3, 2, 1]","[0.25, 0.5, 0.5, 0.5, 1.0, 1.0]","[0.5, 1.0, 0.5, 0.5, 2.0, 3.0]","[0, 0, 0, 0, 0, 0]",2014-01-27 15:00,39,2,1.0,152.0,1.0,3.0,80.0,[81.0],"[(81.0, 350.0)]",1.0,2,1,[35.0],[81.0]
79434,"[41.0, 50.0, 40.0, 10.0, 35.0, 20.0]","[268.25, 290.2444490264132, 175.0, 202.0738495144293, 272.9777961056527, 81.0]",4,35.0,[20.0],"[41.0, 91.0, 131.0, 141.0, 176.0, 196.0]","[0.0, 41.0, 91.0, 131.0, 141.0, 176.0]","[4.0, 4.0, 2.0, 3.0, 4.0, 1.0]","[9, 4, 9, 3, 3, 1]","[4, 3, 9, 3, 3, 1]","[0.5, 0.5, 0.5, 0.5, 0.5, 1.0]","[0.5, 0.5, 1.0, 0.5, 0.5, 2.0]","[0, 0, 0, 0, 0, 0]",2014-01-28 12:00,41,2,1.0,176.0,1.0,3.0,80.0,[81.0],"[(81.0, 200.0)]",1.0,2,1,[20.0],[81.0]
79452,"[5.0, 10.0, 45.0, 8.0, 20.0, 5.0, 14.0, 18.0]","[292.25, 210.0, 259.0, 214.05538713582197, 159.41582238929536, 214.05538713582197, 119.0, 101.0]",6,14.0,[18.0],"[5.0, 15.0, 60.0, 68.0, 88.0, 93.0, 107.0, 125.0]","[0.0, 5.0, 15.0, 60.0, 68.0, 88.0, 93.0, 107.0]","[2.5, 1.0, 4.0, 3.0, 1.5, 3.0, 1.5, 1.0]","[7, 5, 9, 3, 3, 3, 2, 2]","[7, 5, 9, 4, 3, 4, 2, 2]","[1.0, 2.0, 1.0, 0.5, 0.5, 0.5, 1.0, 1.0]","[2.0, 3.0, 1.0, 0.75, 0.5, 0.75, 1.0, 1.0]","[1, 0, 0, 0, 0, 0, 0, 0]",2014-01-29 10:00,33,3,1.0,120.0,1.0,3.0,100.9123351677189,[101.0],"[(101.0, 180.0)]",1.0,2,1,[18.0],[101.0]
79551,"[10.0, 64.0, 40.0, 4.0, 2.0, 12.0, 22.0, 2.0, 5.0, 20.0, 4.0, 2.0]","[251.0, 376.0, 249.5, 250.0, 296.0, 264.25, 241.75, 167.40359922257957, 326.42346393368337, 141.8825, 272.9777961056527, 86.0]",9,20.0,"[4.0, 2.0]","[10.0, 74.0, 114.0, 118.0, 120.0, 132.0, 154.0, 156.0, 161.0, 181.0, 185.0, 187.0]","[0.0, 10.0, 74.0, 114.0, 118.0, 120.0, 132.0, 154.0, 156.0, 161.0, 181.0, 185.0]","[3.0, 5.0, 3.0, 3.0, 4.0, 3.5, 3.0, 2.0, 4.5, 1.0, 4.0, 1.0]","[7, 7, 4, 4, 4, 4, 4, 3, 3, 3, 3, 1]","[5, 7, 7, 4, 4, 9, 9, 3, 3, 2, 3, 2]","[2.0, 1.5, 1.0, 1.0, 1.0, 0.5, 1.0, 0.5, 0.5, 1.0, 0.25, 1.0]","[3.0, 2.0, 2.0, 1.5, 1.0, 1.5, 1.5, 1.0, 1.0, 1.5, 0.5, 2.0]","[0, 0, 0, 0, 0, 0, 0, 0, 0, 0, 0, 0]",2014-02-06 09:00,34,2,2.0,181.0,1.0,3.0,80.0,"[272.9777961056527, 86.0]","[(272.9777961056527, 40.0), (86.0, 20.0)]",1.0,2,2,"[4.0, 2.0]","[272.9777961056527, 86.0]"
79580,"[5.0, 25.0, 9.0, 27.5, 0.5, 17.5, 0.5, 20.0, 1.0, 8.5, 0.5, 27.0, 2.5, 0.5, 28.0, 19.0, 7.5, 0.5]","[153.5, 133.0, 238.0, 225.25, 140.0, 219.25, 140.0, 242.34391954305838, 232.12522605741117, 214.05538713582197, 140.0, 159.80269941693467, 149.8825, 140.0, 141.8825, 159.41582238929536, 86.0, 125.25]",4,0.5,"[17.5, 0.5, 20.0, 1.0, 8.5, 0.5, 27.0, 2.5, 0.5, 28.0, 19.0, 7.5, 0.5]","[5.0, 30.0, 39.0, 66.5, 67.0, 84.5, 85.0, 105.0, 106.0, 114.5, 115.0, 142.0, 144.5, 145.0, 173.0, 192.0, 199.5, 200.0]","[0.0, 5.0, 30.0, 39.0, 66.5, 67.0, 84.5, 85.0, 105.0, 106.0, 114.5, 115.0, 142.0, 144.5, 145.0, 173.0, 192.0, 199.5]","[1.5, 1.0, 3.5, 3.0, 1.0, 2.5, 1.0, 3.5, 3.5, 3.0, 1.0, 2.0, 1.0, 1.0, 1.0, 1.5, 1.0, 1.0]","[9, 9, 9, 9, 6, 4, 6, 3, 3, 3, 6, 3, 3, 6, 3, 3, 1, 6]","[7, 9, 9, 4, 6, 9, 6, 4, 3, 4, 6, 2, 9, 6, 2, 3, 2, 1]","[1.0, 1.0, 0.5, 0.5, 1.0, 0.5, 1.0, 0.2, 0.2, 0.2, 1.0, 0.2, 0.2, 1.0, 0.2, 0.2, 1.0, 1.0]","[3.0, 2.5, 1.0, 1.5, 2.0, 1.2, 5.0, 1.0, 0.3, 0.75, 2.0, 0.5, 1.25, 2.0, 1.0, 0.3, 3.0, 2.0]","[0, 0, 0, 0, 0, 0, 0, 0, 0, 0, 0, 0, 0, 0, 0, 0, 0, 0]",2014-02-11 13:45,32,3,1.0,67.0,1.0,3.0,100.9123351677189,"[219.25, 140.0, 242.34391954305838, 232.12522605741117, 214.05538713582197, 140.0, 159.80269941693467, 149.8825, 140.0, 141.8825, 159.41582238929536, 86.0, 125.25]","[(219.25, 175.0), (140.0, 5.0), (242.34391954305838, 200.0), (232.12522605741117, 10.0), (214.05538713582197, 85.0), (140.0, 5.0), (159.80269941693467, 270.0), (149.8825, 25.0), (140.0, 5.0), (141.8825, 280.0), (159.41582238929536, 190.0), (86.0, 75.0), (125.25, 5.0)]",1.0,2,13,"[17.5, 0.5, 20.0, 1.0, 8.5, 85.5]","[219.25, 140.0, 242.34391954305838, 232.12522605741117, 214.05538713582197, 137.77919022577873]"
79631,"[12.0, 26.0, 21.0, 7.0, 13.0, 19.0]","[235.0, 259.0, 250.0, 292.25, 119.0, 81.0]",3,7.0,"[13.0, 19.0]","[12.0, 38.0, 59.0, 66.0, 79.0, 98.0]","[0.0, 12.0, 38.0, 59.0, 66.0, 79.0]","[2.0, 4.0, 3.0, 4.5, 1.5, 1.0]","[5, 9, 4, 7, 2, 1]","[5, 9, 4, 7, 2, 1]","[2.0, 1.0, 0.5, 0.5, 1.0, 2.0]","[2.0, 1.0, 1.0, 1.0, 1.0, 2.0]","[0, 0, 0, 1, 0, 0]",2014-02-14 12:00,34,2,1.0,66.0,1.0,3.0,80.0,"[119.0, 81.0]","[(119.0, 130.0), (81.0, 190.0)]",1.0,2,2,"[13.0, 19.0]","[119.0, 81.0]"
79698,"[11.0, 1.0, 1.0, 6.0, 4.0, 22.0, 30.0, 30.0, 4.0, 7.0, 5.0, 3.0, 2.0, 1.0, 4.0, 7.0, 3.0, 1.0, 1.0, 1.0, 6.0, 1.0, 2.0]","[310.0, 440.0, 310.0, 260.0, 310.0, 235.0, 259.0, 250.0, 175.0, 262.78130651435276, 158.0, 204.0, 155.51, 217.0, 272.9777961056527, 141.8825, 331.75, 292.25, 202.0738495144293, 440.0, 141.8825, 194.80538713582197, 86.0]",11,3.0,"[2.0, 1.0, 4.0, 7.0, 3.0, 1.0, 1.0, 1.0, 6.0, 1.0, 2.0]","[11.0, 12.0, 13.0, 19.0, 23.0, 45.0, 75.0, 105.0, 109.0, 116.0, 121.0, 124.0, 126.0, 127.0, 131.0, 138.0, 141.0, 142.0, 143.0, 144.0, 150.0, 151.0, 153.0]","[0.0, 11.0, 12.0, 13.0, 19.0, 23.0, 45.0, 75.0, 105.0, 109.0, 116.0, 121.0, 124.0, 126.0, 127.0, 131.0, 138.0, 141.0, 142.0, 143.0, 144.0, 150.0, 151.0]","[5.0, 6.0, 5.0, 3.0, 5.0, 2.0, 4.0, 3.0, 2.0, 3.5, 1.0, 2.0, 1.0, 3.0, 4.0, 1.0, 5.0, 5.0, 3.0, 6.0, 1.0, 3.0, 1.0]","[5, 8, 5, 5, 5, 5, 9, 4, 9, 4, 4, 4, 3, 9, 3, 3, 4, 7, 3, 8, 3, 3, 1]","[5, 8, 5, 5, 5, 5, 9, 4, 9, 3, 4, 4, 3, 9, 3, 2, 9, 7, 3, 8, 2, 2, 2]","[1.5, nan, 2.0, 2.0, 3.0, 2.0, 1.0, 2.0, 1.0, 1.0, 1.5, 1.0, 0.5, 1.0, 1.0, 0.5, 1.0, 3.0, 0.5, nan, 0.5, 0.5, 1.0]","[4.0, nan, 4.0, 4.0, 4.0, 4.0, 1.0, 2.0, 2.0, 3.0, 2.0, 2.0, 1.5, 1.0, 4.0, 1.0, 2.0, 4.0, 0.5, nan, 0.5, 1.0, 1.0]","[0, 0, 0, 0, 0, 0, 0, 0, 0, 0, 0, 0, 0, 0, 0, 0, 0, 1, 0, 0, 0, 0, 0]",2014-02-20 09:00,34,2,1.0,125.0,1.0,3.0,80.0,"[155.51, 217.0, 272.9777961056527, 141.8825, 331.75, 292.25, 202.0738495144293, 440.0, 141.8825, 194.80538713582197, 86.0]","[(155.51, 20.0), (217.0, 10.0), (272.9777961056527, 40.0), (141.8825, 70.0), (331.75, 30.0), (292.25, 10.0), (202.0738495144293, 10.0), (440.0, 10.0), (141.8825, 60.0), (194.80538713582197, 10.0), (86.0, 20.0)]",1.0,2,11,"[2.0, 1.0, 4.0, 7.0, 3.0, 12.0]","[155.51, 217.0, 272.9777961056527, 141.8825, 331.75, 226.16862277504188]"
79869,"[5.0, 5.0, 28.0, 2.0, 3.0, 2.0, 10.0, 15.0, 22.0, 13.0, 10.5, 0.5]","[158.0, 287.4319490264132, 219.25, 277.21880651435276, 184.80248685625125, 232.12522605741117, 181.0, 278.6875, 154.0, 272.9777961056527, 101.0, 259.0414555973238]",-1,,[],"[5.0, 10.0, 38.0, 40.0, 43.0, 45.0, 55.0, 70.0, 92.0, 105.0, 115.5, 116.0]","[0.0, 5.0, 10.0, 38.0, 40.0, 43.0, 45.0, 55.0, 70.0, 92.0, 105.0, 115.5]","[1.0, 4.0, 2.5, 3.5, 2.5, 3.5, 1.5, 3.5, 1.5, 4.0, 1.0, 1.5]","[4, 7, 4, 7, 3, 3, 4, 7, 9, 3, 2, 7]","[4, 3, 9, 3, 9, 3, 4, 9, 9, 3, 2, 3]","[1.0, 0.5, 1.0, 0.5, 0.5, 0.25, 1.0, 1.0, 1.0, 0.5, 1.0, 0.5]","[1.5, 2.0, 1.5, 1.5, 1.0, 0.5, 1.5, 2.0, 1.5, 0.5, 1.5, 1.0]","[0, 1, 0, 1, 0, 0, 0, 1, 0, 0, 0, 1]",2014-03-13 14:00,37,7,0.0,116.0,3.0,1.0,878.8754841373355,[],[],3.0,2,0,[],[]
79879,"[50.0, 120.0, 17.0]","[211.75, 192.55248685625125, 114.6275]",-1,,[],"[50.0, 170.0, 187.0]","[0.0, 50.0, 170.0]","[2.0, 2.5, 1.0]","[4, 3, 2]","[5, 4, 3]","[2.0, 0.5, 0.5]","[3.0, 2.0, 1.0]","[0, 0, 0]",2014-03-14 08:45,30,7,0.0,187.0,3.0,1.0,878.8754841373355,[],[],3.0,2,0,[],[]
79888,"[40.0, 60.0, 7.0, 3.0, 4.0, 19.0, 4.0]","[272.9777961056527, 202.0738495144293, 202.0738495144293, 272.9777961056527, 202.0738495144293, 144.6008998056449, 137.0]",4,4.0,"[19.0, 4.0]","[40.0, 100.0, 107.0, 110.0, 114.0, 133.0, 137.0]","[0.0, 40.0, 100.0, 107.0, 110.0, 114.0, 133.0]","[4.0, 3.0, 3.0, 4.0, 3.0, 2.0, 2.0]","[3, 3, 3, 3, 3, 2, 2]","[3, 3, 3, 3, 3, 3, 2]","[0.25, 0.25, 0.25, 0.5, 0.5, 1.0, 1.0]","[0.25, 0.5, 0.5, 0.5, 0.5, 1.0, 1.0]","[0, 0, 0, 0, 0, 0, 0]",2014-03-14 10:00,35,4,2.0,128.0,3.0,1.0,131.83132262060033,"[144.6008998056449, 137.0]","[(144.6008998056449, 190.0), (137.0, 40.0)]",3.0,2,2,"[19.0, 4.0]","[144.6008998056449, 137.0]"
79917,"[9.0, 11.0, 9.0, 13.0, 21.0, 6.0, 10.0, 14.0, 24.0, 7.0, 1.0]","[290.4375, 210.0, 293.1875, 181.0, 204.0, 192.55248685625125, 202.0738495144293, 217.0, 176.55269941693467, 156.1325, 272.9777961056527]",-1,,[],"[9.0, 20.0, 29.0, 42.0, 63.0, 69.0, 79.0, 93.0, 117.0, 124.0, 125.0]","[0.0, 9.0, 20.0, 29.0, 42.0, 63.0, 69.0, 79.0, 93.0, 117.0, 124.0]","[4.0, 1.0, 4.0, 1.5, 2.0, 2.5, 3.0, 3.0, 2.0, 1.0, 4.0]","[7, 5, 7, 4, 4, 3, 3, 9, 3, 3, 3]","[5, 5, 4, 4, 4, 4, 3, 9, 4, 4, 3]","[1.0, 0.8, 0.8, 0.8, 0.8, 0.3, 0.3, 0.3, 0.4, 0.3, 0.3]","[6.0, 2.5, 1.0, 1.6, 1.5, 0.6, 0.5, 0.5, 0.8, 0.6, 0.4]","[1, 0, 1, 0, 0, 0, 0, 0, 0, 0, 0]",2014-03-15 10:00,36,7,0.0,125.0,3.0,1.0,878.8754841373355,[],[],3.0,2,0,[],[]
79990,"[10.0, 12.0, 43.0, 46.0, 8.0, 5.0, 26.0, 1.0]","[210.0, 250.0, 250.0, 176.55269941693467, 176.55269941693467, 300.0, 155.51, 114.6275]",-1,,[],"[10.0, 22.0, 65.0, 111.0, 119.0, 124.0, 150.0, 151.0]","[0.0, 10.0, 22.0, 65.0, 111.0, 119.0, 124.0, 150.0]","[1.0, 3.0, 3.0, 2.0, 2.0, 4.0, 1.0, 1.0]","[5, 4, 4, 3, 3, 4, 3, 2]","[5, 4, 4, 4, 4, 7, 3, 3]","[1.0, 0.6, 0.6, 0.4, 0.5, 0.8, 0.3, 0.3]","[4.5, 1.0, 0.8, 1.2, 0.8, 1.2, 0.5, 0.7]","[0, 0, 0, 0, 0, 0, 0, 0]",2014-03-28 15:10,32,7,0.0,151.0,3.0,1.0,878.8754841373355,[],[],3.0,2,0,[],[]
80076,"[25.0, 45.0, 33.0, 22.0, 4.0, 2.0]","[296.0, 319.0, 250.0, 227.0, 292.25, 114.6275]",3,22.0,"[4.0, 2.0]","[25.0, 70.0, 103.0, 125.0, 129.0, 131.0]","[0.0, 25.0, 70.0, 103.0, 125.0, 129.0]","[4.0, 4.5, 3.0, 2.5, 4.0, 1.0]","[4, 4, 4, 4, 7, 2]","[4, 4, 4, 4, 7, 3]","[1.0, 0.5, 0.5, 0.75, 1.5, 0.25]","[1.0, 0.5, 0.5, 1.0, 4.0, 1.0]","[0, 0, 0, 0, 1, 0]",2014-04-14 08:20,38,4,3.0,125.0,3.0,1.0,131.83132262060033,"[292.25, 114.6275]","[(292.25, 40.0), (114.6275, 20.0)]",3.0,2,2,"[4.0, 2.0]","[292.25, 114.6275]"
80194,"[16.0, 6.0, 18.0, 6.0, 4.0, 5.0]","[167.40359922257957, 292.25, 202.0738495144293, 167.40359922257957, 292.25, 81.0]",-1,,[],"[16.0, 22.0, 40.0, 46.0, 50.0, 55.0]","[0.0, 16.0, 22.0, 40.0, 46.0, 50.0]","[2.0, 4.0, 3.0, 2.0, 4.0, 1.0]","[3, 7, 3, 3, 7, 1]","[3, 7, 3, 3, 7, 1]","[0.5, 1.5, 0.5, 0.5, 2.0, 1.0]","[0.5, 1.5, 0.5, 0.5, 2.0, 2.0]","[0, 1, 0, 0, 1, 0]",2014-12-02 10:30,33,7,0.0,55.0,3.0,1.0,878.8754841373355,[],[],3.0,2,0,[],[]
80285,"[40.0, 18.0, 1.0, 4.0, 27.0, 2.0, 5.0, 19.0, 4.0, 15.0, 12.0, 2.0, 2.0]","[272.9777961056527, 262.78130651435276, 204.0, 262.78130651435276, 250.0, 204.0, 293.1875, 227.0, 296.0, 181.0, 242.34391954305838, 204.0, 272.9777961056527]",8,4.0,"[15.0, 12.0, 2.0, 2.0]","[40.0, 58.0, 59.0, 63.0, 90.0, 92.0, 97.0, 116.0, 120.0, 135.0, 147.0, 149.0, 151.0]","[0.0, 40.0, 58.0, 59.0, 63.0, 90.0, 92.0, 97.0, 116.0, 120.0, 135.0, 147.0, 149.0]","[4.0, 3.5, 2.0, 3.5, 3.0, 2.0, 4.0, 2.5, 4.0, 1.5, 3.5, 2.0, 4.0]","[3, 4, 4, 4, 4, 4, 7, 4, 4, 4, 3, 4, 3]","[3, 3, 4, 3, 4, 4, 4, 4, 4, 4, 4, 4, 3]","[0.3, 0.5, 1.0, 0.5, 0.5, 0.8, 1.0, 0.3, 0.3, 0.5, 0.3, 0.5, 0.3]","[0.5, 0.5, 1.0, 0.5, 0.5, 0.8, 1.0, 0.5, 0.5, 1.0, 0.5, 0.8, 0.3]","[0, 0, 0, 0, 0, 0, 1, 0, 0, 0, 0, 0, 0]",2014-12-22 11:04,36,3,1.0,125.0,1.0,3.0,100.9123351677189,"[181.0, 242.34391954305838, 204.0, 272.9777961056527]","[(181.0, 150.0), (242.34391954305838, 120.0), (204.0, 20.0), (272.9777961056527, 20.0)]",1.0,2,4,"[15.0, 12.0, 2.0, 2.0]","[181.0, 242.34391954305838, 204.0, 272.9777961056527]"
80311,"[5.0, 5.0, 10.0, 5.0, 17.0, 3.0, 30.0, 10.0]","[210.0, 292.25, 249.5, 292.25, 149.8825, 314.81759795026255, 167.40359922257957, 194.80538713582197]",6,30.0,[10.0],"[5.0, 10.0, 20.0, 25.0, 42.0, 45.0, 75.0, 85.0]","[0.0, 5.0, 10.0, 20.0, 25.0, 42.0, 45.0, 75.0]","[1.0, 4.5, 3.0, 4.0, 1.0, 4.5, 2.0, 3.0]","[5, 7, 4, 7, 3, 3, 3, 3]","[5, 7, 7, 7, 9, 9, 3, 2]","[2.0, 1.5, 1.5, 1.0, 1.0, 1.0, 0.3, 0.2]","[3.0, 1.5, 1.5, 2.0, 1.0, 1.0, 0.5, 0.2]","[0, 1, 0, 1, 0, 0, 0, 0]",2014-12-29 12:30,34,2,1.0,75.0,1.0,3.0,80.0,[194.80538713582197],"[(194.80538713582197, 100.0)]",1.0,2,1,[10.0],[194.80538713582197]
80363,"[5.0, 38.0, 51.0, 5.0, 26.0, 6.0]","[204.0, 250.0, 204.0, 214.05538713582197, 159.80269941693467, 101.0]",2,51.0,"[5.0, 26.0, 6.0]","[5.0, 43.0, 94.0, 99.0, 125.0, 131.0]","[0.0, 5.0, 43.0, 94.0, 99.0, 125.0]","[2.0, 3.0, 2.0, 3.0, 2.0, 1.0]","[4, 4, 4, 3, 3, 2]","[4, 4, 4, 4, 2, 2]","[1.5, 1.0, 1.0, 0.5, 0.5, 0.1]","[1.5, 1.0, 1.5, 0.5, 1.0, 0.1]","[0, 0, 0, 0, 0, 0]",2015-01-04 11:00,38,2,1.0,94.0,1.0,3.0,80.0,"[214.05538713582197, 159.80269941693467, 101.0]","[(214.05538713582197, 50.0), (159.80269941693467, 260.0), (101.0, 60.0)]",1.0,2,3,"[5.0, 26.0, 6.0]","[214.05538713582197, 159.80269941693467, 101.0]"
80393,"[25.0, 8.0, 1.0, 7.5, 0.5, 1.0, 7.0, 4.0, 12.5, 0.5, 3.0]","[158.0, 158.0, 296.0, 158.0, 440.0, 140.0, 158.0, 250.0, 141.8825, 292.25, 141.8825]",4,0.5,"[1.0, 7.0, 4.0, 12.5, 0.5, 3.0]","[25.0, 33.0, 34.0, 41.5, 42.0, 43.0, 50.0, 54.0, 66.5, 67.0, 70.0]","[0.0, 25.0, 33.0, 34.0, 41.5, 42.0, 43.0, 50.0, 54.0, 66.5, 67.0]","[1.0, 1.0, 4.0, 1.0, 6.0, 1.0, 1.0, 3.0, 1.0, 4.5, 1.0]","[4, 4, 4, 4, 8, 6, 4, 4, 3, 7, 3]","[4, 4, 4, 4, 8, 6, 4, 4, 2, 7, 2]","[1.0, 1.0, 1.0, 2.0, nan, 2.0, 1.0, 1.0, 0.25, 0.25, 0.25]","[3.0, 2.0, 2.0, 2.0, nan, 4.5, 1.5, 2.0, 1.0, 0.5, 1.5]","[0, 0, 0, 0, 0, 0, 0, 0, 0, 1, 0]",2015-01-07 11:00,31,3,1.0,42.5,1.0,3.0,100.9123351677189,"[140.0, 158.0, 250.0, 141.8825, 292.25, 141.8825]","[(140.0, 10.0), (158.0, 70.0), (250.0, 40.0), (141.8825, 125.0), (292.25, 5.0), (141.8825, 30.0)]",1.0,2,6,"[1.0, 7.0, 4.0, 12.5, 0.5, 3.0]","[140.0, 158.0, 250.0, 141.8825, 292.25, 141.8825]"
80446,"[22.0, 2.0, 32.0, 2.0]","[210.0, 250.0, 204.0, 250.0]",1,2.0,"[32.0, 2.0]","[22.0, 24.0, 56.0, 58.0]","[0.0, 22.0, 24.0, 56.0]","[1.0, 3.0, 2.0, 3.0]","[5, 4, 4, 4]","[5, 4, 4, 4]","[2.5, 1.25, 1.25, 0.75]","[3.0, 1.25, 1.25, 0.75]","[0, 0, 0, 0]",2015-01-14 11:00,37,3,1.0,24.0,1.0,3.0,100.9123351677189,"[204.0, 250.0]","[(204.0, 320.0), (250.0, 20.0)]",1.0,2,2,"[32.0, 2.0]","[204.0, 250.0]"
80605,"[36.0, 11.0, 4.0, 9.0, 15.0]","[357.25, 205.25, 249.5, 167.40359922257957, 101.0]",0,36.0,"[11.0, 4.0, 9.0, 15.0]","[36.0, 47.0, 51.0, 60.0, 75.0]","[0.0, 36.0, 47.0, 51.0, 60.0]","[5.0, 2.5, 3.0, 2.0, 1.0]","[7, 4, 4, 3, 2]","[9, 6, 7, 3, 2]","[2.0, 2.0, 1.5, 0.5, 1.0]","[3.0, 2.5, 2.0, 0.5, 1.5]","[0, 0, 0, 0, 0]",2015-01-31 12:30,37,2,1.0,36.0,1.0,3.0,80.0,"[205.25, 249.5, 167.40359922257957, 101.0]","[(205.25, 110.0), (249.5, 40.0), (167.40359922257957, 90.0), (101.0, 150.0)]",1.0,2,4,"[11.0, 4.0, 9.0, 15.0]","[205.25, 249.5, 167.40359922257957, 101.0]"
80639,"[18.0, 7.0, 1.0, 1.0, 7.5, 1.5, 16.0, 13.0]","[224.25, 292.25, 175.0, 292.25, 158.0, 140.0, 115.25, 81.0]",4,7.5,"[1.5, 16.0, 13.0]","[18.0, 25.0, 26.0, 27.0, 34.5, 36.0, 52.0, 65.0]","[0.0, 18.0, 25.0, 26.0, 27.0, 34.5, 36.0, 52.0]","[2.5, 5.0, 2.0, 5.0, 1.0, 1.0, 1.0, 1.0]","[4, 7, 9, 7, 4, 6, 2, 1]","[7, 7, 9, 7, 4, 6, 4, 1]","[2.0, 1.5, 1.0, 1.0, 1.0, 2.0, 0.25, 1.0]","[3.0, 2.0, 1.5, 1.5, 1.5, 3.0, 0.5, 1.5]","[0, 1, 0, 1, 0, 0, 0, 0]",2015-02-02 14:00,32,2,1.0,34.5,1.0,3.0,80.0,"[140.0, 115.25, 81.0]","[(140.0, 15.0), (115.25, 160.0), (81.0, 130.0)]",1.0,2,3,"[1.5, 16.0, 13.0]","[140.0, 115.25, 81.0]"
81027,"[12.0, 15.0, 6.0, 25.0, 1.0, 7.0, 1.0, 2.0, 2.5, 10.299999999999997, 0.20000000000000284]","[287.3125, 222.5, 440.0, 151.75, 140.0, 175.0, 281.6875, 158.0, 281.6875, 156.1325, 140.0]",2,6.0,"[25.0, 1.0, 7.0, 1.0, 2.0, 2.5, 10.299999999999997, 0.20000000000000284]","[12.0, 27.0, 33.0, 58.0, 59.0, 66.0, 67.0, 69.0, 71.5, 81.8, 82.0]","[0.0, 12.0, 27.0, 33.0, 58.0, 59.0, 66.0, 67.0, 69.0, 71.5, 81.8]","[3.5, 1.5, 6.0, 1.0, 1.0, 2.0, 3.0, 1.0, 3.0, 1.0, 1.0]","[7, 5, 8, 4, 6, 9, 7, 4, 7, 3, 6]","[5, 5, 8, 9, 6, 9, 4, 4, 4, 4, 6]","[2.0, 2.0, nan, 1.5, 2.0, 1.0, 1.0, 0.75, 1.0, 0.5, 0.5]","[2.0, 3.0, nan, 1.5, 2.5, 1.5, 1.0, 1.0, 1.5, 0.5, 0.5]","[1, 0, 0, 0, 0, 0, 1, 0, 1, 0, 0]",2015-03-10 14:00,28,4,2.0,33.0,3.0,1.0,131.83132262060033,"[151.75, 140.0, 175.0, 281.6875, 158.0, 281.6875, 156.1325, 140.0]","[(151.75, 250.0), (140.0, 10.0), (175.0, 70.0), (281.6875, 10.0), (158.0, 20.0), (281.6875, 25.0), (156.1325, 102.99999999999997), (140.0, 2.0000000000000284)]",3.0,2,8,"[25.0, 1.0, 7.0, 1.0, 2.0, 13.0]","[151.75, 140.0, 175.0, 281.6875, 158.0, 192.60666666666665]"
81120,"[6.0, 36.0, 28.0, 17.0, 19.0, 10.0, 50.0]","[260.0, 217.0, 259.0, 286.75, 204.0, 153.75, 86.0]",5,10.0,[50.0],"[6.0, 42.0, 70.0, 87.0, 106.0, 116.0, 166.0]","[0.0, 6.0, 42.0, 70.0, 87.0, 106.0, 116.0]","[3.0, 3.0, 4.0, 4.0, 2.0, 2.0, 1.0]","[5, 9, 9, 4, 4, 2, 1]","[5, 9, 9, 9, 4, 4, 2]","[3.0, 3.0, 2.0, 1.5, 1.0, 1.0, 1.0]","[4.0, 4.0, 3.0, 2.0, 1.0, 1.5, 1.5]","[0, 0, 0, 0, 0, 0, 0]",2015-03-20 10:00,42,4,2.0,116.0,3.0,1.0,131.83132262060033,[86.0],"[(86.0, 500.0)]",3.0,2,1,[50.0],[86.0]
81133,"[70.0, 56.0, 25.0, 12.0, 24.0, 13.0]","[311.25, 259.0, 213.26846237860732, 259.0, 217.0, 101.0]",3,12.0,"[24.0, 13.0]","[70.0, 126.0, 151.0, 163.0, 187.0, 200.0]","[0.0, 70.0, 126.0, 151.0, 163.0, 187.0]","[5.0, 4.0, 3.0, 4.0, 3.0, 1.0]","[9, 9, 9, 9, 9, 2]","[4, 9, 3, 9, 9, 2]","[1.0, 1.0, 0.25, 1.0, 0.5, 0.5]","[2.0, 1.5, 0.5, 1.5, 1.0, 1.0]","[0, 0, 0, 0, 0, 0]",2015-03-24 08:30,30,5,2.0,163.0,3.0,1.0,197.7469839309005,"[217.0, 101.0]","[(217.0, 240.0), (101.0, 130.0)]",3.0,2,2,"[24.0, 13.0]","[217.0, 101.0]"
81194,"[40.0, 6.0, 4.0, 12.0, 49.0, 2.0, 32.0, 5.0]","[187.5, 376.0, 204.0, 233.59391954305838, 202.0738495144293, 292.25, 167.40359922257957, 101.0]",5,2.0,"[32.0, 5.0]","[40.0, 46.0, 50.0, 62.0, 111.0, 113.0, 145.0, 150.0]","[0.0, 40.0, 46.0, 50.0, 62.0, 111.0, 113.0, 145.0]","[1.0, 5.0, 2.0, 3.5, 3.0, 4.0, 2.0, 1.0]","[5, 7, 4, 3, 3, 7, 3, 2]","[7, 7, 4, 9, 3, 7, 3, 2]","[3.0, 2.0, 1.0, 0.4, 0.2, 1.0, 0.2, 1.0]","[4.0, 3.0, 1.5, 0.8, 0.4, 1.5, 0.4, 1.0]","[0, 0, 0, 0, 0, 1, 0, 0]",2015-04-03 12:00,39,2,1.0,135.0,1.0,3.0,80.0,"[167.40359922257957, 101.0]","[(167.40359922257957, 320.0), (101.0, 50.0)]",1.0,2,2,"[32.0, 5.0]","[167.40359922257957, 101.0]"
81222,"[13.0, 21.0, 15.0, 36.0, 5.0, 29.0, 3.0, 3.0, 4.0, 6.0, 1.0, 14.0, 7.900000000000006, 0.09999999999999432]","[259.0, 301.0, 309.25, 286.75, 264.25, 225.25, 259.0, 217.0, 298.75, 137.0, 292.25, 137.0, 294.4375, 140.0]",11,14.0,"[7.900000000000006, 0.09999999999999432]","[13.0, 34.0, 49.0, 85.0, 90.0, 119.0, 122.0, 125.0, 129.0, 135.0, 136.0, 150.0, 157.9, 158.0]","[0.0, 13.0, 34.0, 49.0, 85.0, 90.0, 119.0, 122.0, 125.0, 129.0, 135.0, 136.0, 150.0, 157.9]","[4.0, 5.0, 4.5, 4.0, 3.5, 3.0, 4.0, 3.0, 4.0, 2.0, 5.0, 2.0, 5.0, 1.0]","[9, 9, 4, 4, 4, 9, 9, 9, 7, 2, 7, 2, 7, 6]","[9, 9, 9, 9, 9, 4, 9, 9, 9, 2, 7, 2, 9, 6]","[0.75, 0.5, 0.75, 0.75, 1.0, 1.0, 1.0, 1.0, 1.0, 1.0, 1.0, 1.0, 1.0, 1.0]","[1.5, 1.5, 1.5, 1.5, 1.5, 2.0, 1.5, 2.0, 2.0, 3.0, 1.0, 2.0, 1.0, 1.0]","[0, 0, 0, 0, 0, 0, 0, 0, 0, 0, 1, 0, 1, 0]",2015-04-12 10:10,37,4,3.0,150.0,3.0,1.0,131.83132262060033,"[294.4375, 140.0]","[(294.4375, 79.00000000000006), (140.0, 0.9999999999999432)]",3.0,2,2,"[7.900000000000006, 0.09999999999999432]","[294.4375, 140.0]"
81416,"[1.0, 9.0, 30.0, 10.0]","[181.06998247500167, 204.0, 250.0, 250.0]",-1,,[],"[1.0, 10.0, 40.0, 50.0]","[0.0, 1.0, 10.0, 40.0]","[2.5, 2.0, 3.0, 3.0]","[3, 4, 4, 4]","[3, 4, 4, 4]","[0.2, 1.0, 1.0, 1.0]","[0.5, 2.0, 2.0, 1.0]","[0, 0, 0, 0]",2015-12-15 09:30,30,7,0.0,50.0,3.0,1.0,878.8754841373355,[],[],3.0,2,0,[],[]
81483,"[6.0, 12.0, 35.0, 17.0, 18.0, 12.0, 8.0, 1.0, 1.0]","[210.0, 289.1875, 264.25, 241.75, 182.25, 160.75, 139.25, 268.1875, 86.0]",-1,,[],"[6.0, 18.0, 53.0, 70.0, 88.0, 100.0, 108.0, 109.0, 110.0]","[0.0, 6.0, 18.0, 53.0, 70.0, 88.0, 100.0, 108.0, 109.0]","[1.0, 4.5, 3.5, 3.0, 2.0, 1.5, 1.0, 2.5, 1.0]","[5, 7, 4, 4, 9, 9, 9, 7, 1]","[5, 9, 9, 9, 4, 4, 4, 9, 2]","[1.0, 0.5, 0.5, 0.5, 0.5, 0.5, 0.5, 0.5, 1.0]","[4.0, 2.5, 1.5, 1.5, 2.0, 1.5, 1.0, 1.0, 3.0]","[0, 1, 0, 0, 0, 0, 0, 1, 0]",2016-01-01 13:00,33,7,0.0,110.0,3.0,1.0,878.8754841373355,[],[],3.0,2,0,[],[]
81496,"[2.0, 33.0, 10.0, 24.0, 1.0, 16.0, 1.0, 1.0, 7.0, 18.0, 2.0, 6.0, 9.0, 10.0, 1.0]","[210.0, 367.5, 227.25, 350.5, 210.0, 273.0, 210.0, 337.75, 250.0, 227.0, 158.0, 296.0, 101.0, 144.6008998056449, 81.0]",9,18.0,"[2.0, 6.0, 9.0, 10.0, 1.0]","[2.0, 35.0, 45.0, 69.0, 70.0, 86.0, 87.0, 88.0, 95.0, 113.0, 115.0, 121.0, 130.0, 140.0, 141.0]","[0.0, 2.0, 35.0, 45.0, 69.0, 70.0, 86.0, 87.0, 88.0, 95.0, 113.0, 115.0, 121.0, 130.0, 140.0]","[1.0, 5.0, 2.0, 5.0, 1.0, 3.5, 1.0, 4.5, 3.0, 2.5, 1.0, 4.5, 1.0, 2.0, 1.0]","[5, 7, 5, 4, 5, 4, 5, 7, 4, 4, 4, 9, 2, 2, 1]","[5, 4, 4, 7, 5, 4, 5, 4, 4, 4, 4, 7, 2, 3, 1]","[2.0, 2.0, 2.0, 1.0, 2.0, 1.5, 2.0, 1.0, 1.0, 1.0, 0.8, 0.8, 0.8, 0.5, 1.0]","[2.0, 2.0, 2.0, 1.0, 2.0, 1.5, 2.0, 1.0, 1.0, 1.0, 0.8, 0.8, 1.0, 0.5, 1.5]","[0, 0, 0, 0, 0, 0, 0, 0, 0, 0, 0, 0, 0, 0, 0]",2016-01-04 09:00,33,2,2.0,113.0,1.0,3.0,80.0,"[158.0, 296.0, 101.0, 144.6008998056449, 81.0]","[(158.0, 20.0), (296.0, 60.0), (101.0, 90.0), (144.6008998056449, 100.0), (81.0, 10.0)]",1.0,2,5,"[2.0, 6.0, 9.0, 10.0, 1.0]","[158.0, 296.0, 101.0, 144.6008998056449, 81.0]"
81509,"[1.0, 19.0, 8.0, 2.0, 7.0, 3.0, 10.0, 10.0, 21.0, 1.0]","[283.9375, 197.0, 273.0, 197.0, 211.75, 225.25, 114.6275, 149.3118667919715, 141.8825, 81.0]",5,3.0,"[10.0, 10.0, 21.0, 1.0]","[1.0, 20.0, 28.0, 30.0, 37.0, 40.0, 50.0, 60.0, 81.0, 82.0]","[0.0, 1.0, 20.0, 28.0, 30.0, 37.0, 40.0, 50.0, 60.0, 81.0]","[4.0, 1.0, 3.5, 1.0, 2.0, 3.0, 1.0, 1.5, 1.0, 1.0]","[7, 5, 4, 5, 4, 9, 2, 3, 3, 1]","[9, 4, 4, 4, 5, 4, 3, 2, 2, 1]","[1.0, 2.0, 1.5, 1.5, 1.0, 0.8, 0.2, 0.2, 0.2, 2.0]","[1.5, 3.0, 2.0, 3.0, 2.0, 1.5, 1.0, 0.5, 0.5, 4.0]","[1, 0, 0, 0, 0, 0, 0, 0, 0, 0]",2016-01-06 12:00,36,2,2.0,41.0,1.0,3.0,80.0,"[114.6275, 149.3118667919715, 141.8825, 81.0]","[(114.6275, 100.0), (149.3118667919715, 100.0), (141.8825, 210.0), (81.0, 10.0)]",1.0,2,4,"[10.0, 10.0, 21.0, 1.0]","[114.6275, 149.3118667919715, 141.8825, 81.0]"
81561,"[32.0, 17.0, 1.0, 61.0]","[204.0, 167.40359922257957, 292.25, 164.80269941693467]",1,17.0,"[1.0, 61.0]","[32.0, 49.0, 50.0, 111.0]","[0.0, 32.0, 49.0, 50.0]","[2.0, 2.0, 5.0, 2.0]","[4, 3, 7, 3]","[4, 3, 7, 0]","[2.0, 0.25, 1.0, 0.25]","[3.0, 0.5, 2.0, 1.0]","[0, 0, 1, 0]",2016-01-13 10:30,34,3,1.0,49.0,1.0,3.0,100.9123351677189,"[292.25, 164.80269941693467]","[(292.25, 10.0), (164.80269941693467, 610.0)]",1.0,2,2,"[1.0, 61.0]","[292.25, 164.80269941693467]"
81579,"[20.0, 30.0, 2.0, 8.0, 12.0, 8.0, 5.0, 25.0, 8.0, 10.0, 21.0, 1.0]","[212.125, 238.01846237860732, 101.0, 194.80538713582197, 129.10395559732385, 159.80269941693467, 119.0, 144.6008998056449, 202.0738495144293, 149.3118667919715, 114.6275, 81.0]",-1,,[],"[20.0, 50.0, 52.0, 60.0, 72.0, 80.0, 85.0, 110.0, 118.0, 128.0, 149.0, 150.0]","[0.0, 20.0, 50.0, 52.0, 60.0, 72.0, 80.0, 85.0, 110.0, 118.0, 128.0, 149.0]","[1.5, 3.0, 1.0, 3.0, 1.5, 2.0, 1.5, 2.0, 3.0, 1.5, 1.0, 1.0]","[5, 4, 2, 3, 2, 3, 2, 2, 3, 3, 2, 1]","[4, 3, 2, 2, 3, 2, 2, 3, 3, 2, 3, 1]","[1.5, 0.5, 0.5, 0.2, 0.5, 0.2, 0.8, 0.5, 0.2, 0.2, 0.5, 1.0]","[4.0, 0.8, 1.0, 0.8, 0.8, 0.8, 1.0, 0.8, 0.5, 0.5, 0.8, 1.5]","[0, 0, 0, 0, 0, 0, 0, 0, 0, 0, 0, 0]",2016-01-14 10:00,24,3,1.0,5.0,1.0,3.0,100.9123351677189,[],[],1.0,2,0,[],[]
81591,"[25.0, 15.0, 18.0]","[191.375, 155.51, 141.8825]",-1,,[],"[25.0, 40.0, 58.0]","[0.0, 25.0, 40.0]","[1.5, 1.0, 1.0]","[4, 3, 3]","[5, 3, 2]","[2.0, 1.0, 0.5]","[3.0, 1.0, 1.0]","[0, 0, 0]",2016-01-15 08:45,30,2,1.0,0.0,1.0,3.0,80.0,[],[],1.0,2,0,[],[]
81742,"[10.0, 2.0, 55.0, 27.0, 3.0, 2.0, 1.0]","[197.0, 292.25, 268.1875, 181.0, 158.0, 167.40359922257957, 81.0]",-1,,[],"[10.0, 12.0, 67.0, 94.0, 97.0, 99.0, 100.0]","[0.0, 10.0, 12.0, 67.0, 94.0, 97.0, 99.0]","[1.0, 3.0, 2.5, 1.5, 1.0, 2.0, 1.0]","[5, 7, 7, 4, 4, 3, 1]","[4, 7, 9, 4, 4, 3, 1]","[2.0, 2.0, 1.0, 1.0, 1.0, 0.5, 1.0]","[4.0, 2.0, 3.0, 1.0, 1.5, 0.5, 2.0]","[0, 1, 1, 0, 0, 0, 0]",2016-01-29 12:00,36,7,0.0,100.0,3.0,1.0,878.8754841373355,[],[],3.0,2,0,[],[]
81799,"[7.0, 15.0, 12.0, 2.0, 14.0, 13.0, 24.0, 2.0, 4.0, 6.0, 13.0, 31.0, 9.0]","[224.25, 274.75, 227.0, 292.25, 264.25, 241.75, 219.25, 292.25, 273.0, 292.25, 194.80538713582197, 96.0, 292.25]",10,13.0,"[31.0, 9.0]","[7.0, 22.0, 34.0, 36.0, 50.0, 63.0, 87.0, 89.0, 93.0, 99.0, 112.0, 143.0, 152.0]","[0.0, 7.0, 22.0, 34.0, 36.0, 50.0, 63.0, 87.0, 89.0, 93.0, 99.0, 112.0, 143.0]","[2.5, 3.5, 2.5, 4.5, 3.5, 3.0, 2.5, 4.5, 3.5, 4.0, 3.0, 1.0, 4.5]","[4, 4, 4, 7, 4, 4, 4, 7, 4, 7, 3, 2, 7]","[7, 7, 4, 7, 9, 9, 9, 7, 4, 7, 2, 1, 7]","[1.0, 2.0, 0.75, 1.0, 0.5, 0.5, 0.75, 1.0, 0.5, 1.0, 0.25, 0.75, 1.0]","[2.0, 3.0, 1.5, 2.0, 1.0, 1.0, 1.25, 2.0, 0.75, 2.0, 0.5, 1.5, 1.5]","[0, 0, 0, 1, 0, 0, 0, 1, 0, 1, 0, 0, 1]",2016-02-02 10:00,35,2,2.0,142.0,1.0,3.0,80.0,"[96.0, 292.25]","[(96.0, 310.0), (292.25, 90.0)]",1.0,2,2,"[31.0, 9.0]","[96.0, 292.25]"
81833,"[38.0, 45.0, 29.0, 9.0, 4.0, 25.0, 3.0]","[210.0, 296.0, 262.78130651435276, 214.05538713582197, 232.12522605741117, 132.0, 81.0]",4,4.0,"[25.0, 3.0]","[38.0, 83.0, 112.0, 121.0, 125.0, 150.0, 153.0]","[0.0, 38.0, 83.0, 112.0, 121.0, 125.0, 150.0]","[1.0, 4.0, 3.5, 3.0, 3.5, 2.0, 1.0]","[5, 4, 4, 3, 3, 2, 1]","[5, 4, 3, 4, 3, 1, 1]","[1.0, 0.5, 0.25, 0.25, 0.25, 1.0, 1.0]","[4.0, 1.0, 1.0, 1.0, 0.75, 3.0, 4.0]","[0, 0, 0, 0, 0, 0, 0]",2016-02-12 10:15,36,2,2.0,125.0,1.0,3.0,80.0,"[132.0, 81.0]","[(132.0, 250.0), (81.0, 30.0)]",1.0,2,2,"[25.0, 3.0]","[132.0, 81.0]"
81851,"[35.0, 1.0, 17.0, 1.0, 16.0, 1.0, 5.0, 1.0]","[239.625, 292.25, 210.0, 232.12522605741117, 133.0, 167.40359922257957, 101.0, 149.3118667919715]",1,1.0,"[17.0, 1.0, 16.0, 1.0, 5.0, 1.0]","[35.0, 36.0, 53.0, 54.0, 70.0, 71.0, 76.0, 77.0]","[0.0, 35.0, 36.0, 53.0, 54.0, 70.0, 71.0, 76.0]","[2.5, 4.0, 1.0, 3.5, 1.0, 2.0, 1.0, 1.5]","[5, 7, 5, 3, 9, 3, 2, 3]","[7, 7, 5, 3, 9, 3, 2, 2]","[4.0, 2.0, 3.0, 0.4, 3.0, 0.3, 0.4, 0.3]","[4.0, 2.0, 3.0, 0.4, 3.0, 0.3, 0.4, 0.3]","[0, 1, 0, 0, 0, 0, 0, 0]",2016-02-14 12:05,33,3,1.0,36.0,1.0,3.0,100.9123351677189,"[210.0, 232.12522605741117, 133.0, 167.40359922257957, 101.0, 149.3118667919715]","[(210.0, 170.0), (232.12522605741117, 10.0), (133.0, 160.0), (167.40359922257957, 10.0), (101.0, 50.0), (149.3118667919715, 10.0)]",1.0,2,6,"[17.0, 1.0, 16.0, 1.0, 5.0, 1.0]","[210.0, 232.12522605741117, 133.0, 167.40359922257957, 101.0, 149.3118667919715]"
82181,"[22.0, 22.0, 24.0, 14.0, 22.0, 1.0, 12.0, 3.0, 28.0, 5.0, 11.5, 0.5, 23.0, 10.0, 2.0]","[246.75, 196.0, 238.0, 328.0, 262.78130651435276, 272.9777961056527, 236.5313065143528, 248.5, 214.05538713582197, 232.12522605741117, 202.0738495144293, 140.0, 181.06998247500167, 149.3118667919715, 140.0]",9,5.0,"[11.5, 0.5, 23.0, 10.0, 2.0]","[22.0, 44.0, 68.0, 82.0, 104.0, 105.0, 117.0, 120.0, 148.0, 153.0, 164.5, 165.0, 188.0, 198.0, 200.0]","[0.0, 22.0, 44.0, 68.0, 82.0, 104.0, 105.0, 117.0, 120.0, 148.0, 153.0, 164.5, 165.0, 188.0, 198.0]","[3.5, 2.5, 3.5, 4.5, 3.5, 4.0, 3.5, 3.5, 3.0, 3.5, 3.0, 1.0, 2.5, 1.5, 1.0]","[9, 9, 9, 7, 4, 3, 9, 9, 3, 3, 3, 6, 3, 3, 6]","[4, 9, 9, 9, 3, 3, 3, 7, 4, 3, 3, 6, 3, 2, 6]","[1.0, 1.0, 1.0, 1.0, 0.2, 0.2, 0.2, 0.5, 0.2, 0.2, 0.2, 1.0, 0.2, 0.2, 2.0]","[2.0, 2.5, 2.5, 2.0, 1.0, 0.5, 1.0, 1.0, 1.0, 0.5, 0.5, 2.0, 0.5, 1.0, 8.0]","[0, 0, 0, 0, 0, 0, 0, 0, 0, 0, 0, 0, 0, 0, 0]",2016-03-15 11:30,31,5,3.0,153.0,3.0,1.0,197.7469839309005,"[202.0738495144293, 140.0, 181.06998247500167, 149.3118667919715, 140.0]","[(202.0738495144293, 115.0), (140.0, 5.0), (181.06998247500167, 230.0), (149.3118667919715, 100.0), (140.0, 20.0)]",3.0,2,5,"[11.5, 0.5, 23.0, 10.0, 2.0]","[202.0738495144293, 140.0, 181.06998247500167, 149.3118667919715, 140.0]"
82195,"[7.0, 47.0, 3.0, 13.0, 5.0, 10.0, 1.0, 11.0, 4.0, 5.0, 3.0, 16.0, 4.0, 1.0]","[217.0, 259.0, 292.25, 272.9777961056527, 304.6875, 272.9777961056527, 440.0, 272.9777961056527, 292.25, 202.0738495144293, 440.0, 202.0738495144293, 292.25, 140.0]",-1,,[],"[7.0, 54.0, 57.0, 70.0, 75.0, 85.0, 86.0, 97.0, 101.0, 106.0, 109.0, 125.0, 129.0, 130.0]","[0.0, 7.0, 54.0, 57.0, 70.0, 75.0, 85.0, 86.0, 97.0, 101.0, 106.0, 109.0, 125.0, 129.0]","[3.0, 4.0, 5.0, 4.0, 5.0, 4.0, 6.0, 4.0, 5.0, 3.0, 6.0, 3.0, 4.0, 1.0]","[9, 9, 7, 3, 7, 3, 8, 3, 7, 3, 8, 3, 7, 6]","[9, 9, 7, 3, 4, 3, 8, 3, 7, 3, 8, 3, 7, 6]","[1.0, 1.0, 1.0, 0.2, 0.5, 0.2, nan, 0.2, 0.5, 0.2, nan, 0.2, 1.0, 2.0]","[1.0, 1.0, 1.0, 0.5, 0.5, 0.5, nan, 0.5, 0.5, 0.5, nan, 0.5, 1.0, 2.0]","[0, 0, 1, 0, 1, 0, 0, 0, 1, 0, 0, 0, 1, 0]",2016-03-15 13:30,30,7,0.0,130.0,3.0,1.0,878.8754841373355,[],[],3.0,2,0,[],[]
82220,"[7.0, 8.0, 31.0, 17.0, 9.0, 4.0, 10.0, 8.0, 13.5, 0.5, 19.0, 1.0, 5.0, 19.0, 5.0]","[210.0, 197.0, 204.0, 192.55248685625125, 204.0, 292.25, 202.0738495144293, 292.25, 269.7059623786073, 151.75, 202.0738495144293, 292.25, 181.06998247500167, 187.25, 292.25]",-1,,[],"[7.0, 15.0, 46.0, 63.0, 72.0, 76.0, 86.0, 94.0, 107.5, 108.0, 127.0, 128.0, 133.0, 152.0, 157.0]","[0.0, 7.0, 15.0, 46.0, 63.0, 72.0, 76.0, 86.0, 94.0, 107.5, 108.0, 127.0, 128.0, 133.0, 152.0]","[1.0, 1.0, 2.0, 2.5, 2.0, 3.5, 3.0, 3.5, 3.0, 1.0, 3.0, 4.0, 2.5, 2.0, 3.0]","[5, 5, 4, 3, 4, 7, 3, 7, 7, 4, 3, 7, 3, 4, 7]","[5, 4, 4, 4, 4, 7, 3, 7, 3, 9, 3, 7, 3, 2, 7]","[3.0, 2.0, 2.0, 0.5, 1.5, 2.0, 0.5, 2.0, 0.5, 1.0, 0.5, 1.0, 0.5, 1.0, 2.0]","[5.0, 4.0, 3.0, 1.0, 2.5, 3.0, 0.5, 3.0, 2.0, 2.0, 0.5, 3.0, 0.5, 2.0, 4.0]","[0, 0, 0, 0, 0, 1, 0, 1, 1, 0, 0, 1, 0, 0, 1]",2016-03-22 09:30,35,7,0.0,157.0,3.0,1.0,878.8754841373355,[],[],3.0,2,0,[],[]
82322,"[45.0, 35.0, 5.0, 5.0]","[216.0, 120.0, 292.25, 86.0]",-1,,[],"[45.0, 80.0, 85.0, 90.0]","[0.0, 45.0, 80.0, 85.0]","[2.5, 1.0, 4.0, 1.0]","[7, 7, 7, 1]","[7, 7, 7, 2]","[2.0, 2.0, 2.0, 1.0]","[2.0, 3.0, 2.0, 1.0]","[0, 0, 1, 0]",2016-04-14 08:30,31,7,0.0,90.0,3.0,1.0,878.8754841373355,[],[],3.0,2,0,[],[]
82625,"[25.0, 4.0, 8.0, 25.0, 6.0, 22.0, 3.0, 13.0]","[259.0, 280.0, 301.0, 292.25, 440.0, 119.0, 180.26846237860732, 81.0]",4,6.0,"[22.0, 3.0, 13.0]","[25.0, 29.0, 37.0, 62.0, 68.0, 90.0, 93.0, 106.0]","[0.0, 25.0, 29.0, 37.0, 62.0, 68.0, 90.0, 93.0]","[4.0, 4.5, 5.0, 5.0, 6.0, 1.5, 3.0, 1.0]","[9, 9, 9, 7, 8, 2, 2, 1]","[9, 9, 9, 7, 8, 2, 3, 1]","[1.0, 1.0, 1.0, 2.0, nan, 1.0, 0.5, 1.0]","[1.0, 1.0, 1.0, 3.0, nan, 1.5, 1.0, 2.0]","[0, 0, 0, 1, 0, 0, 0, 0]",2017-01-10 14:00,34,2,2.0,88.0,1.0,3.0,80.0,"[119.0, 180.26846237860732, 81.0]","[(119.0, 220.0), (180.26846237860732, 30.0), (81.0, 130.0)]",1.0,2,3,"[22.0, 3.0, 13.0]","[119.0, 180.26846237860732, 81.0]"
82646,"[34.0, 19.0, 9.0, 17.0]","[342.0, 159.41582238929536, 155.51, 159.80269941693467]",2,9.0,[17.0],"[34.0, 53.0, 62.0, 79.0]","[0.0, 34.0, 53.0, 62.0]","[5.0, 1.5, 1.0, 2.0]","[4, 3, 3, 3]","[4, 3, 3, 2]","[1.5, 0.25, 0.25, 0.25]","[2.0, 0.25, 0.25, 0.25]","[0, 0, 0, 0]",2017-01-12 10:30,31,2,2.0,62.0,1.0,3.0,80.0,[159.80269941693467],"[(159.80269941693467, 170.0)]",1.0,2,1,[17.0],[159.80269941693467]
82653,"[18.0, 11.0, 14.0, 1.0, 4.0, 4.0, 17.0, 15.0, 16.0]","[210.0, 312.0, 158.0, 312.0, 204.0, 202.0738495144293, 167.40359922257957, 155.51, 86.0]",7,15.0,[16.0],"[18.0, 29.0, 43.0, 44.0, 48.0, 52.0, 69.0, 84.0, 100.0]","[0.0, 18.0, 29.0, 43.0, 44.0, 48.0, 52.0, 69.0, 84.0]","[1.0, 4.0, 1.0, 4.0, 2.0, 3.0, 2.0, 1.0, 1.0]","[5, 7, 4, 7, 4, 3, 3, 3, 1]","[5, 7, 4, 7, 4, 3, 3, 3, 2]","[4.0, 2.0, 1.5, 1.0, 1.0, 0.2, 0.5, 0.5, 1.0]","[6.0, 3.0, 2.5, 2.0, 2.0, 0.4, 0.5, 0.5, 2.0]","[0, 0, 0, 0, 0, 0, 0, 0, 0]",2017-01-13 11:00,31,2,2.0,84.0,1.0,3.0,80.0,[86.0],"[(86.0, 160.0)]",1.0,2,1,[16.0],[86.0]
82662,"[18.0, 1.0, 25.0, 3.0, 23.0, 29.0, 41.0]","[298.9375, 140.0, 194.80538713582197, 189.80248685625125, 144.6008998056449, 81.0, 81.0]",4,23.0,"[29.0, 41.0]","[18.0, 19.0, 44.0, 47.0, 70.0, 99.0, 140.0]","[0.0, 18.0, 19.0, 44.0, 47.0, 70.0, 99.0]","[4.5, 1.0, 3.0, 2.5, 2.0, 1.0, 1.0]","[7, 6, 3, 3, 2, 1, 1]","[4, 6, 2, 7, 3, 1, 1]","[1.5, 1.5, 0.5, 0.3, 0.5, 1.0, 1.25]","[2.0, 2.0, 0.5, 0.5, 0.75, 1.0, 1.25]","[1, 0, 0, 0, 0, 0, 0]",2017-01-14 11:15,30,2,1.0,70.0,1.0,4.0,80.0,"[81.0, 81.0]","[(81.0, 290.0), (81.0, 410.0)]",1.0,2,2,"[29.0, 41.0]","[81.0, 81.0]"
82665,"[35.0, 6.0, 4.0, 3.0, 16.0]","[272.875, 202.0738495144293, 167.40359922257957, 155.51, 114.6275]",0,35.0,"[6.0, 4.0, 3.0, 16.0]","[35.0, 41.0, 45.0, 48.0, 64.0]","[0.0, 35.0, 41.0, 45.0, 48.0]","[3.5, 3.0, 2.0, 1.0, 1.0]","[4, 3, 3, 3, 2]","[5, 3, 3, 3, 3]","[3.0, 1.0, 1.0, 1.0, 0.5]","[4.0, 2.0, 1.0, 1.0, 0.5]","[0, 0, 0, 0, 0]",2017-01-15 09:00,30,2,1.0,40.0,1.0,3.0,80.0,"[202.0738495144293, 167.40359922257957, 155.51, 114.6275]","[(202.0738495144293, 60.0), (167.40359922257957, 40.0), (155.51, 30.0), (114.6275, 160.0)]",1.0,2,4,"[6.0, 4.0, 3.0, 16.0]","[202.0738495144293, 167.40359922257957, 155.51, 114.6275]"
82707,"[15.0, 37.0, 16.0, 2.0, 41.0]","[232.125, 250.0, 211.75, 292.25, 114.6275]",3,2.0,[41.0],"[15.0, 52.0, 68.0, 70.0, 111.0]","[0.0, 15.0, 52.0, 68.0, 70.0]","[2.5, 3.0, 2.0, 5.0, 1.0]","[4, 4, 4, 7, 2]","[5, 4, 5, 7, 3]","[2.5, 1.0, 2.0, 1.0, 0.5]","[4.0, 2.0, 5.0, 1.0, 1.5]","[0, 0, 0, 1, 0]",2017-01-17 09:00,36,2,1.0,70.0,1.0,3.0,80.0,[114.6275],"[(114.6275, 410.0)]",1.0,2,1,[41.0],[114.6275]
82976,"[10.0, 22.0, 13.0, 15.0, 3.0, 7.0, 5.0, 8.0, 9.0, 2.9000000000000057, 0.09999999999999432, 10.0, 1.0, 1.5, 0.5]","[196.0, 204.0, 203.75, 259.0, 197.0, 238.01846237860732, 215.51749561875042, 214.05538713582197, 192.55248685625125, 202.0738495144293, 140.0, 101.0, 202.0738495144293, 114.6275, 202.0738495144293]",10,0.09999999999999432,"[10.0, 1.0, 1.5, 0.5]","[10.0, 32.0, 45.0, 60.0, 63.0, 70.0, 75.0, 83.0, 92.0, 94.9, 95.0, 105.0, 106.0, 107.5, 108.0]","[0.0, 10.0, 32.0, 45.0, 60.0, 63.0, 70.0, 75.0, 83.0, 92.0, 94.9, 95.0, 105.0, 106.0, 107.5]","[2.5, 2.0, 2.5, 4.0, 1.0, 3.0, 2.5, 3.0, 2.5, 3.0, 1.0, 1.0, 3.0, 1.0, 3.0]","[9, 4, 9, 9, 5, 4, 4, 3, 3, 3, 6, 2, 3, 2, 3]","[9, 4, 4, 9, 4, 3, 3, 4, 4, 3, 6, 2, 3, 3, 3]","[1.0, 1.0, 1.0, 1.0, 1.0, 0.25, 0.25, 0.25, 0.25, 0.25, 1.0, 0.5, 0.25, 0.25, 0.25]","[2.0, 4.0, 2.0, 2.0, 4.0, 1.5, 1.25, 1.0, 1.0, 0.5, 1.0, 2.0, 0.5, 1.25, 0.5]","[0, 0, 0, 0, 0, 0, 0, 0, 0, 0, 0, 0, 0, 0, 0]",2017-02-15 08:00,36,3,1.0,95.0,1.0,3.0,100.9123351677189,"[101.0, 202.0738495144293, 114.6275, 202.0738495144293]","[(101.0, 100.0), (202.0738495144293, 10.0), (114.6275, 15.0), (202.0738495144293, 5.0)]",1.0,2,4,"[10.0, 1.0, 1.5, 0.5]","[101.0, 202.0738495144293, 114.6275, 202.0738495144293]"
83117,"[34.0, 6.0, 24.0, 4.0, 27.0]","[208.875, 152.25, 167.40359922257957, 292.25, 155.51]",0,34.0,"[6.0, 24.0, 4.0, 27.0]","[34.0, 40.0, 64.0, 68.0, 95.0]","[0.0, 34.0, 40.0, 64.0, 68.0]","[2.5, 1.0, 2.0, 4.0, 1.0]","[9, 9, 3, 7, 3]","[5, 5, 3, 7, 3]","[3.0, 3.0, 2.0, 2.0, 1.0]","[4.0, 4.0, 2.0, 3.0, 1.0]","[0, 0, 0, 1, 0]",2017-03-01 09:30,32,2,1.0,34.0,1.0,3.0,80.0,"[152.25, 167.40359922257957, 292.25, 155.51]","[(152.25, 60.0), (167.40359922257957, 240.0), (292.25, 40.0), (155.51, 270.0)]",1.0,2,4,"[6.0, 24.0, 4.0, 27.0]","[152.25, 167.40359922257957, 292.25, 155.51]"
83153,"[10.0, 28.0, 7.0, 5.0, 14.0, 10.0, 1.0, 30.0, 37.0, 3.0, 3.0]","[257.0, 235.0, 152.5, 248.0, 218.75, 184.0, 292.25, 202.0738495144293, 114.6275, 221.84391954305838, 155.51]",7,30.0,"[37.0, 3.0, 3.0]","[10.0, 38.0, 45.0, 50.0, 64.0, 74.0, 75.0, 105.0, 142.0, 145.0, 148.0]","[0.0, 10.0, 38.0, 45.0, 50.0, 64.0, 74.0, 75.0, 105.0, 142.0, 145.0]","[3.0, 2.0, 1.5, 3.0, 2.5, 2.0, 4.0, 3.0, 1.0, 3.5, 1.0]","[5, 5, 7, 7, 7, 7, 7, 3, 2, 3, 3]","[7, 5, 9, 7, 4, 7, 7, 3, 3, 2, 3]","[2.0, 3.0, 2.0, 1.0, 1.0, 1.0, 1.0, 0.2, 0.2, 0.2, 0.2]","[5.0, 5.0, 2.0, 2.0, 1.5, 1.5, 1.5, 0.2, 1.0, 1.0, 0.2]","[0, 0, 0, 0, 0, 0, 1, 0, 0, 0, 0]",2017-03-03 07:30,34,3,1.0,105.0,1.0,3.0,100.9123351677189,"[114.6275, 221.84391954305838, 155.51]","[(114.6275, 370.0), (221.84391954305838, 30.0), (155.51, 30.0)]",1.0,2,3,"[37.0, 3.0, 3.0]","[114.6275, 221.84391954305838, 155.51]"
83645,"[63.0, 43.0, 40.0, 5.0, 9.0, 4.0, 4.0, 18.0, 4.0, 9.0, 1.0]","[259.0, 269.48334707923954, 269.48334707923954, 296.0, 175.0, 312.0, 101.0, 101.0, 137.0, 101.0, 137.0]",8,4.0,"[9.0, 1.0]","[63.0, 106.0, 146.0, 151.0, 160.0, 164.0, 168.0, 186.0, 190.0, 199.0, 200.0]","[0.0, 63.0, 106.0, 146.0, 151.0, 160.0, 164.0, 168.0, 186.0, 190.0, 199.0]","[4.0, 4.0, 4.0, 4.0, 2.0, 4.0, 1.0, 1.0, 2.0, 1.0, 2.0]","[9, 3, 3, 4, 9, 7, 2, 2, 2, 2, 2]","[9, 9, 9, 4, 9, 7, 2, 2, 2, 2, 2]","[0.2, 0.2, 0.5, 0.5, 0.5, 1.0, 0.5, 0.5, 0.5, 0.5, 0.2]","[0.5, 0.5, 1.0, 1.0, 0.5, 2.0, 1.0, 1.0, 1.0, 1.0, 0.5]","[0, 0, 0, 0, 0, 0, 0, 0, 0, 0, 0]",2017-03-24 10:00,34,2,1.0,190.0,1.0,3.0,80.0,"[101.0, 137.0]","[(101.0, 90.0), (137.0, 10.0)]",1.0,2,2,"[9.0, 1.0]","[101.0, 137.0]"
83669,"[10.0, 20.0, 5.0, 23.0, 58.0, 12.0, 15.0, 1.0]","[250.0, 250.0, 250.0, 250.0, 119.0, 144.6008998056449, 96.0, 101.0]",5,12.0,"[15.0, 1.0]","[10.0, 30.0, 35.0, 58.0, 116.0, 128.0, 143.0, 144.0]","[0.0, 10.0, 30.0, 35.0, 58.0, 116.0, 128.0, 143.0]","[3.0, 3.0, 3.0, 3.0, 1.5, 2.0, 1.0, 1.0]","[4, 4, 4, 4, 2, 2, 2, 2]","[4, 4, 4, 4, 2, 3, 1, 2]","[0.75, 1.0, 1.0, 0.75, 0.75, 0.5, 1.0, 0.5]","[1.25, 1.0, 1.0, 1.0, 1.0, 1.5, 1.5, 1.0]","[0, 0, 0, 0, 0, 0, 0, 0]",2017-03-29 09:00,40,5,3.0,128.0,3.0,1.0,197.7469839309005,"[96.0, 101.0]","[(96.0, 150.0), (101.0, 10.0)]",3.0,2,2,"[15.0, 1.0]","[96.0, 101.0]"
83707,"[17.0, 24.0, 42.0, 17.0, 30.0, 3.0, 20.0, 6.0, 1.0]","[326.42346393368337, 326.42346393368337, 272.9777961056527, 272.9777961056527, 202.0738495144293, 137.0, 204.0, 101.0, 250.0]",6,20.0,"[6.0, 1.0]","[17.0, 41.0, 83.0, 100.0, 130.0, 133.0, 153.0, 159.0, 160.0]","[0.0, 17.0, 41.0, 83.0, 100.0, 130.0, 133.0, 153.0, 159.0]","[4.5, 4.5, 4.0, 4.0, 3.0, 2.0, 2.0, 1.0, 3.0]","[3, 3, 3, 3, 3, 2, 4, 2, 4]","[3, 3, 3, 3, 3, 2, 4, 2, 4]","[0.2, 0.2, 0.2, 0.2, 0.5, 1.0, 1.0, 1.0, 1.0]","[0.2, 0.2, 0.5, 0.5, 0.5, 1.0, 1.0, 2.0, 2.0]","[0, 0, 0, 0, 0, 0, 0, 0, 0]",2017-04-07 09:30,36,5,2.0,153.0,3.0,1.0,197.7469839309005,"[101.0, 250.0]","[(101.0, 60.0), (250.0, 10.0)]",3.0,2,2,"[6.0, 1.0]","[101.0, 250.0]"
83721,"[18.0, 5.0, 7.0, 34.0, 20.0]","[120.0, 248.0, 216.0, 292.25, 292.25]",-1,,[],"[18.0, 23.0, 30.0, 64.0, 84.0]","[0.0, 18.0, 23.0, 30.0, 64.0]","[1.0, 3.0, 2.5, 2.0, 5.0]","[7, 7, 7, 7, 7]","[7, 7, 7, 7, 7]","[3.0, 2.0, 2.0, 2.0, 2.0]","[3.0, 3.0, 3.0, 2.0, 2.0]","[0, 0, 0, 1, 1]",2017-04-12 08:30,30,7,0.0,84.0,3.0,1.0,878.8754841373355,[],[],3.0,2,0,[],[]
83733,"[54.0, 27.0, 19.0, 15.0, 21.0, 3.0]","[205.375, 190.75, 214.05538713582197, 202.0738495144293, 167.40359922257957, 394.2882093093874]",-1,,[],"[54.0, 81.0, 100.0, 115.0, 136.0, 139.0]","[0.0, 54.0, 81.0, 100.0, 115.0, 136.0]","[1.5, 1.0, 3.0, 3.0, 2.0, 5.0]","[5, 5, 3, 3, 3, 3]","[9, 9, 4, 3, 3, 3]","[3.0, 3.0, 0.5, 0.3, 0.5, 0.5]","[5.0, 5.0, 1.5, 0.5, 0.5, 0.5]","[0, 0, 0, 0, 0, 0]",2017-04-17 09:45,35,7,0.0,139.0,3.0,1.0,878.8754841373355,[],[],3.0,2,0,[],[]
83736,"[5.0, 15.0, 20.0, 20.0, 17.0, 31.0, 4.0, 7.0, 2.0, 4.0, 35.0]","[152.25, 265.5, 208.875, 152.25, 171.125, 238.0, 217.0, 158.0, 250.0, 158.0, 149.3118667919715]",8,2.0,"[4.0, 35.0]","[5.0, 20.0, 40.0, 60.0, 77.0, 108.0, 112.0, 119.0, 121.0, 125.0, 160.0]","[0.0, 5.0, 20.0, 40.0, 60.0, 77.0, 108.0, 112.0, 119.0, 121.0, 125.0]","[1.0, 4.0, 2.5, 1.0, 1.5, 3.5, 3.0, 1.0, 3.0, 1.0, 1.5]","[9, 9, 9, 9, 9, 9, 9, 4, 4, 4, 3]","[5, 5, 5, 5, 5, 9, 9, 4, 4, 4, 2]","[2.0, 2.0, 2.0, 1.5, 1.5, 0.5, 0.5, 0.5, 0.5, 0.5, 0.25]","[4.0, 4.0, 4.0, 3.0, 3.0, 1.0, 1.5, 1.5, 1.5, 1.5, 1.0]","[0, 0, 0, 0, 0, 0, 0, 0, 0, 0, 0]",2017-04-21 12:00,40,2,2.0,123.0,1.0,3.0,80.0,"[158.0, 149.3118667919715]","[(158.0, 40.0), (149.3118667919715, 350.0)]",1.0,2,2,"[4.0, 35.0]","[158.0, 149.3118667919715]"
83743,"[5.0, 28.0, 19.0, 21.0, 36.0, 11.0, 4.0, 6.0, 22.0]","[222.5, 204.0, 236.51846237860732, 189.0, 152.0, 152.0, 158.0, 292.25, 81.0]",6,4.0,"[6.0, 22.0]","[5.0, 33.0, 52.0, 73.0, 109.0, 120.0, 124.0, 130.0, 152.0]","[0.0, 5.0, 33.0, 52.0, 73.0, 109.0, 120.0, 124.0, 130.0]","[1.5, 2.0, 3.0, 2.0, 1.5, 1.5, 1.0, 2.5, 1.0]","[5, 4, 7, 7, 7, 7, 4, 7, 1]","[5, 4, 3, 4, 7, 7, 4, 7, 1]","[2.0, 1.0, 0.5, 1.0, 2.0, 1.0, 1.0, 1.0, 1.0]","[4.0, 1.0, 2.0, 2.0, 2.0, 2.0, 2.0, 3.0, 2.0]","[0, 0, 0, 0, 0, 0, 0, 1, 0]",2017-04-28 10:30,36,3,1.0,124.0,1.0,3.0,100.9123351677189,"[292.25, 81.0]","[(292.25, 60.0), (81.0, 220.0)]",1.0,2,2,"[6.0, 22.0]","[292.25, 81.0]"
84146,"[30.0, 20.0, 10.0, 30.0, 8.0, 6.0, 1.0, 10.0, 20.0, 27.0]","[210.0, 324.56759795026255, 202.0738495144293, 180.26846237860732, 180.26846237860732, 376.0, 155.51, 376.0, 137.0, 81.0]",7,10.0,"[20.0, 27.0]","[30.0, 50.0, 60.0, 90.0, 98.0, 104.0, 105.0, 115.0, 135.0, 162.0]","[0.0, 30.0, 50.0, 60.0, 90.0, 98.0, 104.0, 105.0, 115.0, 135.0]","[1.0, 4.5, 3.0, 3.0, 3.0, 5.0, 1.0, 5.0, 2.0, 1.0]","[5, 3, 3, 2, 2, 7, 3, 7, 2, 1]","[5, 4, 3, 3, 3, 7, 3, 7, 2, 1]","[1.0, 0.5, 0.5, 0.2, 0.2, 2.0, 0.2, 2.0, 0.2, 1.0]","[3.0, 1.0, 1.0, 0.8, 0.8, 3.0, 0.5, 3.0, 0.5, 2.0]","[0, 0, 0, 0, 0, 0, 0, 0, 0, 0]",2018-01-11 10:00,35,3,1.0,115.0,1.0,3.0,100.9123351677189,"[137.0, 81.0]","[(137.0, 200.0), (81.0, 270.0)]",1.0,2,2,"[20.0, 27.0]","[137.0, 81.0]"
84154,"[30.0, 120.0, 4.0]","[202.0738495144293, 191.0, 86.0]",1,120.0,[4.0],"[30.0, 150.0, 154.0]","[0.0, 30.0, 150.0]","[3.0, 3.5, 1.0]","[3, 2, 1]","[3, 2, 2]","[1.0, 2.0, 1.5]","[1.0, 2.5, 1.5]","[0, 0, 0]",2018-01-11 09:00,32,2,1.0,150.0,1.0,3.0,80.0,[86.0],"[(86.0, 40.0)]",1.0,2,1,[4.0],[86.0]
84254,"[27.0, 20.0, 14.0, 18.0, 11.0, 20.0, 5.0, 5.0, 7.0, 3.0, 5.0, 17.0]","[210.0, 175.0, 175.0, 202.0738495144293, 167.40359922257957, 167.40359922257957, 167.40359922257957, 167.40359922257957, 155.51, 155.51, 101.0, 101.0]",4,11.0,"[20.0, 5.0, 5.0, 7.0, 3.0, 5.0, 17.0]","[27.0, 47.0, 61.0, 79.0, 90.0, 110.0, 115.0, 120.0, 127.0, 130.0, 135.0, 152.0]","[0.0, 27.0, 47.0, 61.0, 79.0, 90.0, 110.0, 115.0, 120.0, 127.0, 130.0, 135.0]","[1.0, 2.0, 2.0, 3.0, 2.0, 2.0, 2.0, 2.0, 1.0, 1.0, 1.0, 1.0]","[5, 9, 9, 3, 3, 3, 3, 3, 3, 3, 2, 2]","[5, 9, 9, 3, 3, 3, 3, 3, 3, 3, 2, 2]","[2.0, 2.0, 1.0, 0.5, 0.4, 0.2, 0.3, 0.5, 0.4, 0.2, 1.0, 1.0]","[3.0, 3.0, 2.0, 0.5, 0.4, 0.2, 0.3, 0.5, 0.5, 0.3, 1.0, 2.0]","[0, 0, 0, 0, 0, 0, 0, 0, 0, 0, 0, 0]",2018-01-17 10:50,37,2,1.0,90.0,1.0,3.0,80.0,"[167.40359922257957, 167.40359922257957, 167.40359922257957, 155.51, 155.51, 101.0, 101.0]","[(167.40359922257957, 200.0), (167.40359922257957, 50.0), (167.40359922257957, 50.0), (155.51, 70.0), (155.51, 30.0), (101.0, 50.0), (101.0, 170.0)]",1.0,2,7,"[20.0, 5.0, 5.0, 7.0, 3.0, 22.0]","[167.40359922257957, 167.40359922257957, 167.40359922257957, 155.51, 155.51, 101.0]"
84256,"[20.0, 18.0, 17.0, 15.0, 18.0, 9.0, 12.5, 0.5, 20.0, 20.0]","[171.0, 250.0, 204.0, 202.0738495144293, 202.0738495144293, 202.0738495144293, 167.40359922257957, 272.9777961056527, 155.51, 144.6008998056449]",8,20.0,[20.0],"[20.0, 38.0, 55.0, 70.0, 88.0, 97.0, 109.5, 110.0, 130.0, 150.0]","[0.0, 20.0, 38.0, 55.0, 70.0, 88.0, 97.0, 109.5, 110.0, 130.0]","[1.0, 3.0, 2.0, 3.0, 3.0, 3.0, 2.0, 4.0, 1.0, 2.0]","[4, 4, 4, 3, 3, 3, 3, 3, 3, 2]","[5, 4, 4, 3, 3, 3, 3, 3, 3, 3]","[2.0, 0.8, 1.0, 0.3, 0.2, 0.2, 0.2, 0.2, 0.2, 0.2]","[3.0, 0.8, 1.0, 0.3, 0.2, 0.2, 0.2, 0.2, 0.3, 0.5]","[0, 0, 0, 0, 0, 0, 0, 0, 0, 0]",2018-01-17 12:00,29,2,1.0,130.0,1.0,3.0,80.0,[144.6008998056449],"[(144.6008998056449, 200.0)]",1.0,2,1,[20.0],[144.6008998056449]
84277,"[15.0, 7.0, 8.0, 16.0, 29.5, 0.5, 9.0, 3.0, 1.0, 2.0, 8.0, 2.0, 3.0, 2.0, 24.0, 4.0, 4.0, 8.0, 25.0, 13.0]","[191.375, 181.0, 296.0, 273.0, 250.0, 440.0, 296.0, 250.0, 440.0, 292.25, 273.0, 292.25, 250.0, 292.25, 181.0, 158.0, 167.40359922257957, 159.41582238929536, 114.6275, 101.0]",15,4.0,"[4.0, 8.0, 25.0, 13.0]","[15.0, 22.0, 30.0, 46.0, 75.5, 76.0, 85.0, 88.0, 89.0, 91.0, 99.0, 101.0, 104.0, 106.0, 130.0, 134.0, 138.0, 146.0, 171.0, 184.0]","[0.0, 15.0, 22.0, 30.0, 46.0, 75.5, 76.0, 85.0, 88.0, 89.0, 91.0, 99.0, 101.0, 104.0, 106.0, 130.0, 134.0, 138.0, 146.0, 171.0]","[1.5, 1.5, 4.0, 3.5, 3.0, 6.0, 4.0, 3.0, 6.0, 4.0, 3.5, 4.0, 3.0, 4.0, 1.5, 1.0, 2.0, 1.5, 1.0, 1.0]","[4, 4, 4, 4, 4, 8, 4, 4, 8, 7, 4, 7, 4, 7, 4, 4, 3, 3, 2, 2]","[5, 4, 4, 4, 4, 8, 4, 4, 8, 7, 4, 7, 4, 7, 4, 4, 3, 3, 3, 2]","[3.0, 2.0, 1.0, 1.0, 1.0, nan, 0.5, 1.0, nan, 1.0, 0.5, 1.0, 0.5, 1.0, 0.5, 1.0, 0.5, 0.2, 0.5, 1.0]","[4.0, 3.0, 2.0, 1.0, 2.0, nan, 0.5, 1.0, nan, 2.0, 0.5, 2.0, 0.5, 2.0, 1.0, 1.0, 0.5, 0.2, 1.0, 2.0]","[0, 0, 0, 0, 0, 0, 0, 0, 0, 1, 0, 1, 0, 1, 0, 0, 0, 0, 0, 0]",2018-01-21 11:00,29,2,2.0,134.0,1.0,3.0,80.0,"[167.40359922257957, 159.41582238929536, 114.6275, 101.0]","[(167.40359922257957, 40.0), (159.41582238929536, 80.0), (114.6275, 250.0), (101.0, 130.0)]",1.0,2,4,"[4.0, 8.0, 25.0, 13.0]","[167.40359922257957, 159.41582238929536, 114.6275, 101.0]"
84300,"[70.0, 35.0, 20.0, 32.5, 0.5, 7.0, 5.5, 0.5, 16.0, 8.0, 5.0]","[272.9777961056527, 202.0738495144293, 202.0738495144293, 167.40359922257957, 140.0, 202.0738495144293, 181.06998247500167, 140.0, 144.6008998056449, 137.0, 101.0]",6,5.5,"[0.5, 16.0, 8.0, 5.0]","[70.0, 105.0, 125.0, 157.5, 158.0, 165.0, 170.5, 171.0, 187.0, 195.0, 200.0]","[0.0, 70.0, 105.0, 125.0, 157.5, 158.0, 165.0, 170.5, 171.0, 187.0, 195.0]","[4.0, 3.0, 3.0, 2.0, 1.0, 3.0, 2.5, 1.0, 2.0, 2.0, 1.0]","[3, 3, 3, 3, 6, 3, 3, 6, 2, 2, 2]","[3, 3, 3, 3, 6, 3, 3, 6, 3, 2, 2]","[0.1, 0.1, 0.1, 0.1, 0.1, 0.1, 0.1, 0.1, 0.2, 0.1, 0.1]","[0.5, 0.2, 0.2, 0.2, 0.2, 0.4, 0.2, 0.2, 0.5, 0.5, 0.5]","[0, 0, 0, 0, 0, 0, 0, 0, 0, 0, 0]",2018-01-24 13:00,29,3,1.0,170.5,1.0,3.0,100.9123351677189,"[140.0, 144.6008998056449, 137.0, 101.0]","[(140.0, 5.0), (144.6008998056449, 160.0), (137.0, 80.0), (101.0, 50.0)]",1.0,2,4,"[0.5, 16.0, 8.0, 5.0]","[140.0, 144.6008998056449, 137.0, 101.0]"
84340,"[3.0, 22.0, 9.0, 9.0, 16.0, 4.0, 13.0, 7.0]","[120.0, 292.25, 167.40359922257957, 292.25, 167.40359922257957, 133.0, 144.6008998056449, 95.75]",4,16.0,"[4.0, 13.0, 7.0]","[3.0, 25.0, 34.0, 43.0, 59.0, 63.0, 76.0, 83.0]","[0.0, 3.0, 25.0, 34.0, 43.0, 59.0, 63.0, 76.0]","[1.0, 4.0, 2.0, 2.5, 2.0, 1.0, 2.0, 1.0]","[7, 7, 3, 7, 3, 9, 2, 1]","[7, 7, 3, 7, 3, 9, 3, 6]","[2.0, 2.0, 0.75, 2.0, 0.25, 1.5, 0.75, 2.0]","[3.0, 3.0, 0.75, 2.0, 0.25, 2.0, 0.75, 2.0]","[0, 1, 0, 1, 0, 0, 0, 0]",2018-01-28 10:50,32,6,3.0,59.0,3.0,1.0,439.4377420686678,"[133.0, 144.6008998056449, 95.75]","[(133.0, 40.0), (144.6008998056449, 130.0), (95.75, 70.0)]",3.0,2,3,"[4.0, 13.0, 7.0]","[133.0, 144.6008998056449, 95.75]"
84391,"[30.0, 6.0, 84.0, 17.0, 54.0, 9.0]","[314.81759795026255, 292.25, 272.9777961056527, 202.0738495144293, 159.80269941693467, 173.0]",-1,,[],"[30.0, 36.0, 120.0, 137.0, 191.0, 200.0]","[0.0, 30.0, 36.0, 120.0, 137.0, 191.0]","[4.5, 5.0, 4.0, 3.0, 2.0, 3.0]","[3, 7, 3, 3, 3, 2]","[9, 7, 3, 3, 2, 2]","[0.5, 1.0, 0.25, 0.25, 0.3, 1.0]","[1.5, 2.5, 0.5, 0.5, 1.25, 1.5]","[0, 1, 0, 0, 0, 0]",2018-01-31 13:30,43,7,0.0,200.0,3.0,1.0,878.8754841373355,[],[],3.0,2,0,[],[]
84455,"[35.0, 1.0, 14.0, 2.0, 23.0, 2.0, 10.0, 1.0, 3.0]","[190.75, 238.0, 154.0, 296.0, 227.0, 293.1875, 158.0, 158.0, 86.0]",-1,,[],"[35.0, 36.0, 50.0, 52.0, 75.0, 77.0, 87.0, 88.0, 91.0]","[0.0, 35.0, 36.0, 50.0, 52.0, 75.0, 77.0, 87.0, 88.0]","[1.0, 3.5, 1.5, 4.0, 2.5, 4.0, 1.0, 2.5, 1.0]","[5, 9, 9, 4, 4, 7, 4, 1, 1]","[9, 9, 9, 4, 4, 4, 4, 4, 2]","[2.0, 1.5, 1.0, 0.5, 0.5, 1.0, 0.5, 0.5, 1.0]","[3.0, 2.0, 1.5, 0.5, 1.0, 1.0, 0.75, 0.5, 1.0]","[0, 0, 0, 0, 0, 1, 0, 0, 0]",2018-02-12 10:15,33,7,0.0,91.0,3.0,1.0,878.8754841373355,[],[],3.0,2,0,[],[]
84622,"[5.0, 20.0, 60.0, 35.0, 25.0, 12.0, 9.0, 1.0, 9.0, 24.0]","[210.0, 252.5, 273.0, 273.0, 181.06998247500167, 176.55269941693467, 129.10395559732385, 202.0738495144293, 114.6275, 161.51749561875042]",7,1.0,"[9.0, 24.0]","[5.0, 25.0, 85.0, 120.0, 145.0, 157.0, 166.0, 167.0, 176.0, 200.0]","[0.0, 5.0, 25.0, 85.0, 120.0, 145.0, 157.0, 166.0, 167.0, 176.0]","[1.0, 3.0, 3.5, 3.5, 2.5, 2.0, 1.5, 3.0, 1.0, 2.5]","[5, 4, 4, 4, 3, 3, 2, 3, 2, 2]","[5, 5, 4, 4, 3, 4, 3, 3, 3, 3]","[2.0, 2.0, 0.5, 0.5, 0.25, 0.25, 0.25, 0.25, 0.5, 0.25]","[5.0, 3.0, 1.0, 1.0, 0.5, 0.75, 1.5, 0.5, 1.0, 1.0]","[0, 0, 0, 0, 0, 0, 0, 0, 0, 0]",2018-03-03 11:00,35,2,1.0,172.0,1.0,3.0,80.0,"[114.6275, 161.51749561875042]","[(114.6275, 90.0), (161.51749561875042, 240.0)]",1.0,2,2,"[9.0, 24.0]","[114.6275, 161.51749561875042]"
84675,"[50.0, 2.0, 6.0, 20.0, 35.0, 2.0, 43.0, 42.0]","[324.56759795026255, 204.0, 250.0, 290.2444490264132, 202.0738495144293, 292.25, 137.0, 86.0]",6,43.0,[42.0],"[50.0, 52.0, 58.0, 78.0, 113.0, 115.0, 158.0, 200.0]","[0.0, 50.0, 52.0, 58.0, 78.0, 113.0, 115.0, 158.0]","[4.5, 2.0, 3.0, 4.0, 3.0, 5.0, 2.0, 1.0]","[3, 4, 4, 4, 3, 7, 2, 1]","[4, 4, 4, 3, 3, 7, 2, 2]","[0.25, 2.0, 1.0, 0.5, 0.25, 1.0, 1.0, 2.0]","[1.0, 3.0, 3.0, 1.5, 0.75, 3.0, 2.0, 3.0]","[0, 0, 0, 0, 0, 1, 0, 0]",2018-03-14 10:15,45,2,1.0,170.0,1.0,3.0,80.0,[86.0],"[(86.0, 420.0)]",1.0,2,1,[42.0],[86.0]
84681,"[40.0, 4.0, 59.0, 20.0, 18.5, 0.5, 4.0, 12.0, 12.0, 0.5, 13.5, 16.0]","[272.9777961056527, 269.48334707923954, 272.9777961056527, 167.40359922257957, 167.40359922257957, 140.0, 217.0, 141.8825, 144.6008998056449, 140.0, 101.0, 101.0]",8,12.0,"[0.5, 13.5, 16.0]","[40.0, 44.0, 103.0, 123.0, 141.5, 142.0, 146.0, 158.0, 170.0, 170.5, 184.0, 200.0]","[0.0, 40.0, 44.0, 103.0, 123.0, 141.5, 142.0, 146.0, 158.0, 170.0, 170.5, 184.0]","[4.0, 4.0, 4.0, 2.0, 2.0, 1.0, 3.0, 1.0, 2.0, 1.0, 1.0, 1.0]","[3, 3, 3, 3, 3, 6, 9, 3, 2, 6, 2, 2]","[3, 9, 3, 3, 3, 6, 9, 2, 3, 6, 2, 2]","[0.1, 0.1, 0.1, 0.2, 0.2, 1.0, 0.5, 0.5, 0.5, 0.5, 0.5, 0.5]","[0.5, 0.5, 0.5, 0.5, 0.5, 3.0, 1.0, 1.0, 1.0, 5.0, 1.0, 1.0]","[0, 0, 0, 0, 0, 0, 0, 0, 0, 0, 0, 0]",2018-03-14 11:00,41,2,1.0,170.0,1.0,3.0,80.0,"[140.0, 101.0, 101.0]","[(140.0, 5.0), (101.0, 135.0), (101.0, 160.0)]",1.0,2,3,"[0.5, 13.5, 16.0]","[140.0, 101.0, 101.0]"
84690,"[4.0, 63.0, 10.0, 13.0, 22.0, 2.0, 15.0, 5.0, 10.0, 3.0, 4.0, 1.0]","[319.75, 196.75, 272.25, 264.25, 250.0, 292.25, 215.51749561875042, 292.25, 159.80269941693467, 292.25, 144.6008998056449, 292.25]",6,15.0,"[5.0, 10.0, 3.0, 4.0, 1.0]","[4.0, 67.0, 77.0, 90.0, 112.0, 114.0, 129.0, 134.0, 144.0, 147.0, 151.0, 152.0]","[0.0, 4.0, 67.0, 77.0, 90.0, 112.0, 114.0, 129.0, 134.0, 144.0, 147.0, 151.0]","[5.0, 2.0, 4.0, 3.5, 3.0, 4.0, 2.5, 4.0, 2.0, 5.0, 2.0, 4.0]","[9, 4, 9, 4, 4, 7, 4, 7, 3, 7, 2, 7]","[7, 9, 7, 9, 4, 7, 3, 7, 2, 7, 3, 7]","[2.0, 1.5, 2.0, 1.0, 1.0, 2.0, 1.0, 2.0, 0.2, 2.0, 0.2, 1.0]","[4.0, 4.0, 3.0, 1.0, 1.5, 2.0, 1.5, 3.0, 0.5, 3.0, 1.0, 1.0]","[0, 0, 0, 0, 0, 1, 0, 1, 0, 1, 0, 1]",2018-03-15 09:00,36,2,1.0,129.0,1.0,3.0,80.0,"[292.25, 159.80269941693467, 292.25, 144.6008998056449, 292.25]","[(292.25, 50.0), (159.80269941693467, 100.0), (292.25, 30.0), (144.6008998056449, 40.0), (292.25, 10.0)]",1.0,2,5,"[5.0, 10.0, 3.0, 4.0, 1.0]","[292.25, 159.80269941693467, 292.25, 144.6008998056449, 292.25]"
8470,"[10.0, 11.0, 11.0, 18.0, 22.0, 18.0, 6.0, 2.0, 2.0, 2.0, 1.0, 10.0, 12.0, 18.0, 2.0, 1.0, 4.0, 12.0, 6.0, 10.5, 0.5, 1.0]","[249.25, 234.625, 291.75, 205.375, 197.0, 191.375, 242.375, 232.125, 214.05538713582197, 204.0, 272.875, 262.78130651435276, 214.05538713582197, 194.8508998056449, 171.0, 293.1875, 211.75, 181.0, 176.55269941693467, 157.3775, 218.1008998056449, 95.75]",11,10.0,"[12.0, 18.0, 2.0, 1.0, 4.0, 12.0, 6.0, 10.5, 0.5, 1.0]","[10.0, 21.0, 32.0, 50.0, 72.0, 90.0, 96.0, 98.0, 100.0, 102.0, 103.0, 113.0, 125.0, 143.0, 145.0, 146.0, 150.0, 162.0, 168.0, 178.5, 179.0, 180.0]","[0.0, 10.0, 21.0, 32.0, 50.0, 72.0, 90.0, 96.0, 98.0, 100.0, 102.0, 103.0, 113.0, 125.0, 143.0, 145.0, 146.0, 150.0, 162.0, 168.0, 178.5, 179.0]","[3.0, 2.5, 4.0, 1.5, 1.0, 1.5, 2.5, 2.5, 3.0, 2.0, 3.5, 3.5, 3.0, 2.0, 1.0, 4.0, 2.0, 1.5, 2.0, 1.0, 2.0, 1.0]","[5, 5, 5, 5, 5, 4, 5, 4, 3, 4, 4, 4, 3, 4, 4, 7, 4, 4, 3, 4, 5, 1]","[9, 9, 7, 9, 4, 5, 4, 5, 4, 4, 5, 3, 4, 3, 5, 4, 5, 4, 4, 3, 3, 6]","[1.0, 1.0, 2.0, 2.0, 2.0, 1.0, 1.0, 1.0, 0.5, 1.0, 0.5, 1.0, 0.5, 0.5, 1.0, 1.0, 2.0, 1.0, 0.25, 0.5, 0.5, 1.0]","[3.0, 3.0, 3.0, 4.0, 3.0, 3.0, 3.0, 2.0, 1.0, 2.0, 0.5, 1.0, 0.5, 1.0, 1.0, 2.0, 2.0, 2.0, 1.0, 1.0, 0.5, 3.0]","[0, 0, 0, 0, 0, 0, 0, 0, 0, 0, 0, 0, 0, 0, 0, 1, 0, 0, 0, 0, 0, 0]",2003-03-01 12:00,40,6,3.0,113.0,3.0,1.0,439.4377420686678,"[214.05538713582197, 194.8508998056449, 171.0, 293.1875, 211.75, 181.0, 176.55269941693467, 157.3775, 218.1008998056449, 95.75]","[(214.05538713582197, 120.0), (194.8508998056449, 180.0), (171.0, 20.0), (293.1875, 10.0), (211.75, 40.0), (181.0, 120.0), (176.55269941693467, 60.0), (157.3775, 105.0), (218.1008998056449, 5.0), (95.75, 10.0)]",3.0,2,10,"[12.0, 18.0, 2.0, 1.0, 4.0, 30.0]","[214.05538713582197, 194.8508998056449, 171.0, 293.1875, 211.75, 165.7562198445159]"
84741,"[5.0, 38.0, 2.0, 27.0, 2.0, 14.0, 2.0, 3.0, 9.0, 4.0, 5.0, 2.0]","[248.0, 312.0, 202.0738495144293, 272.9777961056527, 440.0, 217.0, 301.0, 175.0, 342.0, 159.41582238929536, 202.0738495144293, 101.0]",9,4.0,"[5.0, 2.0]","[5.0, 43.0, 45.0, 72.0, 74.0, 88.0, 90.0, 93.0, 102.0, 106.0, 111.0, 113.0]","[0.0, 5.0, 43.0, 45.0, 72.0, 74.0, 88.0, 90.0, 93.0, 102.0, 106.0, 111.0]","[3.0, 4.0, 3.0, 4.0, 6.0, 3.0, 5.0, 2.0, 5.0, 1.5, 3.0, 1.0]","[7, 7, 3, 3, 8, 9, 9, 9, 4, 3, 3, 2]","[7, 7, 3, 3, 8, 9, 9, 9, 4, 3, 3, 2]","[1.0, 0.5, 0.5, 0.2, nan, 1.0, 1.0, 1.0, 1.5, 0.5, 1.0, 0.5]","[2.0, 1.5, 1.0, 0.5, nan, 2.0, 2.0, 2.0, 2.5, 1.0, 2.0, 2.0]","[0, 0, 0, 0, 0, 0, 0, 0, 0, 0, 0, 0]",2018-03-21 11:00,38,2,2.0,106.0,1.0,3.0,80.0,"[202.0738495144293, 101.0]","[(202.0738495144293, 50.0), (101.0, 20.0)]",1.0,2,2,"[5.0, 2.0]","[202.0738495144293, 101.0]"
84786,"[35.0, 20.0, 28.0, 37.0, 2.0, 19.0, 1.0, 12.0, 1.0, 6.0, 3.0, 9.0, 1.0, 3.0, 3.0, 2.0]","[210.0, 225.25, 236.5313065143528, 213.26846237860732, 280.0, 175.0, 216.0, 133.0, 216.0, 155.51, 216.0, 114.6275, 216.0, 114.6275, 216.0, 81.0]",12,1.0,"[3.0, 3.0, 2.0]","[35.0, 55.0, 83.0, 120.0, 122.0, 141.0, 142.0, 154.0, 155.0, 161.0, 164.0, 173.0, 174.0, 177.0, 180.0, 182.0]","[0.0, 35.0, 55.0, 83.0, 120.0, 122.0, 141.0, 142.0, 154.0, 155.0, 161.0, 164.0, 173.0, 174.0, 177.0, 180.0]","[1.0, 3.0, 3.5, 3.0, 3.5, 2.0, 2.5, 1.0, 2.5, 1.0, 2.5, 1.0, 2.5, 1.0, 2.5, 1.0]","[5, 9, 9, 9, 7, 9, 7, 9, 7, 3, 7, 2, 7, 2, 7, 1]","[5, 4, 3, 3, 7, 9, 7, 9, 7, 3, 7, 3, 7, 3, 7, 1]","[2.0, 0.5, 0.5, 0.5, 2.0, 1.0, 1.0, 1.0, 0.2, 0.2, 1.0, 0.8, 0.5, 0.8, 0.5, 1.0]","[4.0, 2.0, 1.5, 1.5, 3.0, 2.5, 2.5, 1.5, 1.5, 0.5, 2.0, 1.2, 1.0, 1.2, 1.0, 1.5]","[0, 0, 0, 0, 0, 0, 0, 0, 0, 0, 0, 0, 0, 0, 0, 0]",2018-03-30 09:00,37,2,2.0,174.0,1.0,3.0,80.0,"[114.6275, 216.0, 81.0]","[(114.6275, 30.0), (216.0, 30.0), (81.0, 20.0)]",1.0,2,3,"[3.0, 3.0, 2.0]","[114.6275, 216.0, 81.0]"
85272,"[20.0, 6.0, 6.0, 12.0, 8.0, 9.0, 7.0, 2.0, 7.0, 2.0]","[280.0, 280.0, 292.25, 181.06998247500167, 202.0738495144293, 159.80269941693467, 129.10395559732385, 292.25, 167.40359922257957, 174.55248685625125]",7,2.0,"[7.0, 2.0]","[20.0, 26.0, 32.0, 44.0, 52.0, 61.0, 68.0, 70.0, 77.0, 79.0]","[0.0, 20.0, 26.0, 32.0, 44.0, 52.0, 61.0, 68.0, 70.0, 77.0]","[3.5, 3.5, 5.0, 2.5, 3.0, 2.0, 1.5, 5.0, 2.0, 2.5]","[7, 7, 7, 3, 3, 3, 2, 7, 3, 3]","[7, 7, 7, 3, 3, 2, 3, 7, 3, 2]","[3.0, 2.0, 1.0, 0.3, 0.2, 0.5, 0.8, 1.5, 0.5, 0.5]","[3.0, 3.0, 2.0, 0.3, 0.2, 0.5, 0.8, 1.5, 0.5, 0.5]","[0, 0, 1, 0, 0, 0, 0, 1, 0, 0]",2019-01-08 11:40,34,2,2.0,70.0,1.0,3.0,80.0,"[167.40359922257957, 174.55248685625125]","[(167.40359922257957, 70.0), (174.55248685625125, 20.0)]",1.0,2,2,"[7.0, 2.0]","[167.40359922257957, 174.55248685625125]"
85335,"[20.0, 35.0, 11.0, 4.0, 18.0, 15.0, 37.0]","[292.25, 292.25, 129.5, 440.0, 176.55269941693467, 167.40359922257957, 96.0]",3,4.0,"[18.0, 15.0, 37.0]","[20.0, 55.0, 66.0, 70.0, 88.0, 103.0, 140.0]","[0.0, 20.0, 55.0, 66.0, 70.0, 88.0, 103.0]","[5.0, 3.0, 1.0, 6.0, 2.0, 2.0, 1.0]","[7, 7, 7, 8, 3, 3, 2]","[7, 7, 4, 8, 4, 3, 1]","[2.0, 2.0, 2.0, nan, 1.0, 1.0, 0.5]","[3.0, 2.0, 2.0, nan, 2.0, 1.0, 1.0]","[1, 1, 0, 0, 0, 0, 0]",2019-01-15 09:30,29,2,1.0,70.0,1.0,3.0,80.0,"[176.55269941693467, 167.40359922257957, 96.0]","[(176.55269941693467, 180.0), (167.40359922257957, 150.0), (96.0, 370.0)]",1.0,2,3,"[18.0, 15.0, 37.0]","[176.55269941693467, 167.40359922257957, 96.0]"
85405,"[49.0, 59.0, 25.0, 37.0, 26.0, 4.0]","[326.42346393368337, 256.98334707923954, 221.84391954305838, 180.26846237860732, 144.6008998056449, 86.0]",3,37.0,"[26.0, 4.0]","[49.0, 108.0, 133.0, 170.0, 196.0, 200.0]","[0.0, 49.0, 108.0, 133.0, 170.0, 196.0]","[4.5, 4.0, 3.5, 3.0, 2.0, 1.0]","[3, 3, 3, 2, 2, 1]","[3, 2, 2, 3, 3, 2]","[0.2, 0.2, 0.25, 0.5, 0.6, 1.0]","[0.5, 0.8, 1.0, 1.0, 1.25, 2.0]","[0, 0, 0, 0, 0, 0]",2019-01-18 11:00,37,2,1.0,170.0,1.0,3.0,80.0,"[144.6008998056449, 86.0]","[(144.6008998056449, 260.0), (86.0, 40.0)]",1.0,2,2,"[26.0, 4.0]","[144.6008998056449, 86.0]"
85470,"[1.0, 49.0, 2.0, 26.0, 2.0, 25.0, 5.0, 24.0, 13.0, 12.0, 5.0, 1.0, 8.0, 2.0]","[210.0, 280.0, 292.25, 259.0, 292.25, 250.0, 292.25, 272.9777961056527, 238.0, 204.0, 217.0, 440.0, 101.0, 140.0]",-1,,[],"[1.0, 50.0, 52.0, 78.0, 80.0, 105.0, 110.0, 134.0, 147.0, 159.0, 164.0, 165.0, 173.0, 175.0]","[0.0, 1.0, 50.0, 52.0, 78.0, 80.0, 105.0, 110.0, 134.0, 147.0, 159.0, 164.0, 165.0, 173.0]","[1.0, 4.5, 5.0, 4.0, 4.5, 3.0, 4.5, 4.0, 3.5, 2.0, 3.0, 6.0, 1.0, 1.0]","[5, 9, 7, 9, 7, 4, 7, 3, 9, 4, 9, 8, 2, 6]","[5, 9, 7, 9, 7, 4, 7, 3, 9, 4, 9, 8, 2, 6]","[3.0, 1.0, 1.0, 1.0, 3.0, 2.0, 2.0, 0.5, 1.0, 1.0, 1.0, nan, 1.0, 1.0]","[10.0, 2.0, 2.0, 3.0, 3.0, 2.0, 2.0, 0.5, 1.0, 2.0, 2.0, nan, 2.0, 4.0]","[0, 0, 1, 0, 1, 0, 1, 0, 0, 0, 0, 0, 0, 0]",2019-01-24 11:00,40,7,0.0,175.0,3.0,1.0,878.8754841373355,[],[],3.0,2,0,[],[]
85486,"[16.0, 14.0, 15.0, 9.0, 8.0, 5.0, 19.0, 12.0, 18.0, 7.0, 11.0, 25.0, 26.0, 5.0, 3.0]","[210.0, 277.9375, 275.9375, 204.0, 204.0, 264.25, 296.0, 296.0, 242.34391954305838, 194.80538713582197, 232.12522605741117, 232.12522605741117, 194.80538713582197, 181.06998247500167, 274.25]",-1,,[],"[16.0, 30.0, 45.0, 54.0, 62.0, 67.0, 86.0, 98.0, 116.0, 123.0, 134.0, 159.0, 185.0, 190.0, 193.0]","[0.0, 16.0, 30.0, 45.0, 54.0, 62.0, 67.0, 86.0, 98.0, 116.0, 123.0, 134.0, 159.0, 185.0, 190.0]","[1.0, 2.0, 2.5, 2.0, 2.0, 3.5, 4.0, 4.0, 3.5, 3.0, 3.5, 3.5, 3.0, 2.5, 4.0]","[5, 7, 7, 4, 4, 4, 4, 4, 3, 3, 3, 3, 3, 3, 4]","[5, 5, 4, 4, 4, 9, 4, 4, 4, 2, 3, 3, 2, 3, 2]","[3.0, 2.0, 1.0, 0.5, 1.0, 0.5, 0.75, 0.5, 0.25, 0.25, 0.25, 0.25, 0.5, 0.25, 0.5]","[4.0, 3.0, 1.5, 1.0, 1.5, 1.0, 1.25, 1.0, 0.75, 0.5, 0.25, 0.25, 1.0, 0.25, 1.0]","[0, 1, 1, 0, 0, 0, 0, 0, 0, 0, 0, 0, 0, 0, 0]",2019-01-25 13:15,34,7,0.0,193.0,3.0,1.0,878.8754841373355,[],[],3.0,2,0,[],[]
85593,"[20.0, 40.0, 36.0, 1.0, 9.0, 32.0, 2.0, 10.0, 23.0, 7.0, 10.0, 9.0, 1.0]","[227.25, 250.0, 160.75, 287.4319490264132, 174.55248685625125, 159.80269941693467, 272.9777961056527, 180.26846237860732, 181.06998247500167, 159.80269941693467, 101.0, 96.0, 149.3118667919715]",10,10.0,"[9.0, 1.0]","[20.0, 60.0, 96.0, 97.0, 106.0, 138.0, 140.0, 150.0, 173.0, 180.0, 190.0, 199.0, 200.0]","[0.0, 20.0, 60.0, 96.0, 97.0, 106.0, 138.0, 140.0, 150.0, 173.0, 180.0, 190.0, 199.0]","[2.0, 3.0, 1.5, 4.0, 2.5, 2.0, 4.0, 3.0, 2.5, 2.0, 1.0, 1.0, 1.5]","[5, 4, 9, 7, 3, 3, 3, 2, 3, 3, 2, 2, 3]","[4, 4, 4, 3, 2, 2, 3, 3, 3, 2, 2, 1, 2]","[1.5, 0.8, 1.0, 0.2, 0.2, 0.2, 0.2, 0.2, 0.1, 0.1, 1.0, 1.0, 0.1]","[3.5, 1.2, 1.5, 1.0, 1.0, 0.8, 0.5, 1.0, 0.3, 0.8, 2.0, 2.0, 1.3]","[0, 0, 0, 1, 0, 0, 0, 0, 0, 0, 0, 0, 0]",2019-02-04 13:00,39,2,2.0,190.0,1.0,3.0,80.0,"[96.0, 149.3118667919715]","[(96.0, 90.0), (149.3118667919715, 10.0)]",1.0,2,2,"[9.0, 1.0]","[96.0, 149.3118667919715]"
85610,"[12.0, 13.0, 8.0, 25.0, 36.0, 1.0, 37.0, 17.0, 26.0, 13.0, 2.0]","[227.75, 246.625, 278.5, 246.625, 225.25, 292.25, 225.25, 221.84391954305838, 194.80538713582197, 114.6275, 271.4375]",8,26.0,"[13.0, 2.0]","[12.0, 25.0, 33.0, 58.0, 94.0, 95.0, 132.0, 149.0, 175.0, 188.0, 190.0]","[0.0, 12.0, 25.0, 33.0, 58.0, 94.0, 95.0, 132.0, 149.0, 175.0, 188.0]","[3.0, 3.5, 4.0, 3.5, 3.0, 3.5, 3.0, 3.5, 3.0, 1.0, 4.0]","[9, 9, 5, 9, 9, 7, 9, 3, 3, 2, 7]","[5, 5, 9, 5, 4, 7, 4, 2, 2, 3, 2]","[2.5, 2.0, 1.5, 1.5, 1.0, 1.0, 0.75, 0.25, 0.25, 0.25, 0.5]","[3.5, 3.0, 3.0, 2.5, 2.0, 1.5, 1.25, 0.5, 0.5, 1.0, 1.5]","[0, 0, 0, 0, 0, 1, 0, 0, 0, 0, 1]",2019-02-06 10:00,39,2,2.0,186.0,1.0,3.0,80.0,"[114.6275, 271.4375]","[(114.6275, 130.0), (271.4375, 20.0)]",1.0,2,2,"[13.0, 2.0]","[114.6275, 271.4375]"
85794,"[20.0, 6.0, 15.0, 12.0, 10.0, 1.0, 11.0, 3.0, 19.0, 3.0, 20.0, 4.0]","[301.0, 342.0, 259.0, 204.0, 250.0, 440.0, 204.0, 440.0, 158.0, 313.1875, 204.0, 292.25]",3,12.0,"[10.0, 1.0, 11.0, 3.0, 19.0, 3.0, 20.0, 4.0]","[20.0, 26.0, 41.0, 53.0, 63.0, 64.0, 75.0, 78.0, 97.0, 100.0, 120.0, 124.0]","[0.0, 20.0, 26.0, 41.0, 53.0, 63.0, 64.0, 75.0, 78.0, 97.0, 100.0, 120.0]","[5.0, 5.0, 4.0, 2.0, 3.0, 6.0, 2.0, 6.0, 1.0, 5.0, 2.0, 5.0]","[9, 4, 9, 4, 4, 8, 4, 8, 4, 7, 4, 7]","[9, 4, 9, 4, 4, 8, 4, 8, 4, 8, 4, 7]","[1.5, 1.5, 1.0, 3.0, 2.5, nan, 2.0, nan, 2.0, 3.0, 2.0, 3.0]","[1.5, 1.5, 1.0, 3.0, 2.5, nan, 2.0, nan, 2.0, 3.0, 2.0, 3.0]","[0, 0, 0, 0, 0, 0, 0, 0, 0, 1, 0, 1]",2019-02-24 08:44,33,5,2.0,60.0,3.0,1.0,197.7469839309005,"[250.0, 440.0, 204.0, 440.0, 158.0, 313.1875, 204.0, 292.25]","[(250.0, 100.0), (440.0, 10.0), (204.0, 110.0), (440.0, 30.0), (158.0, 190.0), (313.1875, 30.0), (204.0, 200.0), (292.25, 40.0)]",3.0,2,8,"[10.0, 1.0, 11.0, 3.0, 19.0, 27.0]","[250.0, 440.0, 204.0, 440.0, 158.0, 269.8125]"
85797,"[2.0, 20.0, 4.0, 37.0, 51.0, 21.0, 9.0, 2.0, 9.0]","[191.375, 296.0, 319.0, 342.0, 319.0, 296.0, 250.0, 204.0, 296.0]",-1,,[],"[2.0, 22.0, 26.0, 63.0, 114.0, 135.0, 144.0, 146.0, 155.0]","[0.0, 2.0, 22.0, 26.0, 63.0, 114.0, 135.0, 144.0, 146.0]","[1.5, 4.0, 4.5, 5.0, 4.5, 4.0, 3.0, 2.0, 4.0]","[4, 4, 4, 4, 4, 4, 4, 4, 4]","[5, 4, 4, 4, 4, 4, 4, 4, 4]","[2.0, 2.0, 2.0, 1.5, 0.75, 1.0, 1.0, 1.0, 0.5]","[3.5, 3.0, 2.5, 2.0, 1.25, 1.5, 2.0, 1.5, 1.0]","[0, 0, 0, 0, 0, 0, 0, 0, 0]",2019-02-25 10:30,30,7,0.0,155.0,3.0,1.0,878.8754841373355,[],[],3.0,2,0,[],[]
85810,"[26.0, 12.0, 11.0, 27.0, 25.0, 1.0, 8.0, 10.0, 5.0]","[250.0, 319.0, 342.0, 319.0, 250.0, 273.0, 227.0, 273.0, 204.0]",6,8.0,"[10.0, 5.0]","[26.0, 38.0, 49.0, 76.0, 101.0, 102.0, 110.0, 120.0, 125.0]","[0.0, 26.0, 38.0, 49.0, 76.0, 101.0, 102.0, 110.0, 120.0]","[3.0, 4.5, 5.0, 4.5, 3.0, 3.5, 2.5, 3.5, 2.0]","[4, 4, 4, 4, 4, 4, 4, 4, 4]","[4, 4, 4, 4, 4, 4, 4, 4, 4]","[1.5, 1.0, 1.0, 0.75, 0.75, 0.75, 0.75, 0.5, 0.75]","[2.0, 1.25, 1.25, 1.0, 1.0, 0.75, 0.75, 0.75, 0.75]","[0, 0, 0, 0, 0, 0, 0, 0, 0]",2019-02-26 09:10,40,5,3.0,110.0,3.0,1.0,197.7469839309005,"[273.0, 204.0]","[(273.0, 100.0), (204.0, 50.0)]",3.0,2,2,"[10.0, 5.0]","[273.0, 204.0]"
85856,"[34.0, 21.0, 3.0, 30.0, 2.0, 17.0, 17.0, 10.0]","[120.0, 184.0, 248.0, 216.0, 292.25, 248.0, 292.25, 120.0]",4,2.0,"[17.0, 17.0, 10.0]","[34.0, 55.0, 58.0, 88.0, 90.0, 107.0, 124.0, 134.0]","[0.0, 34.0, 55.0, 58.0, 88.0, 90.0, 107.0, 124.0]","[1.0, 2.0, 3.0, 2.5, 4.0, 3.0, 4.5, 1.0]","[7, 7, 7, 7, 7, 7, 7, 7]","[7, 7, 7, 7, 7, 7, 7, 7]","[3.0, 3.0, 2.0, 2.0, 1.0, 1.0, 2.0, 2.0]","[3.0, 3.0, 3.0, 2.0, 2.0, 2.0, 2.0, 3.0]","[0, 0, 0, 0, 1, 0, 1, 0]",2019-02-28 11:00,34,4,3.0,105.0,3.0,1.0,131.83132262060033,"[248.0, 292.25, 120.0]","[(248.0, 170.0), (292.25, 170.0), (120.0, 100.0)]",3.0,2,3,"[17.0, 17.0, 10.0]","[248.0, 292.25, 120.0]"
85871,"[2.0, 1.0, 16.0, 1.0, 35.0, 20.0, 25.0, 9.0, 1.0, 4.0, 1.0]","[440.0, 318.0, 334.0, 292.25, 319.0, 250.0, 203.75, 173.1008998056449, 292.25, 155.51, 292.25]",5,20.0,"[25.0, 9.0, 1.0, 4.0, 1.0]","[2.0, 3.0, 19.0, 20.0, 55.0, 75.0, 100.0, 109.0, 110.0, 114.0, 115.0]","[0.0, 2.0, 3.0, 19.0, 20.0, 55.0, 75.0, 100.0, 109.0, 110.0, 114.0]","[6.0, 5.0, 5.0, 5.0, 4.5, 3.0, 2.5, 2.0, 5.0, 1.0, 5.0]","[8, 5, 4, 7, 4, 4, 9, 9, 7, 3, 7]","[8, 4, 5, 7, 4, 4, 4, 3, 7, 3, 7]","[nan, 2.0, 2.0, 1.5, 2.0, 1.5, 1.0, 1.0, 1.0, 1.0, 0.5]","[nan, 2.5, 2.0, 1.5, 2.0, 1.5, 1.5, 1.0, 1.0, 1.0, 0.5]","[0, 0, 0, 1, 0, 0, 0, 0, 1, 0, 1]",2019-03-01 11:00,36,5,3.0,98.0,3.0,1.0,197.7469839309005,"[203.75, 173.1008998056449, 292.25, 155.51, 292.25]","[(203.75, 250.0), (173.1008998056449, 90.0), (292.25, 10.0), (155.51, 40.0), (292.25, 10.0)]",3.0,2,5,"[25.0, 9.0, 1.0, 4.0, 1.0]","[203.75, 173.1008998056449, 292.25, 155.51, 292.25]"
85931,"[15.0, 14.0, 55.0, 2.0, 16.0, 7.0, 6.0, 2.0, 10.0, 9.0, 4.0, 10.0]","[283.9375, 278.6875, 292.25, 440.0, 292.25, 181.0, 292.25, 440.0, 161.51749561875042, 144.6008998056449, 119.0, 81.0]",10,4.0,[10.0],"[15.0, 29.0, 84.0, 86.0, 102.0, 109.0, 115.0, 117.0, 127.0, 136.0, 140.0, 150.0]","[0.0, 15.0, 29.0, 84.0, 86.0, 102.0, 109.0, 115.0, 117.0, 127.0, 136.0, 140.0]","[4.0, 3.5, 4.0, 6.0, 3.0, 1.5, 3.0, 6.0, 2.5, 2.0, 1.5, 1.0]","[7, 7, 7, 8, 7, 4, 7, 8, 2, 2, 2, 1]","[9, 9, 7, 8, 7, 4, 7, 8, 3, 3, 2, 1]","[2.0, 1.0, 1.0, nan, 2.0, 2.0, 2.0, nan, 0.5, 0.5, 1.0, 2.0]","[3.0, 2.0, 3.0, nan, 2.0, 2.0, 2.0, nan, 0.75, 0.75, 1.0, 2.0]","[1, 1, 1, 0, 1, 0, 1, 0, 0, 0, 0, 0]",2019-03-15 10:30,42,2,2.0,140.0,1.0,3.0,80.0,[81.0],"[(81.0, 100.0)]",1.0,2,1,[10.0],[81.0]
8794,"[47.0, 10.0, 4.0, 20.0, 4.0, 12.0, 29.0, 3.0]","[210.0, 181.06998247500167, 158.0, 174.25, 181.06998247500167, 176.55269941693467, 149.3118667919715, 167.40359922257957]",5,12.0,"[29.0, 3.0]","[47.0, 57.0, 61.0, 81.0, 85.0, 97.0, 126.0, 129.0]","[0.0, 47.0, 57.0, 61.0, 81.0, 85.0, 97.0, 126.0]","[1.0, 2.5, 1.0, 1.5, 2.5, 2.0, 1.5, 2.0]","[5, 3, 4, 4, 3, 3, 3, 3]","[5, 3, 4, 9, 3, 4, 2, 3]","[3.0, 0.25, 1.0, 1.0, 0.25, 0.5, 0.25, 0.25]","[5.0, 0.5, 1.5, 1.0, 0.25, 0.5, 0.5, 0.25]","[0, 0, 0, 0, 0, 0, 0, 0]",2005-01-04 13:50,34,1,1.0,97.0,1.0,3.0,0.0,"[149.3118667919715, 167.40359922257957]","[(149.3118667919715, 290.0), (167.40359922257957, 30.0)]",1.0,2,2,"[29.0, 3.0]","[149.3118667919715, 167.40359922257957]"
8795,"[18.0, 27.0, 5.0, 20.0]","[287.3125, 151.75, 292.25, 149.3118667919715]",2,5.0,[20.0],"[18.0, 45.0, 50.0, 70.0]","[0.0, 18.0, 45.0, 50.0]","[3.5, 1.0, 2.5, 1.5]","[7, 4, 7, 3]","[5, 9, 7, 2]","[2.0, 0.75, 1.0, 0.25]","[2.5, 1.25, 1.2, 0.25]","[1, 0, 1, 0]",2005-01-04 14:30,34,1,1.0,50.0,1.0,3.0,0.0,[149.3118667919715],"[(149.3118667919715, 200.0)]",1.0,2,1,[20.0],[149.3118667919715]
8903,"[21.0, 13.0, 10.0, 6.0, 20.0, 22.0, 3.0, 5.0, 12.0, 12.0, 6.0, 19.0]","[292.25, 181.0, 275.9375, 133.0, 205.80538713582197, 167.40359922257957, 101.0, 137.0, 123.875, 101.0, 119.0, 147.0]",5,22.0,"[3.0, 5.0, 12.0, 12.0, 6.0, 19.0]","[21.0, 34.0, 44.0, 50.0, 70.0, 92.0, 95.0, 100.0, 112.0, 124.0, 130.0, 149.0]","[0.0, 21.0, 34.0, 44.0, 50.0, 70.0, 92.0, 95.0, 100.0, 112.0, 124.0, 130.0]","[4.0, 1.5, 2.5, 1.0, 3.0, 2.0, 1.0, 2.0, 1.5, 1.0, 1.5, 2.0]","[7, 4, 7, 9, 3, 3, 2, 2, 2, 2, 2, 0]","[7, 4, 4, 9, 9, 3, 2, 2, 0, 2, 2, 1]","[1.0, 2.0, 1.0, 0.5, 0.5, 0.5, 1.0, 1.0, 1.0, 1.0, 1.0, 1.0]","[1.5, 2.5, 1.0, 1.0, 0.5, 0.5, 1.5, 1.0, 1.0, 1.5, 2.0, 1.5]","[1, 0, 1, 0, 0, 0, 0, 0, 0, 0, 0, 0]",2006-02-19 09:44,37,1,1.0,93.0,1.0,3.0,0.0,"[101.0, 137.0, 123.875, 101.0, 119.0, 147.0]","[(101.0, 30.0), (137.0, 50.0), (123.875, 120.0), (101.0, 120.0), (119.0, 60.0), (147.0, 190.0)]",1.0,2,6,"[3.0, 5.0, 12.0, 12.0, 6.0, 19.0]","[101.0, 137.0, 123.875, 101.0, 119.0, 147.0]"
9302,"[55.0, 20.0, 15.0, 25.0, 15.0, 23.0, 21.0, 10.800000000000011, 0.19999999999998863, 10.0, 5.0]","[259.0, 217.0, 217.0, 202.0738495144293, 202.0738495144293, 272.9777961056527, 202.0738495144293, 232.12522605741117, 140.0, 326.42346393368337, 141.8825]",8,0.19999999999998863,"[10.0, 5.0]","[55.0, 75.0, 90.0, 115.0, 130.0, 153.0, 174.0, 184.8, 185.0, 195.0, 200.0]","[0.0, 55.0, 75.0, 90.0, 115.0, 130.0, 153.0, 174.0, 184.8, 185.0, 195.0]","[4.0, 3.0, 3.0, 3.0, 3.0, 4.0, 3.0, 3.5, 1.0, 4.5, 1.0]","[9, 9, 9, 3, 3, 3, 3, 3, 6, 3, 3]","[9, 9, 9, 3, 3, 3, 3, 3, 6, 3, 2]","[1.0, 1.0, 1.0, 1.0, 0.5, 0.5, 0.5, 0.5, 1.0, 0.5, 0.5]","[1.0, 1.5, 1.5, 1.0, 1.0, 0.5, 0.5, 0.5, 3.0, 1.0, 1.0]","[0, 0, 0, 0, 0, 0, 0, 0, 0, 0, 0]",2003-03-11 12:30,40,6,1.0,185.0,3.0,1.0,439.4377420686678,"[326.42346393368337, 141.8825]","[(326.42346393368337, 100.0), (141.8825, 50.0)]",3.0,2,2,"[10.0, 5.0]","[326.42346393368337, 141.8825]"
9304,"[45.0, 25.0, 15.0, 25.0, 15.0, 20.0, 25.0, 22.0, 1.0, 7.0, 1.0, 4.0, 23.0, 7.0]","[278.73334707923954, 292.25, 278.73334707923954, 227.0, 232.12522605741117, 272.9777961056527, 232.12522605741117, 169.30269941693467, 292.25, 152.0, 292.25, 154.0, 174.55248685625125, 272.9777961056527]",12,23.0,[7.0],"[45.0, 70.0, 85.0, 110.0, 125.0, 145.0, 170.0, 192.0, 193.0, 200.0, 201.0, 205.0, 228.0, 235.0]","[0.0, 45.0, 70.0, 85.0, 110.0, 125.0, 145.0, 170.0, 192.0, 193.0, 200.0, 201.0, 205.0, 228.0]","[4.0, 4.5, 4.0, 2.5, 3.5, 4.0, 3.5, 2.0, 2.5, 1.5, 3.0, 1.5, 2.5, 4.0]","[3, 7, 3, 4, 3, 3, 3, 3, 7, 7, 7, 9, 3, 3]","[4, 7, 4, 4, 3, 3, 3, 9, 7, 7, 7, 9, 2, 3]","[0.75, 1.0, 0.5, 0.75, 0.5, 0.5, 0.5, 0.5, 1.0, 1.0, 1.0, 0.75, 0.5, 0.5]","[1.5, 2.0, 0.75, 1.5, 0.5, 0.5, 0.5, 1.0, 1.0, 1.5, 1.0, 1.5, 1.0, 0.5]","[0, 1, 0, 0, 0, 0, 0, 0, 1, 0, 1, 0, 0, 0]",2003-03-06 11:00,37,6,3.0,228.0,3.0,1.0,439.4377420686678,[272.9777961056527],"[(272.9777961056527, 70.0)]",3.0,2,1,[7.0],[272.9777961056527]
9323,"[47.0, 14.0, 16.0, 12.0, 33.0, 17.0, 25.0, 14.0, 12.0, 8.0]","[259.0, 259.0, 175.0, 238.0, 217.0, 175.0, 202.0738495144293, 202.0738495144293, 167.40359922257957, 292.25]",-1,,[],"[47.0, 61.0, 77.0, 89.0, 122.0, 139.0, 164.0, 178.0, 190.0, 198.0]","[0.0, 47.0, 61.0, 77.0, 89.0, 122.0, 139.0, 164.0, 178.0, 190.0]","[4.0, 4.0, 2.0, 3.5, 3.0, 2.0, 3.0, 3.0, 2.0, 4.0]","[9, 9, 9, 9, 9, 9, 3, 3, 3, 7]","[9, 9, 9, 9, 9, 9, 3, 3, 3, 7]","[1.0, 1.0, 1.5, 1.0, 1.0, 0.5, 0.25, 0.25, 0.25, 0.5]","[1.0, 1.5, 2.0, 1.5, 1.0, 1.0, 0.5, 0.5, 0.5, 1.0]","[0, 0, 0, 0, 0, 0, 0, 0, 0, 1]",2003-03-06 11:00,45,7,0.0,198.0,3.0,1.0,878.8754841373355,[],[],3.0,2,0,[],[]
9412,"[2.0, 60.0, 6.0, 10.0, 9.0, 1.0, 8.0, 2.0, 2.0]","[440.0, 217.0, 250.0, 250.0, 210.0, 158.0, 158.0, 238.01846237860732, 143.8775]",-1,,[],"[2.0, 62.0, 68.0, 78.0, 87.0, 88.0, 96.0, 98.0, 100.0]","[0.0, 2.0, 62.0, 68.0, 78.0, 87.0, 88.0, 96.0, 98.0]","[6.0, 3.0, 3.0, 3.0, 1.0, 1.0, 1.0, 3.0, 1.0]","[8, 9, 4, 4, 5, 4, 4, 4, 6]","[8, 9, 4, 4, 5, 4, 4, 3, 3]","[0.0, 0.5, 0.5, 0.5, 1.5, 1.0, 0.5, 0.5, 0.5]","[0.0, 1.0, 0.75, 1.0, 2.0, 1.5, 1.0, 0.75, 1.0]","[0, 0, 0, 0, 0, 0, 0, 0, 0]",2003-12-11 14:00,35,7,0.0,100.0,3.0,1.0,878.8754841373355,[],[],3.0,2,0,[],[]
9413,"[38.0, 2.0, 20.0, 18.0, 6.0, 4.0, 1.0, 2.5, 0.5, 15.799999999999997, 0.20000000000000284, 9.0, 2.9000000000000057, 0.09999999999999432]","[158.0, 249.5, 154.0, 217.0, 152.25, 158.0, 224.25, 158.0, 199.0, 157.3775, 173.75, 156.1325, 232.12522605741117, 140.0]",4,6.0,"[4.0, 1.0, 2.5, 0.5, 15.799999999999997, 0.20000000000000284, 9.0, 2.9000000000000057, 0.09999999999999432]","[38.0, 40.0, 60.0, 78.0, 84.0, 88.0, 89.0, 91.5, 92.0, 107.8, 108.0, 117.0, 119.9, 120.0]","[0.0, 38.0, 40.0, 60.0, 78.0, 84.0, 88.0, 89.0, 91.5, 92.0, 107.8, 108.0, 117.0, 119.9]","[1.0, 3.0, 1.5, 3.0, 1.0, 1.0, 2.5, 1.0, 2.0, 1.0, 1.5, 1.0, 3.5, 1.0]","[4, 4, 9, 9, 9, 4, 4, 4, 4, 4, 4, 3, 3, 6]","[4, 7, 9, 9, 5, 4, 7, 4, 7, 3, 7, 4, 3, 6]","[2.0, 0.75, 1.0, 0.5, 1.0, 0.5, 0.75, 0.75, 0.5, 0.5, 0.5, 0.5, 0.25, 1.0]","[2.0, 1.0, 1.5, 1.0, 2.0, 1.0, 0.75, 1.25, 0.75, 0.75, 1.0, 0.75, 0.25, 1.0]","[0, 0, 0, 0, 0, 0, 0, 0, 0, 0, 0, 0, 0, 0]",2003-12-11 13:40,34,6,3.0,84.0,3.0,1.0,439.4377420686678,"[158.0, 224.25, 158.0, 199.0, 157.3775, 173.75, 156.1325, 232.12522605741117, 140.0]","[(158.0, 40.0), (224.25, 10.0), (158.0, 25.0), (199.0, 5.0), (157.3775, 157.99999999999997), (173.75, 2.0000000000000284), (156.1325, 90.0), (232.12522605741117, 29.000000000000057), (140.0, 0.9999999999999432)]",3.0,2,9,"[4.0, 1.0, 2.5, 0.5, 15.799999999999997, 12.200000000000003]","[158.0, 224.25, 158.0, 199.0, 157.3775, 175.5019315143528]"
9651,"[12.0, 5.0, 25.0, 13.0, 14.0, 20.0, 1.0]","[175.0, 292.25, 278.73334707923954, 242.34391954305838, 214.05538713582197, 204.0, 242.34391954305838]",-1,,[],"[12.0, 17.0, 42.0, 55.0, 69.0, 89.0, 90.0]","[0.0, 12.0, 17.0, 42.0, 55.0, 69.0, 89.0]","[2.0, 5.0, 4.0, 3.5, 3.0, 2.0, 3.5]","[9, 7, 3, 3, 3, 4, 3]","[9, 7, 4, 4, 4, 4, 4]","[1.5, 1.0, 0.5, 0.5, 0.5, 0.75, 0.75]","[2.0, 1.5, 0.75, 0.5, 0.75, 1.0, 0.75]","[0, 1, 0, 0, 0, 0, 0]",2006-12-29 11:00,41,7,0.0,90.0,3.0,1.0,878.8754841373355,[],[],3.0,2,0,[],[]
9770,"[20.0, 6.0, 18.0, 9.0, 10.0, 2.0, 9.0]","[212.125, 171.0, 238.01846237860732, 192.55248685625125, 176.55269941693467, 304.6875, 181.06998247500167]",-1,,[],"[20.0, 26.0, 44.0, 53.0, 63.0, 65.0, 74.0]","[0.0, 20.0, 26.0, 44.0, 53.0, 63.0, 65.0]","[1.5, 1.0, 3.0, 2.5, 2.0, 5.0, 2.5]","[5, 4, 4, 3, 3, 7, 3]","[4, 5, 3, 4, 4, 4, 3]","[2.0, 2.0, 0.25, 0.25, 0.25, 1.0, 0.25]","[6.0, 4.0, 1.25, 1.0, 1.0, 2.0, 0.5]","[0, 0, 0, 0, 0, 1, 0]",2007-01-15 10:00,39,3,1.0,0.0,1.0,3.0,100.9123351677189,[],[],1.0,2,0,[],[]
9987,"[13.0, 18.0, 6.0, 1.0, 5.700000000000003, 0.29999999999999716, 7.0, 4.0, 10.0, 1.0]","[293.1875, 292.25, 138.6275, 292.25, 144.6008998056449, 292.25, 180.26846237860732, 144.6008998056449, 161.51749561875042, 114.6275]",3,1.0,"[5.700000000000003, 0.29999999999999716, 7.0, 4.0, 10.0, 1.0]","[13.0, 31.0, 37.0, 38.0, 43.7, 44.0, 51.0, 55.0, 65.0, 66.0]","[0.0, 13.0, 31.0, 37.0, 38.0, 43.7, 44.0, 51.0, 55.0, 65.0]","[4.0, 4.5, 1.0, 4.0, 2.0, 3.0, 3.0, 2.0, 2.5, 1.0]","[7, 7, 9, 7, 2, 7, 2, 2, 2, 2]","[4, 7, 3, 7, 3, 7, 3, 3, 3, 3]","[1.0, 1.0, 0.5, 0.25, 0.25, 0.5, 0.25, 0.5, 0.5, 0.5]","[2.0, 2.0, 1.0, 1.0, 1.0, 1.25, 1.0, 1.0, 1.0, 1.0]","[1, 1, 0, 1, 0, 1, 0, 0, 0, 0]",2007-02-14 13:00,31,2,1.0,38.0,1.0,3.0,80.0,"[144.6008998056449, 292.25, 180.26846237860732, 144.6008998056449, 161.51749561875042, 114.6275]","[(144.6008998056449, 57.00000000000003), (292.25, 2.9999999999999716), (180.26846237860732, 70.0), (144.6008998056449, 40.0), (161.51749561875042, 100.0), (114.6275, 10.0)]",1.0,2,6,"[5.700000000000003, 0.29999999999999716, 7.0, 4.0, 10.0, 1.0]","[144.6008998056449, 292.25, 180.26846237860732, 144.6008998056449, 161.51749561875042, 114.6275]"
