profID,datetime,slopeangle,RB_score,RB_releasetype,RB_height_obs,RB_class,localNowcast,stability_class,HS_obs,similarity_obs_sim,HS_sim,RB_height_sim,gs_wl,sph_wl,bs_wl,dendr_wl,gt1_wl,rho_wl,visc_wl,age_wl,rho_divby_gs_wl,rhobs_divby_gs_wl,D_sl,rho_sl,rho_divby_gs_sl,rhobs_divby_gs_sl,rho20_sl,rho10max_sl,penetrationdepth,delta_gs,delta_hh,frac_rhogs,rts,shear_strength_wl,normalstress,skier_stress,skier_stress_monti,sk38,sk38_monti,rc,neck_stress,neck_strain_rate,viscdefrate,defrateindex
6781,2002-01-22 10:00,32.0,4,2,55.0,3.0,2.0,-999,88.0,1,95.22,58.76,1.61,0.09,0.7,0.0,5,195.2,46.58,46,121.2422360248447,84.8695652173913,36.46,172.08019747668686,184.9007261589298,57.090531628998,202.67997909043387,211.17789987789985,0.22,0.030000000000000027,0.0,0.9902761205644324,0.58,0.71,-0.4562,0.41777737625430544,0.4729613766671242,0.5216203862066013,0.3943953302162976,0.2255992027625989,19985.904761904763,0.08235685741784088,-0.0,5.38
6802,2002-01-22 13:00,40.0,5,2,46.0,3.0,2.0,-999,80.0,1,88.53,54.26,1.79,0.0,0.75,0.0,5,183.1,30.52,46,102.29050279329607,76.71787709497205,34.27,165.13574555004382,143.69401717092148,54.49093951015682,189.76471571906362,196.67310924369747,0.22,0.02000000000000001,0.0,0.9974914143424451,0.59,0.62,-0.3378,0.4444751426388086,0.4920001032880481,0.4077107076615453,0.3132339951189948,0.1856633144896961,16731.903072463767,0.04337988358770863,-0.0,5.06
6826,2002-01-23 10:00,33.0,6,3,45.0,3.0,1.0,0,90.0,1,95.6,50.19,1.57,0.0,0.6,0.0,5,219.9,88.42,52,140.06369426751593,84.03821656050955,45.41,180.08222858401237,170.82243918493626,62.48499582591207,208.16236668359574,211.73294871794872,0.21,0.13000000000000012,0.0,1.0957316456975392,0.63,0.91,-0.5807,0.3354363166314023,0.40815488442899417,0.8881942082721819,0.6822071881983859,0.2553717831847367,26506.804259259257,0.1806816901949276,-0.0,4.62
6831,2002-01-23 13:00,35.0,6,3,64.0,3.0,1.0,0,160.0,0,148.22,74.25,1.17,0.22,0.45,0.0,4,275.4,233.1,52,235.38461538461544,105.92307692307692,73.97,213.9158037042044,265.8511247530264,81.67639162919478,251.03229166666668,264.37400241837963,0.21,-0.05000000000000005,0.5,0.9301135754848388,0.54,1.46,-1.062,0.20592352491864235,0.2639106333812181,1.3833616611091175,1.2344742330629808,0.4945474124311979,35452.44444444443,0.3812973485356499,-0.0,3.72
6814,2002-01-23 15:00,37.0,3,1,47.0,1.0,2.0,-999,97.0,1,104.32,54.45,1.54,0.01,0.6,0.0,5,222.3,88.37,52,144.35064935064938,86.61038961038959,49.86999999999999,180.7435331862844,173.06974214927658,63.295872082755565,209.90487429451,212.75880322209443,0.22,0.15000000000000013,0.0,1.131337844703994,0.61,0.93,-0.5795,0.3054374000046516,0.3742925011270208,0.9419324712742676,0.7407276386689908,0.2623286243035943,25450.78148148149,0.15078201436363953,-0.0,4.4
8377,2002-01-29 14:00,35.0,1,1,58.0,1.0,3.0,1,74.0,1,82.12,68.14,1.93,0.04,0.79,0.0,5,109.2,4.58,30,56.58031088082902,44.69844559585493,13.980000000000004,150.06645207439198,248.79803332985625,30.49081689938425,150.06645207439198,176.6,0.22,0.3999999999999999,0.0,1.5294357059062942,0.63,0.21,-0.1406,1.0895681787004268,0.7979637709013406,6.0,6.0,0.13790662834123327,15540.035132071658,0.04782281295526501,-0.4,6.0
6833,2002-02-12 10:00,36.0,5,3,40.0,3.0,3.0,-999,50.0,1,60.35,42.29,2.17,0.0,0.92,0.0,5,133.8,7.4220000000000015,44,61.658986175115224,56.726267281106004,18.06,134.9516611295681,179.3817108282407,35.535691663790345,134.9516611295681,148.92052631578946,0.24,0.31999999999999984,0.0,1.2764190199167775,0.67,0.32,-0.1667,0.8434198858378721,0.8366227018998532,6.0,6.0,0.09924461980131573,12365.684152488977,0.017912148119824882,-0.2,5.65
6841,2002-02-12 10:00,37.0,6,3,109.0,3.0,3.0,-999,156.0,1,155.12,121.85,0.86,0.35,0.27,0.0,4,187.7,12.55,15,218.2558139534884,58.92906976744187,33.27000000000001,146.4434325217914,365.79380610793953,52.98687299958333,169.79463163906343,177.17875920084126,0.25,-0.19000000000000009,0.0,0.7959205418981659,0.54,0.65,-0.3256,0.4578347802293948,0.5841696731899951,0.311076111248009,0.05,0.3011841225103131,28724.72833542076,0.1987444738855112,-0.3,3.83
6837,2002-02-12 11:00,32.0,3,1,75.0,1.0,3.0,1,95.0,1,105.94,75.98,1.62,0.05,0.72,0.0,5,153.4,10.35,42,94.69135802469135,68.17777777777776,29.959999999999994,151.0808744993324,269.92180111979474,47.89024786371382,170.42321814254862,185.1404421326397,0.23,0.040000000000000036,0.0,1.0406895185912564,0.51,0.43,-0.3358,0.5084166601546054,0.5162851062310562,0.17804992335337388,0.16739917599134926,0.16970366680445886,19047.478991596647,0.05315415988688184,-0.3,3.87
6849,2002-02-12 13:00,37.0,3,1,88.0,1.0,3.0,1,142.0,1,143.16,102.45,1.35,0.11,0.54,0.0,4,170.0,15.73,42,125.92592592592592,68.0,40.71,161.6261606484893,319.85912252464806,55.172556328520876,189.9830794341676,199.6971393034825,0.23,-0.16999999999999993,0.0,0.9294311145510836,0.58,0.53,-0.4194,0.3741626906959463,0.39331035834384376,0.4494957546830556,0.4116572604893791,0.2345101214625717,25083.732057416266,0.11964397402501015,-0.2,3.45
6845,2002-02-12 13:00,41.0,2,1,72.0,1.0,3.0,1,95.0,1,105.03,77.0,1.66,0.01,0.74,0.0,5,154.6,11.34,23,93.13253012048193,68.91807228915664,28.03,148.3877631109525,243.654865010452,42.83414004910758,162.88725868725868,178.3374358974359,0.23,0.21,0.0,1.1329794352500335,0.57,0.43,-0.2471,0.5434235868081331,0.5658851467509053,0.13276802695680773,0.10490894864341603,0.1583373885313374,13932.121628782994,0.02165625480778435,-0.2,4.51
6881,2002-02-13 10:00,34.0,5,1,67.0,2.0,3.0,-999,151.0,1,151.43,73.44,1.64,0.08,0.86,0.0,5,229.0,64.24,62,139.63414634146343,120.08536585365854,77.99000000000002,197.49549942300297,284.81268583414885,77.11258057457476,255.85828116106998,264.6974554707379,0.23,0.48,-0.5,1.558259298298449,0.74,0.99,-1.048,0.1953091824366197,0.2259218967186127,0.9736885755525893,0.9144243795980536,0.2962740863122762,24391.13726338561,0.09384203331920088,-0.1,2.61
6885,2002-02-13 11:00,39.0,5,1,140.0,2.0,3.0,-999,178.0,1,168.46,133.72,1.45,0.08,0.5,0.0,4,191.1,27.89,16,131.79310344827587,65.89655172413794,34.74000000000001,167.0985895221647,354.351565225457,60.81856025738345,194.3337227827934,198.76688102893883,0.22,1.11,-1.0,4.820389694339274,0.77,0.68,-0.3494,0.4384618059364413,0.5003127197122513,0.4606158192032606,0.32624914370504543,0.2356645953155496,24335.02277432712,0.10355298189883456,-0.2,3.23
6889,2002-02-13 13:00,33.0,2,1,122.0,1.0,3.0,1,152.0,1,150.87,120.49,1.53,0.02,0.52,0.0,5,190.0,28.83,16,124.18300653594773,64.57516339869281,30.38000000000001,167.05253456221197,352.74052116024336,61.88869089856711,190.19069886947585,197.22554112554118,0.21,1.19,-1.0,5.106315789473684,0.77,0.67,-0.3554,0.5013878584013153,0.5690394713518152,0.35847377347539544,0.2321673203766679,0.2228505618623363,25480.412731081626,0.12264148255341442,-0.1,3.37
6893,2002-02-13 14:00,36.0,5,2,66.0,3.0,3.0,-999,121.0,1,127.07,62.27,1.79,0.01,0.91,0.0,5,222.7,46.51,62,124.41340782122904,113.21620111731843,64.79999999999998,191.2890586419753,226.6761473928791,71.95801183422975,238.73081621321487,248.80380622837367,0.22,0.4000000000000001,0.0,1.3617861884717644,0.68,0.93,-0.8113,0.23506424596037,0.2729494470680094,0.9715232382605996,0.8840755079857382,0.2532725485208569,20927.31417300648,0.053853166949791816,-0.1,2.06
8399,2002-02-15 15:00,37.0,4,1,27.0,2.0,2.0,-999,79.0,1,88.48,46.32,1.73,0.0,0.75,0.0,5,195.3,32.06,63,112.89017341040464,84.66763005780349,42.16,168.48171252371915,164.49418649339668,57.52044722404656,187.0943808532779,192.64228260869567,0.22,0.31000000000000005,0.0,1.2981581243734812,0.63,0.71,-0.4553,0.3612941920833011,0.4177172923401152,0.644352568177576,0.5073836421950658,0.20088248407757708,20062.27551874856,0.05926522459730042,-0.1,3.61
6681,2002-02-18 11:00,28.0,4,1,67.0,2.0,2.0,-999,115.0,1,117.36,83.65,1.53,0.1,0.69,0.0,5,191.4,40.17,48,125.09803921568628,86.31764705882351,33.709999999999994,185.87635716404628,268.490749130859,67.07211034086532,217.1850487540628,230.82208281053954,0.19,0.15999999999999992,0.0,1.1879733656728368,0.6,0.68,-0.4849,0.4518588887045973,0.4652605331076442,0.5085049210311977,0.4821199936379098,0.27784254145028153,19744.66296422408,0.07718079896353279,-0.1,5.21
6937,2002-02-26 09:00,38.0,4,2,41.0,3.0,2.0,-999,96.0,1,103.68,54.93,2.53,0.0,1.4,0.0,5,177.7,15.54,56,70.23715415019763,98.33201581027669,48.75000000000001,162.61989743589746,276.09855996419725,60.10072401370675,195.33062880324547,212.8740506329114,0.25,0.8499999999999999,0.0,1.6745987083634806,0.76,0.58,-0.4877,0.3124546284765532,0.34097456837176177,0.5672997263234252,0.5020241987326073,0.12682634555714267,15241.279806659506,0.0223466791744954,-0.2,2.86
6944,2002-02-27 11:00,35.0,3,2,107.0,2.0,3.0,-999,140.0,1,139.99,109.99,0.45,0.47,0.25,0.07,2,209.1,9.133,8,464.66666666666663,116.16666666666666,30.00000000000001,161.12246666666667,330.5477374527336,69.87103909014755,175.17405462184877,192.78177514792893,0.22,-0.23000000000000004,-0.5,0.6098615916955017,0.4,0.9,-0.3291,0.5077387712743986,0.6556800804454559,0.4622617431151009,0.07851555488371674,0.7405627007541622,7726.695652173915,0.0030533152115151765,-0.5,3.94
6948,2002-02-27 12:00,30.0,4,1,53.0,2.0,3.0,-999,145.0,1,143.44,63.3,1.56,0.1,0.81,0.0,5,234.8,76.67,75,150.51282051282053,121.9153846153846,80.14,208.82285999500868,335.7770190718978,94.63899838203098,246.55882951653942,258.3410755148741,0.22,0.5,-1.0,1.6559737713348972,0.87,1.04,-1.244,0.19006941774684274,0.21331512876266812,0.9749789474255892,0.9344121961065016,0.3493537473225088,28395.28120713305,0.1525506953855151,-0.1,2.65
6952,2002-02-27 15:00,32.0,3,2,30.0,2.0,3.0,-999,70.0,1,78.08,42.4,2.08,0.0,0.96,0.0,5,182.5,17.63,59,87.74038461538461,84.23076923076924,35.68,167.95395179372196,258.7842604364701,66.59062384857046,191.92416576964482,206.3710857142857,0.22,0.22,0.0,1.1525939019001326,0.71,0.61,-0.4412,0.4269104018562773,0.4632798841271463,0.4322909414701821,0.35929427603193376,0.16465931636174408,18010.338164251207,0.03671110724373677,-0.2,2.65
6953,2002-02-27 16:00,25.0,3,1,42.0,1.0,3.0,1,92.0,1,96.3,53.32,2.97,0.0,1.79,0.0,5,207.0,29.12,59,69.69696969696969,124.75757575757576,42.98,192.82189390414143,267.4056782845116,80.14406138234524,220.42186070157604,236.19316582914573,0.2,0.3200000000000003,0.0,1.1277932731747335,0.79,0.8,-0.6712,0.3544011898146109,0.38005355909132976,0.7552287020571681,0.692611062938229,0.1548445147160016,13389.9729015677,0.01370946202540014,-0.2,2.09
7019,2002-03-20 11:00,36.0,3,1,45.0,1.0,3.0,1,112.0,1,121.62,49.53,1.98,0.0,1.0,0.0,5,217.5,50.79,80,109.84848484848484,109.84848484848484,72.09,204.81122208350675,354.1633270304918,78.02170585537884,246.21770472895042,250.43582089552243,0.2,0.16999999999999993,0.0,1.1281234520861116,0.71,0.89,-0.9653,0.2112937042340404,0.224179456604574,0.8829898973860054,0.8613921809968982,0.26408626794468504,25229.0808,0.1074742187908605,-0.1,2.77
7022,2002-03-20 13:00,38.0,2,2,123.0,1.0,3.0,1,175.0,1,182.89,136.71,1.4,0.17,0.47,0.0,4,136.9,4.1560000000000015,10,97.78571428571428,45.95928571428572,46.17999999999998,177.46453009961033,574.3544710004726,55.42787416809875,187.28974224092588,197.83079754601232,0.2,0.3899999999999999,0.0,1.6848317410265496,0.64,0.33,-0.503,0.32984329013061875,0.25578534542385123,0.3385271317015066,0.42410020782236896,0.26876371808544897,59506.86585181832,1.346244849777698,-1.8,1.91
7643,2002-11-28 10:00,35.0,6,3,101.0,3.0,1.0,0,160.1,1,151.93,106.0,0.43,0.69,0.18,0.0,3,290.2,31.33,11,674.8837209302326,121.47906976744189,45.93000000000001,213.9312867406924,446.27162532189567,78.45878046709579,240.2762545266425,246.11229166666664,0.18,-0.010000000000000007,0.5,0.9166562245473342,0.5,1.86,-0.6757,0.3316386487749177,0.4472441307413147,2.0244666544960843,1.4564624927028,1.4415736010340092,17214.634314373892,0.027431175249504745,-0.3,1.36
7644,2002-11-28 12:00,32.0,6,3,62.0,3.0,2.0,-999,149.1,1,150.09,68.38,0.47,0.73,0.23,0.0,3,334.7,98.18,17,712.1276595744681,163.78936170212762,81.71000000000002,252.93913841635052,654.3921175497678,110.54309272055643,320.9697271773347,330.2538622129437,0.19,-0.040000000000000036,-2.0,0.7156130453376449,0.48,2.2,-1.485,0.18641736798717384,0.2454383897551001,2.17962877117708,2.001404214879426,1.7575822501374294,23758.8814288508,0.07330691283705258,-0.1,1.42
7645,2002-12-03 12:00,31.0,6,3,87.0,3.0,2.0,-999,142.0,1,143.23,96.6,0.4,0.52,0.16,0.0,4,238.9,17.37,8,597.25,95.56,46.63,133.10420330259493,315.8412518641918,43.72746523472578,190.10919220055717,201.22083333333336,0.36,-0.06,0.0,0.8426301708919504,0.33,1.08,-0.4697,0.32666015737147713,0.5802916673877553,0.6195910892790147,6.0,0.5384204146205659,17370.562130177514,0.03480762606127375,-0.4,3.08
7646,2002-12-05 10:00,37.0,6,3,99.0,3.0,1.0,0,145.0,1,142.29,95.59,0.91,0.36,0.42,0.0,4,242.4,41.34,15,266.3736263736264,111.87692307692306,46.69999999999999,176.47875802997856,311.5944197944926,55.16720998112047,230.42964743589744,257.52044887780545,0.24,0.21000000000000008,0.0,1.3702557755775575,0.71,1.12,-0.5233,0.32617051687862914,0.4456223898782579,1.047648127637606,0.5913212299439577,0.4252895047460163,14536.111111111111,0.021560931775030545,-0.1,3.63
7228,2002-12-11 12:00,38.0,7,3,167.0,3.0,1.0,0,193.2,1,183.89,133.55,0.5,0.55,0.18,0.0,4,286.3,91.24,16,572.6,103.068,50.33999999999998,186.47155343663098,325.8964506239005,65.25098259583403,248.1149318801089,258.17717647058817,0.24,0.03999999999999998,0.5,1.0505094990053,0.3,1.59,-0.5997,0.3025856801396898,0.4610713796718439,1.5188753759379343,0.7381025849000332,0.8748870365446775,21324.031404676567,0.09557806776841528,-0.1,4.94
7228,2002-12-11 12:00,38.0,7,3,167.0,3.0,1.0,0,193.2,1,183.89,111.71,0.47,0.69,0.2,0.0,3,323.7,135.3,24,688.7234042553191,137.74468085106383,72.17999999999998,217.29825436408981,374.11442411735885,84.83505554577296,288.7069817400645,297.42365339578447,0.24,-0.030000000000000027,0.5,0.924318813716404,0.29,2.12,-0.9762,0.21103024574995816,0.31219224555246883,2.32122207905325,1.8184629763745068,1.3037018426418137,21245.574384236446,0.07335038335368757,-0.1,3.81
7228,2002-12-11 12:00,38.0,7,3,167.0,3.0,1.0,0,193.2,1,183.89,29.67,0.82,1.0,0.46,0.0,7,325.8,406.8,38,397.31707317073176,182.76585365853666,154.21999999999997,295.34596031643105,596.54974653906,138.2575050506641,390.93863122171945,392.6679358717434,0.24,0.16999999999999993,1.0,1.5306511781649903,0.34,4.0,-2.7910000000000004,0.09876905160311228,0.10884903278318564,2.5787253481204955,2.5626537514955956,1.9218895549141832,33980.62562921439,0.1946500206388828,-0.0,0.34
7228,2002-12-11 12:00,38.0,7,3,167.0,3.0,1.0,0,193.2,1,183.89,161.77,0.66,0.39,0.23,0.0,4,183.0,19.4,11,277.27272727272725,63.77272727272727,22.119999999999976,130.16659132007237,199.8789791258904,37.93612209137744,135.7430902600714,148.71710945802332,0.24,-0.059999999999999935,0.0,0.8415300546448088,0.35,0.62,-0.1895,0.6886149700828209,0.9620548331164732,6.0,6.0,0.3082280289555732,13568.866606394346,0.048317921698212515,-0.1,6.0
7229,2002-12-11 15:00,34.0,4,2,137.5,3.0,1.0,0,154.0,1,153.76,137.57,0.81,0.36,0.29,0.0,4,162.5,13.36,11,200.6172839506173,58.179012345679006,16.189999999999998,118.9571957998765,161.6293687116116,29.985931837201036,118.9571957998765,119.80684210526316,0.23,0.20000000000000007,0.0,1.2984514501891555,0.56,0.48,-0.1439,0.9408377478833836,1.2778498373418887,6.0,6.0,0.20663022225647126,11879.633089859011,0.03532948987858885,-0.1,6.0
7237,2002-12-12 12:00,41.0,6,3,135.0,3.0,1.0,0,189.0,1,187.73,139.69,0.57,0.48,0.21,0.0,4,253.5,60.6,16,444.73684210526324,93.39473684210527,48.03999999999999,163.95283097418815,318.6264111058312,62.802305640454996,216.33168724279844,224.7352651048089,0.27,-0.05000000000000005,0.5,0.8747470891391486,0.37,1.23,-0.4605,0.3170725049590337,0.4865271587044495,1.1019579539750826,0.31313108354982744,0.5844186706573223,18641.00695223144,0.08103229982328544,-0.1,6.0
7647,2002-12-16 10:00,35.0,6,3,116.0,3.0,1.0,0,173.0,1,171.84,120.24,0.74,0.41,0.32,0.0,9,282.6,130.9,29,381.89189189189193,122.2054054054054,51.60000000000001,207.4783139534884,286.8142466917627,73.3080319674817,270.31883228391524,268.0445322793148,0.21,0.05000000000000005,-0.5,1.0701867749776917,0.58,1.54,-0.7251,0.2951969600432553,0.3999609721454079,1.5067924026248056,1.087683491498062,0.7347420663895182,18530.87477598566,0.06000834289546034,-0.0,5.05
7650,2003-01-03 13:00,41.0,2,1,150.0,1.0,3.0,1,190.0,1,192.3,145.13,2.04,0.14,1.52,0.0,5,191.5,29.66,17,93.87254901960785,142.6862745098039,47.170000000000016,169.94176383294462,399.100035814215,68.18594468894828,203.68427315054316,211.13811881188118,0.24,1.36,-0.5,3.4261096605744124,1.0,0.68,-0.4559,0.32292056684825043,0.363159246207508,0.6502673731890366,0.5496230439513311,0.17308324838487116,6800.731233117118,0.002395092054477819,-0.2,5.29
9392,2003-01-07 12:00,40.0,4,2,108.0,3.0,2.0,-999,125.0,1,127.5,104.83,0.99,0.97,0.41,0.0,9,167.2,3.735,6,168.88888888888889,69.24444444444444,22.67,121.52337891486543,201.6902771218504,26.63049169922401,128.23713692946058,126.56925714285715,0.26,0.37,-4.0,1.8183361629881158,0.88,0.51,-0.1611,0.6719083872179964,0.9190720903946352,6.0,6.0,0.17699702160453473,9487.745389649017,0.008790773212010047,-0.6,6.0
9394,2003-01-07 14:00,36.0,2,1,124.0,1.0,3.0,1,162.0,1,167.48,110.12,3.04,0.0,2.5,0.0,6,223.2,82.83,21,73.42105263157895,183.55263157894737,57.35999999999999,169.8672594142259,344.4659408587636,65.21834278206848,228.55496654657745,233.3705084745763,0.28,2.21,0.8,3.9727944034201337,1.0,1.68,-0.628,0.2655537506665268,0.34737377284291954,1.7067874284106197,1.1776669574437018,0.15649235716173004,6190.6397866666675,0.0018392119511858672,-0.4,5.59
9393,2003-01-07 14:00,30.0,3,1,100.0,1.0,3.0,1,175.0,1,180.71,121.04,2.1,0.13,1.57,0.0,5,212.9,63.87,21,101.38095238095238,159.16809523809525,59.67,173.1595609183844,398.0730887947168,70.15893931707853,235.3990384615384,241.98346456692917,0.28,1.38,0.0,3.3906763738844528,0.86,0.85,-0.7688,0.25527338927822985,0.3128704448240792,0.8688772683194405,0.6889908612263328,0.1757665608816407,9967.209182134562,0.008588510182070179,-0.1,5.62
7030,2003-01-13 10:00,32.0,6,3,31.0,3.0,2.0,-999,93.0,1,105.64,43.38,1.04,0.87,0.41,0.0,9,331.4,204.3,58,318.65384615384613,130.64807692307693,62.26,206.96506585287503,192.50161076715176,75.25244159472541,273.4105900151285,274.4064974619289,0.21,-0.2,-2.0,0.6539607140771312,0.72,2.16,-0.9205,0.2446540818861544,0.3883900552172366,2.1815415942145355,1.4824756337705751,0.5252888809772446,22692.49511670896,0.09965631710539252,-0.0,4.22
7031,2003-01-13 11:00,36.0,6,3,69.0,3.0,2.0,-999,101.0,1,113.27,80.78,2.32,0.04,1.6,0.0,5,195.1,83.83,27,84.0948275862069,134.55172413793105,32.489999999999995,164.4679901508156,192.31608420620572,49.516665432592326,192.93697650663944,211.44876681614346,0.22,1.13,0.0,2.071491025933695,1.0,0.71,-0.3567,0.4688261969292696,0.5546410235121849,0.4136407239612653,0.2325894066461955,0.14266641770208216,6210.863354037266,0.004508969191233375,-0.0,6.0
7032,2003-01-13 13:00,33.0,5,2,141.0,3.0,2.0,-999,191.0,1,186.25,132.71,2.51,0.12,1.9,0.0,5,229.2,140.6,27,91.31474103585657,173.49800796812752,53.53999999999999,192.11128128502048,305.98571295271665,67.0915452685017,252.77067950775813,253.75303983228508,0.24,1.6399999999999997,-0.5,3.2576477904154384,1.0,0.99,-0.7225,0.2845006189434437,0.3385284459620073,0.9763417025349268,0.8089226348703714,0.1826819807573545,8069.712576177283,0.0062559641319951615,-0.0,6.0
7064,2003-01-15 12:00,34.0,6,3,81.5,3.0,2.0,-999,159.0,0,161.2,113.76,2.85,0.03,2.27,0.0,5,229.3,133.9,29,80.45614035087719,182.63543859649124,47.43999999999998,187.8215851602024,254.91980969935366,63.31869609729888,242.86885683760684,250.06407867494823,0.23,1.93,-0.5,3.4436801987144237,1.0,0.99,-0.6091,0.3210826968430012,0.3907668949276728,0.9399980779393512,0.7157640010414209,0.1534910012450288,6144.7834035203505,0.0024182785425849174,-0.0,6.0
7065,2003-01-15 15:00,31.0,2,1,103.0,1.0,2.0,-999,132.0,1,137.25,95.15,2.82,0.05,2.2,0.0,5,225.7,130.1,29,80.0354609929078,176.0780141843972,42.1,182.7339904988124,232.58858107755074,58.94909462337347,229.57170681701686,243.3441077441077,0.22,1.7599999999999998,0.0,2.8395432240158502,1.0,0.96,-0.5658,0.3618091006705932,0.4453485612796721,0.8484926201219497,0.5919160219266014,0.14663635565926275,5949.709646280991,0.002380952707934783,-0.0,6.0
7066,2003-01-15 16:00,32.0,7,1,109.0,3.0,2.0,-999,155.0,1,152.91,103.84,2.35,0.12,1.73,0.0,5,229.4,120.4,29,97.61702127659576,168.87744680851063,49.06999999999999,189.77346647646218,257.31602327656555,63.47230363766821,247.25363924050632,255.4801268498943,0.23,1.36,-0.5,2.6582961260380613,1.0,0.99,-0.6771,0.3104170193240672,0.3741364554837685,0.9509746940509338,0.7518754478975154,0.19008260952093256,7996.064820074179,0.005262194902556258,-0.0,6.0
7099,2003-01-16 16:00,32.0,4,1,131.0,2.0,2.0,-999,174.0,1,169.51,116.69,3.6,0.03,3.17,0.0,5,259.0,309.0,30,71.94444444444444,228.0638888888889,52.81999999999999,193.7053199545626,275.0282054606893,66.15498048911327,253.27858220211158,258.57879133409347,0.23,2.67,-1.0,3.9501805953418856,1.0,1.28,-0.7293,0.2883787038665653,0.3836849110261252,1.2764585409949931,0.9116194733811398,0.13037063872527035,4976.578815307433,0.0012817055334716752,-0.0,6.0
7110,2003-02-07 10:00,32.0,3,1,77.0,1.0,3.5,1,144.0,1,151.08,83.48,1.17,0.25,0.45,0.0,4,239.5,65.42,37,204.70085470085468,92.11538461538464,67.60000000000001,167.83031065088758,280.00886321536643,65.23219799184551,214.14254385964912,223.15486542443057,0.25,-0.05000000000000005,-1.0,1.1328005749683423,0.65,1.09,-0.8225,0.22532785707443745,0.31946819394745185,1.194646002089905,0.8887357913100422,0.2977206908443289,32899.999999999985,0.25081803713977235,-0.1,2.85
7111,2003-02-07 11:00,22.0,5,1,40.8,2.0,3.5,-999,112.0,1,115.95,46.2,1.51,0.13,0.68,0.0,5,244.8,91.3,51,162.11920529801324,110.24105960264902,69.75,167.7567025089606,256.4090415032038,65.44256082156967,226.28648788035068,243.59788418708249,0.29,0.30000000000000004,-0.5,1.3223613136714742,0.76,1.14,-1.003,0.2183822672147953,0.31658909180882266,1.2129847099958366,0.8364066909186367,0.23059919916931024,28181.225909167075,0.14362214249687555,-0.1,2.44
7112,2003-02-07 13:00,28.0,3,1,58.2,1.0,3.5,1,155.2,1,153.73,60.78,1.07,0.27,0.41,0.0,4,261.2,94.83,38,244.11214953271028,100.08598130841119,92.95,166.53901022054868,330.5881747166103,72.30382471322963,233.1588327253778,252.8077753779697,0.36,-0.07999999999999985,-3.0,0.8381749783607433,0.74,1.31,-1.196,0.16387480514504546,0.2550115999994596,1.294793929315596,0.9450709831178762,0.32206161799611266,43099.20084102118,0.5364000893635301,-0.1,2.35
7113,2003-02-07 14:00,31.0,3,1,66.0,1.0,3.5,1,125.0,1,125.43,57.94,1.52,0.17,0.75,0.0,5,197.3,25.71,31,129.80263157894734,97.35197368421049,67.49000000000001,147.99305082234406,305.20191643698183,60.76321820993409,202.98053244592342,211.12214285714282,0.33,0.05000000000000005,0.0,1.008857673834866,0.6,0.72,-0.7313,0.2256951124349085,0.2994381425839822,0.7787831816642042,0.5392017353051144,0.17437076906773916,23744.864576196756,0.09171096960222516,-0.3,2.99
7114,2003-02-07 15:00,33.0,5,2,87.0,3.0,3.5,-999,152.0,1,151.39,96.05,0.61,0.44,0.29,0.04,4,185.9,8.18,8,304.75409836065575,88.37868852459017,55.33999999999999,127.9672930972172,372.6864344208094,54.244660823381345,166.26991701244813,174.98333333333332,0.34,-0.030000000000000027,0.0,0.9090320736955352,0.54,0.64,-0.502,0.2752468944385974,0.39714632813240425,0.6037514979758232,0.16646474563522154,0.32201042990154033,19313.880990539208,0.0638430621476876,-0.8,4.61
7141,2003-02-17 10:00,33.0,6,3,70.0,3.0,1.0,0,136.0,0,151.35,123.57,0.91,0.33,0.39,0.0,4,193.9,34.2,15,213.0769230769231,83.10000000000002,27.78,169.73592512598998,295.41452964348,53.8297738942626,190.21974416017798,197.08943396226414,0.2,0.41,-0.5,1.9598555956678705,0.64,0.7,-0.3373,0.5483140078557229,0.6249992100325592,0.3195596940001075,0.18831967095401614,0.3878309224393479,15208.37359098229,0.06411773959320008,-0.1,6.0
7142,2003-02-17 11:00,38.0,6,3,111.0,3.0,1.0,0,201.0,0,205.24,111.69,3.12,0.0,2.6,0.0,5,257.8,238.0,62,82.62820512820512,214.8333333333333,93.55,218.4390700160341,342.92797761464624,90.35640256195627,277.63472686733553,283.9064846416382,0.21,2.0,-1.0,3.020198381912889,1.0,1.27,-1.251,0.1628237641713733,0.1916136171881848,1.0696157068380294,1.0260195477655452,0.19293509702049413,9898.021978021978,0.008439391862191852,-0.0,5.64
7143,2003-02-17 12:00,39.0,6,3,163.0,3.0,1.0,0,188.0,1,194.75,162.07,0.39,0.44,0.19,0.0,4,208.6,34.4,13,534.8717948717948,101.62564102564102,32.68000000000001,169.15526315789475,400.1896881157669,53.2412479769529,191.2353002070393,196.37090707964603,0.21,-0.06,0.0,0.8271971875998722,0.33,0.81,-0.3502,0.4661004632261926,0.5726363908391882,0.5109012788472076,0.2698822177668556,0.8984687221554158,10692.0028905215,0.027976826139250455,-0.1,6.0
7144,2003-02-17 14:00,35.0,6,3,106.0,3.0,1.0,0,152.0,1,164.91,122.14,0.83,0.36,0.37,0.0,4,225.4,65.11,24,271.566265060241,100.47951807228917,42.77,182.99314940378773,357.7913259298893,65.0602702525187,209.96895368782157,215.3750753768844,0.2,-0.15000000000000002,0.0,0.8071093566086595,0.55,0.96,-0.5378,0.35614129385625376,0.4370177804835532,0.9075499527147052,0.6788100182914112,0.5003354969602956,17320.224163623083,0.09012359817550256,-0.1,6.0
7146,2003-02-17 16:00,36.0,6,3,142.0,3.0,1.0,0,191.0,0,193.98,136.72,1.72,0.0,0.86,0.0,5,205.9,65.07,32,119.7093023255814,102.95,57.25999999999999,203.75141460006992,342.1136729355842,83.13658892727867,238.28337595907925,245.14731064764,0.2,0.76,0.0,2.1101465112514166,0.74,0.79,-0.7559999999999999,0.2660175190050991,0.26887983049206793,0.8151180194233704,0.8094396022613142,0.29933075032566586,22909.090909090908,0.1270454737061618,-0.1,5.26
7175,2003-02-18 09:00,35.0,5,1,39.5,2.0,1.0,-999,88.0,1,105.81,45.81,1.52,0.11,0.6,0.0,5,268.4,230.9,84,176.57894736842098,105.94736842105264,60.0,195.1167333333333,140.14545719345608,78.56221444915666,234.6373831775701,226.33800229621124,0.21,0.07000000000000006,-1.0,1.2271545300375148,0.77,1.38,-0.7832,0.2538693856371995,0.34716562527766204,1.442261363752811,1.1200147668994556,0.31405187877129825,25677.66822761459,0.13213199458129313,-0.0,3.62
7176,2003-02-18 10:00,36.0,6,2,100.0,3.0,1.0,0,138.0,0,150.74,100.58,1.86,0.0,0.88,0.0,5,210.2,66.94,45,113.01075268817205,99.44946236559143,50.16000000000001,197.1893341307815,207.53081556422745,78.06379249201531,227.90844354018319,236.30631458094143,0.2,0.17000000000000015,0.0,1.1367196076996269,0.71,0.83,-0.6456,0.3036715139200952,0.32342500454158873,0.8438477733588838,0.7975469990379163,0.25975112032467457,20899.93711821776,0.08866866651374965,-0.1,5.01
7177,2003-02-18 11:00,32.0,4,2,98.0,3.0,1.0,0,115.0,1,133.26,108.88,0.9,0.34,0.37,0.0,4,191.9,39.25,16,213.22222222222226,78.89222222222223,24.379999999999995,164.50701394585727,245.1172600085408,48.87051818654614,180.0642662302237,189.1400211193242,0.2,0.3300000000000001,-0.5,1.6661638463015278,0.65,0.68,-0.2865,0.6247810967281368,0.7269225947307679,0.1852391703406152,0.05,0.3660897537809541,14038.446705896766,0.06922857943346945,-0.1,6.0
7178,2003-02-18 12:00,34.0,5,2,212.0,3.0,1.0,0,233.0,1,226.8,213.92,0.81,0.36,0.22,0.0,4,180.8,27.59,12,223.20987654320987,49.106172839506165,12.880000000000026,142.76731366459612,120.54916846391953,38.15509578610903,142.76731366459612,132.57492096944142,0.2,-0.18999999999999995,0.0,0.7674391592920354,0.52,0.6,-0.1424,1.182621361663969,1.49146739347791,6.0,6.0,0.3026428394001269,16785.598275242544,0.11862819868746742,-0.1,6.0
7179,2003-02-18 14:00,36.0,6,3,153.0,3.0,1.0,0,213.0,0,209.77,147.41,1.62,0.06,0.83,0.0,5,211.2,79.34,33,130.37037037037035,108.2074074074074,62.36000000000002,209.6137267479153,385.2195309291541,84.94782519906974,249.3625,251.52070393374746,0.2,0.94,-1.0,2.9294368315508024,0.72,0.83,-0.8521,0.2442617565463754,0.246178952725119,0.8373697337461226,0.8338613082018942,0.33673760149778065,23522.599986115238,0.14679900817586,-0.1,5.49
7180,2003-02-18 15:00,38.0,6,3,116.0,3.0,1.0,0,155.0,1,152.49,114.66,0.82,0.38,0.39,0.0,4,214.7,50.88,19,261.8292682926829,102.11341463414637,37.83000000000001,164.91913825006608,306.680578834521,58.80069246680952,198.29634082592796,206.7143776824034,0.23,0.06999999999999995,0.0,1.0744915385809657,0.49,0.86,-0.391,0.4026477171089604,0.5217878781151046,0.6453545114852043,0.3109905539483986,0.4059736412540383,12525.53144860837,0.040627583027975776,-0.1,6.0
7181,2003-02-18 16:00,36.0,5,3,97.0,3.0,1.0,0,127.0,1,128.47,92.87,0.82,0.37,0.39,0.0,4,218.3,53.22,17,266.219512195122,103.82560975609756,35.59999999999999,162.7226404494382,288.2047381890553,58.37459452385875,199.19945265462502,212.30125874125875,0.23,0.2799999999999999,-0.5,1.557472726964252,0.58,0.9,-0.3948,0.4278697510739321,0.5710512899368247,0.5993832829009011,0.20276241179912427,0.3973045392208052,11635.481919789607,0.02891795111159722,-0.1,6.0
6688,2003-02-19 09:00,35.0,6,3,152.0,3.0,1.0,0,228.0,1,225.31,155.67,1.48,0.16,0.74,0.0,4,232.5,101.1,45,157.09459459459458,116.25,69.64000000000001,221.67587593337157,360.09017095103036,96.46649038228372,269.2392584514722,269.6993808049536,0.19,0.08000000000000007,-1.0,1.4027035330261135,0.7,1.02,-1.026,0.2187272133577251,0.22930402228164226,0.9783208857850628,0.9595711592691606,0.4166330842223439,26265.6,0.16761878353713194,-0.1,4.45
7206,2003-02-20 10:00,42.0,4,2,129.0,3.0,1.0,0,145.0,0,165.62,137.91,1.04,0.25,0.43,0.0,4,169.7,23.7,19,163.1730769230769,70.16442307692307,27.710000000000008,147.74680620714545,186.53207392288533,46.08957896423489,167.89203494347382,184.30021691973968,0.23,0.4400000000000001,-0.5,2.0458848949125907,0.57,0.53,-0.2265,0.5496991388752064,0.6300849040928296,0.15438488799816508,0.05,0.2533421249348793,12678.903118457927,0.03432633171621203,-0.1,6.0
7207,2003-02-20 11:00,32.0,6,3,45.0,3.0,1.0,0,116.0,1,131.43,51.94,1.3,0.24,0.57,0.0,4,305.4,318.0,95,234.9230769230769,133.90615384615379,79.49000000000002,220.1387847527991,171.8602762651985,92.70638986266873,297.9308574549426,321.4763565891473,0.21,0.02000000000000001,0.0,1.024271447282253,0.57,1.82,-1.256,0.1916236399324692,0.2643039556622708,1.6430511787170816,1.4409035444050935,0.4754682162497193,28282.295318306413,0.14907721237208912,-0.0,2.62
7208,2003-02-20 12:00,40.0,4,2,169.8,3.0,1.0,0,192.0,1,201.25,167.61,0.66,0.37,0.29,0.0,4,194.2,30.9,19,294.2424242424242,85.33030303030301,33.639999999999986,153.5753567181926,353.8206289032336,56.51135314355532,185.80654925701702,190.27724550898208,0.24,0.26,0.0,1.7307157569515963,0.43,0.7,-0.2995,0.4527991420401894,0.5703457227781229,0.3829935612221166,0.11915340750293878,0.4342497727469961,12846.995221601022,0.04473544874464268,-0.1,6.0
7210,2003-02-20 14:00,34.0,6,3,85.0,3.0,1.0,0,146.0,1,149.2,84.27,2.81,0.0,2.11,0.0,5,256.3,173.5,65,91.20996441281142,192.45302491103203,64.92999999999999,213.20782381025725,202.02919752191985,88.80778070390085,249.241991991992,261.6558282208589,0.2,1.35,-0.5,1.9103896867433816,1.0,1.26,-0.9404,0.2345936106304016,0.2811194342114434,1.2564548985453132,1.1357536050295691,0.20414493114079996,9164.081896405967,0.0056295543008731755,-0.0,4.53
7211,2003-02-20 16:00,32.0,5,2,121.0,3.0,1.0,0,175.0,1,169.01,112.03,1.41,0.19,0.71,0.0,4,226.4,107.8,35,160.56737588652484,114.00283687943264,56.97999999999999,196.16398736398742,342.21418196258287,79.96828220645975,247.7004459308807,254.4680423280424,0.23,0.06999999999999984,0.0,1.029465086229629,0.54,0.97,-0.802,0.26732473040070165,0.30789029068046997,0.9805098246782312,0.8688609297584842,0.3402349490248082,20243.046379686573,0.10718522668624388,-0.0,6.0
7212,2003-02-20 16:00,37.0,5,2,74.0,3.0,1.0,0,123.0,1,123.07,88.51,0.92,0.35,0.42,0.0,4,216.1,49.55,21,234.8913043478261,98.65434782608696,34.55999999999999,159.6377893518519,242.50136195110943,56.0714720615308,197.5258968609865,205.79734607218685,0.23,0.09000000000000008,0.0,1.0874037566276211,0.52,0.88,-0.3564,0.44074546117569385,0.5935066623466927,0.5538939262122727,0.14697546232269582,0.3400194407102324,11875.510204081631,0.026596292239436586,-0.1,6.0
9431,2003-12-02 12:00,41.0,3,1,88.5,1.0,3.0,1,140.0,1,136.81,99.79,1.64,0.0,0.63,0.0,5,173.2,14.11,31,105.60975609756098,66.5341463414634,37.02,165.20361966504592,398.6456632804138,70.05261845146771,194.41820744081173,206.3267252195734,0.22,0.7099999999999999,0.0,2.033251384439643,0.7,0.55,-0.3466,0.4114576752628841,0.4311266540540196,0.4200578515941216,0.3825222541225215,0.20194345089126284,22475.99180732012,0.07230038194730969,-0.2,2.57
8649,2003-12-30 11:00,34.0,5,2,32.0,3.0,3.0,-999,64.0,1,71.45,45.3,1.52,0.04,0.66,0.0,5,171.1,17.4,18,112.56578947368419,74.29342105263156,26.15000000000001,140.3649330783939,179.60893459676163,43.94084136004879,151.37593984962402,176.21651842439644,0.24,0.44,0.0,1.52503409312293,0.84,0.54,-0.2526,0.5824918982115477,0.7075742000202461,0.07434913321214379,6.0,0.15610690543131164,12820.836463811665,0.016264133840268726,-0.2,4.39
8650,2003-12-30 12:00,33.0,5,3,32.5,3.0,3.0,-999,64.0,1,69.21,28.2,1.88,0.23,0.79,0.0,5,265.9,111.9,59,141.43617021276594,111.7345744680851,41.00999999999999,165.84869544013657,164.64189486397174,59.82078780323122,199.495919395466,208.305375,0.23,-0.3500000000000001,-3.5,0.7032280586956561,1.0,1.36,-0.4842,0.3714255824977317,0.5902466507413809,1.1527982673115,0.23604731021679945,0.1818982189622644,14008.270852556414,0.016934285278749656,-0.0,2.73
8651,2003-12-30 13:00,38.0,3,2,75.0,2.0,3.0,-999,103.0,1,106.26,66.36,1.5,0.09,0.68,0.0,4,186.9,24.59,18,124.6,84.72800000000002,39.90000000000001,157.7953383458647,251.72269359929808,52.9070480325811,184.84911749873925,206.10357142857143,0.25,0.56,0.0,1.7818722038181756,0.9,0.65,-0.399,0.38175847464240537,0.4509000900152301,0.4872469508375237,0.3176509340932977,0.2023253743439856,16882.616217842628,0.03539540981127184,-0.2,3.8
8652,2004-01-11 12:00,29.0,2,1,38.0,1.0,3.0,1,62.0,1,63.46,35.39,1.56,0.06,0.72,0.0,5,166.5,12.2,25,106.73076923076924,76.84615384615384,28.07,154.32287139294618,272.36069495962084,49.07809435494627,167.07482592394211,176.04916201117322,0.22,0.46,0.0,1.551056511056511,0.74,0.51,-0.333,0.5426492033570349,0.5847529574124085,0.18745792697632652,0.1283582071303439,0.1847500597832562,15790.404040404042,0.02617540679335489,-0.3,3.16
9479,2004-01-13 15:00,40.0,3,1,65.0,1.0,3.0,1,122.0,1,121.37,64.03,1.16,0.31,0.54,0.0,4,185.1,7.427,13,159.5689655172414,86.16724137931034,57.34,176.09584931984654,502.3094237539351,61.95209373776419,199.43184750733138,205.68076036866358,0.21,0.2299999999999999,0.0,1.314697664151316,0.69,0.63,-0.5833,0.2656463749255664,0.27897806615790155,0.6989195365856633,0.6733830645221842,0.3262177397847525,23405.7517743186,0.07306292471051386,-1.0,1.75
9422,2004-01-14 12:00,34.0,3,2,66.0,2.0,3.3,-999,104.0,0,116.09,54.32,1.78,0.0,0.86,0.0,5,197.2,23.83,38,110.78651685393257,95.276404494382,61.77,184.50106847984455,396.1549768365152,71.43807869593519,205.9039383561644,215.09422423556057,0.2,0.2,0.0,1.1362941946748144,0.77,0.72,-0.7809999999999999,0.2465948379186008,0.263243000839856,0.7860663255820151,0.7550516861241753,0.2348858256931257,26448.65614785901,0.1099140229720459,-0.3,1.99
9423,2004-01-14 15:00,30.0,4,1,50.5,2.0,3.3,-999,118.0,1,123.37,50.32,1.74,0.02,0.87,0.0,5,213.8,35.77,45,122.87356321839079,106.9,73.05000000000003,204.13901437371655,450.5759294064688,82.11750136920564,232.62637974683545,245.45318352059925,0.19,0.30000000000000004,0.0,1.2998908637355784,0.86,0.86,-1.105,0.2085169491886649,0.21821008687723176,0.8629333931055434,0.8476242427838774,0.2984827726744773,32028.985507246383,0.19116525871954396,-0.2,1.74
8662,2004-02-20 11:00,38.0,6,3,108.0,3.0,1.0,0,193.0,1,194.25,128.22,0.79,0.4,0.37,0.0,4,266.0,86.06,32,336.70886075949363,124.58227848101265,66.03,202.78362865364227,389.367439717109,86.53983829169809,257.7340647284696,265.10846063454755,0.21,0.33,0.0,1.7884112455050671,0.69,1.36,-0.8185,0.2306854935367557,0.30111590129075205,1.3909496191834296,1.1781717424019365,0.6554105385075286,19061.964107630458,0.06214452301175,-0.1,4.77
8729,2004-12-01 10:00,39.0,3,1,32.0,1.0,1.0,-999,85.0,1,76.27,8.38,1.91,0.0,1.12,0.0,5,215.3,33.62,22,112.72251308900525,126.24921465968588,67.89,184.64217115922818,320.52595321279307,59.74098452065857,243.89510161542458,255.17023809523806,0.27,0.2999999999999998,0.0,1.1968046896862097,0.79,0.87,-0.7484,0.22436534302889927,0.2610643919619455,0.8935053571537951,0.8002884932639024,0.22074217122294412,15771.94963583259,0.021680607177915888,-0.2,1.71
8773,2004-12-03 08:00,42.0,1,1,17.0,1.0,1.0,-999,48.0,1,43.97,17.15,0.95,0.31,0.37,0.0,4,207.2,17.33,13,218.10526315789474,80.69894736842106,26.82,150.52289336316184,168.89561148038368,40.80405999061604,168.51678173127988,166.846490335707,0.22,0.08999999999999997,0.0,1.1206451468079377,0.0,0.8,-0.2348,0.5679404600384778,0.7772828744712412,0.2376380178613653,6.0,0.29000847843963296,11216.63967139878,0.00893665447477126,-0.1,3.1
8774,2004-12-07 12:00,35.0,1,1,13.5,1.0,1.0,-999,71.0,1,62.47,9.59,1.44,0.09,0.68,0.0,4,237.9,70.3,23,165.20833333333334,112.34166666666668,52.88,200.47585098335858,242.15682969527825,63.63860233515536,258.8469308035714,262.98451417004037,0.22,0.59,-1.0,1.971129738149989,1.0,1.07,-0.7076,0.2880514965626319,0.3409309496841331,1.0648118889107805,0.9042739041725526,0.3482754773118851,18776.224893020204,0.039803369428223975,-0.1,2.3
9470,2004-12-09 11:00,32.0,5,2,56.0,3.0,1.0,0,98.0,0,79.71,59.87,0.94,0.32,0.31,0.0,4,181.2,22.66,18,192.7659574468085,59.757446808510636,19.84,134.87333669354842,167.4097051774119,35.02112073772208,134.87333669354842,151.81281708945258,0.22,-0.1100000000000001,0.0,0.8487963838957217,0.49,0.6,-0.2068,0.7677501581770151,1.0257160893513226,6.0,6.0,0.2313751718800697,16534.269556168845,0.07044887598466343,-0.1,6.0
9471,2004-12-09 13:00,34.0,6,3,12.0,3.0,1.0,0,68.0,1,59.21,7.96,1.83,0.0,1.01,0.0,5,240.5,68.24,25,131.4207650273224,132.73497267759564,51.25,207.70862439024395,232.16521071735173,70.56173553428297,264.17801810865194,275.1212550607287,0.21,0.3300000000000001,0.0,1.2392765072765073,0.0,1.1,-0.7276,0.29721293928257514,0.34340576117323063,1.0814693006152094,0.9435896689819118,0.2957355620637325,14134.010762374497,0.015913561101712492,-0.1,1.94
9448,2004-12-14 11:00,35.0,4,1,11.0,2.0,1.0,-999,51.0,1,47.51,7.03,1.63,0.0,0.68,0.0,5,229.9,81.4,30,141.0429447852761,95.90920245398777,40.48,190.8342391304348,157.7815013481654,62.356385192975395,236.59387646432376,243.73785249457703,0.21,0.47,-0.5,1.5891467054641446,0.0,1.0,-0.5127,0.3762886150749006,0.4519672327984003,0.8675837676176085,0.6369874669121117,0.2780087434764912,18853.877231833903,0.049078716277905145,-0.0,3.65
9449,2004-12-14 13:00,35.0,5,1,33.7,2.0,1.0,-999,82.0,1,69.13,9.17,1.67,0.0,0.85,0.0,5,246.7,107.0,31,147.7245508982036,125.56586826347305,59.96,210.62845230153442,225.0955794132088,69.74741531500939,273.5792613636364,282.415864332604,0.22,0.24,-0.5,1.1971818210164378,0.0,1.16,-0.8408,0.25403874480039984,0.29685497852239645,1.1494518410975656,1.0287630852241163,0.3339149243469182,18493.14066581886,0.0417234296645676,-0.0,2.98
9450,2004-12-14 15:00,35.0,6,3,39.7,3.0,1.0,0,55.0,1,49.22,39.86,1.84,0.0,0.65,0.0,5,166.6,13.05,23,90.54347826086956,58.85326086956522,9.36,128.91057692307695,78.07133335101764,41.016903927094475,128.91057692307695,122.96826265389878,0.19,0.3700000000000001,0.0,1.1277327257433587,0.0,0.51,-0.09036,1.6273678566487155,2.092721800869242,6.0,6.0,0.10796124986764463,7313.915868746641,0.0026506036186506546,-0.1,4.17
7653,2005-11-27 13:00,30.0,2,1,19.5,1.0,1.0,-999,44.0,1,45.87,19.65,3.61,0.0,2.15,0.0,6,169.0,16.69,11,46.81440443213297,100.65096952908588,26.22,115.6451563691838,145.95710482404206,32.86989670276443,129.509417721519,148.9245,0.28,2.24,0.3999999999999999,2.380888005873968,0.98,0.87,-0.2256,0.5809368092384429,0.8432703321770162,6.0,6.0,0.05661788931750565,6424.530344002492,0.0020625628922899533,-0.4,5.58
7655,2005-12-01 11:00,40.0,4,2,30.0,3.0,1.0,0,50.0,1,50.28,23.17,1.45,0.19,0.62,0.0,4,159.9,13.36,14,110.27586206896551,68.37103448275863,27.11,118.55909258576172,124.9934669224038,33.806105397361705,136.64683060109294,145.29226457399102,0.29,0.4099999999999999,0.0,1.49624765478424,0.74,0.46,-0.1945,0.5618651102261886,0.7538746901676651,6.0,6.0,0.11404276159554745,11919.663807250268,0.016731304941009457,-0.2,6.0
7660,2006-01-06 14:00,30.0,2,1,71.1,1.0,2.0,-999,96.0,1,95.67,73.1,2.1,0.0,1.47,0.0,6,193.7,84.33,10,92.23809523809523,135.58999999999997,22.57000000000001,130.1043863535667,306.29978898416937,41.12271391412219,136.43452620967744,155.2300357568534,0.25,1.5300000000000002,0.5,3.15544928402576,0.72,0.78,-0.2177,0.6748853849460332,0.9972881230372664,6.0,6.0,0.10255126338302634,3679.384797397221,0.0009877491571109423,-0.6,6.0
7661,2006-01-08 14:00,31.0,2,1,88.8,1.0,3.0,1,129.0,1,126.99,97.39,1.45,0.0,1.3,0.0,6,243.8,408.4,12,168.13793103448273,218.57931034482758,29.599999999999994,135.37736486486492,365.8446855112014,51.9191858646706,163.40277463193658,173.73867549668876,0.25,0.95,1.0,2.1113617719442166,0.77,0.91,-0.2902,0.5146001060213504,0.9166354589559216,0.2597803301871393,6.0,0.1383538900694566,2057.16718083582,0.00019830973375519108,-0.9,6.0
7663,2006-01-20 12:00,32.0,3,2,63.2,2.0,3.0,-999,89.0,1,91.69,70.13,3.38,0.0,1.35,0.0,6,135.8,9.839,2,40.177514792899416,54.23964497041422,21.56,131.63279220779222,360.58553819664075,37.73495914822378,133.5862468513854,137.39595314164006,0.26,3.08,-0.3999999999999999,12.577515954835539,1.0,0.72,-0.2021,0.706501073201854,0.7285034884845671,6.0,6.0,0.08944712936638831,16891.604865112018,0.056394763143151526,-0.4,6.0
7669,2006-02-14 14:00,32.0,6,3,56.5,3.0,2.0,-999,110.0,1,114.65,62.91,1.32,0.18,0.69,0.0,4,203.6,50.41,27,154.24242424242422,106.42727272727272,51.74000000000001,158.19168921530732,267.49743523571516,59.54851751840562,213.57409700722388,232.76613496932515,0.29,0.7500000000000001,-1.0,2.8196670458070527,0.89,0.77,-0.5884,0.2943982052228831,0.3774326140231726,0.7218100411429493,0.443012435359281,0.2309073190079985,16313.547574039074,0.04525137982081918,-0.1,5.76
7671,2006-02-23 11:00,35.0,5,1,59.0,2.0,3.0,-999,98.0,1,106.49,72.61,1.25,0.25,0.63,0.0,4,188.7,23.33,17,150.95999999999995,95.1048,33.879999999999995,163.01366587957492,276.1169128731364,56.867142991074225,182.9013259668509,190.09495896834702,0.22,0.68,-0.5,2.4103050418839898,0.84,0.66,-0.3796,0.44959159203754345,0.5191046481758104,0.423994571485619,0.2809954143682112,0.259156686985036,12375.934193936755,0.01795672773755306,-0.2,5.7
7674,2006-03-01 11:00,29.0,4,1,79.5,2.0,3.0,-999,146.0,1,144.02,68.87,1.64,0.12,0.97,0.0,5,242.5,96.91,42,147.8658536585366,143.4298780487805,75.15,214.80747837658012,341.6716007431635,94.72678575567278,282.44804789172315,300.8458246346556,0.24,1.1,-1.5,3.913707521954944,1.0,1.12,-1.221,0.2026901282532531,0.22849392365648355,1.0446115310033877,0.9899180852982868,0.3539689771457732,20652.526442956227,0.060612147471977414,-0.1,3.14
7679,2006-03-16 11:00,27.0,3,1,115.5,1.0,3.0,1,163.0,1,163.36,111.63,1.56,0.15,0.81,0.0,5,198.9,35.2,23,127.5,103.275,51.73000000000002,190.85694954571807,380.09605271183364,82.92603491714011,236.20684793554886,240.34487179487172,0.22,0.6200000000000001,0.0,1.972465581977472,0.65,0.74,-0.7716,0.2944551157593652,0.3068336641611584,0.7521282503278224,0.7236774232948746,0.28890045729319924,21681.90547449806,0.08245328789296164,-0.2,3.97
9526,2006-12-02 11:00,30.0,7,3,51.0,3.0,1.0,0,76.0,1,70.04,39.98,1.03,0.92,0.35,0.0,7,203.5,65.14,17,197.5728155339806,69.15048543689319,30.06000000000001,179.77115768463074,275.35041056109185,58.95917222568521,209.9877754459601,225.19519743863398,0.2,0.08000000000000007,4.0,1.1939635329109013,0.4,4.0,-0.4089,0.5067253206331328,0.5725749188825472,2.340998450002986,1.6192741854045938,0.8787290106413438,26827.582560296847,0.21090133218729493,-0.1,5.15
9526,2006-12-02 11:00,30.0,7,3,51.0,3.0,1.0,0,76.0,1,70.04,41.42,0.95,0.3,0.33,0.0,4,224.1,60.74,14,235.89473684210535,77.84526315789475,28.620000000000005,177.5407756813417,277.3356016916069,58.00892865676899,208.8344494892168,218.5374115267948,0.2,0.2699999999999999,-0.5,1.440074021576502,0.66,0.95,-0.3856,0.5322209342498943,0.6691302147421058,0.4711126194376284,0.16492779389470047,0.4108910863082059,21304.19344964799,0.1114636806054516,-0.1,5.71
9526,2006-12-02 11:00,30.0,7,3,51.0,3.0,1.0,0,76.0,1,70.04,45.18,1.34,1.0,0.75,0.0,0,236.1,33.92,11,176.19402985074623,132.1455223880597,24.86000000000001,169.63588093322608,269.10052799103624,52.771337769313746,187.53053395541733,207.03488624052,0.2,0.9000000000000001,1.0,2.9461322244041432,0.61,1.19,-0.313,0.6127177449007227,0.8477412508144904,0.3566442486792591,6.0,0.2816803551829019,6148.625504273505,0.0030882630973479925,-0.1,6.0
9526,2006-12-02 11:00,30.0,7,3,51.0,3.0,1.0,0,76.0,1,70.04,64.47,0.88,0.36,0.25,0.0,4,137.0,7.944,9,155.6818181818182,38.92045454545455,5.570000000000007,107.66319569120287,121.58551508915166,24.01853869158966,107.66319569120287,121.37872340425535,0.2,-0.11,0.0,0.7552311435523115,0.53,0.34,-0.05878,2.7346791989644434,3.4640724223783232,6.0,6.0,0.15452007149354482,9710.769493333333,0.02478974182396158,-0.1,6.0
9541,2006-12-05 11:00,36.0,4,1,34.0,2.0,1.0,-999,68.0,1,65.1,28.51,0.96,0.31,0.36,0.0,4,250.0,47.42,22,260.4166666666667,93.75,36.58999999999999,184.20289696638423,234.2412645615253,59.60579570174382,218.01005981511693,221.8769041769042,0.2,0.039999999999999925,-0.5,1.1499130434782607,0.59,1.19,-0.4438,0.4162930619904886,0.5618457305030831,0.9542018436109638,0.4815789454140162,0.4401788754930372,17982.399493510602,0.03386873845716855,-0.1,2.11
9569,2006-12-12 12:00,40.0,2,1,104.0,1.0,3.0,1,156.0,1,137.55,79.85,0.43,0.41,0.19,0.0,4,215.4,14.79,4,500.9302325581397,95.17674418604652,57.70000000000002,149.7521837088388,450.6573678834546,61.79611911757249,197.8886287625418,206.4393908629441,0.31,0.09999999999999998,0.0,1.3889310936664696,0.34,0.87,-0.5118,0.2639889625343496,0.3772438579205177,0.8755899028310373,0.4249179520241293,0.6359468658999584,18995.50764783813,0.04737195552066043,-0.5,3.28
9581,2006-12-14 11:00,38.0,5,1,65.0,2.0,2.0,-999,136.0,1,119.24,61.22,0.38,0.45,0.18,0.0,4,274.6,48.11,7,722.6315789473683,130.07368421052632,58.02,180.3603929679421,421.07955811707046,71.34755821509756,240.90854166666665,249.0758127438232,0.26,-0.07,0.0,0.8146151978635591,0.36,1.45,-0.6593,0.2625329737716645,0.3967255739398782,1.4634499918917518,0.8314095293880246,1.0699442999180049,14510.428288370676,0.01859485075435937,-0.2,2.55
9582,2006-12-14 13:00,34.0,5,2,44.0,3.0,2.0,-999,93.0,1,87.97,45.07,0.42,0.45,0.18,0.0,4,259.2,38.99,7,617.1428571428571,111.08571428571429,42.9,172.52550116550114,345.5302340831051,60.00322459012085,221.07495835646856,231.2215507411631,0.23,-0.11000000000000004,0.0,0.762185534591195,0.38,1.29,-0.5188,0.3550620778142651,0.5295504879890933,1.1399369766374463,0.4287574478829331,0.8825562666270864,14944.85596707819,0.022314855346177758,-0.2,3.25
9848,2007-01-25 10:00,19.0,5,1,40.0,2.0,2.0,-999,97.0,1,101.29,48.58,2.44,0.0,1.61,0.0,5,249.8,103.9,37,102.37704918032787,164.82704918032792,52.71000000000001,229.85270347182697,334.7222900415673,92.01341536876636,307.1736305048335,322.48741188318223,0.19,1.85,-2.0,5.301108683557015,1.0,1.19,-1.071,0.2889805186536136,0.3138387284941353,1.1519220406209654,1.0848461507500518,0.2737880279024956,14016.521600642584,0.016704697048441273,-0.1,2.61
10026,2007-02-16 10:00,30.0,5,1,117.0,2.0,2.0,-999,160.0,1,157.58,106.24,1.34,0.18,0.56,0.0,4,216.0,52.62,28,161.19402985074626,90.26865671641792,51.34000000000002,177.64178028827422,279.8862254265609,60.30764852707223,215.70578680203045,224.52532608695645,0.23,0.5100000000000001,0.0,1.8461624274877289,0.72,0.88,-0.6878,0.29669191932668426,0.35950404804389313,0.8957725609952035,0.7146948816564105,0.29122136210998434,27348.48178854875,0.16454297818540853,-0.1,3.73
10167,2007-03-06 10:00,18.0,6,2,98.0,3.0,2.3,-999,162.0,1,165.04,107.63,1.35,0.23,0.64,0.0,4,220.1,38.06,30,163.03703703703698,104.34370370370372,57.41,211.0571329036753,488.1805816788717,90.17239316188216,246.60296780684104,253.4578125,0.19,0.8600000000000001,-1.0,3.413522610316277,0.82,0.91,-1.079,0.265322472360773,0.27656268866536626,0.9330396749859668,0.9091316089025172,0.4117965762802877,32006.4697265625,0.21846858391096166,-0.3,2.55
10177,2007-03-08 10:00,23.0,5,2,68.0,3.0,2.0,-999,116.0,1,125.09,68.61,1.47,0.08,0.62,0.0,4,240.8,58.48,45,163.80952380952382,101.56190476190477,56.48,208.62751416430592,308.8098354177498,88.3589666062419,234.3036106750393,241.573595505618,0.19,0.0,0.0,0.9838039867109634,0.65,1.1,-0.9946,0.26969127369390883,0.31048371578688805,1.1271910103516831,1.0221111771324791,0.3710689546334981,33083.62128946056,0.1919682158418688,-0.1,1.01
10198,2007-03-14 10:00,34.0,5,2,171.0,3.0,2.0,-999,218.0,1,209.74,144.24,1.53,0.16,0.79,0.0,5,226.2,64.4,26,147.84313725490196,116.79607843137256,65.5,224.22496183206104,525.4037520575583,99.43959138584499,290.7885728796344,297.68447802197807,0.22,1.2,-2.0,6.218712322160598,1.0,0.97,-0.9947,0.23255210898064085,0.2347525860845445,0.921794630654874,0.9174240732410394,0.4136128152902921,23878.15521871495,0.10126838001745084,-0.1,3.43
12590,2007-11-12 09:00,37.0,2,1,105.0,1.0,3.0,1,120.0,1,119.11,99.34,0.3,0.5,0.1,0.78,1,123.1,1.213,1,410.33333333333326,41.03333333333335,19.77,115.64527061203844,379.17515405659714,33.574728028238724,115.64527061203844,134.6720657276995,0.29,0.0,0.0,1.0105605199025185,0.19,0.29,-0.1503,0.7704685451811824,0.8193481137231122,6.0,6.0,0.5400183686398747,21906.07287449392,0.10944216054883334,-2.0,5.35
13330,2007-11-21 12:00,39.0,4,1,58.0,2.0,2.3,-999,107.0,0,101.93,74.44,0.49,0.44,0.23,0.0,4,191.6,7.082000000000002,9,391.0204081632653,89.93469387755104,27.49000000000001,142.3482720989451,328.25741807693487,57.3042036569649,157.2287066246057,173.94250000000005,0.24,0.07,0.5,1.1343945720250523,0.37,0.68,-0.2458,0.554098331692687,0.7416980341329367,0.1490586143166621,6.0,0.4995338698693394,9239.133174433571,0.005567118043723725,-0.4,4.21
13731,2007-11-30 10:00,36.0,5,2,108.0,3.0,2.0,-999,125.0,1,120.94,110.89,0.89,0.3,0.27,0.0,4,151.9,7.5779999999999985,14,170.67415730337078,46.082022471910115,10.049999999999997,105.22099502487563,126.26222013025304,17.89565628154386,105.22099502487563,92.60706033376124,0.22,0.14,0.0,1.1616677638797457,0.47,0.42,-0.07173,1.5156381232071607,2.1738955151586232,6.0,6.0,0.1460656533319208,8732.630632499913,0.006988688908438932,-0.1,6.0
14210,2007-12-04 11:00,38.0,3,3,45.0,2.0,3.0,-999,81.0,1,81.21,56.95,1.41,0.2,0.41,0.0,4,104.9,1.852,7,74.39716312056738,30.502836879432625,24.25999999999999,126.98763396537508,355.6351968603485,29.91066091168004,128.42334630350194,139.0347778981582,0.26,0.97,0.0,4.918320478377676,1.0,0.19,-0.1903,0.6278715225981853,0.5207855821123041,6.0,0.05,0.13239736185991816,45467.81677572872,0.7229979274978502,-1.6,3.01
14310,2007-12-05 11:00,33.0,1,1,55.0,1.0,3.0,1,100.0,1,103.15,69.11,1.77,0.07,0.76,0.0,5,113.6,2.9560000000000004,8,64.18079096045197,48.777401129943506,34.040000000000006,125.3342831962397,363.80991531121833,42.94622916462339,140.2044889129259,140.40901639344264,0.29,1.38,0.0,6.623916576381366,0.73,0.23,-0.2993,0.4474783530620439,0.4065059017920856,0.07123617667153366,0.1147357493821746,0.1042932981101674,30062.999192059087,0.20528438347527064,-1.5,3.33
14990,2007-12-14 13:00,35.0,6,3,14.0,3.0,2.0,-999,91.0,0,100.8,2.91,2.29,0.0,1.38,0.0,5,279.9,138.4,44,122.22707423580783,168.67336244541482,97.89,217.97733169884566,340.150309187349,92.54758477697254,318.5555919258046,321.51292372881363,0.28,1.28,-1.5,2.6018769079480295,1.0,1.51,-1.409,0.15560489465963812,0.19907111962460725,1.2210232042655418,1.1330523491405555,0.262844727176494,18542.074356134843,0.0320054973166044,-0.1,0.58
14970,2007-12-14 14:00,35.0,4,1,89.0,2.0,1.0,-999,140.0,1,144.72,74.35,1.2,0.32,0.72,0.0,4,221.2,32.01,17,184.3333333333333,132.72,70.37,171.86487139405997,478.80297638613416,82.8064584817953,237.28801213960546,246.37513283740702,0.3,0.85,-1.0,3.944717127357272,0.85,0.92,-0.8012,0.2164581943758984,0.27747473001955897,0.9617489678482146,0.7723846707338715,0.3032625051893316,14837.03703703704,0.02492686353217315,-0.3,4.16
15952,2007-12-24 09:00,35.0,5,3,77.5,3.0,1.0,0,131.0,1,131.58,70.06,1.15,0.29,0.55,0.0,4,256.6,129.5,27,223.13043478260875,122.7217391304348,61.52000000000001,205.14830949284786,362.3458972988002,77.97647903084328,268.2888605007665,278.42242295430395,0.22,0.1399999999999999,-0.5,1.1772184622982949,0.6,1.26,-0.8538,0.2475969300752921,0.30857759778106186,1.2565617006751857,1.0732655417103991,0.4601303259087734,20509.499591317763,0.08650182855038803,-0.0,5.19
16090,2007-12-27 12:00,32.0,6,3,51.0,3.0,1.0,0,92.0,1,96.76,51.36,1.54,0.13,0.79,0.0,5,228.9,95.44,30,148.63636363636363,117.42272727272729,45.40000000000001,196.6542511013216,242.78151744537664,69.51212824967605,251.15032712632112,266.4659526493799,0.21,0.8,-1.0,2.535664104471444,0.79,0.99,-0.6424,0.3355102012826425,0.3897184564903095,0.9360649941777875,0.7761042675596059,0.3128803254878771,15623.299753244673,0.034760885329936,-0.0,5.14
16170,2007-12-28 09:00,37.0,4,1,23.0,2.0,1.0,-999,49.0,1,60.83,31.42,1.79,0.0,0.81,0.0,5,186.9,41.59,31,104.41340782122906,84.57486033519555,29.41,158.01870112206734,132.29607894390006,50.643709587070646,189.7092186621697,202.383001049318,0.22,0.7,0.0,1.9866336803765927,0.0,0.65,-0.2975,0.5179246221772179,0.6110584738107666,0.2848488744066887,0.11971833953374253,0.1700423697715563,12633.542739375625,0.02287355399182625,-0.0,6.0
17410,2008-01-08 14:00,33.0,2,1,137.8,1.0,3.0,1,164.0,1,154.73,132.97,2.92,0.0,1.69,0.0,6,169.1,25.94,9,57.91095890410959,97.8695205479452,21.75999999999999,144.12945772058828,332.2571687349673,37.265844531583255,145.4225612806403,152.6184389140271,0.24,2.26,0.3999999999999999,3.9062057595469777,0.99,0.91,-0.2183,0.7000074971613957,0.8187168892776328,6.0,6.0,0.11273232060904302,6582.8026421563045,0.0033262949480174176,-0.4,6.0
18171,2008-01-14 09:00,32.0,3,1,51.0,1.0,3.0,1,84.0,1,91.63,73.92,2.18,0.0,0.98,0.0,5,133.7,7.223,14,61.33027522935779,60.10366972477063,17.709999999999994,135.25352907961604,186.10632874532644,30.831549077387656,135.25352907961604,155.62321608040202,0.24,0.91,0.0,1.8564773644132184,0.77,0.32,-0.1784,0.8600882630283441,0.8507481656018603,6.0,6.0,0.09932046286523752,11770.486741635432,0.01513627646846371,-0.3,5.6
19210,2008-01-17 10:00,32.0,5,1,163.0,2.0,3.0,-999,197.0,0,183.09,160.5,0.75,0.38,0.28,0.0,4,169.5,7.242000000000001,9,226.0,63.28000000000001,22.590000000000003,147.25506861443114,419.5731206970352,51.0610751755556,151.6501251877817,172.33394495412847,0.22,0.45,0.0,3.0235988200589974,0.6,0.52,-0.2399,0.6742878768584318,0.7743175508753203,0.05,6.0,0.3459915982739179,17386.07374768089,0.04950353089963566,-0.4,5.09
19450,2008-01-20 12:00,27.0,2,3,53.0,1.0,2.0,-999,70.0,1,77.29,64.77,3.69,0.0,2.34,0.0,6,178.7,33.41,14,48.428184281842825,113.3219512195122,12.52000000000001,155.89113418530349,167.30390673521748,40.833092629967105,155.89113418530349,154.8908995815899,0.2,2.8,0.3999999999999999,4.29919581496828,1.0,0.82,-0.1548,1.216626448740572,1.3912210479464442,6.0,6.0,0.09422410240256136,3683.6273038702175,0.0005624682995603956,-0.3,6.0
19670,2008-01-23 11:00,22.0,2,1,111.5,1.0,3.0,1,141.0,1,141.48,97.68,2.18,0.0,1.19,0.0,5,189.7,27.81,24,87.0183486238532,103.55183486238528,43.79999999999998,168.35522831050233,283.2811890250843,55.56536097414436,208.69773071104385,221.88821096173731,0.25,1.16,0.0,2.5496087733986594,0.78,0.67,-0.6312,0.3477662816947941,0.3911770439196461,0.5744001983179546,0.4624001010863145,0.1591846908354569,17542.80012333761,0.040068145042429296,-0.2,3.77
19810,2008-01-24 09:00,33.0,3,1,5.0,1.0,3.0,1,44.0,1,55.46,13.99,1.81,0.0,0.75,0.0,5,247.3,107.3,74,136.62983425414365,102.47237569060776,41.47,183.2120569086087,127.38837641890107,71.06362311174506,222.1683962264151,240.32159672466736,0.22,-0.1399999999999999,0.0,0.8891702178398498,0.79,1.16,-0.544,0.36730559773889504,0.4931165048834164,1.0021045632064596,0.5553671775062421,0.2304391122945941,18053.291801202915,0.03826230901236111,-0.0,2.91
19990,2008-01-24 10:00,36.0,4,2,168.0,3.0,3.0,-999,201.0,1,190.88,164.68,0.87,0.36,0.32,0.0,4,154.5,5.176,6,177.58620689655172,56.82758620689654,26.199999999999992,138.46183206106872,264.34538808647505,34.35406624672339,147.18472012102876,154.53199195171024,0.25,0.15000000000000002,0.0,1.2497842502696872,0.5,0.43,-0.245,0.5813802724516021,0.647498855869084,0.05,6.0,0.2620371512896547,20290.67095588236,0.07762771006783736,-0.7,4.78
20092,2008-01-24 10:00,36.0,5,2,156.0,3.0,2.3,-999,191.0,1,181.59,137.06,1.1,0.22,0.52,0.0,4,183.3,20.32,16,166.63636363636363,86.65090909090908,44.53,167.1886817875589,327.09450436792577,53.93930904749134,204.0000556173526,218.37487562189048,0.24,0.6500000000000001,-0.5,3.2552585318542766,0.55,0.62,-0.48,0.3420651951096333,0.3745234477943145,0.5647958579550791,0.4883815889408478,0.3095940919417775,18677.643426807306,0.05657869395508242,-0.3,4.56
20030,2008-01-24 11:00,30.0,3,2,61.0,2.0,3.0,-999,91.0,1,103.28,71.08,2.74,0.0,1.47,0.0,5,166.3,15.92,42,60.6934306569343,89.21934306569342,32.2,157.16909937888198,187.8983852015357,48.27976639553602,176.3789115646259,197.9573886639677,0.23,1.2900000000000005,0.0,2.08964273125013,0.62,0.5,-0.3754,0.4730485446655893,0.5002174476208284,0.26336545673686856,0.21861544729427584,0.10828546373263782,13174.238754802407,0.01837253975294237,-0.2,4.62
19850,2008-01-24 11:00,35.0,3,1,20.0,1.0,3.0,1,56.0,1,69.56,27.66,1.99,0.0,0.91,0.0,5,209.8,51.39,58,105.42713567839195,95.93869346733669,41.90000000000001,169.02431980906917,146.5595521724271,57.59262743898682,196.88115154807167,202.48785340314137,0.23,0.56,0.0,1.5202890531775182,0.89,0.82,-0.4803,0.3635361130842954,0.4494555899506642,0.7110667842085301,0.4696558298119185,0.17587059519760542,16643.967857274118,0.035984199556952035,-0.0,4.14
20070,2008-01-24 12:00,32.0,5,2,26.0,3.0,3.0,-999,58.0,1,72.22,27.88,2.33,0.0,1.34,0.0,5,218.4,47.96,58,93.73390557939913,125.60343347639488,44.34,173.11790708164187,136.12960147527164,62.6128777755377,209.15104752171692,227.16168009205987,0.23,0.96,-0.5,1.9296743402582817,1.0,0.9,-0.5478,0.3435309683859264,0.4316361726054375,0.8307800280637015,0.5593555958600168,0.15882493676094198,11041.625529071065,0.008534244866009249,-0.1,3.14
20090,2008-01-24 13:00,29.0,3,2,89.5,2.0,3.0,-999,121.0,1,127.71,87.34,2.55,0.0,1.4,0.0,5,179.1,21.67,42,70.23529411764707,98.32941176470587,40.36999999999999,169.7286846668318,230.48136873475534,55.50634776892855,202.39394550958625,216.02007001166854,0.23,1.3199999999999998,0.0,2.429695904999252,0.65,0.59,-0.518,0.3773139246527615,0.3979394072604968,0.4894452793038586,0.4450986028050329,0.13755126778263946,15622.88961038961,0.02929700399810907,-0.2,4.12
19851,2008-01-24 13:00,32.0,2,1,45.0,1.0,3.0,1,74.0,1,85.22,59.94,1.87,0.0,0.95,0.0,5,165.3,21.82,25,88.39572192513369,83.975935828877,25.28,155.54351265822785,208.9326311909304,43.857588509132654,164.91728266527852,184.42271805273842,0.22,0.6800000000000002,0.0,1.7035692679975802,0.89,0.5,-0.28600000000000003,0.6025380988224673,0.6397654548458189,0.10337238084318268,0.05805021154323281,0.15623362027852178,11193.524161280395,0.015407103723061647,-0.1,6.0
20110,2008-01-24 15:00,34.0,4,1,133.8,2.0,3.0,-999,166.0,1,163.75,124.43,0.82,0.34,0.33,0.0,4,201.3,24.51,16,245.48780487804882,81.0109756097561,39.31999999999999,161.64366734486262,344.583526986023,52.74156940370069,187.95148305084743,201.3465536723164,0.24,0.31999999999999995,-0.5,1.8591554893194235,0.61,0.75,-0.4425,0.38738970341383455,0.4805414761172532,0.5740024214708814,0.32735555419921314,0.3879506515485698,20698.51406628265,0.09391720656956896,-0.2,5.34
19870,2008-01-24 15:00,27.0,3,1,104.0,1.0,3.0,1,140.0,1,140.65,97.73,2.1,0.0,1.09,0.0,5,184.1,26.14,43,87.66666666666666,95.55666666666669,42.92,176.4237185461323,270.87933481758404,59.27697891578328,215.35244094488186,228.8888150609081,0.23,0.28,0.0,1.2415911085112608,0.58,0.63,-0.5977,0.3548966248423107,0.3702209553274088,0.5575609291914323,0.5229102453717921,0.1818725322840603,19291.72262618796,0.05730386432543898,-0.2,4.08
20150,2008-01-24 16:00,34.0,6,3,83.0,3.0,3.0,-999,134.0,1,138.43,95.19,1.61,0.09,0.86,0.0,5,185.8,33.2,25,115.40372670807452,99.24720496894408,43.24000000000001,171.57835337650326,291.8179843489453,56.12772137509919,206.30234864300635,209.604124748491,0.23,0.7200000000000001,0.0,2.114705917925521,0.73,0.64,-0.5097,0.35227019283607697,0.3810339268843481,0.575353316415055,0.5091220765452225,0.22367282892922816,15533.58301784749,0.03619799374223728,-0.1,5.47
21072,2008-01-31 10:00,20.0,4,2,111.8,3.0,2.0,-999,159.0,1,153.74,112.42,1.56,0.13,0.91,0.0,5,214.2,65.52,32,137.3076923076923,124.95,41.32000000000001,207.3853581800581,375.563307420221,82.61995889408126,243.22602739726025,251.11123110151192,0.18,0.77,0.0,2.3526575187036842,0.69,0.86,-0.7535,0.3686389917287505,0.3806469132476421,0.8058725052356139,0.7776909333075595,0.34330623790199416,16046.140195208518,0.037617778048099376,-0.1,5.14
22410,2008-02-12 09:00,30.0,5,1,56.0,2.0,2.0,-999,99.0,0,110.94,42.32,1.71,0.05,0.88,0.0,5,257.2,153.5,77,150.40935672514618,132.36023391812864,68.62,205.85568347420585,186.7610565731964,76.05872562065025,260.56535018430753,269.29819354838713,0.22,0.48,-0.5,1.5242954140272351,0.78,1.27,-1.051,0.22197847767752804,0.27626498059650506,1.261692890043039,1.1144855287666036,0.3121561326654316,21805.10611547543,0.07261596580462377,-0.0,3.22
22430,2008-02-12 09:00,36.0,6,3,115.0,3.0,1.0,0,150.0,1,152.45,108.61,1.47,0.06,0.73,0.0,4,207.3,43.54,35,141.0204081632653,102.94489795918369,43.83999999999999,187.02614051094886,189.00142131550842,69.78094534351496,222.11782905086517,223.72588495575226,0.21,0.75,-1.0,2.6069906737417594,0.0,0.8,-0.5295,0.34744897669324765,0.3845148256491968,0.7551487799103758,0.6607174833567118,0.2933164407163196,15558.790294288025,0.02752013770820276,-0.1,3.8
22390,2008-02-12 09:00,31.0,3,2,90.0,2.0,2.0,-999,135.0,1,137.65,91.15,1.85,0.0,1.09,0.0,5,213.3,65.42,44,115.29729729729729,125.67405405405407,46.5,189.10182795698918,216.1474363901271,65.9290230725814,231.6051829268293,244.71108404384896,0.21,0.77,0.0,1.9699475612508897,0.73,0.85,-0.64,0.32757340082219305,0.3688062391267241,0.8333878123315496,0.724699581769412,0.2388654467058,13359.535197471543,0.020821359451603325,-0.1,5.17
22370,2008-02-12 11:00,33.0,5,2,60.0,3.0,1.7,-999,81.1,0,92.99,66.43,1.28,0.21,0.5,0.0,4,202.8,51.45,36,158.4375,79.21875,26.55999999999999,156.46863704819282,137.48095890301832,47.66700805401365,170.12372881355938,181.6550351288056,0.22,-0.09000000000000008,0.0,0.8808649707021406,0.0,0.77,-0.3025,0.5735001181563245,0.7397110005042291,0.2169603336346793,6.0,0.23371661718453235,15018.666666666664,0.04060824039464043,-0.0,6.0
22630,2008-02-12 11:00,35.0,6,3,148.0,3.0,2.0,-999,190.0,0,178.46,128.96,1.09,0.31,0.47,0.0,4,241.5,58.76,35,221.5596330275229,104.13302752293578,49.5,191.22054545454543,231.05737179871937,69.24281865450385,240.10853453116215,242.95362946912243,0.22,0.53,-1.5,2.326042590949424,0.75,1.11,-0.6329,0.3077204674390297,0.3870389944655117,1.0973902267535067,0.8313089996121097,0.4187130372108144,20142.14282078962,0.0634202734267326,-0.1,3.9
22610,2008-02-12 11:00,38.0,6,3,92.0,3.0,2.0,-999,123.0,1,130.05,92.5,1.12,0.25,0.45,0.0,4,215.9,58.27,35,192.76785714285717,86.7455357142857,37.55000000000001,172.1443675099867,197.8676351140365,53.07725234508601,202.12570239334028,203.37638554216858,0.22,0.30000000000000016,0.0,1.5297054869576026,0.59,0.87,-0.4153,0.4056501501526489,0.5066712669727853,0.667163460033938,0.3930315364612104,0.3248159933245344,17865.305898491086,0.06256833852332133,-0.0,5.82
22691,2008-02-12 11:00,35.0,3,2,106.0,2.0,1.0,-999,108.0,0,118.79,116.14,1.03,0.33,0.25,0.0,4,129.4,6.934,5,125.63106796116504,31.40776699029126,2.6500000000000057,107.78603773584905,76.36981357003556,29.97123071706543,107.78603773584905,100.37936507936506,0.21,-0.23,0.0,0.7233323520031403,0.46,0.3,-0.02585,5.747986089898863,6.875751929406017,6.0,6.0,0.13160139103467364,6598.319398496242,0.007231886280991358,-0.1,6.0
22692,2008-02-12 12:00,35.0,4,2,108.0,3.0,1.0,0,132.0,1,138.03,97.14,1.1,0.32,0.49,0.0,4,241.6,52.81,36,219.63636363636363,107.62181818181816,40.89,184.0303252629004,174.66981442293073,68.32856714309057,214.21844559585492,229.75015706806286,0.21,-0.07999999999999985,0.0,0.8604360758783254,0.0,1.11,-0.5076,0.3725156062174608,0.4866284251034951,0.979854973665854,0.6014151920297337,0.3831759546780358,15136.592494744551,0.026231821159738825,-0.1,4.1
22693,2008-02-12 13:00,33.0,5,2,109.0,3.0,1.0,0,152.0,1,152.81,108.36,1.24,0.18,0.57,0.0,4,222.5,56.0,35,179.43548387096774,102.27822580645159,44.45,192.3007874015748,205.40877661000562,71.7294139979797,231.90293040293042,241.52543153049484,0.21,0.59,-1.5,2.4727121866897144,0.6,0.93,-0.5962,0.3426808355057811,0.39555314913223705,0.8767069355800949,0.7258736304405036,0.3699477954898742,18810.24151020827,0.04983824084791009,-0.1,3.76
22710,2008-02-12 14:00,28.0,4,2,79.0,3.0,1.0,0,123.0,1,130.64,84.12,2.02,0.0,1.13,0.0,5,217.7,63.68,44,107.77227722772275,121.78267326732671,46.51999999999998,194.2401332760103,211.99286979703288,72.66705166096192,246.27993216506505,254.15863013698623,0.21,0.8999999999999999,-0.5,2.087735415709692,0.68,0.89,-0.7044,0.32743256960945794,0.3663777581445315,0.8597171294358269,0.7550847070133099,0.23181148457296635,15006.310909233303,0.026343711431160908,-0.1,4.25
22650,2008-02-12 14:00,35.0,6,3,96.5,3.0,2.0,-999,127.0,1,127.84,85.31,1.49,0.21,0.75,0.0,4,228.8,59.69,44,153.55704697986582,115.16778523489937,42.53,194.32494709616745,171.27016026811185,73.26075037368858,225.20296371997964,235.97493857493853,0.2,0.55,-1.0,1.8282761121856863,0.0,0.99,-0.5479999999999999,0.35815102605765275,0.42051254796670784,0.9232544504032422,0.7414937241421112,0.31565782311420565,13842.372835555554,0.019401653987494483,-0.1,3.99
22730,2008-02-12 15:00,33.0,3,2,147.0,2.0,1.0,-999,175.0,1,171.15,149.44,1.24,0.21,0.46,0.0,4,158.8,19.67,20,128.06451612903226,58.90967741935484,21.710000000000008,144.20700138185163,292.3292676013566,44.84645737845579,148.59496919917862,159.31504065040647,0.22,0.54,0.0,1.9130982367758191,0.57,0.46,-0.2185,0.7016196747227991,0.7713009032920676,6.0,6.0,0.2012071055017873,17789.794178540982,0.09228788536353782,-0.1,6.0
22391,2008-02-12 15:00,42.0,4,1,57.0,2.0,1.7,-999,82.0,1,92.06,61.0,1.98,0.0,1.16,0.0,5,192.4,58.12,44,97.1717171717172,112.71919191919191,31.06,161.97289117836442,144.0661606801219,47.94247355908695,179.07044513457558,195.94754558204758,0.22,0.54,0.0,1.3635654885654884,0.87,0.69,-0.2769,0.4904109188097867,0.5806881089722502,0.35853418044313684,0.17953852973452605,0.16191328479980854,6681.134555874773,0.004097775857397011,-0.0,6.0
22870,2008-02-12 15:00,34.0,4,2,99.0,3.0,2.0,-999,124.0,0,132.1,85.09,1.73,0.04,0.95,0.0,5,207.3,64.06,44,119.82658959537571,113.83526011560694,47.00999999999999,184.00412678153583,215.2777124763876,63.27325971021264,228.36563011456627,234.63234042553185,0.22,0.6599999999999999,0.0,1.859384791556776,0.74,0.8,-0.5916,0.3240196370608801,0.364369816358152,0.7792436497459105,0.6741188447663037,0.2409895897483461,14216.545345056009,0.028744440833511718,-0.1,5.77
22731,2008-02-12 16:00,33.0,4,2,115.0,3.0,1.3,0,140.0,1,143.94,110.83,1.08,0.2,0.65,0.0,4,198.7,49.48,28,183.98148148148147,119.58796296296295,33.11,164.77780126849896,218.58984421298862,51.47436096117608,186.12787474332646,196.955,0.22,0.19000000000000009,0.0,1.3057005366341898,0.55,0.73,-0.3789,0.4600472104570214,0.5528857344568041,0.4472003899096554,0.24286898344199684,0.3063129839511581,7924.492738031201,0.006153911464867908,-0.1,6.0
22890,2008-02-12 17:00,40.0,4,3,91.0,3.0,2.0,-999,105.0,1,109.6,77.95,1.22,0.19,0.45,0.0,4,206.6,63.07,35,169.344262295082,76.20491803278689,31.64999999999999,169.87532385466034,174.76503489476818,49.57334063606819,187.91509813789642,191.82376811594204,0.21,0.31999999999999995,0.0,1.5740453909863397,0.71,0.8,-0.3272,0.4812689775112791,0.5832171231233456,0.4703785935529594,0.24638105642958155,0.29073926365722225,17427.24923957774,0.0651507058777831,-0.0,6.0
23510,2008-02-15 10:00,32.0,6,3,118.0,3.0,1.0,0,181.0,1,173.49,114.31,1.63,0.1,0.97,0.0,5,226.6,110.9,47,139.01840490797545,134.8478527607362,59.18000000000001,203.18298411625545,295.13906124760865,76.38810296676104,258.27224181360197,268.99150066401063,0.22,0.7399999999999999,-1.0,2.1684946993663043,1.0,0.97,-0.8576,0.2573870080809728,0.2866110384304416,0.981576304286803,0.9085971163155678,0.3161953498456386,15498.743347858435,0.03938411457715058,-0.0,5.9
24090,2008-02-19 11:00,23.0,3,2,108.5,2.0,1.0,-999,139.0,1,139.1,101.11,1.23,0.24,0.54,0.0,4,244.1,110.6,42,198.4552845528456,107.16585365853659,37.99,199.8123979994736,180.89012511665612,76.0381659861179,235.90225641025643,242.13087885985743,0.19,0.49,-1.0,1.9270458496185656,0.65,1.13,-0.6441,0.4009519120355873,0.4881099029079789,0.9650682298251496,0.6989685430337819,0.4055845739252053,19041.400232140968,0.06577371787300441,-0.0,5.01
25590,2008-03-06 10:00,30.0,4,2,41.0,3.0,2.0,-999,70.0,1,77.58,61.56,1.69,0.34,0.71,0.0,5,186.4,18.39,30,110.29585798816572,78.31005917159763,16.019999999999996,158.12284644194753,171.18323260519173,48.699341857290875,158.12284644194753,184.46494325346782,0.2,0.1499999999999999,0.0,1.2198595396020286,0.56,0.64,-0.1994,0.9508216690531828,1.1179927313727576,6.0,6.0,0.1794366068210235,9823.902089819998,0.011589894059693549,-0.1,6.0
25611,2008-03-06 11:00,18.0,6,3,89.0,3.0,2.0,-999,120.0,1,128.15,108.35,3.29,0.0,1.68,0.0,5,146.5,11.39,28,44.52887537993922,74.80851063829788,19.80000000000001,139.67808080808078,219.86460853901886,35.633249063246716,139.67808080808078,177.86462513199572,0.22,2.56,0.0,5.808144373275982,0.88,0.39,-0.2486,0.7693011685975738,0.8068368416978738,6.0,6.0,0.07086281684344999,11917.478298611111,0.016817455137010984,-0.3,6.0
25710,2008-03-10 09:00,33.0,3,2,140.0,2.0,1.0,-999,160.0,1,165.74,147.01,0.5,0.43,0.16,0.0,4,208.2,17.6,8,416.4,66.624,18.730000000000018,138.69684997330484,224.6789149639701,40.16522167993689,138.69684997330484,159.59976190476192,0.23,-0.06999999999999995,0.0,0.810624062557932,0.19,0.81,-0.1939,0.8132495001725558,1.2115955757555548,6.0,6.0,0.4660033941738507,13721.41077898551,0.024864911309051062,-0.1,5.61
25930,2008-03-13 14:00,36.0,2,1,79.5,1.0,3.0,1,124.0,1,139.41,101.0,2.28,0.0,1.15,0.0,5,148.7,7.506,35,65.21929824561404,75.00219298245614,38.41,155.87472012496747,336.6424978297892,50.93823456049597,168.83866442199775,189.31269461077838,0.24,-0.29000000000000004,-0.6000000000000001,1.1789019753558072,0.92,0.4,-0.3862,0.3965676422346259,0.3787738908069073,0.2977692793583092,0.3263470404902031,0.1279663400742057,18072.032406157166,0.03989815990042676,-0.5,3.15
26730,2008-03-18 13:00,34.0,4,2,160.0,3.0,2.0,-999,200.0,1,201.22,167.28,0.37,0.48,0.12,0.04,4,218.8,12.13,5,591.3513513513514,70.96216216216216,33.94,149.52035945786685,367.1381910119568,47.99217378822939,172.41976935749585,175.53618843683086,0.25,-0.12,0.5,0.7023001156586949,0.39,0.9,-0.35700000000000004,0.44879679252304,0.6520016098242685,0.4601656261263832,6.0,0.7376632969442642,22626.527777777777,0.07856519860597941,-0.4,2.98
43170,2008-11-28 09:00,30.0,6,3,66.7,3.0,1.0,0,92.0,1,91.14,70.38,0.46,0.44,0.19,0.0,4,166.2,7.938,6,361.3043478260869,68.64782608695651,20.760000000000005,149.79513487475919,353.9149422493863,36.68411157534906,155.1402151639344,171.38031212484998,0.22,0.12,-0.5,1.5930841650739718,0.43,0.5,-0.2388,0.7337265480843917,0.8129717180555447,6.0,6.0,0.5844248776465021,14138.638462184168,0.043536756087320175,-0.4,6.0
43250,2008-11-28 10:00,37.0,6,3,87.0,3.0,1.0,0,124.0,0,117.97,91.55,0.39,0.45,0.12,0.0,4,198.5,19.67,6,508.9743589743589,61.07692307692307,26.42,143.70552611657834,402.2538597296593,43.161776925645036,161.9248043347381,169.66030927835052,0.23,0.08000000000000003,0.5,1.1845453806776631,0.33,0.73,-0.2587,0.5765391043993934,0.7916751323261711,0.1569681355967546,6.0,0.6401014356504964,20700.899621212127,0.13712804004052692,-0.2,6.0
43290,2008-11-29 11:00,35.0,2,1,10.0,1.0,2.0,-999,50.0,1,50.4,9.21,2.28,0.0,1.41,0.0,6,174.8,10.81,8,76.66666666666667,108.1,41.19,175.22665695557174,302.906427297657,58.46688718265171,222.4829190904284,234.0726114649681,0.23,1.7399999999999998,-0.6000000000000001,6.149758454106281,1.0,1.31,-0.4765,0.3698024554074283,0.3692591728547405,1.1083782116142982,1.1109919706867843,0.2508554325166631,11922.79517675624,0.00924383026088843,-0.6,1.72
43775,2008-12-02 11:00,40.0,5,2,9.0,3.0,2.0,-999,92.0,1,92.95,6.86,1.06,0.79,0.45,0.0,9,342.7,97.89,33,323.3018867924528,145.48584905660377,86.09,194.834278081078,337.93062895351187,77.02461619080421,255.3281537628587,262.4610571736785,0.28,-0.10999999999999988,-2.0,0.7399609436376288,0.71,2.32,-0.9886,0.17693301356989166,0.3080110303228048,2.1490901999892564,1.5189958718935617,0.4559453393556955,19767.162006450897,0.038989057840643666,-0.1,0.64
43773,2008-12-02 11:00,27.0,3,1,36.0,1.0,2.3,-999,82.0,1,82.81,25.5,1.46,0.15,0.76,0.0,4,220.5,37.76,15,151.02739726027397,114.78082191780823,57.31,179.93264700750302,411.03364639019895,70.67020702454587,246.83925081433225,258.25246781115885,0.27,1.03,-1.0,4.240721404841007,1.0,0.91,-0.8098,0.2657854325289124,0.32477646397716176,0.9123587585809108,0.7220578750142945,0.2733953403099985,19923.47276084949,0.04581083329025115,-0.2,1.96
43778,2008-12-02 11:00,34.0,5,3,159.0,3.0,2.0,-999,188.0,0,168.8,118.1,0.31,0.48,0.13,0.04,4,201.4,13.79,9,649.6774193548387,84.45806451612904,50.70000000000002,129.49808678500986,396.33989560417695,49.65627655902029,171.65318704284218,181.03778026905832,0.35,0.0,0.0,0.955312810327706,0.36,0.76,-0.4551,0.3004371427659166,0.4635224936715185,0.5884887135416257,6.0,0.6531895590622329,19605.12372243141,0.08736580064215059,-0.4,5.94
43779,2008-12-02 12:00,35.0,6,3,145.0,3.0,2.3,-999,187.0,0,167.94,117.88,0.31,0.48,0.13,0.02,4,200.9,13.52,9,648.0645161290323,84.24838709677421,50.06,129.87874550539354,395.2758840744744,49.18815629636641,171.42078947368427,180.53647727272727,0.34,0.0,0.0,0.9552015928322548,0.4,0.75,-0.4407,0.3042781290098276,0.4669515134847353,0.5919099758291918,6.0,0.6544476653143979,18984.790209790208,0.07878738507551583,-0.4,5.92
43790,2008-12-02 12:00,35.0,7,3,85.0,3.0,3.0,-999,133.0,1,125.82,90.49,0.31,0.48,0.14,0.14,2,194.2,8.458,9,626.4516129032257,87.70322580645163,35.33,126.13317294084352,294.16611506098036,38.96162502138978,151.26604675876723,163.8374701670644,0.3,-0.030000000000000027,0.0,0.8676319137335676,0.3,0.8,-0.3092,0.4311396302924417,0.6585402608031042,0.2863684242014688,6.0,0.6582280677475573,12555.085139645918,0.01718484677972409,-0.5,5.23
43772,2008-12-02 12:00,33.0,4,2,70.0,3.0,2.0,-999,102.0,1,100.06,75.35,0.5,0.44,0.15,0.06,2,175.7,6.456,9,351.4,52.71,24.710000000000008,124.59453662484823,286.6049680864855,34.907412661039636,134.19961559582643,138.4743380855397,0.26,-0.02000000000000001,0.0,0.9369116938838054,0.4,0.69,-0.2227,0.6164371970146488,0.8637598416660777,6.0,6.0,0.4084303333299461,23678.89420521,0.11818178929231095,-0.4,4.46
44050,2008-12-04 11:00,35.0,3,2,56.0,2.0,2.0,-999,108.0,1,103.81,53.49,0.58,0.41,0.23,0.0,4,239.9,30.18,12,413.6206896551725,95.13275862068967,50.32,167.13112082670904,361.341154377718,60.86249754394302,222.64679778113967,229.18847320525782,0.28,0.18999999999999995,0.0,1.4679620782163507,0.42,1.09,-0.5762,0.3027059447184415,0.4318111646937332,0.9917713051704335,0.43420222203899744,0.5944264978396043,21681.377165803508,0.07218486148413357,-0.2,3.26
44030,2008-12-04 12:00,30.0,6,3,47.0,3.0,1.7,-999,65.0,1,65.15,47.92,0.87,0.36,0.28,0.0,4,182.7,11.71,11,210.0,58.8,17.230000000000004,128.39013348810215,143.02666464584,33.124371631009694,128.39013348810215,137.78175388967466,0.22,-0.08999999999999997,0.0,0.8065476190476191,0.5,0.61,-0.1797,0.8840489343141014,1.2495388139014765,6.0,6.0,0.2258160214089656,15085.950532386863,0.031438042728518516,-0.2,5.24
44332,2008-12-09 10:00,32.0,2,2,65.0,1.0,2.0,-999,87.0,1,87.6,66.61,1.93,0.04,0.92,0.0,5,124.5,6.01,13,64.5077720207254,59.34715025906736,20.989999999999995,117.24630776560265,147.45004219870182,31.761366095175468,121.05697190426638,126.0372549019608,0.26,1.15,0.0,3.2156729482030686,0.72,0.27,-0.1773,0.7256866669000468,0.7700229810001834,6.0,6.0,0.08239005524737274,11733.458824281875,0.01657032322534715,-0.4,6.0
44293,2008-12-09 11:00,32.0,3,3,103.0,2.0,2.0,-999,115.0,1,111.51,96.4,0.95,0.35,0.29,0.0,4,116.5,2.8080000000000003,7,122.63157894736842,35.56315789473684,15.11,98.61204500330906,181.1140139806162,22.59747713374915,98.61204500330906,102.25371312309258,0.28,0.44,0.0,1.9187073971219388,0.51,0.24,-0.1111,1.0080849198035726,1.187216164690316,6.0,6.0,0.11796447636118346,19307.60084148907,0.1144349298454994,-0.6,6.0
44334,2008-12-09 11:00,36.0,5,1,36.0,2.0,2.0,-999,98.0,1,97.25,30.17,1.35,0.18,0.69,0.0,4,244.5,70.31,22,181.11111111111111,124.96666666666664,67.08,191.01176207513416,318.2996254768996,69.79280897010179,264.3668976545842,269.3539165818922,0.28,0.79,-1.5,2.82581069237511,1.0,1.14,-0.8443,0.2270745846486579,0.28956855561011835,1.1224917417919182,0.9157008666154134,0.3376437372297979,18415.733604769528,0.03738965834191384,-0.1,2.28
44331,2008-12-09 11:00,38.0,3,2,80.0,2.0,2.0,-999,105.0,0,103.13,79.74,0.95,0.33,0.38,0.0,4,157.3,8.531,13,165.5789473684211,62.92000000000001,23.39,117.54283882000858,187.0794120782708,30.63580287452369,124.60910543130993,134.29934711643088,0.27,0.31999999999999995,0.0,1.5932552296188658,0.63,0.45,-0.1826,0.6512254441313373,0.8667745091588469,6.0,6.0,0.1719249104498246,12787.114845938377,0.02606533969414717,-0.3,6.0
44333,2008-12-09 11:00,34.0,5,2,84.0,3.0,2.0,-999,114.0,0,113.6,88.75,0.86,0.36,0.36,0.0,4,166.1,9.717,13,193.1395348837209,69.53023255813953,24.849999999999994,121.92696177062376,217.72358743750885,34.445558877566306,129.94301507537688,137.20759803921572,0.27,0.38,0.0,1.8261840256873367,0.5,0.5,-0.2222,0.612964311397665,0.8302621619026992,6.0,6.0,0.20447616071690028,12808.573388203014,0.026046025064233945,-0.3,6.0
44290,2008-12-09 11:00,40.0,2,1,25.0,1.0,2.0,-999,130.0,0,121.66,37.32,1.33,0.18,0.74,0.0,4,259.9,102.8,22,195.41353383458645,144.60601503759398,84.34,199.52239743893767,379.5776220851902,77.80595581197535,279.84250135354625,286.4761529808774,0.29,0.8200000000000001,-1.0,2.992146300613358,1.0,1.29,-0.9793,0.18060425821949225,0.2342921099916221,1.189084503234363,1.0465871515460214,0.3752748648689221,16737.623434245055,0.027582214773580888,-0.1,2.22
44310,2008-12-09 13:00,32.0,6,3,55.0,3.0,2.0,-999,78.0,1,77.71,67.62,0.98,0.33,0.27,0.0,4,121.3,2.9760000000000004,7,123.77551020408166,33.419387755102036,10.089999999999991,109.3247770069376,167.83214881014558,19.048922201082707,109.3247770069376,105.82039555006182,0.24,0.35,0.0,1.5837684345516168,0.56,0.26,-0.08932000000000001,1.5096296470001973,1.6716592003400976,6.0,6.0,0.14144365901314904,19056.203217762668,0.08616947332418899,-0.4,6.0
44291,2008-12-09 13:00,38.0,2,1,43.0,1.0,3.0,1,68.0,1,69.5,49.94,1.51,0.2,0.69,0.0,5,138.0,6.529,13,91.3907284768212,63.05960264900661,19.56,121.4017382413088,147.3448266135944,29.729010007332697,121.4017382413088,135.39849946409433,0.25,0.65,0.0,2.136240310077519,0.73,0.34,-0.1549,0.778740446739876,0.883301865840364,6.0,6.0,0.11456121990532515,9891.129034516562,0.009135950873673105,-0.3,6.0
44311,2008-12-09 13:00,35.0,3,2,15.5,2.0,2.0,-999,72.0,1,72.8,17.87,1.5,0.1,0.77,0.0,5,243.8,69.21,18,162.53333333333333,125.15066666666668,54.92999999999999,193.8791188785728,264.5002178879807,68.64220439999579,262.444374282434,270.2405117270789,0.24,0.88,-1.5,2.8678980655746384,1.0,1.13,-0.7234,0.2773013496856358,0.34744681108080777,1.112753973271866,0.8754491807081788,0.31289284294271624,15642.36629171694,0.021243348031607646,-0.1,1.72
44312,2008-12-09 14:00,31.0,6,3,16.0,3.0,2.0,-999,67.0,0,67.33,15.37,1.63,0.03,0.88,0.0,5,241.9,65.59,18,148.40490797546013,130.59631901840493,51.96,195.2123171670516,262.8679438962762,70.37317160646508,263.69477693144717,274.82932061978545,0.24,1.02,-1.5,3.2343943778420843,1.0,1.11,-0.7443,0.2931517155163967,0.3620878341044931,1.0711729479851249,0.8317543496294688,0.2917193213934173,15110.233614724431,0.018836744863859767,-0.1,1.6
44350,2008-12-09 14:00,33.0,2,2,59.0,1.0,2.0,-999,88.0,1,88.86,68.99,1.0,0.32,0.36,0.0,4,160.3,10.23,13,160.3,57.708,19.870000000000005,118.84197282335178,176.06192833620426,29.35141792879329,118.84197282335178,129.84747368421048,0.25,0.31000000000000005,0.0,1.4908640501957382,0.65,0.47,-0.1812,0.7665909984012066,1.0282144113166316,6.0,6.0,0.16755520680446698,15665.525469447037,0.047816509554711166,-0.2,6.0
45670,2008-12-17 11:00,33.0,3,1,95.0,1.0,3.0,1,122.0,0,114.29,84.93,0.86,0.38,0.43,0.0,4,217.9,18.66,23,253.37209302325581,108.95,29.36,170.85715258855586,312.78729410500165,70.29047539473329,192.08373524884558,205.94393939393936,0.2,-0.040000000000000036,0.0,0.9195961450206516,0.56,0.89,-0.3631,0.5188066463975468,0.6587446272486779,0.4739548859608776,0.1735625140292252,0.4174039764216397,9682.666666666666,0.006344205939541343,-0.2,4.04
45771,2008-12-21 11:00,35.0,5,1,71.0,2.0,3.0,-999,110.0,1,110.37,75.24,0.92,0.37,0.34,0.0,4,143.8,2.211,6,156.30434782608697,53.14347826086957,35.13000000000001,148.18033020210643,493.0705459598603,47.93202039123501,149.1558282208589,153.25035294117646,0.24,0.6100000000000001,-0.5,3.2360357126833867,0.73,0.37,-0.3504,0.4335941684666088,0.4210358308360929,0.2281259188264781,0.24598544978630466,0.2840968557486109,32069.48096885812,0.21258717079572384,-2.4,2.37
46050,2008-12-24 09:00,32.0,4,2,47.5,3.0,2.0,-999,80.0,1,86.27,48.05,1.46,0.21,0.78,0.0,4,189.8,17.38,28,130.0,101.4,38.22,181.32090528519103,354.9388139270097,66.45959886293467,195.2936723163842,198.8644295302013,0.2,0.4199999999999999,0.0,1.5310650887573962,0.73,0.67,-0.4939,0.3985390669343792,0.4168463184467017,0.573047192746768,0.5342801658371915,0.27689364147302936,14330.732614344652,0.01939422740743152,-0.3,3.2
46110,2008-12-25 09:00,35.0,3,1,151.0,1.0,2.0,-999,172.0,0,161.32,111.67,0.71,0.39,0.41,0.0,4,215.7,20.36,7,303.80281690140845,124.55915492957745,49.64999999999999,196.36763343403828,585.7778579260963,81.43654302239109,227.7535204081633,230.86843687374747,0.2,0.4,-1.0,2.554713087173045,0.59,0.87,-0.6516,0.3067907983531113,0.3364578701844275,0.8833864164033841,0.8101765705027616,0.6730855460229275,13569.616299821533,0.02018975634464745,-0.4,4.62
46130,2008-12-25 10:00,35.0,3,2,50.0,2.0,2.0,-999,64.0,1,71.18,49.89,1.18,0.17,0.59,0.0,4,144.3,8.557,12,122.28813559322036,72.15,21.290000000000006,168.59920150305302,331.07240837989593,44.904359366332244,171.75507753876937,185.8103286384976,0.2,0.77,0.0,3.891249598566672,0.77,0.37,-0.2378,0.7154609271128213,0.6143573004007973,0.05,0.11046426308823706,0.2881634763238118,11890.0,0.01581557474447856,-0.4,5.77
46811,2008-12-31 09:00,35.0,5,3,68.0,3.0,1.0,0,107.0,0,104.03,70.11,0.58,0.44,0.27,0.0,4,246.0,55.72,12,424.1379310344828,114.51724137931036,33.92,199.34799528301892,363.83604674498525,63.581803743001394,229.1123068726692,237.55315217391305,0.18,0.16999999999999998,-0.5,1.4738647630378745,0.44,1.15,-0.448,0.44906141327334814,0.5520455066837261,0.8979441718235339,0.6015024947654222,0.8568683708490736,11779.567686289221,0.018950503581816384,-0.1,6.0
47831,2009-01-09 11:00,23.0,6,2,72.0,3.0,1.0,0,102.0,1,102.75,67.03,0.55,0.46,0.22,0.0,4,274.1,92.55,20,498.3636363636364,109.64,35.72,191.56931690929454,253.58621208911842,62.05174435750802,238.81244791666663,259.8863753213368,0.2,-0.02999999999999992,0.0,0.9465460629772674,0.36,1.45,-0.5861,0.4264323386963037,0.6063426574413235,1.1114984122579503,0.4380916803188935,0.8387743478074651,18089.5061728395,0.0603751714161261,-0.0,5.48
48330,2009-01-14 10:00,20.0,5,3,119.0,3.0,1.0,0,155.0,1,144.56,106.36,0.54,0.46,0.2,0.0,4,273.4,134.2,24,506.29629629629625,101.25925925925924,38.2,189.70083769633504,268.75339557620424,60.04567800643032,237.98238070267442,256.4382113821138,0.21,-0.010000000000000007,0.0,0.9706856420828625,0.34,1.44,-0.6376,0.3987477261317271,0.5709834383661911,1.1651433017257906,0.4747127763740627,0.8364341392640459,22953.6,0.18628836294580864,-0.0,6.0
49710,2009-01-23 12:00,30.0,4,1,71.0,2.0,2.0,-999,93.0,1,93.35,69.68,2.01,0.0,0.76,0.0,5,147.4,9.652,22,73.33333333333334,55.73333333333334,23.66999999999999,162.6781157583439,396.8446033689782,45.823345122769396,175.08937007874025,192.1636670416198,0.21,-2.1800000000000006,-0.10000000000000007,0.4562811889780862,0.77,0.39,-0.2858,0.6435218900816215,0.5844061941414453,0.06621612880566917,0.12215743451484865,0.15792947768003068,23798.405965571816,0.1112592678165885,-0.4,3.99
49750,2009-01-24 11:00,32.0,4,2,95.0,3.0,2.0,-999,125.0,1,123.28,99.87,0.37,0.51,0.13,0.44,2,177.7,4.794,4,480.2702702702703,62.43513513513515,23.41,140.10961127723198,356.03815072860635,37.63710421965957,144.10350052246602,149.90386221294358,0.23,-0.02000000000000001,0.0,0.9193541405133976,0.27,0.7,-0.2448,0.6506690789505325,0.8214343953965186,0.05,6.0,0.7003996422726628,18976.31437388521,0.05762428657259101,-0.7,4.41
49770,2009-01-24 11:00,30.0,3,2,93.0,2.0,3.0,-999,160.0,0,156.65,103.85,3.03,0.0,2.59,0.0,6,231.9,126.0,23,76.53465346534655,198.2247524752476,52.80000000000001,157.59806818181815,424.2139880664482,58.18330360097754,193.40973641742875,210.11388888888885,0.27,1.92,0.8999999999999999,2.1482349102012748,1.0,1.53,-0.615,0.2884879382240904,0.4214465459836731,1.548245817066093,0.7413183565384268,0.12353064277651955,5386.923629641776,0.0013883790931557508,-0.4,6.0
49810,2009-01-24 12:00,35.0,3,1,67.0,1.0,3.0,1,112.0,1,114.98,78.1,1.67,0.04,0.6,0.0,5,156.2,11.87,30,93.53293413173651,56.11976047904191,36.88000000000001,150.09826464208246,354.7802689292568,48.21773545655349,174.82257485029945,187.58802816901408,0.24,-1.62,-0.8,0.7263017174614417,0.79,0.44,-0.3737,0.4130196078696305,0.4296074673690095,0.3028612088868503,0.2750322661423175,0.1613520079509553,32437.34609399315,0.2696663098129667,-0.3,3.45
50090,2009-01-26 12:00,28.0,3,2,173.0,2.0,3.0,-999,201.0,1,182.89,164.88,0.61,0.44,0.24,0.35,2,150.1,4.904,4,246.06557377049182,59.05573770491802,18.009999999999987,133.28500832870628,326.1574556123035,34.52256326150586,133.28500832870628,141.29725448785638,0.24,0.29,-0.5,2.1056379080612926,0.33,0.54,-0.1947,0.8457614180028861,0.9504272439213864,6.0,6.0,0.3984643943190324,14973.518105158728,0.049989424810728114,-0.6,6.0
50710,2009-01-29 11:00,33.0,5,2,203.0,3.0,1.7,-999,220.0,1,202.81,183.39,0.53,0.44,0.24,0.26,2,160.8,7.375,7,303.39622641509436,72.81509433962262,19.420000000000016,129.1751287332647,340.1745379449871,43.207631387741316,129.1751287332647,146.0596244131455,0.24,0.22000000000000008,0.0,1.875541646605681,0.37,0.6,-0.185,0.7843544355423246,0.9725859504359604,6.0,6.0,0.4229878782091941,9547.049529688418,0.015272517851005647,-0.3,6.0
52010,2009-02-05 10:00,20.0,5,1,153.5,2.0,2.0,-999,207.0,1,189.68,143.97,1.68,0.0,1.6,0.0,6,269.5,471.3,17,160.41666666666669,256.6666666666667,45.71000000000001,207.76418726755642,572.4285465634698,102.72612866938296,261.0972544878564,271.4349700598802,0.2,1.27,0.0,4.117326575863161,0.81,1.63,-0.8246,0.3332348094122068,0.4303584755933332,1.5590472671919122,1.1299603936013607,0.35013780149370793,4644.29885057471,0.0011481665582906465,-0.8,6.0
53870,2009-02-19 11:00,20.0,5,2,121.0,3.0,3.0,-999,186.0,1,184.63,116.32,2.19,0.0,1.25,0.0,5,185.1,28.78,25,84.5205479452055,105.65068493150685,68.31,168.74459083589522,416.19911595024354,74.95388508183478,221.78976793248947,229.92276243093917,0.27,1.74,-0.5,6.475742841707188,0.92,0.63,-1.003,0.22298584597031132,0.2442873601438085,0.6849359871437853,0.6416006286274967,0.15822648429604955,26771.41314782608,0.16125683340649824,-0.4,3.94
54510,2009-02-26 11:00,21.0,6,1,100.0,3.0,3.0,-999,186.0,1,183.08,113.14,2.2,0.0,1.33,0.0,5,215.9,56.94,32,98.13636363636364,130.52136363636365,69.94000000000001,204.70846439805547,452.9603430474089,101.28908839913494,264.0731896075179,265.97830508474567,0.23,1.7600000000000002,-1.5,6.463640574339974,0.98,0.87,-1.229,0.21778900683774616,0.22962823906854704,0.8625754103290456,0.8400841371108302,0.2364882170122615,23352.397283936665,0.0939885368068815,-0.2,3.43
56330,2009-03-13 09:00,35.0,3,1,148.5,1.0,3.0,1,172.0,1,182.19,147.1,0.37,0.48,0.17,0.5,2,168.8,4.114,4,456.21621621621625,77.55675675675677,35.09,135.43573667711598,396.1338586843384,54.096839874946525,149.81986228813562,151.42934196332257,0.27,-0.09999999999999998,0.0,0.7587854189775133,0.28,0.65,-0.3147,0.434088433691421,0.5387631702346448,0.3460903433963235,0.05987632497557606,0.6624322983928542,15057.995176680295,0.029381412458209657,-1.1,4.83
57270,2009-03-14 09:00,32.0,4,2,92.0,3.0,2.0,-999,130.0,1,140.32,116.27,0.58,0.44,0.24,0.03,4,185.0,6.152,5,318.96551724137936,76.55172413793103,24.05,153.44012474012482,325.21956920511434,52.763767235427636,157.95848958333337,167.90112474437626,0.22,0.13999999999999996,0.0,1.3017936117936115,0.42,0.63,-0.2688,0.6333539766416624,0.7608993139058418,0.0827678574343772,6.0,0.4912066589921971,13651.01449275362,0.018566666363912236,-0.6,4.02
57491,2009-03-17 09:00,24.0,4,1,122.0,2.0,1.0,-999,148.0,0,152.26,123.64,1.04,0.34,0.53,0.0,4,212.9,17.79,9,204.7115384615384,108.49711538461538,28.61999999999999,191.2929419986024,383.7130669727472,79.79265880798408,211.86438848920864,226.8950354609929,0.18,0.4,-0.5,1.7807069046500703,0.58,0.85,-0.4549,0.5322209342498943,0.5912912673886249,0.5003732522475258,0.38165620506325737,0.4359518875554176,12692.634956996406,0.01337084760362541,-0.3,3.29
58030,2009-03-18 10:00,33.0,5,2,70.0,3.0,2.0,-999,100.0,1,113.52,70.68,1.13,0.34,0.53,0.0,4,251.7,45.77,31,222.7433628318584,118.053982300885,42.83999999999999,205.10924369747886,247.10674332418046,87.39288651541386,243.8441784548421,248.6009584664537,0.19,0.6799999999999999,-1.5,2.9361144219308706,0.76,1.21,-0.621,0.35555936363753443,0.4347438996902298,1.1337365128635368,0.8779933772234471,0.4676385536105372,16084.946737136126,0.02532858246038051,-0.1,2.53
57650,2009-03-18 12:00,27.0,6,3,108.0,3.0,1.0,0,135.0,1,137.93,96.44,0.72,0.5,0.35,0.0,9,280.9,51.06,28,390.13888888888886,136.5486111111111,41.49000000000001,219.1493612918775,338.9965891799541,89.12164805399681,257.05342886386904,274.2122988505747,0.17,-0.14,0.0,0.7963770935613933,0.48,1.52,-0.7253,0.3671285403285604,0.4684276326405587,1.4269544181262872,1.0667911590865309,0.8450761911763661,14668.344963791968,0.02025280129511161,-0.1,3.01
58010,2009-03-25 10:00,32.0,5,3,130.0,3.0,2.0,-999,182.0,0,191.66,111.07,0.94,0.42,0.53,0.0,9,277.9,70.63,33,295.63829787234044,156.68829787234043,80.59,171.70091822806802,293.122460900066,78.3561131061719,263.1937906860291,275.9341899441341,0.4,0.23,0.0,1.3811128737158465,0.51,1.49,-0.986,0.18900810445752544,0.30361472264723405,1.4321355990291742,0.6888641653080324,0.3913920186607817,15316.370220938865,0.02359897044922893,-0.1,3.13
73450,2009-10-19 09:00,34.0,4,2,70.0,3.0,1.0,0,93.0,1,84.36,48.78,0.93,0.35,0.44,0.14,2,154.4,3.335,4,166.0215053763441,73.0494623655914,35.58,126.47032040472178,348.6776318801612,47.67198985066712,151.82122816304926,161.4139308855291,0.3,0.5800000000000001,0.0,3.0615655070318284,1.0,0.56,-0.3074,0.4281102624573349,0.5208948959577749,0.2153730176366636,6.0,0.23216676106459874,15387.078963816932,0.02358576011407233,-1.4,3.0
73451,2009-10-20 09:00,34.0,5,2,52.0,3.0,1.0,0,93.0,1,81.38,38.97,0.36,0.46,0.2,0.07,2,221.1,9.505,6,614.1666666666666,122.83333333333331,42.41,153.60176845083708,341.89059292750284,62.49384284889897,189.700101061142,195.33284258210645,0.26,-0.09000000000000002,0.0,0.7793758480325645,0.65,0.98,-0.4527,0.3591644220285776,0.5136018805992999,0.8845221869225911,0.2461295894981688,0.8276748447857948,9778.319999999998,0.005229199908858425,-0.6,2.07
73452,2009-10-21 09:00,34.0,5,2,65.0,3.0,2.0,-999,80.0,1,70.85,43.15,0.96,0.34,0.5,0.0,4,182.2,6.516,6,189.79166666666663,94.89583333333331,27.7,158.42776173285205,325.2723849070842,62.87574623110347,180.97218732153053,189.15680166147456,0.22,0.6,0.0,3.025246981339188,1.0,0.61,-0.2997,0.549897586217761,0.6309603582346227,0.2115221280479216,0.08327334577204883,0.31675734515529996,9607.07895652174,0.005215810898060885,-0.6,2.6
73453,2009-10-22 09:00,33.0,3,1,66.0,1.0,2.0,-999,82.0,1,70.74,43.07,0.84,0.38,0.43,0.0,4,207.7,6.602,7,247.26190476190484,106.32261904761904,27.669999999999995,191.25193350198768,428.4550943646122,84.6741789011253,197.8044532130778,232.8,0.18,0.49,-0.5,2.5710158883004337,0.63,0.81,-0.3802,0.5504937888771948,0.5969640992801662,0.44083058746457815,0.3538876461235725,0.5398493101901364,10513.678369036144,0.005696909365756165,-0.8,0.3
73454,2009-10-23 09:00,33.0,3,2,67.5,2.0,2.0,-999,85.0,1,76.77,45.45,0.89,0.36,0.5,0.0,4,212.2,12.47,8,238.4269662921348,119.2134831460674,31.32,188.94447637292458,428.94651589485886,81.33262875480388,204.17403846153846,219.64811218985975,0.19,0.55,-1.0,2.8865665021899427,0.73,0.84,-0.4128,0.4863398192283517,0.5451403271460633,0.5522299690332214,0.4224883464877498,0.4952952420973033,9477.648695652177,0.004856317766555373,-0.4,2.33
73462,2009-11-12 09:00,38.0,4,1,76.0,2.0,1.0,-999,88.0,1,83.67,56.0,0.59,0.43,0.27,0.0,4,208.5,14.66,9,353.38983050847463,95.41525423728814,27.67,145.02909288037588,255.53774418244817,44.811961208618726,167.38698379508625,176.47105831533474,0.24,0.11,0.0,1.204406474820144,0.42,0.81,-0.2612,0.5504937888771947,0.786310309838754,0.18601340084419288,6.0,0.4324332293621674,9037.963459970977,0.006162905665394065,-0.2,5.42
74191,2009-11-19 09:00,36.0,4,1,44.0,2.0,1.0,-999,77.0,1,71.27,47.94,0.77,0.55,0.33,0.0,9,246.4,21.45,16,320.0,105.6,23.33,189.46686669524212,252.05007005245068,64.92438709134716,197.02315010570828,221.29674220963173,0.17,0.12,-1.0,1.1879807692307691,0.73,1.16,-0.2962,0.652900263104671,0.8450069549732607,0.441753275261649,0.07700192825763058,0.5826846140712357,9188.857233301682,0.005501144418280603,-0.1,4.24
74197,2009-11-27 10:00,36.0,4,1,65.0,2.0,1.0,-999,84.0,1,78.98,56.15,1.28,0.96,0.57,0.0,9,216.1,10.4,20,168.828125,96.23203125,22.830000000000005,149.73013578624614,217.9539964850588,38.35618414561274,152.57522837184308,159.56442641946697,0.21,-0.05000000000000005,-4.0,0.7085552845556742,0.95,0.88,-0.2285,0.6671994366286451,0.9559515479803676,0.10361523261722458,6.0,0.2141015993104089,8001.915119181974,0.003989797883843124,-0.3,5.16
74209,2009-12-01 15:00,22.0,4,3,19.0,3.0,3.0,-999,75.0,1,77.79,18.69,1.88,0.38,0.88,0.0,5,279.1,47.78,35,148.4574468085107,130.64255319148938,59.10000000000001,168.76072758037222,378.08048730316574,63.63784864561122,215.30771169354838,231.0807511737089,0.27,0.71,-0.5,1.6287150088654925,0.88,1.5,-0.8447,0.257735416890558,0.42234576587622186,1.5769190599024472,0.6954389430806129,0.18865709296421904,19038.284868890918,0.0348710779398392,-0.2,0.66
74216,2009-12-03 11:00,38.0,5,1,27.0,2.0,2.0,-999,73.0,1,76.35,40.47,1.37,0.24,0.54,0.0,4,176.6,11.24,4,128.90510948905109,69.60875912408758,35.87999999999999,152.96666666666667,398.59108481623116,46.13231977147727,188.36503006012023,196.41883899233292,0.25,1.07,-1.0,5.567402793506986,0.95,0.57,-0.3385,0.4245307452127084,0.4891310650796216,0.3424492566672065,0.20766842903667249,0.2058962018963892,20849.516936748907,0.06153838136752556,-0.4,3.06
74230,2009-12-03 11:00,40.0,3,3,66.0,2.0,2.0,-999,112.0,1,108.91,57.59,0.87,0.33,0.31,0.0,4,198.7,12.09,8,228.3908045977012,70.80114942528735,51.31999999999999,163.3589049103663,484.846456814788,58.563192940680025,213.2605316973415,220.37570093457938,0.27,0.5700000000000001,-1.0,3.3553598389531962,0.93,0.73,-0.4939,0.2968075436132497,0.35992938708275296,0.7055547928393203,0.5204621612640333,0.37352011606068103,29470.00520291364,0.15819383518553112,-0.6,2.18
74219,2009-12-03 11:00,30.0,5,2,90.0,3.0,1.0,0,115.0,1,109.84,75.5,0.3,0.51,0.13,0.6,2,212.2,8.743,2,707.3333333333335,91.95333333333332,34.34,148.23954571927783,408.6727121527562,54.83049094674766,180.38976203652462,187.21422805247227,0.26,0.0,0.0,0.9670122525918944,0.3,0.92,-0.3852,0.4435691071121716,0.6308469532597956,0.4889799167367696,6.0,0.9317467164394224,14864.934396706967,0.02181332030570949,-0.6,3.29
74218,2009-12-03 11:00,41.0,3,1,19.0,1.0,2.0,-999,81.0,0,82.75,43.07,1.1,0.26,0.39,0.0,4,179.1,10.55,4,162.8181818181818,63.49909090909091,39.68,153.31139112903222,411.0883036022794,48.141580903555095,195.41305048335124,204.45796045785642,0.26,0.8,-1.0,4.4753396612693095,0.83,0.59,-0.3504,0.3838750790885074,0.4474714531102101,0.4178715984736924,0.2690527264713817,0.2584512857243505,25341.222879684414,0.10524075725123104,-0.5,2.56
74217,2009-12-03 11:00,35.0,5,1,70.0,2.0,2.0,-999,120.0,0,115.41,61.46,0.83,0.34,0.32,0.0,4,204.0,13.5,8,245.7831325301205,78.65060240963857,53.95,167.24900834105654,513.7320733421964,64.46984913089622,221.747801578354,224.44613686534214,0.27,0.53,-1.0,3.178954248366013,0.89,0.78,-0.6078,0.2823385197077289,0.34334012172407186,0.7763920087305798,0.5924169571050087,0.4138229297104172,30977.259410511364,0.1865871569277709,-0.6,2.23
74225,2009-12-03 12:00,34.0,5,1,105.0,2.0,2.0,-999,166.0,1,149.93,79.72,1.12,0.28,0.48,0.0,4,204.2,18.63,4,182.32142857142856,87.51428571428568,70.21000000000001,179.02585101837346,568.5327381106288,74.18999396545483,238.44476190476186,241.86476476476474,0.28,0.8200000000000001,-1.0,4.5249755142017625,0.99,0.78,-0.8522,0.2169514761178176,0.2470544727606209,0.8104654116531848,0.7399396514810455,0.3525935260836396,35149.663299663305,0.2750110654774621,-0.7,2.21
74231,2009-12-03 14:00,33.0,3,2,33.0,2.0,2.0,-999,87.0,1,86.66,31.01,1.28,0.94,0.59,0.0,9,275.1,26.29,29,214.921875,126.80390625,55.64999999999999,176.1637196765499,405.29348452582224,64.9084519232363,215.4751400916964,227.32012422360248,0.25,-0.2,-3.0,0.6573727489758023,0.89,1.46,-0.6949,0.27371362332851706,0.4239602730601515,1.495475814123849,0.7794412040699042,0.3030561892520603,16151.512585073819,0.02295528777617535,-0.3,1.56
74228,2009-12-03 14:00,32.0,4,2,30.0,3.0,2.0,-999,83.0,0,83.56,36.92,1.3,0.16,0.46,0.0,4,197.1,21.27,15,151.61538461538458,69.74307692307691,46.64,168.7793739279588,427.7229971557149,58.90935092462095,213.35381464413726,221.34259259259255,0.25,0.4700000000000001,0.0,1.7291693409864728,0.85,0.72,-0.5663,0.3265901187442533,0.3805306277335066,0.6630422659526487,0.5159257264310854,0.2677198356641,37456.78200597245,0.3108312228603727,-0.3,1.78
74251,2009-12-11 10:00,36.0,6,3,82.0,3.0,2.0,-999,121.0,1,118.84,84.55,0.64,0.42,0.33,0.0,4,189.4,7.388,9,295.9375,97.659375,34.290000000000006,141.93797025371828,353.97967200670615,52.106389773861025,166.83590411672748,173.3148187633262,0.26,0.27,0.5,1.7635206484203316,0.54,0.66,-0.3321,0.4442158978778642,0.5896364773973215,0.31676250652621274,6.0,0.3789006795385012,10344.602433139984,0.007910281788404862,-0.6,4.13
74280,2009-12-15 10:00,35.0,4,2,52.8,3.0,2.0,-999,98.0,1,97.61,62.12,0.78,0.39,0.37,0.0,4,218.4,24.95,13,280.0,103.6,35.49,155.0164835164835,246.93463968282782,48.612895882278785,189.5164346895075,204.87134703196347,0.24,-0.02000000000000001,0.0,0.9357142857142856,0.52,0.9,-0.3806,0.4291959182370237,0.6010246904393559,0.5621954313252789,0.07750914896347644,0.37768880990693937,11276.213294375459,0.012966571833354005,-0.2,5.54
74316,2009-12-17 15:00,31.0,6,3,73.0,3.0,1.0,0,119.0,1,115.16,73.18,1.03,0.33,0.55,0.0,4,231.8,45.78,15,225.0485436893204,123.77669902912625,41.97999999999999,177.0091710338256,298.1741260445702,64.4389792067376,226.3568458417849,237.38017902813297,0.23,0.41,-1.0,1.796028277992708,1.0,1.02,-0.545,0.36284333345002334,0.4730810000484174,0.8774930052918777,0.5059693449947545,0.37730318100140464,12232.790743801654,0.015315355823231276,-0.1,5.05
74317,2009-12-18 13:00,38.0,6,3,86.0,3.0,1.0,0,122.0,1,119.13,83.63,0.72,0.4,0.32,0.0,4,218.1,37.65,13,302.9166666666667,96.93333333333334,35.5,151.82814084507044,236.902386049554,45.221429601286275,186.49949238578682,197.7465555555556,0.26,0.24,-0.5,1.5158184319119667,0.79,0.89,-0.34600000000000003,0.4290750179783653,0.6124759815038335,0.474993355628574,6.0,0.3903274218857265,11677.5,0.022161549375507246,-0.1,6.0
74319,2009-12-21 12:00,38.0,4,2,97.0,3.0,2.3,-999,131.0,1,129.91,93.38,0.79,0.38,0.36,0.0,4,217.3,41.17,16,275.0632911392405,99.02278481012657,36.53,154.261921708185,243.5183427934788,49.71042849726358,189.8858607663249,200.27162977867204,0.24,0.29000000000000004,-0.5,1.6069028992176717,0.65,0.89,-0.3564,0.4169768173619484,0.5837898877311034,0.5956740642737469,0.11772344317834435,0.3689710175753809,11441.833333333336,0.02238284981885617,-0.1,6.0
74422,2010-01-07 12:00,36.0,2,1,129.0,1.0,2.0,-999,140.0,1,137.86,117.82,1.07,0.32,0.38,0.0,4,150.5,10.37,12,140.65420560747663,53.44859813084112,20.04000000000002,137.01666666666662,232.73013375854438,31.658848031637355,137.62059732234806,142.89977802441732,0.23,0.51,0.0,2.071950640721405,0.71,0.41,-0.1872,0.7600879809496989,0.8334168818620444,6.0,6.0,0.20899624970371727,17669.608231104077,0.0987883166097065,-0.2,6.0
74458,2010-01-14 10:00,35.0,3,2,66.0,2.0,2.0,-999,84.0,1,91.58,64.88,1.4,0.2,0.65,0.0,4,189.2,32.05,32,135.14285714285714,87.84285714285713,26.70000000000001,160.89176029962547,162.55568450352385,47.34960472888657,176.90989291177968,212.15932432432442,0.21,0.27,0.0,1.3129338247675355,0.66,0.66,-0.2969,0.5704930014319091,0.6690537514044937,0.2286132814690995,0.0746914410544483,0.22461816739009785,11406.500300145784,0.01552138928156228,-0.1,6.0
74563,2010-01-27 11:00,37.0,3,2,116.0,2.0,1.0,-999,135.0,1,129.8,93.59,0.9,0.89,0.34,0.0,9,271.8,65.94,34,302.0,102.68,36.21000000000001,168.97086440209884,151.90091303324732,52.99707171024889,201.137373198078,215.99240246406563,0.22,-0.11,-3.0,0.7409350206543833,0.68,1.42,-0.3932,0.4206617823317309,0.6706775506871283,1.0357291945283524,0.06542432289724093,0.39474206294763375,13605.536332179929,0.03019027266345277,-0.0,6.0
74582,2010-01-28 11:00,32.0,1,1,160.0,1.0,2.0,-999,174.0,1,164.49,144.55,4.31,0.0,2.31,0.0,6,160.0,27.51,10,37.12296983758701,85.754060324826,19.94,81.4146940822467,210.5332640580966,19.30070683887863,81.4146940822467,87.02556306306303,0.34,3.2299999999999995,0.30000000000000004,2.838414351851852,1.0,0.68,-0.1174,0.7638998564810418,1.4813596814140515,6.0,6.0,0.021453010816680114,4579.208863133341,0.0016286299936860958,-0.3,6.0
74703,2010-02-04 12:00,25.0,2,1,65.0,1.0,3.0,1,92.0,1,97.63,69.35,1.73,0.03,0.73,0.0,5,179.2,25.66,40,103.58381502890171,75.61618497109826,28.28,146.08769448373408,140.1982942673793,46.63068261033903,161.29261971830985,172.20249066002492,0.23,0.4099999999999999,0.0,1.4232362689393938,0.74,0.59,-0.3416,0.5386196300647798,0.6582446336797765,0.19114624003025205,0.05,0.14866160932080566,17441.011276207377,0.046485711167566855,-0.1,4.74
74689,2010-02-08 10:00,32.0,3,2,94.5,2.0,3.3,-999,130.0,1,133.81,101.19,1.64,0.16,0.71,0.0,5,139.5,7.596,17,85.0609756097561,60.39329268292683,32.620000000000005,128.9985285101165,236.83503440882183,41.43453261037747,149.58521341463415,154.38390804597705,0.28,1.11,0.0,3.9993507810914983,0.93,0.35,-0.2993,0.4669577908716116,0.5044421150403231,0.10003124803624464,0.05,0.12000608397483993,21291.999735502217,0.09061591163544228,-0.5,4.84
74704,2010-02-08 14:00,25.0,3,1,72.0,1.0,3.0,1,109.0,1,115.5,74.3,1.63,0.09,0.7,0.0,5,189.1,28.64,44,116.0122699386503,81.20858895705521,41.2,150.73621359223304,195.94221751214192,50.72166196838343,175.496750524109,180.87021276595746,0.25,0.3999999999999999,0.0,1.424716135051356,0.75,0.66,-0.5095,0.3697126975299023,0.4619057307402999,0.531748633859703,0.29857577415370073,0.1687104400267808,22878.954662610387,0.09367465144412336,-0.1,3.75
74701,2010-02-09 10:00,25.0,4,1,72.7,2.0,3.0,-999,115.0,1,115.42,85.27,1.47,0.17,0.64,0.0,4,167.0,15.2,13,113.60544217687077,72.70748299319727,30.15000000000001,153.73880597014926,241.34336980419118,47.980154304479406,175.15699453551915,179.1298716452742,0.23,1.0,-0.5,3.880545292393936,1.0,0.51,-0.381,0.5052127077357202,0.5481236456032702,0.2165231603396275,0.14976830807736927,0.19394964687245994,20303.200461647728,0.0728382359433741,-0.3,4.51
74699,2010-02-09 14:00,23.0,3,1,75.0,1.0,3.0,1,115.0,1,121.39,90.78,1.8,0.0,0.7,0.0,5,157.9,18.38,37,87.72222222222223,61.40555555555554,30.61,146.37977785037572,247.4174808695026,49.269331889182645,166.13155241935488,180.29966063348417,0.24,-0.5999999999999999,-1.0,1.2249841671944268,0.9,0.45,-0.3777,0.4976204880180326,0.5362396855163916,0.17852408007779647,0.1224896478970575,0.1422000782852183,27982.57588749786,0.2471327047233394,-0.2,5.24
74700,2010-02-09 14:00,40.0,6,3,76.0,3.0,3.0,-999,90.0,1,102.19,78.07,1.3,0.25,0.5,0.0,4,140.1,10.23,18,107.76923076923076,53.88461538461538,24.120000000000005,125.15074626865672,186.61291731851787,31.79259773448633,135.1514851485149,139.1516005121639,0.27,0.55,0.0,1.9077801570306925,0.72,0.35,-0.1805,0.6315158846696505,0.7055562335161714,6.0,6.0,0.1416062335320415,16269.066666666668,0.07513252452790074,-0.2,6.0
74709,2010-02-10 10:00,25.0,5,3,92.0,3.0,3.0,-999,130.0,1,126.95,106.19,1.01,0.34,0.5,0.0,4,158.2,6.86,7,156.63366336633663,78.31683168316832,20.760000000000005,138.08588631984586,265.46005643166853,35.66692266400562,141.83952892985153,153.45772357723575,0.23,0.61,0.0,2.9335967130214917,0.81,0.45,-0.237,0.7337265480843917,0.8387668592978388,6.0,6.0,0.2242417465938223,10835.347899159662,0.01294545304529429,-0.5,6.0
74710,2010-02-10 13:00,32.0,3,1,31.0,1.0,3.0,1,89.0,1,98.25,52.49,2.03,0.0,1.08,0.0,5,206.7,39.04,50,101.8226600985222,109.96847290640396,45.76,159.6329326923077,137.1583955289104,56.2548565581435,195.23360447381802,210.6904516129032,0.26,0.7499999999999998,0.0,1.819186169569424,0.93,0.8,-0.5251,0.3328706979508736,0.4291113945197568,0.7110604409661371,0.408556108250649,0.15359822659271102,13443.34972217252,0.0165143774628513,-0.1,3.48
74727,2010-02-12 10:00,25.0,4,1,44.0,2.0,3.0,-999,76.2,1,78.54,53.62,1.75,0.03,0.77,0.0,5,174.2,22.18,16,99.54285714285713,76.648,24.92000000000001,153.6076243980738,162.11342092152654,48.436184277308776,171.6013015184382,175.5889940828402,0.22,0.9,0.0,2.474842979671777,0.92,0.56,-0.3212,0.6112425015341881,0.691822883024904,0.10358462501561568,0.05,0.16337288019022805,15876.468029578069,0.035064380498901,-0.2,4.91
74795,2010-02-16 11:00,40.0,4,3,95.0,3.0,2.0,-999,134.0,1,142.38,94.86,1.62,0.09,0.68,0.0,5,186.3,50.69,52,115.0,78.2,47.52,154.89433922558922,205.22557967161538,54.29794095256555,180.72723819858925,184.9081930415264,0.25,0.27,0.0,1.2334943639291465,0.75,0.64,-0.4369,0.3205421535823227,0.3842917599014428,0.6168174061920764,0.4565351138046093,0.1794796841103368,21562.365728900248,0.1475452276817973,-0.0,6.0
74805,2010-02-16 12:00,39.0,4,1,72.0,2.0,2.3,-999,125.0,0,134.46,85.19,1.25,0.17,0.43,0.0,4,240.5,114.7,53,192.4,82.73200000000001,49.27000000000001,163.7157905419119,130.09279365053828,61.30351128367449,187.51873364730503,194.80020304568527,0.24,-0.21,0.0,0.7589781562384302,0.59,1.1,-0.4939,0.3091569542973812,0.4508945810675277,1.1005300818350143,0.5629796977025346,0.2648488251528973,24696.501547294072,0.12976776462183992,-0.0,4.18
74810,2010-02-16 13:00,30.0,3,2,86.5,2.0,2.0,-999,124.0,1,129.26,98.18,1.94,0.0,1.21,0.0,5,200.4,77.79,29,103.29896907216495,124.9917525773196,31.079999999999984,160.19961389961398,215.88223573085136,54.33820450886878,184.9669075890553,200.1,0.22,0.45,0.0,1.133739232943509,0.83,0.75,-0.3734,0.4900953390679531,0.6106724674843665,0.3908102367501364,0.1384579933478794,0.16169138671917482,7271.6522509432825,0.005665550801609987,-0.0,6.0
74846,2010-02-24 10:00,37.0,4,1,83.0,2.0,2.0,-999,110.0,1,114.13,78.58,1.7,0.0,0.76,0.0,5,191.1,26.5,37,112.41176470588236,85.43294117647058,35.55,159.7775246132208,170.27594596740838,55.37801401789757,193.8477285166941,201.9226519337017,0.23,0.16999999999999993,0.0,1.0901796616082329,0.65,0.68,-0.3667,0.4284715369404212,0.5109579917610949,0.4555676166278995,0.2703417159047169,0.1832460071953884,15194.780429334209,0.024490242231848355,-0.1,3.54
74851,2010-02-24 14:00,28.0,4,1,142.0,2.0,3.0,-999,183.0,1,170.2,119.12,1.56,0.08,0.79,0.0,5,212.1,55.29,38,135.96153846153842,107.40961538461538,51.079999999999984,190.97934612372745,343.36192260876567,79.1701686880349,243.83453312467398,254.17277777777787,0.22,0.30000000000000004,0.0,1.3075593273613075,0.63,0.84,-0.7616,0.298202097459514,0.33075263053657805,0.8418937645531109,0.7586550598941378,0.2890287683674995,21520.02953818717,0.07954254311149574,-0.1,3.96
74861,2010-02-25 14:00,30.0,5,2,51.0,3.0,3.0,-999,92.0,1,95.54,54.55,1.59,0.01,0.64,0.0,5,225.4,48.17,62,141.76100628930814,90.72704402515724,40.99000000000001,175.42590875823367,123.55445820106465,71.75979175810521,204.20060010911072,202.4936877076412,0.21,-0.28,0.0,0.7978329671789665,0.67,0.96,-0.5418,0.3716068099105141,0.4752936470292552,0.8629524007796542,0.5551670748682509,0.2393690074809624,21401.9465625,0.056288786355616495,-0.0,1.85
74883,2010-02-28 10:00,36.0,2,1,83.0,1.0,3.0,1,110.0,1,114.99,96.77,3.84,0.0,1.97,0.0,6,156.1,10.73,8,40.65104166666666,80.08255208333334,18.22,135.8383644346872,251.1846235324171,38.823987977440645,135.8383644346872,134.99442508710803,0.23,3.22,0.2,6.463350623049741,1.0,0.88,-0.1612,0.8360133445791427,0.9581617247717421,6.0,6.0,0.08080315733464935,6862.5703428837305,0.002406670087520535,-0.3,5.1
74938,2010-03-03 09:00,30.0,5,2,69.0,3.0,3.0,-999,105.0,1,106.81,69.26,1.57,0.14,0.8,0.0,5,216.4,39.99,35,137.8343949044586,110.26751592356688,37.55,187.17512649800258,185.8514780429255,72.00417427878907,210.83153483499214,224.14067415730327,0.2,0.7300000000000001,0.0,2.1834345568171813,0.91,0.88,-0.5237,0.4056501501526492,0.4677926411365943,0.7292663940654346,0.5672507514555557,0.2763799936123205,14006.815646701392,0.017154417568312205,-0.1,2.82
74960,2010-03-08 12:00,25.0,2,1,158.0,1.0,2.0,-999,174.0,0,166.37,138.93,1.14,0.3,0.55,0.0,4,185.7,20.46,14,162.89473684210526,89.5921052631579,27.44,141.33451166180757,226.65141725896805,40.82215962912813,166.30395170142697,183.6582035928144,0.24,0.7499999999999999,-0.5,3.4094693674661363,0.75,0.64,-0.3235,0.5551079860871709,0.7261150214131161,0.13855733837103906,6.0,0.21177056121535853,12085.3927416457,0.020023523041810667,-0.2,6.0
75059,2010-03-12 14:00,26.0,5,2,73.0,3.0,2.0,-999,115.0,1,120.5,76.59,2.09,0.0,1.07,0.0,5,225.5,66.1,54,107.89473684210527,115.44736842105264,43.91,184.1140742427693,152.25085973586104,74.5839717043072,222.52614749871063,241.61422413793102,0.22,0.2,0.0,1.0847335140018066,0.71,0.96,-0.6589,0.3468950839952624,0.4234981221596567,0.8799898453552903,0.6459205665059993,0.20113015644360813,16088.831318019038,0.02878340011235391,-0.0,3.4
75048,2010-03-15 11:00,28.0,6,2,78.0,3.0,2.0,-999,116.0,1,116.19,79.03,1.15,0.32,0.56,0.0,4,244.9,62.11,43,212.95652173913047,119.25565217391306,37.16,174.59580193756733,169.71262848654837,64.99259610717178,214.93030462184882,213.79170168067228,0.22,0.16999999999999993,0.0,1.1830526412279896,0.76,1.14,-0.5204,0.4099075117931102,0.5716002455976256,0.8580406688147807,0.3165967786657969,0.3286967174926067,12504.887638816206,0.015818125590628018,-0.0,4.73
75049,2010-03-15 12:00,30.0,2,2,66.0,1.0,2.0,-999,82.0,1,84.29,68.37,1.84,0.0,0.85,0.0,5,165.2,12.74,23,89.78260869565216,76.31521739130434,15.920000000000002,142.28140703517585,119.49367499085145,45.58912864106553,142.28140703517585,160.82069741282336,0.2,0.72,0.0,1.9839588377723971,0.83,0.5,-0.172,0.95679416697437,1.1083570361105533,6.0,6.0,0.13217150781241546,8141.249169899691,0.003758529597290461,-0.1,4.26
75069,2010-03-17 10:00,26.0,5,2,105.0,3.0,2.0,-999,132.0,1,130.81,106.72,1.05,0.28,0.36,0.0,4,204.9,28.97,19,195.14285714285717,70.25142857142856,24.090000000000003,133.93158987131588,153.72077755458102,41.638287384602044,139.0953148614609,147.0910123966942,0.23,-0.16999999999999993,0.0,0.7858891582459256,0.65,0.78,-0.2773,0.6323023303541705,0.9597070819605196,0.05515877434971635,6.0,0.205853978442732,17871.02798821549,0.04753854145033387,-0.1,4.43
75068,2010-03-17 11:00,34.0,4,1,89.0,2.0,2.0,-999,120.0,1,129.63,88.19,1.1,0.3,0.48,0.0,4,218.0,42.13,41,198.18181818181816,95.12727272727273,41.44,152.98530405405404,170.6920863025307,52.95631436726568,194.86599698643897,201.55592028136002,0.27,0.16000000000000014,0.0,1.2051044309974626,0.59,0.89,-0.4309,0.36757150430096464,0.5205488878987732,0.6548841449760704,0.1264404313027524,0.2596433833972646,15086.487268518524,0.03241757654272255,-0.1,5.33
75086,2010-03-18 12:00,30.0,2,2,99.0,1.0,2.0,-999,109.0,1,121.19,113.89,1.83,0.11,0.62,0.0,5,83.5,0.7678,6,45.628415300546436,28.289617486338802,7.299999999999998,101.98794520547943,133.71454870469498,20.245412549693693,101.98794520547943,100.76209813874789,0.24,1.04,0.0,2.973940726142652,0.96,0.12,-0.05762000000000001,2.086597690168765,1.7152423412086677,6.0,6.0,0.06476437701076024,14873.674644467568,0.02194883804651497,-1.1,3.27
75383,2010-11-24 12:00,40.0,3,1,56.0,1.0,2.0,-999,125.0,1,113.82,46.97,0.34,0.46,0.17,0.0,4,273.5,30.46,8,804.4117647058823,136.75,66.85,155.1358863126402,367.74865547629685,59.894168006237784,233.2678256357032,244.1692219679634,0.35,-0.01999999999999996,0.0,0.9123298801543774,0.35,1.44,-0.6151,0.2278558435038441,0.3977737799083583,1.4593045242316112,0.2805160720735697,0.8765881879202234,12150.123456790125,0.009203171280222236,-0.3,0.96
75414,2010-11-30 10:00,30.0,2,2,83.0,1.0,2.0,-999,113.0,1,105.42,59.92,0.97,0.33,0.48,0.0,4,223.5,28.57,13,230.41237113402062,110.59793814432993,45.5,161.30927472527472,312.21582301875327,63.75601731988054,211.15321888412015,221.2918781725888,0.26,0.35,-0.5,1.6702172187342137,0.64,0.94,-0.5451,0.3347728162248786,0.4613040366158537,0.8291127685083154,0.3726471146644055,0.3292766805446233,14840.410590277781,0.02291806232919,-0.2,3.62
75423,2010-12-02 10:00,36.0,4,2,53.5,3.0,2.0,-999,108.0,1,102.6,58.93,0.87,0.36,0.41,0.0,4,209.6,16.82,12,240.91954022988503,98.77701149425283,43.67,136.64852301351044,263.10040365907736,47.97719700997936,177.03074398249456,194.72691065662,0.31,0.39,-0.5,1.9525882633587788,0.67,0.82,-0.3942,0.34880153739940395,0.5309708040804028,0.5487079996245345,6.0,0.2595675369745957,12861.994671908546,0.014820737315342303,-0.3,3.73
75428,2010-12-02 11:00,38.0,5,3,58.0,3.0,2.0,-999,88.0,1,89.14,53.07,0.78,0.36,0.34,0.0,4,189.6,11.15,13,243.0769230769231,82.64615384615384,36.07,126.223953423898,240.61022061073743,42.07815991560288,154.79329700272478,171.16931216931218,0.31,-0.039999999999999925,0.0,0.908073479468972,0.47,0.67,-0.2895,0.4222945145060153,0.629649652802525,0.20739479344071896,6.0,0.24557944525887165,12618.06615229212,0.015574122144680338,-0.3,4.43
75430,2010-12-02 11:00,38.0,2,1,160.0,1.0,2.0,-999,184.0,1,164.8,142.74,0.43,0.47,0.17,0.61,2,106.5,0.9272,3,247.67441860465118,42.1046511627907,22.06,93.30879419764277,311.0293139921425,28.84965850710182,96.2828887770508,98.47836477987423,0.35,0.13,0.0,1.6527073552425664,0.27,0.32,-0.1369,0.6904879029116938,0.7862143085854009,6.0,6.0,0.2936816581369035,16219.921824939122,0.0528914461270891,-2.2,6.0
75434,2010-12-02 11:00,41.0,2,1,103.0,1.0,2.0,-999,131.0,1,122.11,98.08,0.6,0.44,0.25,0.25,2,127.2,1.654,5,212.0,53.0,24.03,105.86034124011654,281.36342477702516,30.495107123444253,109.08365878725591,109.685250338295,0.31,0.13,0.0,1.5164592533119232,0.4,0.42,-0.1482,0.6338811127021211,0.7590280421867026,6.0,6.0,0.2619933706861907,12836.571428571433,0.021305148990257004,-1.3,5.95
75424,2010-12-02 11:00,32.0,4,2,62.0,3.0,2.0,-999,114.0,1,110.23,59.17,0.75,0.38,0.35,0.0,4,231.2,31.26,13,308.26666666666665,107.89333333333332,51.06,152.54522130826481,348.055115237299,61.31239122606574,205.3281332628239,215.2058295964125,0.3,0.18999999999999995,-0.5,1.3502919550173011,0.61,1.01,-0.5767,0.2983189020413625,0.4488341329517113,0.9080246417082636,0.23720981936444746,0.38024148173774935,16947.918367346938,0.03773759915027832,-0.2,4.14
75433,2010-12-02 12:00,32.0,3,2,120.0,2.0,2.0,-999,158.0,1,145.62,122.06,0.51,0.46,0.19,0.51,2,120.3,1.382,3,235.88235294117646,44.81764705882353,23.56,96.80577249575552,298.3146765176478,30.9501962458718,101.7766913319239,110.08980099502486,0.33,0.04999999999999999,0.0,1.0368101485416892,0.24,0.38,-0.1716,0.6465264489911711,0.8001507363801744,6.0,6.0,0.2577340878784735,20022.277299897938,0.0912631132590778,-1.9,5.91
75437,2010-12-02 15:00,33.0,4,2,73.0,3.0,2.0,-999,89.0,1,89.61,66.75,0.71,0.4,0.28,0.02,4,141.3,2.827,7,199.01408450704227,55.72394366197185,22.86,108.45778652668415,248.25969453744725,32.831622088117506,113.395385422129,119.18921023359287,0.3,0.07999999999999996,0.0,1.0791291746705758,0.42,0.36,-0.1776,0.6663238468167966,0.8637563794990071,6.0,6.0,0.19399651900954684,15225.8775510204,0.03254115461495044,-0.9,5.3
75448,2010-12-07 11:00,32.0,6,3,43.0,3.0,2.0,-999,85.0,1,84.77,50.61,0.95,0.32,0.43,0.0,4,221.0,23.46,17,232.63157894736844,100.03157894736843,34.16,160.38758782201404,213.1007180038652,58.67616402469152,188.85477412731004,201.59334975369458,0.23,0.21,0.0,1.4673474379356732,0.52,0.92,-0.3941,0.4459064150536293,0.6108942325225638,0.564160723168407,0.11300824593479585,0.3324186804496773,12824.058049396072,0.013399894568375679,-0.2,3.04
75453,2010-12-07 11:00,36.0,6,3,25.0,3.0,2.0,-999,118.0,0,112.16,39.86,0.55,0.43,0.21,0.0,4,306.7,132.0,21,557.6363636363636,117.10363636363635,72.3,206.6657538035961,358.83801296786567,85.08669085243656,279.0859350850077,288.5604819277109,0.24,0.0,0.0,0.9801108575154874,0.35,1.83,-0.9784,0.2106799880806636,0.3104583886798996,1.7586094438705446,1.3728710285098749,0.9849367489347112,29053.01803260988,0.15563929307390573,-0.1,2.38
75456,2010-12-07 14:00,34.0,5,2,94.0,3.0,2.0,-999,133.0,1,118.04,93.12,0.57,0.42,0.23,0.0,4,188.7,7.23,10,331.0526315789474,76.1421052631579,24.92,143.62845104333866,266.84316226833585,50.65896068994271,149.0200969827586,176.9962264150943,0.23,0.02999999999999992,0.0,0.9996172643231463,0.37,0.66,-0.2575,0.6112425015341881,0.7988913352016299,0.08132906245766182,6.0,0.4375791017836471,13097.371109206397,0.015771580726461683,-0.4,3.74
75455,2010-12-07 14:00,32.0,4,2,30.0,3.0,2.0,-999,70.0,1,73.17,33.58,0.94,0.31,0.37,0.0,4,245.8,45.12,21,261.48936170212767,96.75106382978724,39.59,171.46021722657238,208.5590319329743,63.89317523559041,208.18927628103543,217.3466340269278,0.22,-0.030000000000000027,0.0,0.9316181960021138,0.61,1.15,-0.4947,0.3847477428197013,0.5479111532981752,0.9585966866054476,0.38854542245359897,0.3876290546818165,18193.533242181886,0.036854804221925705,-0.1,2.45
75445,2010-12-07 14:00,40.0,4,2,85.0,3.0,2.0,-999,127.0,1,117.91,72.76,0.74,0.38,0.33,0.0,4,227.5,26.58,17,307.43243243243245,101.45270270270271,45.14999999999999,164.66914728682173,297.6017240554158,62.610057713022854,203.06623306233055,212.04172185430457,0.25,0.25,-0.5,1.5314465126710024,0.66,0.98,-0.4437,0.3373679543351489,0.4633726332794449,0.8728484104250416,0.4257707950746488,0.4517872406920865,14279.235702479338,0.0211317139822426,-0.2,3.9
75459,2010-12-07 14:00,30.0,6,2,31.0,3.0,2.0,-999,87.0,1,85.71,29.63,0.59,0.42,0.22,0.0,4,311.7,123.3,21,528.3050847457628,116.2271186440678,56.08,203.71824179743228,280.88918540135,79.91278590749334,271.77974816369357,285.5857979502196,0.23,-0.02000000000000001,0.0,0.9368034627663208,0.36,1.9,-0.8652,0.2716148919085587,0.4124424032185108,1.8625058962543304,1.1494120509015382,0.8936440039854124,26145.576081672334,0.1000719967295082,-0.1,1.56
75466,2010-12-09 09:00,35.0,5,3,18.0,3.0,2.0,-999,71.0,0,73.13,25.13,0.67,0.38,0.25,0.0,4,295.2,72.49,23,440.5970149253732,110.1492537313433,48.0,192.61283333333336,222.4662093551325,75.06320554817142,249.43157321720196,263.89625730994146,0.22,-0.07999999999999996,0.5,0.8654923215898825,0.43,1.69,-0.6313,0.3173367320464994,0.4826227757644146,1.6214305748438331,0.8245686761043476,0.6980024565273375,20242.183571428577,0.04168633006633204,-0.1,0.57
75472,2010-12-09 10:00,34.0,2,2,64.0,1.0,2.0,-999,85.0,1,85.05,65.67,1.1,0.32,0.55,0.0,4,181.9,8.451,14,165.36363636363637,90.95,19.379999999999995,155.49628482972136,194.62086776960518,56.42723223285474,155.49628482972136,164.02066508313538,0.2,0.19000000000000009,0.0,1.2586314180596754,0.72,0.61,-0.2156,0.7859733301461292,0.9167663576035452,6.0,6.0,0.2664226505048893,7499.130434782609,0.002700318187707084,-0.3,3.65
75469,2010-12-09 11:00,32.0,4,1,24.0,2.0,2.0,-999,86.0,1,83.62,29.3,0.71,0.38,0.26,0.0,4,306.0,100.3,23,430.98591549295776,112.05633802816902,54.32000000000001,208.7989690721649,272.908973886387,83.74523039594824,264.2588922764228,277.6167220376522,0.21,-0.05000000000000005,0.0,0.9116185070519436,0.62,1.83,-0.8127,0.2804153744151688,0.4080821270385168,1.8202099390448638,1.2354692787749442,0.7811142995141352,26235.435718128017,0.09245173609209227,-0.1,0.74
75537,2010-12-20 15:00,32.0,4,2,93.2,3.0,2.0,-999,119.0,1,114.6,98.11,0.51,0.4,0.16,0.0,4,165.7,6.792000000000002,9,324.9019607843137,51.98431372549021,16.489999999999995,116.21291691934505,220.57731199802384,34.707888298826234,116.21291691934505,135.02499999999986,0.24,0.15000000000000002,0.0,1.2952625226312615,0.4,0.5,-0.1465,0.9237212333676156,1.308312571092492,6.0,6.0,0.3130202497662394,15034.978693181818,0.03574871774090815,-0.3,5.96
75536,2010-12-21 14:00,31.0,4,3,73.6,3.0,2.0,-999,120.0,1,111.2,66.13,1.06,0.32,0.54,0.0,4,235.0,44.93,18,221.69811320754715,119.71698113207547,45.07000000000001,184.62935433769687,403.1957557172741,81.83669273873777,232.0839372633856,238.51949685534592,0.22,0.3200000000000001,-0.5,1.5214261069580222,0.82,1.05,-0.6247,0.33796678806815994,0.42840728574922216,0.9787933301124808,0.6835075605869314,0.4002780251954293,14812.977102458584,0.024502815122027663,-0.1,4.09
75540,2010-12-23 10:00,37.0,4,2,58.0,3.0,2.0,-999,107.0,1,107.3,57.81,1.02,0.31,0.46,0.0,4,240.5,53.24,29,235.7843137254902,108.4607843137255,49.49,181.4930288947262,312.65524815955825,78.03474027378128,221.5499732477261,224.40010917030568,0.23,0.010000000000000007,0.0,0.9834462032481834,0.58,1.1,-0.5856,0.3077826457513029,0.40580425608782106,1.0779620874534543,0.7366040868527888,0.40156574576026055,17037.232245724317,0.036621042936276736,-0.1,3.79
75542,2010-12-23 11:00,31.0,5,2,30.0,3.0,2.0,-999,77.0,1,80.99,33.32,1.33,0.18,0.6,0.0,4,245.5,73.07,36,184.58646616541355,110.75187969924812,47.67,188.76933081602687,226.54160067360732,75.78242222529597,226.9703910614525,232.86187648456055,0.21,0.14000000000000012,0.0,1.1249311129747217,0.71,1.15,-0.6669,0.31953352503108823,0.4136319118111521,1.1369360883179616,0.8197486829027496,0.3345599683880136,18671.722222222223,0.03892781269287328,-0.1,2.25
75573,2010-12-30 11:00,31.0,5,2,70.0,3.0,2.0,-999,99.0,1,104.16,61.96,1.34,0.23,0.74,0.0,4,220.3,50.14,27,164.40298507462688,121.65820895522387,42.2,184.84575829383888,293.479562513032,66.649354577577,233.5633081896552,244.65283400809707,0.22,0.3200000000000001,0.0,1.42225841766575,0.65,0.91,-0.5656,0.3609517331334592,0.4290034881593083,0.8070705995237458,0.6061490251515516,0.3152047631036551,12364.150961772586,0.015204515453179622,-0.1,4.74
75576,2010-12-30 11:00,39.0,6,2,130.0,3.0,2.0,-999,168.0,0,155.26,115.64,0.41,0.53,0.21,0.0,4,243.7,33.56,19,594.390243902439,124.8219512195122,39.61999999999999,173.36582534073705,319.4626080321533,62.28317567620303,207.80260260260258,216.8416763678696,0.23,-0.02000000000000001,0.0,0.913971619700165,0.36,1.13,-0.4235,0.3844564143925285,0.5370394544067374,0.8991899753995416,0.3553111731875773,0.9090530359264668,9198.254420476642,0.008356015421041592,-0.1,6.0
75606,2010-12-31 11:00,37.0,5,3,99.0,3.0,2.0,-999,122.0,1,118.08,76.55,1.0,0.31,0.42,0.0,4,236.8,61.3,24,236.8,99.456,41.53,179.22646279797738,269.0224596456119,64.67568757849726,225.14080489047376,237.75244755244753,0.23,0.31000000000000005,-0.5,1.5037455934195063,0.71,1.06,-0.4813,0.3667749371112923,0.4822654620983559,0.8921648201488697,0.4952223635140636,0.3979022696788966,16144.722188678235,0.03835873370003632,-0.1,5.05
75681,2011-01-14 10:00,34.0,2,2,107.0,1.0,2.0,-999,125.0,1,125.17,105.88,0.35,0.48,0.15,0.58,2,157.1,1.807,2,448.8571428571429,67.32857142857142,19.290000000000006,160.70881285640232,527.8226363557818,50.67487087044631,160.70881285640232,161.05611729019213,0.22,0.04999999999999999,-0.5,1.2476129853596434,0.29,0.58,-0.2169,0.7896403907844463,0.7722686490121636,6.0,6.0,1.011979020713201,13231.37254901961,0.014176128984493962,-1.8,2.7
75740,2011-01-18 10:00,40.0,4,1,149.0,2.0,1.0,-999,174.0,1,165.5,134.36,1.17,0.25,0.49,0.0,4,165.3,15.25,20,141.28205128205133,69.22820512820513,31.139999999999986,173.48567758509955,420.6962082735006,55.464389235118645,187.6668087373468,195.9054521276596,0.2,0.57,-0.5,2.426588021778584,0.74,0.5,-0.3252,0.4891510320562613,0.4666099278445517,0.3055872836260894,0.33932381227769737,0.3128494902781103,18728.151149142395,0.07668531268736302,-0.2,5.99
75773,2011-01-24 10:00,38.0,5,2,126.0,3.0,2.0,-999,168.0,1,161.23,105.96,0.84,0.35,0.31,0.0,4,242.1,75.71,44,288.2142857142857,89.34642857142859,55.27,179.97210059706902,273.49043120795085,61.25724238636374,204.8812659520164,216.91811926605504,0.22,-0.07000000000000006,0.0,0.8910494709751214,0.52,1.11,-0.6191,0.2755954973445264,0.36873747971684734,1.178933776872354,0.8722583163205999,0.4782069659786228,26897.336970241802,0.21722685131293784,-0.1,5.29
75784,2011-01-25 10:00,34.0,6,3,106.0,3.0,1.0,0,130.0,1,129.97,102.51,0.75,0.37,0.28,0.0,4,210.1,36.79,15,280.1333333333333,78.43733333333334,27.459999999999994,161.0646030589949,256.47860998466757,44.30726658149425,188.3313793103449,195.86473988439303,0.21,0.29,-0.5,1.6568197338741386,0.58,0.83,-0.3108,0.5547036831111426,0.7201855755382754,0.3220418381110948,0.05,0.4243622333560608,16158.773291925469,0.06180646862886065,-0.1,6.0
75832,2011-01-28 15:00,35.0,2,1,85.0,1.0,1.0,-999,104.0,1,107.66,83.35,0.83,0.89,0.28,0.0,9,234.8,19.62,15,282.89156626506025,79.20963855421691,24.31,131.95150143973677,124.78736667638876,36.637241964736695,150.20296167247386,163.24354322305228,0.23,-0.10000000000000007,-4.0,0.7784433331501529,0.82,1.04,-0.2223,0.6265801373192911,1.1032566586390145,0.08822283767675315,6.0,0.25446371598174616,12020.602040816324,0.016158387251732926,-0.1,5.72
76040,2011-02-28 10:00,32.0,2,1,96.0,1.0,3.0,1,115.0,1,121.19,96.8,2.27,0.0,1.45,0.0,5,153.1,11.42,11,67.44493392070484,97.79515418502199,24.39,135.01881918819188,266.81711005563227,40.933775405993856,142.06338174273858,151.4697571743929,0.25,1.28,0.0,2.264473606080399,1.0,0.42,-0.2423,0.6245249339168502,0.7065273260482434,6.0,6.0,0.09508622678360916,6653.664511702421,0.002417887352277795,-0.3,5.85
76043,2011-02-28 11:00,38.0,2,2,76.0,1.0,3.0,1,97.0,1,106.77,84.74,2.31,0.0,1.02,0.0,5,122.0,4.1560000000000015,33,52.81385281385282,53.87012987012986,22.03,130.02796187017708,212.45604882215247,38.73714255667103,132.99979808177693,145.0178082191782,0.26,-0.2799999999999998,0.0,0.846566238369517,0.73,0.26,-0.1803,0.6914281951081243,0.6497574877902129,6.0,6.0,0.08535530897768426,14975.536192090553,0.026565893543237337,-0.5,4.4
76045,2011-02-28 12:00,26.0,4,2,87.0,3.0,3.0,-999,109.0,1,117.05,91.26,3.34,0.0,1.78,0.0,5,135.8,5.567,33,40.658682634730546,72.37245508982036,25.789999999999992,135.8285381930981,211.49597599846138,43.630137025954674,151.49487320837932,162.5570053475936,0.25,2.07,-1.0,4.7989284844549065,1.0,0.33,-0.2814,0.5906228436693286,0.5907843499320192,0.05,0.05,0.06538332152157629,13210.39363716702,0.016529045984739383,-0.5,3.87
76076,2011-03-02 13:00,36.0,3,2,84.0,2.0,3.0,-999,143.0,1,148.77,92.64,1.63,0.08,0.75,0.0,5,209.8,44.61,63,128.7116564417178,96.53374233128835,56.13000000000001,168.06476037769463,193.7147691332329,60.815694148360365,215.9118394308944,236.7891951488424,0.25,0.5699999999999998,0.0,1.7642183930787632,0.69,0.82,-0.6251,0.2713729402856222,0.3374964557562397,0.8607502646722075,0.6721679512378373,0.21220368334523745,21395.532238325282,0.06967661346303211,-0.1,3.32
76082,2011-03-03 09:00,32.0,2,1,55.0,1.0,3.0,1,125.0,0,131.86,82.07,1.98,0.0,0.99,0.0,5,211.6,40.1,64,106.86868686868686,105.8,49.79000000000002,181.18963647318736,173.84201425857913,69.01376166960122,214.71603206412826,241.6655172413793,0.22,0.78,0.0,1.8901701323251416,0.9,0.84,-0.6418,0.3059281610410116,0.3563568333982306,0.8562151381214675,0.7196506717829003,0.2047547287807005,18602.898550724643,0.0410398176887098,-0.1,2.73
76118,2011-03-08 10:00,33.0,5,3,117.0,3.0,2.0,-999,155.0,1,156.19,117.42,1.53,0.11,0.61,0.0,5,185.5,43.92,52,121.24183006535948,73.9575163398693,38.77,159.2966726850658,222.2295669528069,63.543812701658965,186.0237780040733,195.18285077951,0.23,0.3800000000000001,0.0,1.3913981014883394,0.7,0.64,-0.4436,0.3928853014761921,0.4563867572514567,0.5031969674018941,0.36075564185825176,0.20222798889896385,24267.04462334809,0.18615596806027607,-0.1,6.0
76175,2011-03-15 09:00,37.0,3,2,103.0,2.0,1.0,-999,119.0,1,125.24,102.04,2.33,0.0,1.36,0.0,5,178.4,22.56,27,76.56652360515021,104.13047210300431,23.199999999999992,165.0808620689655,143.5356916510219,59.75466107860317,175.90414698162732,199.22989949748745,0.21,0.9000000000000001,0.0,1.6512904136222524,0.97,0.58,-0.2496,0.6565587559582748,0.7087198597563356,0.08153436119185106,0.05,0.14149358329486464,7010.715054386515,0.002762520444064241,-0.1,5.7
76223,2011-03-23 10:00,26.0,2,1,74.0,1.0,3.0,1,110.0,1,123.24,83.12,2.37,0.0,1.49,0.0,5,204.5,38.44,34,86.28691983122363,128.5675105485232,40.11999999999999,182.04369391824525,271.406934589766,66.87774236818775,206.1536261491317,223.9771871539313,0.21,1.02,0.0,1.837967943493616,0.74,0.78,-0.5874,0.3796650832061809,0.42571672313061215,0.6785983747216477,0.5638459314023178,0.17222576166328984,11258.594207468132,0.009874231612013343,-0.1,3.85
76430,2011-12-05 10:00,32.0,2,2,103.0,1.0,2.0,-999,121.0,1,116.22,87.64,4.72,0.0,1.78,0.0,6,131.8,5.862,2,27.923728813559322,49.7042372881356,28.58,119.9739678096571,390.0888733379987,32.191307441100996,127.32378177966105,128.33891891891892,0.29,4.33,0.10000000000000007,12.056651492159837,1.0,0.79,-0.2444,0.5329658200920916,0.5844736550663298,6.0,6.0,0.057082188238584325,24549.75454037188,0.11902032996836395,-0.3,3.84
76431,2011-12-08 11:00,26.0,3,2,40.0,2.0,2.0,-999,90.0,1,91.64,40.57,0.3,0.48,0.17,0.68,2,163.7,2.675,1,545.6666666666666,92.76333333333334,51.07,133.4279420403368,444.7598068011228,51.766696038117615,149.25759955131798,150.97243928194297,0.29,0.0,0.0,0.9816737935247404,0.32,0.62,-0.5515,0.2982604883147048,0.3644974414969529,0.7205786777171977,0.4835023816042369,0.797793149672115,17348.222711544506,0.0367327338838485,-3.2,3.37
76433,2011-12-08 11:00,33.0,3,2,70.0,2.0,2.0,-999,146.0,1,145.58,64.02,0.48,0.45,0.19,0.4,2,179.2,5.285,3,373.33333333333326,70.93333333333331,81.56000000000002,146.01196665031875,486.7065555010626,58.02024194866764,165.53285864978903,168.45948174322731,0.27,0.18,-0.5,1.5642857142857145,0.37,0.71,-0.8372,0.18676021503472254,0.2283085720978192,1.0710949811778074,0.9548076616605516,0.5871402560261176,48574.88793754722,0.8825632462862057,-2.4,2.93
76435,2011-12-08 11:00,35.0,4,2,125.0,3.0,2.0,-999,158.0,1,164.23,132.93,0.3,0.51,0.1,0.77,1,141.4,1.746,0,471.33333333333337,47.13333333333334,31.299999999999986,122.89706070287541,409.6568690095847,35.319543130990425,130.75616291532688,130.5590312815338,0.29,0.0,0.0,1.0134370579915135,0.24,0.34,-0.2648,0.4866505794962296,0.5584386664059549,0.05308219986902008,6.0,0.5771673556609808,31775.999999999985,0.2839961908311961,-2.3,3.99
76436,2011-12-08 11:00,20.0,4,1,91.0,2.0,2.0,-999,124.0,0,145.93,111.06,0.3,0.52,0.11,0.79,1,152.1,2.136,0,507.0,55.77,34.870000000000005,129.3055348437052,431.01844947901725,40.538858617722966,138.55487127713278,144.50879904875146,0.28,0.0,-0.5,0.9710716633793556,0.25,0.37,-0.4111,0.4368271619796953,0.5122535697687727,0.1623309680201035,0.05,0.6216837441221731,34260.712549482596,0.3398884970934928,-3.0,3.63
76520,2011-12-20 11:00,33.0,6,3,18.0,3.0,2.0,-999,79.0,0,78.04,39.05,0.8,0.39,0.33,0.0,4,175.0,7.414,7,218.75,72.1875,38.99000000000001,125.94272890484741,349.0368080939901,45.474808073730834,163.20191184280398,174.52204234122044,0.32,0.42,0.0,2.2869172932330826,0.67,0.56,-0.3463,0.390668456994921,0.5398736801287949,0.23159668940187197,6.0,0.23607674235384216,19475.48560858696,0.06378287941967704,-0.7,4.53
76528,2011-12-23 10:00,32.0,4,2,83.0,3.0,3.0,-999,103.0,1,110.0,95.8,0.3,0.51,0.11,0.79,1,135.5,0.9849,0,451.66666666666674,49.68333333333333,14.200000000000005,126.00154929577464,420.0051643192489,36.67937323943663,126.00154929577464,125.32374245472836,0.25,0.0,0.0,0.9675276752767528,0.26,0.33,-0.1422,1.0726875449459128,1.151880489583318,6.0,6.0,0.6247444384826996,14102.479338842972,0.018523161320495987,-2.2,3.14
76524,2011-12-23 12:00,40.0,5,2,70.0,3.0,3.0,-999,120.0,1,121.61,84.06,0.3,0.51,0.14,0.67,2,142.6,1.769,1,475.33333333333326,66.54666666666668,37.55,140.64532623169106,466.6690369666772,45.600891226165714,142.62280042918457,146.32524509803918,0.25,0.0,0.0,0.9838709677419356,0.27,0.5,-0.3166,0.4056501501526492,0.4111790880095599,0.3988204472258736,0.3855264746570694,0.9169649848642148,18172.193877551017,0.05414715963183636,-2.8,4.81
76597,2012-01-02 09:00,36.0,2,1,79.0,1.0,3.0,1,136.0,1,136.05,90.12,1.77,0.0,0.91,0.0,6,156.2,11.8,3,88.24858757062147,80.30621468926553,45.93000000000001,161.5034400174178,521.4800215043184,65.29326565942661,172.92488864142535,175.1735294117647,0.22,1.46,-0.30000000000000004,6.703936227334683,0.88,1.26,-0.4772,0.3316386487749177,0.3209769625887515,1.2724063091513875,1.3233894385542,0.2996788699967333,20228.140351660528,0.06620831269692014,-0.7,4.04
76622,2012-01-07 11:00,38.0,2,1,40.0,1.0,3.0,1,158.0,1,166.25,67.76,0.92,0.39,0.47,0.0,4,237.0,27.96,13,257.60869565217394,121.07608695652172,98.49,168.2400751345314,484.5319255076223,73.79913317031999,243.5396308360477,252.2102893890675,0.32,-0.04999999999999993,0.0,1.0384966723215452,0.56,1.07,-1.021,0.15465695134766952,0.21658056087756505,1.042090564798217,0.8953334637538409,0.3810042437773523,23148.293291831964,0.0822827550979349,-0.5,2.77
76783,2012-01-26 11:00,35.0,5,2,121.8,3.0,2.0,-999,173.0,1,182.94,136.79,0.31,0.58,0.17,0.33,2,210.4,11.56,5,678.7096774193549,115.38064516129032,46.15000000000001,145.99139761646808,455.90680606822497,64.61862737694975,187.09574700109056,196.44845908607866,0.29,-0.010000000000000007,-0.5,0.947109672053232,0.31,0.91,-0.4579,0.3300577061372042,0.4726272078178022,0.8495195289832731,0.2051514055398769,0.8763525352278778,11033.596609999497,0.01384154140032452,-0.5,6.0
76827,2012-01-30 14:00,33.0,4,2,151.0,3.0,2.0,-999,180.0,1,180.72,161.43,0.38,0.48,0.15,0.17,2,194.5,13.98,8,511.8421052631578,76.77631578947367,19.289999999999992,140.16283048211506,332.56802902185404,46.64916413005354,140.16283048211506,159.68350515463922,0.21,0.06,0.0,1.1020244215938304,0.31,0.8,-0.2087,0.7896403907844471,1.0891164475157864,6.0,6.0,0.6666047764415436,11092.258569128137,0.019082305776140708,-0.2,6.0
77037,2012-02-17 10:00,20.0,3,2,230.0,2.0,3.0,-999,260.0,1,259.53,247.16,0.3,0.5,0.11,0.62,2,113.7,1.401,1,379.0,41.69,12.369999999999974,100.26540016168151,276.8988233768021,27.516721747374483,100.26540016168151,99.04279705573084,0.3,0.0,0.0,0.9665787159190854,0.26,0.35,-0.1163,1.231379396785124,1.3929105085343434,6.0,6.0,0.4783646539042109,16019.28374655647,0.07121885434080458,-1.2,6.0
77000,2012-02-21 10:00,26.0,4,1,115.0,2.0,3.0,-999,142.0,1,150.11,130.11,1.82,0.14,0.85,0.0,5,117.8,6.7010000000000005,19,64.72527472527472,55.0164835164835,20.0,134.51514999999992,292.7095787822477,44.9494734817733,134.51514999999992,162.70497630331758,0.24,-0.30999999999999983,-0.30000000000000004,1.2048032393569112,0.79,0.24,-0.2162,0.7616081569115988,0.6690799107363011,6.0,6.0,0.1156195425527158,16051.796758331817,0.0664555178188196,-0.4,6.0
77158,2012-03-09 11:00,37.0,2,1,120.0,1.0,2.0,-999,162.0,1,179.55,150.89,1.32,0.18,0.63,0.0,4,169.7,19.16,23,128.56060606060603,80.99318181818181,28.660000000000025,140.4822400558269,195.7627689392223,46.44064143679558,159.91404699738908,175.28784355179695,0.25,0.8400000000000001,-0.5,3.3285209192692995,0.72,0.53,-0.2617,0.5314781276424272,0.6401250662778476,0.12153589298045905,6.0,0.1798664557130609,10993.961093209211,0.013755508951228521,-0.1,6.0
77474,2012-05-08 09:00,38.0,4,1,50.0,2.0,1.0,-999,76.0,0,84.24,50.39,1.77,0.5,0.91,0.0,9,284.4,25.03,115,160.67796610169492,146.21694915254238,33.849999999999994,245.31225997045794,147.18363378182426,124.2507793523738,273.75118387909316,278.83545918367344,0.15,0.3500000000000001,-3.5,1.2894306768883346,0.91,1.56,-0.5294,0.4499900483968087,0.5203440111216716,1.2769249805619225,1.0534883431466238,0.4341696635580526,9229.707781457415,0.0037148294414373687,-0.1,0.1
77572,2012-11-30 12:00,31.0,2,2,24.3,1.0,2.0,-999,54.0,1,54.22,30.52,1.53,0.07,0.49,0.0,5,168.5,13.33,19,110.13071895424835,53.9640522875817,23.7,116.90877637130804,249.3929603959695,31.1380123881712,127.04077120822622,139.499678111588,0.27,-0.18999999999999995,0.0,0.8504692567800703,0.69,0.52,-0.2176,0.6427073054106318,0.920233763722538,6.0,6.0,0.10593620331474553,21429.61644769225,0.06521000533353555,-0.2,2.88
77573,2012-11-30 12:00,33.0,3,2,35.0,2.0,2.0,-999,60.0,1,58.9,35.99,2.01,0.0,0.66,0.0,5,144.8,7.447,18,72.03980099502489,47.54626865671644,22.91,113.45779135748579,281.1694065364984,29.556056179917,123.88989623156746,135.43778538812785,0.28,1.6199999999999997,0.0,5.81231406714832,0.98,0.38,-0.1813,0.6648696262868605,0.844955851250167,6.0,6.0,0.07540321024440401,21019.00051652892,0.0656959734781952,-0.3,3.32
77599,2012-12-04 11:00,37.0,2,1,40.0,1.0,3.0,1,60.0,1,60.74,39.64,0.91,0.37,0.22,0.03,4,118.6,1.262,4,130.3296703296703,28.67252747252747,21.1,114.85075829383888,339.28636945078705,32.18780451356244,115.10475,122.64462061155152,0.29,-0.04999999999999993,0.0,0.788065626756605,0.49,0.25,-0.1587,0.7219034662669181,0.7451112382496017,6.0,6.0,0.16914148297909834,43972.118312309714,0.6191608393141803,-1.9,2.76
77598,2012-12-04 11:00,30.0,2,3,53.0,1.0,3.0,1,68.0,1,68.78,47.9,0.43,0.47,0.18,0.69,2,106.0,0.5898,1,246.51162790697674,44.372093023255815,20.880000000000006,118.40057471264367,374.6013957307061,32.839781746031754,119.38704850361198,118.95423728813564,0.29,0.010000000000000007,-0.5,1.5038409703504043,0.27,0.32,-0.1833,0.7295097288425275,0.6546734835624277,6.0,6.0,0.4825097157872364,19371.38203017832,0.0605451091080288,-4.9,4.24
77626,2012-12-06 10:00,32.0,2,1,75.0,1.0,3.0,1,98.0,0,90.85,38.82,0.71,0.4,0.32,0.0,9,186.3,6.5120000000000005,7,262.39436619718305,83.96619718309859,52.03,127.70367095906208,389.01439772977295,51.42885863537816,175.77420435510888,183.18903614457832,0.37,-0.05000000000000005,0.0,0.8960999519733309,0.6,0.64,-0.4819,0.2927573157453772,0.4243910264854551,0.4781362792433222,6.0,0.2748897474398801,20628.888417119564,0.05784885735678048,-1.0,2.89
77645,2012-12-11 10:00,34.0,5,2,46.0,3.0,3.0,-999,72.0,1,75.52,33.91,0.79,0.38,0.3,0.05,4,137.9,2.427,6,174.55696202531647,52.36708860759493,41.61,97.52239846190821,285.10569175737425,34.029366608600306,115.3300747863248,133.51422594142272,0.4,0.010000000000000007,0.0,0.9518603224186981,0.48,0.34,-0.2837,0.3660697702050462,0.5143606979611532,0.05,6.0,0.13940501859474316,26230.69185185186,0.14981729966191712,-1.7,3.94
77646,2012-12-11 10:00,38.0,3,2,33.0,2.0,3.0,-999,88.0,1,91.7,43.03,0.7,0.39,0.25,0.03,4,141.3,2.793,6,201.85714285714286,50.464285714285715,48.67,93.1498869940415,266.6894410337864,32.31637377909015,119.12862658576942,130.5,0.46,-0.02000000000000001,0.0,0.9199300149406304,0.46,0.36,-0.282,0.31296821734604424,0.4710971854739869,0.06075690382716927,6.0,0.14371507989721938,29478.399999999994,0.2226834797389386,-1.5,4.03
77655,2012-12-11 11:00,28.0,3,2,9.0,2.0,3.0,-999,91.0,1,86.52,10.56,1.22,0.25,0.56,0.0,4,218.8,20.61,11,179.34426229508202,100.43278688524592,75.96,145.45675355450237,369.4578027907564,54.78366813631227,212.33521716378866,222.1510710259301,0.35,0.6599999999999999,-0.5,2.4115630712979885,1.0,0.9,-0.8615,0.2005287406296995,0.2994774867899457,0.991193850065048,0.6014508813811982,0.21134372889786066,27258.856292517,0.10667720675746184,-0.6,1.0
77643,2012-12-11 11:00,29.0,3,2,45.0,2.0,3.0,-999,102.0,1,100.11,42.74,0.61,0.41,0.25,0.05,4,166.2,4.824,6,272.4590163934426,68.11475409836065,57.37,107.68914066585323,313.0537483332065,41.34264707420541,138.80603123317178,142.68839103869655,0.39,0.0,0.0,0.9422382671480144,0.49,0.5,-0.4754,0.26550746275461,0.4064955852977951,0.4422070451656929,6.0,0.2229404742153276,28589.307474747467,0.1896655921185111,-1.4,3.67
77652,2012-12-11 11:00,31.0,4,2,60.0,3.0,3.0,-999,95.0,1,89.73,61.14,0.3,0.49,0.11,0.71,1,114.5,0.9964,0,381.66666666666674,41.98333333333333,28.590000000000003,96.58765302553336,321.10141996412005,27.94656760202643,101.94740259740259,105.86984924623114,0.36,0.0,0.0,1.0663755458515285,0.2,0.27,-0.2052,0.5327794032260222,0.6295310754196352,6.0,6.0,0.3862318176838917,26776.85950413223,0.21309642779705487,-3.2,5.12
77653,2012-12-11 11:00,36.0,2,1,45.0,1.0,3.0,1,152.0,1,145.37,46.99,0.73,0.38,0.3,0.0,4,235.8,34.51,12,323.01369863013696,96.90410958904108,98.38,159.13514942061394,451.7219580413369,65.98780265047395,221.44140369967357,224.18308080808083,0.26,-0.030000000000000027,0.0,0.9413809651354847,0.6,1.05,-1.019,0.15482987536320367,0.22776583934181024,1.087214634663865,0.9308816544660664,0.4261915104664706,37129.92136752137,0.3854570888285873,-0.4,3.07
77654,2012-12-11 12:00,30.0,4,2,20.0,3.0,3.0,-999,82.0,1,79.2,20.85,0.71,0.4,0.24,0.0,4,202.4,8.901,7,285.07042253521126,68.41690140845071,58.35,127.93621251071121,347.68746136474215,45.8511216612654,161.0904,165.71086261980832,0.34,-0.010000000000000007,0.0,0.9593146135265699,0.52,0.76,-0.5689,0.2610482114521332,0.4094461293316605,0.7649325348486896,0.14828497303353347,0.2767637910703739,37718.656618266,0.31774527411266024,-0.9,1.74
77657,2012-12-11 14:00,36.0,3,1,77.0,1.0,3.0,1,115.0,1,115.83,85.75,0.34,0.49,0.12,0.6,2,107.2,1.02,1,315.29411764705884,37.835294117647045,30.08,85.19664228723403,282.6733523247228,27.302787733850163,88.91202300052275,139.77190082644609,0.41,0.040000000000000036,0.0,1.032898009950249,0.27,0.32,-0.17600000000000002,0.506388402201861,0.6344399209214641,6.0,6.0,0.30581126671591835,26164.60905349793,0.26025881239351745,-2.7,6.0
77666,2012-12-11 14:00,33.0,3,1,37.0,1.0,3.0,1,80.0,1,82.47,41.55,0.75,0.4,0.28,0.0,4,157.3,4.247,6,209.7333333333333,58.72533333333334,40.92,128.01363636363635,357.14553267618993,43.522736583492524,138.1752967778406,153.87450704225353,0.29,0.05000000000000005,0.0,0.99718463354827,0.58,0.45,-0.3728,0.3722425009343102,0.4557244293164694,0.29315872990087377,0.12161628015429113,0.2597348174016924,29969.1305093466,0.2321519230060496,-1.3,3.98
77722,2012-12-16 11:00,28.0,4,1,15.0,2.0,3.0,-999,61.0,1,63.57,12.03,1.86,0.65,1.19,0.0,9,298.6,48.12,40,160.53763440860212,191.03978494623647,51.54,182.56911136980983,282.9723013120266,75.58662650490065,224.3954709212558,230.2434733257662,0.23,0.2100000000000002,0.5,1.0193021981367596,0.78,1.73,-0.7279,0.295540611917578,0.4788894649569821,1.7533375821979031,0.7926772961931413,0.22516322363399205,7698.244584311954,0.002634018329995413,-0.1,2.6
77766,2012-12-18 13:00,36.0,3,2,57.0,2.0,3.0,-999,90.0,1,91.32,48.39,0.6,0.43,0.32,0.0,4,223.9,18.27,9,373.16666666666674,119.41333333333336,42.92999999999999,161.98255299324484,434.3027581490765,71.11474713863416,203.4295790049208,209.60277185501067,0.25,0.29,0.0,1.9363483121785359,0.45,0.94,-0.4656,0.3548139561665963,0.4876080826547834,0.7868371414764986,0.337311024063859,0.5359697431335471,10912.5,0.009172960402530662,-0.3,4.06
77765,2012-12-18 14:00,32.0,4,2,15.0,3.0,3.0,-999,95.0,1,94.1,19.97,2.06,0.35,1.11,0.0,5,278.7,74.19,35,135.29126213592232,150.17330097087378,74.13,204.4134763253744,428.08738752907306,93.92471305938193,267.0968220338983,268.40521739130435,0.24,1.12,-0.5,2.1804808037316117,1.0,1.5,-1.075,0.20547906567154964,0.2786372789017151,1.4576887832902574,1.2276220524642791,0.25613762803767903,18284.029775521263,0.0344498140903376,-0.1,1.82
77767,2012-12-19 11:00,28.0,5,3,28.0,3.0,3.0,-999,109.0,1,108.9,28.34,1.02,0.33,0.55,0.0,4,272.3,74.42,19,266.96078431372547,146.82843137254903,80.56,193.2155412115194,482.9218706686824,91.8895177733605,270.1978284473399,281.39185905224787,0.29,0.46,-0.5,1.937149152720214,0.72,1.43,-1.212,0.18907848979930456,0.26495269624133033,1.362344173650037,1.109488250328431,0.4601790324459854,20585.07988980716,0.05091751759537825,-0.2,2.0
77769,2012-12-19 12:00,30.0,5,1,19.0,2.0,3.0,-999,82.0,1,81.27,16.82,1.27,0.26,0.7,0.0,4,250.8,51.2,19,197.48031496062995,138.23622047244095,64.44999999999999,187.5939487975175,392.5686421454826,83.32170249932777,253.13674418604649,264.4015544041451,0.27,0.64,-1.0,2.244949494949496,0.86,1.2,-0.8979,0.2363407779399841,0.3144857798038478,1.2151254565440848,0.9291986011251456,0.3458485983382679,16840.78039420897,0.02602134729811061,-0.2,1.54
77939,2013-01-09 15:00,33.0,5,1,75.0,2.0,2.0,-999,114.0,1,115.31,58.31,0.87,0.38,0.35,0.0,4,275.3,78.54,25,316.43678160919535,110.7528735632184,57.0,224.0775087719298,419.88144850698336,88.39686161806671,280.07569262937795,285.7519786096257,0.19,0.28,-0.5,1.5399225498223816,0.57,1.46,-0.8859999999999999,0.2672309322496838,0.3271272587313977,1.4427385731242681,1.2545753407759417,0.7322395155893735,27034.049886621317,0.12763052501050987,-0.1,2.52
78059,2013-01-18 09:00,37.0,5,2,134.0,3.0,2.0,-999,149.0,1,144.06,135.62,1.65,0.14,0.4,0.0,5,75.7,2.392,6,45.87878787878788,18.351515151515148,8.439999999999998,118.47109004739332,234.68778420524242,20.9048506298018,118.47109004739332,122.32932628797884,0.25,0.91,0.0,2.5007140561962227,0.67,0.1,-0.06506,1.804758665667295,1.1637491067422538,6.0,6.0,0.09855065744989057,42578.32932692306,2.6854871952562087,-0.4,6.0
78090,2013-01-23 12:00,20.0,5,2,56.0,3.0,2.0,-999,95.0,1,99.66,52.25,0.77,0.41,0.31,0.0,9,289.5,106.5,31,375.974025974026,116.55194805194807,47.41,198.878759755326,255.6263705743248,73.11083437369942,253.008599242834,265.30311557788946,0.21,-0.07999999999999996,0.0,0.8899238037183785,0.49,1.62,-0.8406,0.3212858708760172,0.4645686153654003,1.55979539200581,0.9235809266215778,0.6477882138144254,23152.581945889702,0.08445389460390992,-0.1,2.92
78149,2013-01-30 12:00,38.0,4,2,83.0,3.0,3.0,-999,114.0,1,120.98,85.14,1.39,0.18,0.64,0.0,4,188.5,28.69,28,135.61151079136692,86.79136690647482,35.84,150.32193080357143,202.17552252903909,47.14795325856949,173.89396284829724,195.10209481808158,0.25,0.44,0.0,1.6238335892782352,0.63,0.66,-0.3359,0.4250045518479904,0.5308336595709716,0.395774817603368,0.1505119465269982,0.19734527473826005,13121.772895639231,0.0209232870344643,-0.1,5.44
78266,2013-02-11 13:00,27.0,4,1,41.0,2.0,3.0,-999,89.0,1,100.07,49.2,1.72,0.07,0.83,0.0,5,210.3,48.04,44,122.26744186046513,101.48197674418606,50.86999999999999,170.14059367013957,225.70321630259602,65.39086251032306,206.90748367654442,209.1670419651996,0.24,0.5900000000000001,0.0,1.7414313307159175,0.7,0.83,-0.6811,0.2994331263658733,0.36878940810684496,0.8442647752831581,0.6401693132226446,0.20702343318748287,21194.955200582324,0.07058550487917599,-0.1,3.57
78279,2013-02-13 11:00,34.0,4,2,161.5,3.0,2.0,-999,197.0,1,188.66,159.03,0.61,0.43,0.3,0.03,4,174.0,6.424,7,285.24590163934425,85.57377049180326,29.629999999999995,129.4167060411745,256.9839959839514,39.009060930459036,154.70526315789473,166.19989680082563,0.27,-0.13,0.0,0.7736331158744953,0.36,0.55,-0.2701,0.51407907992683,0.6877145039361138,0.0919370700746988,6.0,0.3264315243845819,10686.253056884634,0.011534129840566737,-0.5,6.0
78354,2013-02-17 10:00,32.0,5,1,84.0,2.0,2.0,-999,147.0,1,151.24,104.32,0.91,0.33,0.35,0.0,4,236.7,42.29,17,260.1098901098901,91.03846153846152,46.920000000000016,185.0679241261722,321.81506230464765,79.8064695365552,235.5928990923652,242.5435754189944,0.23,0.53,-1.0,2.6193382696284435,0.64,1.06,-0.6226,0.32464115810383554,0.4135532853905382,1.0030381356620024,0.6968241928390713,0.4673926626540556,25900.160000000003,0.12264337394563232,-0.1,3.09
78814,2013-04-23 09:00,37.0,6,2,117.0,3.0,2.0,-999,152.0,1,165.51,142.76,1.03,1.0,0.62,0.0,9,273.4,15.17,10,265.43689320388347,164.57087378640773,22.75,184.49292307692315,437.1826532325887,80.68896749115649,200.871686746988,223.39955406911938,0.17,-0.3300000000000001,0.0,0.7108147940961316,0.54,1.44,-0.2702,0.6695456324497571,0.9850063355046268,0.5044497187779172,6.0,0.4140219741191243,3682.573194075102,0.00023215761534280962,-0.2,0.1
78882,2013-11-16 12:00,30.0,4,2,22.0,3.0,2.0,-999,63.0,1,63.49,18.11,1.02,0.98,0.47,0.0,9,278.6,27.41,12,273.13725490196083,128.37450980392157,45.38,164.8568091670339,248.52167112260503,57.603116764648846,235.01359696641384,250.37234726688095,0.28,0.41,-1.0,1.7147446836053803,1.0,1.5,-0.5671,0.3356580682730713,0.5621915707589089,1.206509821472178,6.0,0.3319096266613876,13189.83149740959,0.012006772464279909,-0.2,1.19
78892,2013-11-18 09:00,30.0,3,2,72.0,2.0,1.0,-999,95.1,1,103.91,65.62,0.6,0.41,0.28,0.0,4,242.4,19.69,8,404.0,113.12000000000003,38.28999999999999,171.11141290154092,286.1250564324645,63.610899011275464,205.9422482685136,221.22090909090912,0.23,0.11,0.0,1.2209537280258638,0.46,1.12,-0.4984,0.3978104763184115,0.5599989062560661,0.8493765218465308,0.28363010854005605,0.6051680754483507,13541.842772612004,0.013470338416264192,-0.3,1.59
78950,2013-11-29 09:00,31.0,5,2,55.0,3.0,2.0,-999,67.0,1,69.6,55.24,1.8,0.0,1.32,0.0,6,197.7,84.66,9,109.83333333333331,144.98,14.359999999999992,124.81928969359329,157.37384567969931,26.280232567747024,124.81928969359329,147.72500000000005,0.23,0.8,0.6000000000000001,1.2783004552352049,1.0,0.71,-0.1307,1.0607355945843997,1.66500988048653,6.0,6.0,0.10266005683105654,1921.2426093489692,0.00012013959076501001,-0.7,6.0
78915,2013-11-29 10:00,32.0,3,2,42.0,2.0,2.0,-999,71.5,1,65.4,38.24,1.76,0.0,0.85,0.0,5,178.5,21.42,17,101.42045454545456,86.20738636363636,27.160000000000004,159.83921207658318,157.44581717594878,52.10253491552375,177.17108784176847,188.9653684210526,0.22,0.84,0.0,2.325660699062233,1.0,0.59,-0.3091,0.5608307488303378,0.6252908345141802,0.18668037830267065,0.08855566583186987,0.17664891322047896,12681.487525040977,0.015757170331007545,-0.1,4.51
78962,2013-12-05 11:00,38.0,4,3,42.0,3.0,1.0,0,51.0,0,50.24,3.35,1.26,0.91,0.64,0.0,9,346.1,102.8,31,274.6825396825397,175.7968253968254,46.89,219.29454041373432,181.61684749878756,92.29113257829457,273.8819258496395,274.51393617021284,0.19,0.33,-2.0,1.250710684027551,0.92,2.37,-0.6418,0.32484886197978186,0.5084894140326734,2.2623558932381425,1.2527957923185191,0.4900656376634933,8728.427220394737,0.003217596195196275,-0.0,0.1
78970,2013-12-05 12:00,30.0,4,2,33.0,3.0,1.0,0,84.0,1,80.29,37.12,0.9,0.3,0.32,0.0,4,286.4,204.4,26,318.2222222222222,101.83111111111107,43.17000000000001,191.7959925874449,181.84405191907837,68.61421933229714,241.4306145251396,246.262,0.21,-0.12,0.0,0.8386049950706541,0.71,1.59,-0.6312,0.35284139768895,0.5230294527638804,1.4515744116926756,0.6962994729797622,0.5149634927057124,23008.712557603685,0.09754579144857163,-0.0,3.86
78973,2013-12-05 14:00,34.0,6,3,50.0,3.0,1.0,0,66.0,1,65.21,49.79,1.4,0.18,0.55,0.0,4,165.5,14.75,20,118.21428571428572,65.01785714285715,15.419999999999995,131.68573281452655,94.40244289941776,42.81041051716584,131.68573281452655,143.3723032069971,0.21,-0.54,0.0,0.5890927212134426,0.86,0.5,-0.14800000000000002,0.9878186211564192,1.235955159402488,6.0,6.0,0.1477869924463763,9686.284330912426,0.008108094392267945,-0.1,5.8
78995,2013-12-10 11:00,36.0,2,1,41.0,1.0,1.0,-999,48.0,1,46.33,39.29,1.62,0.14,0.49,0.0,5,111.0,5.419,15,68.51851851851852,33.57407407407407,7.039999999999999,112.01008522727273,106.91402226611721,18.02600580208701,112.01008522727273,101.41872427983542,0.24,0.31000000000000005,0.0,1.6343717763565089,0.8,0.21,-0.06046,2.1636595366806777,2.145236115932865,6.0,6.0,0.08835220619619696,12238.050812161599,0.028036285770204457,-0.1,6.0
78990,2013-12-10 11:00,33.0,2,1,58.0,1.0,2.0,-999,67.0,1,68.4,60.38,1.5,0.19,0.46,0.0,5,99.5,3.497,15,66.33333333333333,30.513333333333332,8.020000000000003,93.616957605985,101.80165236654913,15.95945934075279,93.616957605985,84.84941569282134,0.26,0.27,0.0,1.5933325162397354,0.84,0.17,-0.06047,1.8992722117496208,2.017025070574224,6.0,6.0,0.06612824349234017,13753.87927984392,0.04507558019385025,-0.2,6.0
78993,2013-12-10 11:00,30.0,5,3,13.0,3.0,2.0,-999,75.0,1,73.14,16.98,1.1,0.88,0.51,0.0,9,348.7,165.7,36,316.99999999999994,161.67,56.16,199.24610042735043,171.74981082140582,74.09435563541679,282.75134698275866,291.2643216080402,0.25,0.14000000000000012,-2.0,1.073212407991588,0.88,2.4,-0.8536,0.2712279761081192,0.470023125718721,2.3054754471371437,0.9200531273943932,0.4599713307796446,13933.318494236364,0.015278691607031696,-0.0,1.98
78991,2013-12-10 11:00,38.0,6,3,42.0,3.0,2.0,-999,67.0,1,67.49,39.41,1.74,0.03,0.79,0.0,5,182.9,28.97,28,105.11494252873564,83.04080459770115,28.08,134.74982193732194,99.00149662470577,43.12185335066535,148.17257405515832,158.30741482965934,0.25,0.49,0.0,1.5221432476763257,0.99,0.62,-0.2393,0.5424559522162383,0.7322796300079495,0.1207995567687752,6.0,0.1256430295563232,10094.601338971595,0.00919804790369156,-0.1,5.7
78997,2013-12-10 14:00,32.0,4,2,55.0,3.0,2.0,-999,82.0,1,80.43,53.09,1.11,0.25,0.4,0.0,4,204.3,40.2,25,184.05405405405403,73.62162162162163,27.340000000000003,139.4445866861741,131.90963631456728,42.00733633872243,154.27936842105262,160.27632183908042,0.24,-0.059999999999999824,0.0,0.8948504587271108,0.75,0.78,-0.2853,0.5571383737465975,0.8103958049173874,0.16410738311744244,6.0,0.21226342050902394,16643.850852272724,0.047294894955180564,-0.1,5.68
79065,2013-12-10 14:00,32.0,6,2,64.0,3.0,1.0,0,87.0,1,84.13,67.4,1.19,0.26,0.43,0.0,4,144.9,8.988,18,121.76470588235296,52.35882352941177,16.72999999999999,124.37244471010162,139.569438746357,28.68672894956174,124.37244471010162,138.63333333333333,0.25,-0.02000000000000001,0.0,0.9766838343913444,0.69,0.38,-0.1586,0.9104700022852352,1.0578436934056443,6.0,6.0,0.15385500918657094,15183.441049215791,0.04533390965787086,-0.2,6.0
79011,2013-12-14 11:00,34.0,3,1,58.0,1.0,1.0,-999,70.0,1,69.42,59.44,1.55,0.13,0.53,0.0,5,129.4,13.86,19,83.48387096774194,44.24645161290322,9.980000000000004,105.27434869739477,70.93142636212174,26.617647685207675,105.27434869739477,105.12594594594593,0.24,-0.26,0.0,0.6995098499662702,0.76,0.3,-0.08359,1.526268851526248,1.8686884202882648,6.0,6.0,0.08329530480711109,10750.887988929248,0.03013257543820063,-0.1,6.0
79046,2013-12-16 14:00,29.0,5,3,31.0,3.0,1.0,0,60.0,1,60.48,33.92,1.84,0.0,0.87,0.0,5,192.2,36.17,35,104.45652173913042,90.87717391304348,26.559999999999995,143.46204819277108,92.5416432114038,50.94080390398665,161.39581151832456,181.2629268292683,0.23,0.53,0.0,1.5726620648020906,0.97,0.68,-0.2943,0.5735001181563243,0.764397378474212,0.15228381163166627,6.0,0.13476433928771908,10901.851537285544,0.0112509052762899,-0.0,5.45
79148,2013-12-31 12:00,33.0,2,1,42.0,1.0,3.0,1,90.0,1,90.07,46.3,2.15,0.0,1.1,0.0,5,166.0,12.75,24,77.2093023255814,84.93023255813954,43.77,163.71265707105326,399.5305670366562,57.168112057669255,204.75750403442711,221.19804161566708,0.25,1.7599999999999998,-0.5,7.983626814952115,1.0,0.5,-0.5021,0.3480046410379706,0.35298663660530394,0.4318387527167439,0.4217781397469112,0.15040008826904386,19375.217046498037,0.049991688619358536,-0.4,3.18
79152,2014-01-02 11:00,30.0,3,1,32.0,1.0,3.0,1,95.0,1,95.2,29.93,1.53,0.01,0.62,0.0,5,258.0,123.2,53,168.62745098039215,104.54901960784314,65.27000000000001,185.30292630611308,256.83734073438734,70.65293646958412,222.33514929282347,233.80590858416954,0.23,-0.02000000000000001,0.0,0.9553413353338336,0.76,1.27,-0.9101,0.2333715817103106,0.3229393768593949,1.3381594882457255,1.0418445061264396,0.2798964582809332,30452.097317354863,0.16961682595896255,-0.0,2.0
79170,2014-01-06 13:00,27.0,3,1,42.0,1.0,3.0,1,122.0,1,118.34,50.42,1.93,0.0,0.98,0.0,5,213.2,41.23,47,110.46632124352331,108.25699481865284,67.92,186.6906949352179,380.8249221798164,74.73488815934648,227.22691082802547,257.9249051833122,0.24,0.25,0.0,1.1482706825694629,0.75,0.85,-0.9977,0.22426624172897489,0.2555803031284969,0.8886466470606952,0.8192106160860031,0.2230812388655554,28040.34498005059,0.13946247160629108,-0.2,2.37
79172,2014-01-07 09:00,27.0,4,1,32.0,2.0,3.0,-999,78.0,1,78.3,40.3,1.93,0.0,0.97,0.0,5,182.5,19.03,31,94.559585492228,91.72279792746114,38.0,177.29636842105262,304.9995581320269,56.467328616523524,209.3966576819407,217.8613756613757,0.21,1.43,-1.0,5.255945205479452,1.0,0.61,-0.5341,0.4008463983745257,0.4125626950513784,0.4990190758643187,0.4753992669226014,0.19844478257527404,18386.365413318425,0.04095953014822811,-0.3,2.95
79183,2014-01-07 10:00,31.0,3,2,30.0,2.0,3.0,-999,56.0,1,54.82,29.59,0.76,0.38,0.26,0.0,4,203.4,14.88,12,267.63157894736844,69.58421052631579,25.23,147.4257233452239,207.80867968646848,41.25792709972728,158.12904761904758,166.61079219288175,0.23,-0.059999999999999935,0.0,0.8817181092164904,0.58,0.77,-0.2873,0.6037321893869192,0.8278860278702619,0.10968237029145142,6.0,0.3470678572740637,18596.96969696969,0.049250312819676255,-0.2,3.91
79193,2014-01-07 11:00,27.0,3,1,63.0,1.0,3.0,1,148.0,1,141.66,72.79,1.52,0.13,0.73,0.0,5,221.5,49.64,38,145.7236842105263,106.37828947368419,68.86999999999999,212.1522143168288,502.7499696420015,84.39530649259451,263.17313034188044,282.1679653679654,0.2,0.3900000000000001,0.0,1.4756986755628358,0.73,0.92,-1.144,0.2211726896795699,0.2308230096121644,0.910182847691618,0.8929440353970035,0.3693461709718995,33065.585788453114,0.2337921483117955,-0.2,2.37
79191,2014-01-07 11:00,30.0,4,1,42.0,2.0,3.0,-999,117.0,1,105.83,36.89,1.57,0.08,0.71,0.0,5,245.3,69.16,53,156.2420382165605,110.93184713375796,68.94,209.6718160719466,365.78183331349885,80.40201053282557,234.3773076923077,272.48435155412653,0.2,-0.3999999999999999,0.0,0.7511448738828038,0.68,1.14,-1.085,0.22094811630739736,0.2577758799818315,1.125271516513374,1.0444255729962937,0.3508045505270464,30229.796579727157,0.14984797541458172,-0.1,1.23
79182,2014-01-07 11:00,30.0,4,1,75.0,2.0,3.0,-999,145.0,1,136.62,67.0,1.7,0.09,0.87,0.0,5,211.3,41.05,43,124.29411764705885,108.13588235294121,69.62,196.01305659293305,467.89720934097517,83.22594273256699,249.6311227154048,271.50984759671746,0.23,0.07999999999999985,0.0,1.0483894527119009,0.68,0.84,-1.021,0.21879004794932447,0.23565050584086125,0.8509102144312817,0.8185023351477799,0.2809244424257093,28249.189581454484,0.14954430392907572,-0.2,2.65
79192,2014-01-07 12:00,35.0,4,3,114.0,3.0,2.0,-999,132.0,1,128.92,107.36,0.3,0.52,0.1,0.56,2,191.4,6.7570000000000014,2,638.0,63.8,21.55999999999999,132.16122448979593,319.1350493729252,36.24983698710068,135.49914529914528,151.8870283018868,0.25,-0.02000000000000001,-0.5,0.8135775862068966,0.27,0.78,-0.2015,0.706501073201854,1.0159851552651036,6.0,6.0,0.7504016150256653,15018.633540372668,0.028438520473777512,-0.4,4.75
79194,2014-01-07 15:00,27.0,4,1,47.0,2.0,2.0,-999,90.0,1,85.58,43.89,2.22,0.14,0.92,0.0,5,219.7,39.57,32,98.96396396396395,91.04684684684685,41.69,193.2808827056848,348.3192911693357,63.97714452584796,228.11390695347674,239.21556459816887,0.2,1.7900000000000005,-1.0,6.232007706068529,1.0,0.91,-0.633,0.3653673096241779,0.4144259214187323,0.8355576688292108,0.7021897917435994,0.20919317905038848,24572.126654064272,0.08746415061282789,-0.2,1.98
79398,2014-01-21 13:00,27.0,3,1,22.0,1.0,3.0,1,82.0,1,85.54,26.26,2.2,0.0,1.2,0.0,5,232.6,55.8,57,105.72727272727272,126.87272727272726,59.28,211.49908906882595,352.42361757809465,82.693243409854,262.59994957135655,285.036926889715,0.21,0.3300000000000001,0.0,1.2058064842446008,0.83,1.02,-0.9896,0.2569528194708497,0.28220779549644714,1.0172949553390875,0.9562421369652104,0.2542491592400436,21287.39555555556,0.054546361783706136,-0.1,1.75
79403,2014-01-23 09:00,28.0,5,2,44.0,3.0,2.0,-999,99.0,1,99.17,39.5,1.9,0.0,1.03,0.0,5,236.0,65.02,47,124.21052631578951,127.93684210526315,59.67,220.124183006536,379.1907604826954,88.11618578904684,271.7481876332623,280.5619047619048,0.19,1.2399999999999998,-1.5,3.6667950693374425,0.99,1.05,-1.013,0.25527338927822985,0.2734581303800839,1.0448519361938826,1.0043818276493115,0.31971848016791266,21212.3523568523,0.05565437418167251,-0.1,1.99
79458,2014-01-29 11:00,31.0,5,1,45.0,2.0,3.0,-999,97.0,1,100.11,49.87,1.2,0.27,0.55,0.0,4,232.1,52.82,31,193.41666666666663,106.37916666666668,50.24,176.49203821656047,298.87455077555666,61.634300057335004,231.24876160990712,232.563393939394,0.25,0.47,-1.0,1.8577254726056909,0.78,1.02,-0.6528,0.30318796055398023,0.3968738728551687,0.9859469160430788,0.6499123707728903,0.3214850968598581,19888.28033057852,0.06023849898167812,-0.1,3.83
79536,2014-02-04 14:00,25.0,5,1,173.0,2.0,3.0,-999,235.0,1,216.53,166.83,0.49,0.49,0.29,0.03,4,246.0,27.68,11,502.0408163265306,145.59183673469386,49.69999999999999,182.39084507042253,504.43903399849785,87.570635117108,234.5550520833333,244.19501039501046,0.24,-0.05000000000000005,0.0,0.8756850346281241,0.3,1.15,-0.7597,0.3064821556988324,0.4111822792759112,1.1042824630970145,0.7114618001282104,0.8441483526384477,12358.369326978127,0.014181351000544325,-0.3,4.27
79540,2014-02-05 11:00,29.0,3,1,80.0,1.0,3.0,1,114.0,1,114.3,85.43,0.99,0.34,0.49,0.0,4,197.2,12.89,14,199.19191919191917,97.60404040404042,28.86999999999999,162.81291998614475,314.8915577608184,64.5444434579729,184.7475013150973,206.8321678321678,0.21,0.34,-0.5,1.6397019815883918,0.59,0.72,-0.3588,0.5276121627375121,0.636970207018329,0.33286675316259184,0.1319707255498888,0.3262056099688225,11578.175760099959,0.010835032255364313,-0.3,3.87
79544,2014-02-05 13:00,28.0,3,1,98.0,1.0,3.0,1,123.0,1,123.24,92.76,0.92,0.33,0.47,0.0,4,200.5,16.31,12,217.93478260869568,102.42934782608695,30.47999999999999,169.6615813648294,377.0732069279045,69.58550113796109,191.74035353535353,214.7991944764097,0.21,0.3300000000000001,-0.5,1.6954224607971595,0.59,0.75,-0.4025,0.4997428851125978,0.5889087353117319,0.4038235977133696,0.2218013044032316,0.383661440107166,11683.471199089126,0.011588288648623895,-0.3,4.09
80188,2014-12-01 09:00,26.0,5,3,66.0,3.0,1.0,0,88.0,1,82.9,63.38,0.41,0.46,0.18,0.0,4,244.8,20.59,15,597.0731707317074,107.4731707317073,19.520000000000003,179.64267418032787,275.02634076664174,65.69460322726479,179.64267418032787,203.88366093366088,0.17,-0.05000000000000005,0.0,0.8559871412333048,0.36,1.14,-0.3018,0.7803362263438509,1.0573701190517921,0.18311026031660835,6.0,0.9782335923230088,8922.053392423762,0.004247186404946162,-0.1,2.81
80195,2014-12-02 11:00,42.0,6,3,40.0,3.0,1.0,0,90.0,1,83.35,32.11,0.6,1.0,0.26,0.0,3,343.7,136.6,26,572.8333333333334,148.93666666666667,51.24,238.8147150663544,323.7405639824353,93.80271659573972,280.953936605317,286.8515452538632,0.16,0.0,-2.0,0.9013674716322374,0.44,2.28,-0.6905,0.2972709433690861,0.4248871903314115,2.4985215146240005,1.8890960293595445,1.2121672709412443,13251.239405085556,0.011835454618763615,-0.0,0.83
80198,2014-12-02 11:00,37.0,6,3,70.0,3.0,1.0,0,102.0,1,93.77,70.61,0.43,0.48,0.18,0.0,4,246.8,25.12,16,573.9534883720929,103.31162790697674,23.16,177.84952504317792,258.796424320061,63.099538980152396,187.240482169764,215.0569390402076,0.18,-0.03999999999999998,0.0,0.8863495292941136,0.37,1.16,-0.2744,0.6576927089046619,0.907280340667371,0.3670086873426943,6.0,0.9141216714347904,8922.753332629874,0.004749146163579207,-0.1,3.84
80199,2014-12-02 11:00,32.0,6,2,23.0,3.0,1.0,0,92.0,1,86.64,21.8,0.88,1.0,0.41,0.0,9,356.5,153.6,40,405.1136363636364,166.0965909090909,64.84,257.126249228871,409.1914549208538,107.75067139360443,309.7763962065332,341.44258426966286,0.17,-0.06999999999999995,-2.0,0.7483280431091756,0.68,2.52,-1.185,0.23491923408747645,0.32377146237338783,2.2544791728379185,1.9290572366906005,0.9757536538019964,18663.371924526004,0.03142122676756578,-0.0,0.1
80205,2014-12-02 11:00,34.0,6,3,30.0,3.0,1.0,0,72.0,0,71.73,27.68,0.64,0.41,0.26,0.0,4,309.7,98.31,28,483.90625,125.815625,44.05,236.62158910329185,347.06823420187624,92.77140589993944,290.0221727019499,304.0482076637825,0.17,0.08999999999999997,-0.5,1.2617019402941263,0.45,1.87,-0.7065,0.34579257975554994,0.4504674768055539,1.761144268340535,1.3313275331050136,1.120602706147352,17986.574511461396,0.030183453451096482,-0.0,1.0
80208,2014-12-02 14:00,35.0,4,1,77.0,2.0,1.0,-999,91.0,1,93.55,76.16,0.7,0.98,0.27,0.0,3,256.6,21.89,16,366.5714285714286,98.97428571428574,17.39,177.70287521564117,281.7689537475403,66.30965969946726,177.70287521564117,186.3804040404041,0.16,-0.13,1.0,0.837786062410202,0.37,1.6,-0.22,0.8759150740788941,1.2563173673355992,0.15036392693071626,6.0,0.6332192719002763,8124.9340508599735,0.003228734010919177,-0.1,3.0
80200,2014-12-02 14:00,40.0,5,2,40.0,3.0,1.0,0,76.0,1,75.47,40.36,0.86,1.0,0.41,0.0,9,285.9,43.94,26,332.44186046511624,136.30116279069765,35.11,197.6881800056964,286.4095053908854,71.86751262011417,234.77431382703256,257.1238204833141,0.18,-0.2500000000000001,-3.0,0.5793873621785479,0.73,1.58,-0.4064,0.4338411603028189,0.6231868735892954,1.2884977849549408,0.5851075615738484,0.5728565256412999,8239.92302146243,0.0032442855223062984,-0.1,2.59
80203,2014-12-02 15:00,42.0,6,3,39.0,3.0,1.0,0,79.0,1,77.56,38.52,0.77,0.42,0.33,0.0,9,275.4,49.79,26,357.6623376623376,118.02857142857141,39.04,202.41316598360646,287.4742181901941,74.90716487671973,243.93701629327904,259.256416772554,0.19,-0.06999999999999995,0.0,0.8996913580246916,0.55,1.46,-0.4433,0.3901681131719256,0.5279253976133023,1.270102000458742,0.7543707124605437,0.6704008827744931,11918.62825788752,0.009531786900457322,-0.1,2.05
80239,2014-12-09 11:00,34.0,5,3,50.0,3.0,1.0,0,74.0,1,73.71,51.48,0.7,0.41,0.25,0.0,9,252.3,50.87,23,360.4285714285714,90.10714285714286,22.23,180.72573099415212,189.62863884457852,60.891650849133605,193.56000000000003,207.01625487646297,0.17,-0.07000000000000006,0.0,0.8626094476272835,0.6,1.22,-0.2921,0.6852075185889326,0.9507363507424214,0.3911955880227399,6.0,0.5822918077352106,12582.769230769229,0.015935780541455304,-0.0,4.64
80305,2014-12-28 14:00,27.0,3,1,59.0,1.0,3.0,1,95.0,1,96.7,60.4,1.48,0.17,0.73,0.0,4,168.5,14.14,18,113.85135135135135,83.11148648648648,36.3,126.13460055096421,238.69179360326686,38.15783323234083,166.64580322401338,188.29735516372799,0.31,0.71,0.0,2.3201818952560798,0.91,0.52,-0.3612,0.4196188192350405,0.5580444835341422,0.16802799495913706,6.0,0.12811280048571305,14996.511938677451,0.02685765174727152,-0.3,4.4
80362,2015-01-03 13:00,27.0,3,2,18.0,2.0,3.0,-999,50.0,1,56.47,27.88,2.44,0.14,1.22,0.0,5,208.9,28.19,46,85.61475409836065,104.45,28.59,150.16729625743272,140.78471081909427,50.863025759656715,168.43209477652132,185.58,0.23,-0.3300000000000001,-4.0,0.7902076028293293,1.0,0.82,-0.3369,0.5327794032260221,0.7367034642995922,0.2797895099016527,6.0,0.11283310956547216,9765.217391304348,0.0053881827683601394,-0.1,2.44
80412,2015-01-09 10:00,32.0,4,1,48.0,2.0,3.0,-999,85.0,1,88.1,55.21,1.28,0.2,0.47,0.0,4,196.8,34.74,20,153.75,72.26249999999997,32.88999999999999,185.6959562176954,286.87375699957124,59.020877630276686,197.37533875338752,203.9306364617044,0.19,0.65,-0.5,2.2392566782810683,0.88,0.72,-0.4437,0.4631244493229546,0.4903259261057888,0.5157818680400927,0.46101269887209795,0.33169430292936025,27253.765369788758,0.1855702378425804,-0.1,4.37
80452,2015-01-14 12:00,34.0,4,2,54.0,3.0,2.0,-999,102.0,1,102.76,57.72,1.32,0.2,0.57,0.0,4,225.0,42.33,24,170.45454545454544,97.1590909090909,45.040000000000006,219.34125222024863,308.58737345715764,86.23303704525509,262.4221971830986,269.40138888888896,0.18,0.68,-1.0,2.3723333333333336,0.88,0.95,-0.6761,0.33819189916145576,0.34694362675241913,0.912970450699711,0.8917955135036019,0.4557729925615413,23205.40011080333,0.07681102304378902,-0.2,2.29
80456,2015-01-14 13:00,34.0,5,1,36.0,2.0,3.0,-999,101.0,1,104.2,47.77,1.55,0.06,0.68,0.0,5,228.6,49.69,42,147.48387096774192,100.28903225806452,56.43,220.09792663476875,285.85867818679316,87.43096899197216,244.16254545454544,269.86950182260017,0.18,-0.09999999999999988,0.0,0.9340518041305446,0.79,0.99,-0.8474,0.2699302345956401,0.2802966682725496,0.9954582632305141,0.9731854374573868,0.39277278540888505,28178.249134948084,0.12623761864020805,-0.1,1.57
80513,2015-01-19 12:00,35.0,3,2,42.5,2.0,3.0,-999,83.0,1,93.62,49.16,0.99,1.0,0.53,0.0,9,283.2,51.21,22,286.06060606060606,151.61212121212122,44.46000000000001,177.7148223121907,227.38058236421105,60.26240821487879,234.24703723125333,257.10966183574885,0.25,0.030000000000000027,-3.0,0.9751721398305088,0.78,1.55,-0.5325,0.3426037592944663,0.5414753757182198,1.3273437729473478,0.29522760914548873,0.3993434099182312,8879.178676833677,0.004582499038863802,-0.1,3.69
80529,2015-01-21 14:00,30.0,6,3,79.8,3.0,2.0,-999,141.0,1,140.24,59.39,1.6,0.06,0.86,0.0,5,256.6,107.7,43,160.375,137.9225,80.85000000000002,222.9444650587508,328.49151266414884,94.49525938684955,296.82168674698795,316.01955445544564,0.24,0.06000000000000005,0.0,1.0482736281645086,0.79,1.26,-1.339,0.188400286187161,0.21647421498031447,1.1110261884297998,1.054676334665268,0.3927033340216524,25465.50258827165,0.09524102023850332,-0.1,1.8
80575,2015-01-28 15:00,32.0,4,3,79.5,3.0,3.5,-999,133.0,1,137.0,91.88,1.07,0.31,0.48,0.0,4,195.2,20.6,16,182.42990654205605,87.5663551401869,45.12000000000001,128.49851507092197,263.2278941865088,41.248193335361705,166.27004110996918,178.71395604395605,0.34,0.4500000000000001,-0.5,1.8575406530936016,0.64,0.71,-0.4246,0.33759226813457377,0.5090382995343065,0.4286856357556788,6.0,0.18572482346641309,17473.420606165182,0.04918353649311805,-0.2,5.03
80671,2015-02-05 10:00,33.0,5,2,95.0,3.0,3.0,-999,124.5,1,128.16,97.62,0.34,0.46,0.18,0.07,2,193.9,12.23,9,570.2941176470587,102.65294117647059,30.539999999999992,127.41735428945644,288.40302761086326,49.17010953727788,154.72677871148457,162.0836933045356,0.28,0.030000000000000027,0.0,1.0690578781879585,0.4,0.8,-0.2813,0.4987610719787811,0.7533166972458175,0.14077385818895347,6.0,0.6137832991986022,8311.806354318434,0.0066806107423348,-0.3,6.0
80837,2015-02-20 09:00,29.0,3,2,81.0,2.0,2.0,-999,103.5,1,105.99,78.44,0.91,0.35,0.44,0.0,4,223.0,61.53,26,245.05494505494502,107.8241758241758,27.55,163.7583303085299,189.77028285293392,57.86511227651785,184.50661616161617,201.61120797011208,0.21,0.28,-0.5,1.4839561534628798,0.65,0.94,-0.3441,0.5528915839648632,0.7488251087597804,0.3695325859796152,6.0,0.3628920645726184,9812.300619834714,0.015180029843917713,-0.0,6.0
80839,2015-02-20 10:00,36.0,5,1,66.0,2.0,2.0,-999,101.5,1,111.19,83.94,1.44,0.16,0.74,0.0,4,192.3,60.18,26,133.54166666666669,98.82083333333333,27.25,157.8733944954129,169.68501085476987,55.45307434733481,173.64033232628395,197.2309370988447,0.22,0.74,-0.5,2.328861154446177,0.85,0.69,-0.2896,0.5589784637883294,0.6785912339537972,0.22143578610986603,0.05,0.2112615784904383,9081.82152271459,0.013007960840174542,-0.0,6.0
80890,2015-02-24 11:00,40.0,2,2,96.0,1.0,2.0,-999,138.0,1,133.98,93.99,0.74,0.41,0.31,0.0,9,239.2,28.48,27,323.24324324324317,100.2054054054054,39.99,148.11380345086272,200.54898669420547,51.860656729932096,180.6645981688708,198.03441762854146,0.27,-0.17000000000000004,0.0,0.7601528905876732,0.56,1.09,-0.3647,0.3808993032816199,0.6096946782364804,0.7394256919317824,6.0,0.3641077377594715,12296.7150835237,0.012652860601254966,-0.1,3.58
80891,2015-02-24 11:00,26.0,3,2,66.2,2.0,3.0,-999,110.0,1,110.14,67.88,1.74,0.13,1.12,0.0,5,221.3,59.1,31,127.18390804597702,142.44597701149428,42.26000000000001,172.78511594888784,254.92565956735473,61.79795587738869,226.56215780998392,246.0354657687991,0.25,0.87,-0.5,2.2873926796204245,0.96,0.92,-0.5911,0.3604392602515849,0.4597742535288492,0.7434336252971754,0.4128072949276536,0.2113701210820564,9511.130739795915,0.006182495270273491,-0.1,4.33
80919,2015-02-26 11:00,21.0,6,3,165.0,3.0,2.0,-999,220.0,1,200.64,148.79,0.47,0.49,0.25,0.0,4,274.4,64.82,29,583.8297872340426,145.95744680851064,51.85,171.91324975892,288.195202639972,68.16469746069349,242.0323624595469,258.453446447508,0.28,0.03999999999999998,-0.5,1.1165248491423148,0.39,1.45,-0.7815,0.29377363815297936,0.4650893298750037,1.3505011385850676,0.3982341507325371,0.7840533592305496,13640.165925925923,0.021185208207879985,-0.1,4.85
81131,2015-03-24 15:00,35.0,6,3,81.0,3.0,1.0,0,144.0,0,156.02,43.43,2.5,0.0,1.63,0.0,5,284.8,212.6,113,113.92,185.6896,112.59,246.69116262545518,229.0300107184368,104.39060705797905,305.22747077577037,317.5882911392405,0.19,0.5800000000000001,0.0,1.3093984082397003,0.93,1.57,-1.84,0.13528877465345032,0.1558105796312193,1.0515071304643655,1.0303604438533198,0.31152777649818103,19946.325305833536,0.04423898738114708,-0.0,1.65
81132,2015-03-24 15:00,32.0,5,3,74.0,3.0,1.0,0,111.0,1,123.62,77.05,1.65,0.14,1.05,0.0,5,235.7,85.34,59,142.84848484848484,149.9909090909091,46.57000000000001,201.3246295898648,194.6858093707938,82.24272296524447,230.7995789473684,243.52687277051132,0.19,0.7299999999999999,-1.0,1.9981645791444544,0.96,1.05,-0.6706,0.32708102079089485,0.3819259336731705,1.0449180078289408,0.8884787912617783,0.306568843203003,10190.593406593405,0.007595954055678264,-0.0,4.23
81323,2015-11-27 09:00,40.0,5,2,28.0,3.0,3.0,-999,104.0,1,89.21,27.67,2.12,0.0,0.97,0.0,5,190.2,20.98,29,89.71698113207546,87.02547169811321,61.53999999999999,153.16620084497887,363.45430611688454,53.56514219204258,228.0061985737795,242.59405630865487,0.34,0.8600000000000001,0.0,1.7984243820205967,0.88,0.67,-0.5546,0.2475164630846925,0.3064525879675192,0.6623174927988663,0.4690522394960828,0.13430193660026676,21939.20969460763,0.06491115008767145,-0.3,2.35
81321,2015-11-27 09:00,26.0,2,2,62.0,1.0,2.0,-999,94.0,1,79.51,47.08,0.66,0.41,0.24,0.0,4,186.3,7.27,6,282.27272727272725,67.74545454545455,32.43000000000001,115.99898242368178,221.04883696197075,37.90101430104835,133.04060860440714,144.70880245649946,0.32,0.010000000000000007,0.0,0.9554316858664684,0.43,0.64,-0.3153,0.4696935904481027,0.7476572025237491,0.05,6.0,0.2424715859055176,20734.402173913048,0.0629932761115419,-0.6,3.33
81324,2015-11-27 10:00,28.0,3,1,35.5,1.0,2.0,-999,70.0,1,62.89,17.62,2.37,0.98,1.33,0.0,9,273.9,29.55,29,115.56962025316454,153.70759493670886,45.27,159.22511597084159,266.67513175488165,53.222975509862025,225.72913426645928,253.8865879828326,0.3,1.02,-0.5,1.7478641840087623,0.93,1.44,-0.5601,0.3364736721500326,0.5734468050632053,1.0697761812137303,6.0,0.13250264376748205,8782.819454651666,0.0038183258581120493,-0.2,2.25
81357,2015-12-03 11:00,37.0,2,1,79.0,1.0,2.0,-999,96.0,0,76.69,56.63,0.83,0.37,0.38,0.0,4,166.2,7.875,10,200.24096385542168,76.09156626506024,20.059999999999995,143.96779661016947,203.17190858978668,38.981972677670356,143.75718015665794,158.19719188767547,0.23,0.04999999999999993,0.0,1.016723749575735,0.53,0.5,-0.1985,0.7593301664123617,0.8741983864506602,6.0,6.0,0.298417048255181,9565.64607291754,0.009259223141769987,-0.3,6.0
81379,2015-12-10 10:00,35.0,2,1,59.0,1.0,1.0,-999,64.0,1,57.69,51.02,2.07,0.0,0.82,0.0,6,134.5,19.8,1,64.97584541062804,53.28019323671497,6.669999999999996,114.26596701649176,278.06769856499824,22.95036007976924,114.26596701649176,113.28497942386831,0.23,1.62,0.10000000000000007,3.998066914498141,0.67,0.43,-0.05133,2.2836826294200865,2.6794111812467722,6.0,6.0,0.08508828513156128,4361.370553242118,0.002478672932576349,-0.6,6.0
81387,2015-12-10 10:00,36.0,4,1,87.0,2.0,1.0,-999,122.0,0,95.42,74.55,1.06,0.33,0.41,0.0,4,156.7,7.127999999999999,13,147.83018867924525,60.610377358490545,20.870000000000005,143.78557738380448,238.32812508535577,31.40924349635964,145.28022255943347,164.51686460807596,0.23,0.02000000000000001,0.0,0.9717490550292084,0.6,0.44,-0.2058,0.729859278305317,0.794201390967941,6.0,6.0,0.2318800577767804,15412.786506631208,0.0382490988505162,-0.3,5.88
81380,2015-12-10 10:00,39.0,2,2,67.0,1.0,1.0,-999,69.0,1,60.86,54.51,2.14,0.0,0.82,0.0,6,132.0,19.8,1,61.6822429906542,50.579439252336435,6.350000000000001,114.9607874015748,285.34376705796126,22.8275013646369,114.9607874015748,113.42069825436407,0.24,1.7400000000000002,0.10000000000000007,4.766363636363637,0.77,0.42,-0.04432,2.398765848540468,2.7467812360787214,6.0,6.0,0.08392704039172047,4312.226395852809,0.002658894770479747,-0.6,6.0
81383,2015-12-10 11:00,35.0,4,1,37.5,2.0,1.0,-999,74.0,1,66.46,38.15,1.15,0.25,0.46,0.0,4,200.1,25.41,18,174.0,80.04,28.309999999999995,156.0095725891911,177.76313208077175,49.621859948837525,167.41653803748625,172.0689265536723,0.22,0.049999999999999815,0.0,1.0130616509926853,0.6,0.75,-0.3038,0.538048856878558,0.6868261882542421,0.28477882214685674,0.05,0.2586263696594133,14384.469696969692,0.022893190159045108,-0.1,4.24
81378,2015-12-10 11:00,33.0,5,2,21.0,3.0,1.0,0,61.0,1,54.92,22.27,1.01,0.27,0.35,0.0,4,244.5,57.44,19,242.07920792079207,84.72772277227722,32.65000000000001,162.38848392036752,170.88136516548477,54.918990489189824,184.12924378635643,194.4714889123548,0.22,-0.07000000000000006,0.0,0.8651897296069074,0.64,1.14,-0.3903,0.4665287331770896,0.6969870611483958,0.6708016123016554,6.0,0.3227591093829508,18519.45020059306,0.03991316336832064,-0.1,2.61
81386,2015-12-10 14:00,40.0,3,1,36.0,1.0,1.0,-999,50.0,1,47.29,35.26,1.61,0.12,0.59,0.0,5,122.8,5.4529999999999985,10,76.27329192546583,45.001242236024844,12.03,136.36417290108065,186.31576836721985,28.51985896703177,136.36417290108065,129.29185110663985,0.23,0.4700000000000002,0.0,1.9551117206697528,0.82,0.27,-0.104,1.2661814744997482,1.1428857055713495,6.0,6.0,0.13678658236727265,12541.34474364596,0.020303472883801243,-0.2,6.0
81429,2015-12-17 10:00,32.0,4,2,72.0,3.0,1.0,0,96.0,1,86.06,61.74,1.56,0.0,1.14,0.0,6,199.6,35.56,8,127.94871794871794,145.86153846153846,24.32,136.8792763157895,375.5637691155754,38.63044187484376,135.68532981530342,152.521568627451,0.24,0.7100000000000001,0.6000000000000001,1.2707296946834847,0.76,0.99,-0.2361,0.6263224974601962,0.9064810520889665,0.05,6.0,0.16760986997057564,3349.357844371696,0.00026142496403605466,-0.8,5.62
81435,2015-12-19 12:00,34.0,3,2,20.0,2.0,2.0,-999,62.1,1,60.58,21.86,1.26,0.17,0.47,0.0,4,226.3,47.12,28,179.60317460317458,84.41349206349206,38.72,163.11425619834708,185.95618281982792,54.73200169848584,181.68808893594502,192.90291363163368,0.23,0.010000000000000007,0.0,0.9679116217410516,0.56,0.97,-0.4353,0.39339264303285054,0.5423401663863332,0.7600492900333967,0.2937445509786207,0.2602293990584244,20022.30236306021,0.048371833497206834,-0.1,2.25
81442,2015-12-20 10:00,38.0,3,1,63.0,1.0,3.0,1,87.0,1,81.42,65.0,1.08,0.31,0.37,0.0,4,144.4,5.245,10,133.7037037037037,49.47037037037037,16.42,148.47728380024358,285.8163552445982,34.638684211822856,148.47728380024358,148.03734015345267,0.23,0.6400000000000001,0.0,2.8183077310501137,0.65,0.37,-0.1599,0.9276591436194868,0.9027348224465216,6.0,6.0,0.24200125501266195,17029.525200876553,0.048570277384903285,-0.4,5.44
81463,2015-12-28 10:00,35.0,6,2,25.0,3.0,1.0,0,94.0,1,80.23,18.46,2.26,0.46,1.23,0.0,9,316.8,139.8,69,140.17699115044252,172.41769911504426,61.77,207.700323781771,189.01580920544617,76.85742600261315,257.92486457204757,276.60073637702504,0.2,0.009999999999999787,1.0,0.7793322109988776,0.72,1.96,-0.8502,0.2465948379186008,0.3731083614033173,2.0012829741158837,1.4560157695834863,0.2426453443026328,11311.53920617663,0.008995130505474506,-0.0,2.97
81533,2016-01-09 10:00,27.0,2,1,29.0,1.0,3.0,1,48.0,1,51.95,31.17,1.62,0.02,0.54,0.0,5,163.7,11.77,23,101.04938271604937,54.56666666666666,20.78,137.12550529355147,271.83033437921586,41.68952559929728,137.30475227502527,163.34203910614528,0.24,0.28,-0.8999999999999999,1.7318265119120344,0.69,0.49,-0.2361,0.7330203627638099,0.8722314601059746,6.0,6.0,0.13896751429038692,21463.636363636364,0.06588485211431505,-0.2,2.88
81535,2016-01-09 11:00,33.0,1,1,24.0,1.0,3.0,1,64.0,1,65.24,31.19,1.83,0.0,0.73,0.0,5,172.3,14.03,30,94.15300546448087,68.73169398907105,34.05,146.6667254038179,254.64368168954041,48.55144627773139,169.58495762711863,173.73391494002186,0.25,0.52,0.0,1.538830284476304,0.69,0.54,-0.3601,0.4473469350435235,0.5240322603861428,0.27957680556254405,0.13522043295243766,0.14098244356100545,21655.25440377244,0.06567364620042462,-0.2,2.71
81559,2016-01-13 13:00,36.0,3,1,53.0,1.0,3.5,1,139.0,1,135.98,50.38,2.05,0.0,1.7,0.0,6,224.1,64.72,14,109.31707317073172,185.8390243902439,85.6,137.05442757009342,366.8051627975923,50.6388331306621,209.76908482142858,219.42926553672316,0.44,1.1599999999999997,0.8,2.1964762921849688,0.8,1.68,-0.7548,0.17794583105411185,0.2885484838180647,1.8149492794294315,0.7327932634866857,0.14837915338744048,7317.2941176470595,0.002516941458705234,-0.6,3.74
81560,2016-01-13 14:00,14.0,3,1,35.0,1.0,3.5,1,86.0,1,88.51,30.04,1.65,0.0,1.52,0.0,6,248.9,133.5,14,150.84848484848487,229.289696969697,58.47000000000001,145.164135454079,379.38851785033484,51.686143537701994,205.93048780487808,217.24044032444957,0.35,0.7,1.0,1.4856315155103506,0.82,1.42,-0.7856,0.2605124531936373,0.4424267184352341,1.347465006951737,6.0,0.17183223052722044,5274.78869237872,0.0009407563745671547,-0.8,4.11
81580,2016-01-14 14:00,29.0,1,1,18.0,1.0,3.5,1,72.0,1,74.34,23.99,1.64,0.0,0.66,0.0,5,193.5,24.12,21,117.9878048780488,77.87195121951221,50.35000000000001,151.95588877855013,350.8995700997882,53.80168981119228,200.20298189563368,208.61586134453785,0.29,0.18999999999999995,0.0,1.1064848970863406,0.62,0.69,-0.5862,0.3025255836788873,0.3837248274372291,0.6358120746621785,0.3842006212937829,0.17036336657937395,29974.952232659733,0.16905509667835472,-0.3,2.27
81648,2016-01-19 11:00,28.0,4,2,37.7,3.0,3.0,-999,108.0,1,107.84,40.37,0.82,0.39,0.41,0.0,4,251.2,45.26,14,306.3414634146342,125.6,67.47,183.65937453683117,510.9613815833328,80.01362583237076,245.6260021097046,254.4444183313748,0.25,0.37,-0.5,1.9411889596602967,0.78,1.2,-0.9639,0.22576201479519745,0.3070533886018261,1.251958598731755,0.9845386029366732,0.5118868404546056,21969.23076923077,0.07543316030170484,-0.3,3.28
81646,2016-01-19 12:00,28.0,4,2,21.0,3.0,2.0,-999,89.0,1,90.15,18.98,1.21,0.24,0.56,0.0,4,247.2,57.88,20,204.29752066115702,114.40661157024796,71.17,194.10875368835187,427.1143445851656,80.36087429163805,259.92960161371656,261.8812020460358,0.25,0.25,-1.0,1.3338389967637545,0.81,1.16,-1.065,0.2140250546330192,0.2714529016570472,1.1685643501152607,1.0066608779573327,0.3885421229946446,28331.3437554509,0.13201634225317066,-0.2,1.78
81664,2016-01-21 11:00,40.0,5,2,80.0,3.0,3.0,-999,112.0,1,111.31,82.62,0.36,0.43,0.19,0.22,2,163.4,5.3820000000000014,6,453.88888888888886,86.23888888888891,28.69,146.66183339142557,373.805758437645,41.9373785308769,155.731846473029,161.16982968369828,0.24,0.03999999999999998,0.0,1.1277539779681762,0.3,0.61,-0.2566,0.5309223819530142,0.5903638674848579,0.1977124839051483,0.07891673128798853,0.8031283784778731,9305.061697305464,0.008561971080671452,-0.6,6.0
81692,2016-01-24 14:00,30.0,5,1,29.0,2.0,3.0,-999,83.0,1,88.85,27.09,1.62,0.01,0.75,0.0,5,226.6,74.29,31,139.87654320987653,104.9074074074074,61.75999999999999,204.7542098445596,370.88277484355575,77.41284538014206,261.54745475113117,263.77231759656655,0.22,0.1200000000000001,0.0,1.0747572815533983,0.62,0.97,-0.9456,0.2466347658392483,0.2725686206277972,0.9750927921861796,0.9140458214652002,0.3232485140370533,28235.464704000005,0.1652129869219549,-0.1,3.2
81704,2016-01-26 09:00,36.0,3,1,6.0,1.0,3.0,1,55.0,1,61.98,7.89,2.43,0.0,1.21,0.0,5,229.7,50.48,47,94.52674897119341,114.37736625514401,54.09,200.99794786466995,261.01399047673226,73.20172320449555,249.23663768115944,262.136389280677,0.22,0.5100000000000002,0.0,1.259013114932521,0.78,1.0,-0.7122,0.2816077489042702,0.32117003852911225,0.9974254456604764,0.887340219009338,0.20775582505407125,18383.31165357558,0.034784772628349996,-0.1,1.74
81705,2016-01-26 10:00,27.0,2,1,20.0,1.0,3.0,1,80.3,1,80.91,12.01,1.99,0.0,0.98,0.0,5,247.5,89.11,47,124.37185929648241,121.88442211055276,68.89999999999999,223.26314949201745,398.56869370176406,93.7796345938959,274.02239297475296,284.6359192348565,0.21,0.47,0.0,1.32613769271664,0.89,1.17,-1.214,0.221076388073033,0.2447202469283284,1.1039040208438278,1.0529145703457892,0.31637461438226816,28523.02400115811,0.13650056831673096,-0.1,1.87
81712,2016-01-26 14:00,30.0,4,3,30.0,3.0,3.0,-999,81.0,1,85.1,29.88,1.14,0.26,0.53,0.0,4,250.9,77.88,27,220.0877192982456,116.6464912280702,55.22,206.25641072075337,344.6469886092624,79.42030507728562,254.8248942917548,259.5378934624697,0.21,0.29999999999999993,-0.5,1.4523429937937709,0.52,1.2,-0.8444,0.2758450405329949,0.3344121605612633,1.210487191573834,1.0285508527288785,0.4684532783238254,22260.200272019414,0.07514330711273351,-0.1,3.03
81800,2016-01-28 10:00,37.0,6,1,29.0,3.0,3.0,-999,108.0,1,106.84,30.38,1.82,0.0,0.89,0.0,5,235.2,78.54,49,129.23076923076923,115.01538461538462,76.46000000000002,219.36243787601362,400.94730001316145,91.75823049386526,263.2628085573231,278.1946949602122,0.2,0.44000000000000017,-0.5,1.392857142857143,0.63,1.05,-1.065,0.19921740960282466,0.2134036879505965,0.9723445100956324,0.9488915134319994,0.3325184865043249,27406.84257038253,0.1349091711394144,-0.1,2.6
82414,2016-11-23 09:00,40.0,2,1,41.0,1.0,1.0,-999,58.0,1,54.4,45.35,0.44,0.47,0.13,0.28,2,181.5,2.9960000000000004,4,412.5,53.62500000000001,9.049999999999997,157.560773480663,356.1555567908042,58.65111893961161,157.560773480663,168.96742424242427,0.19,-0.03999999999999998,0.0,0.8363636363636363,0.47,0.72,-0.09297,1.6831119489759083,1.9335201027386344,6.0,6.0,0.745241537595372,9261.122716748134,0.004318023685876839,-0.4,1.82
82418,2016-11-25 08:00,29.0,6,2,48.0,3.0,1.0,0,66.0,0,59.95,50.3,0.43,0.48,0.15,0.08,2,212.2,6.839,6,493.4883720930232,74.02325581395348,9.650000000000006,186.3277720207254,399.7654795735945,70.25797860713907,186.3277720207254,183.9767407407407,0.17,-0.04999999999999999,0.0,0.8097117499214578,0.47,0.92,-0.1589,1.5784625013711886,1.7930108912751663,6.0,6.0,1.0423968246552744,9462.354267310791,0.004646101626736363,-0.3,1.96
82424,2016-11-29 11:00,30.0,3,2,37.0,2.0,1.0,-999,43.0,1,41.08,30.36,1.13,0.97,0.59,0.0,9,231.2,38.7,17,204.60176991150445,120.71504424778765,10.72,179.65009328358207,221.37713156759568,56.49928955585231,179.65009328358207,182.3620292887029,0.15,-0.4700000000000002,-4.0,0.4805065960207612,1.0,1.01,-0.1515,1.4209107405067136,1.8198458677093068,6.0,6.0,0.3537666325515683,3556.685550129273,0.000880593212864031,-0.0,6.0
82431,2016-11-29 11:00,30.0,6,3,38.0,3.0,1.0,0,60.0,1,54.35,28.7,0.59,0.99,0.27,0.0,3,290.1,84.82,18,491.69491525423723,132.75762711864408,25.65,199.30869395711497,258.29099163875594,73.55209014178304,211.22026748971192,216.22899590163934,0.17,-0.07000000000000006,-2.0,0.7700636144276267,0.42,1.86,-0.3931,0.5938465161104083,0.8581137967463494,0.9831820174555695,0.09644552279253496,0.9080467321974696,8379.758842837547,0.0049620887004238855,-0.0,5.61
82432,2016-11-29 12:00,37.0,5,1,78.0,2.0,1.0,-999,95.0,0,93.27,76.42,0.49,0.56,0.17,0.0,4,230.1,30.7,10,469.59183673469386,79.83061224489796,16.849999999999994,176.11970326409497,289.76703995813784,53.45191379281409,176.11970326409497,190.0152424942264,0.18,-0.07000000000000006,0.0,0.8141568883094306,0.35,1.0,-0.2067,0.9039859429217788,1.1751867867650905,6.0,6.0,0.7829075544280345,10990.432110726639,0.020117040559936662,-0.1,6.0
82433,2016-11-29 15:00,35.0,6,3,35.5,3.0,1.0,0,42.0,1,40.59,37.59,1.02,0.9,0.42,0.0,9,162.2,2.439,9,159.01960784313724,66.78823529411764,3.0,147.4259999999999,149.40768753611778,29.15679561030765,147.4259999999999,139.57104072398178,0.16,0.09999999999999998,-4.0,1.1579102557229402,0.87,0.48,-0.03475,5.077387712743986,5.57694179650622,6.0,6.0,0.2560382515691607,2168.8262606629955,8.948879738978725e-05,-0.2,6.0
82451,2016-12-01 10:00,31.0,4,1,54.0,2.0,1.0,-999,69.0,1,62.61,50.54,0.66,0.42,0.21,0.0,4,230.1,52.22,12,348.6363636363636,73.21363636363634,12.07,184.24059652029823,236.0505155705754,53.46625013637084,184.24059652029823,184.88529411764702,0.17,-0.06999999999999995,0.5,0.8467432265899878,0.51,1.0,-0.1847,1.2619853469951925,1.5695687720490352,6.0,6.0,0.6379548306422375,11676.055510204087,0.0243200267208476,-0.0,6.0
82454,2016-12-01 11:00,36.0,4,2,51.0,3.0,1.0,0,76.0,0,67.2,54.19,0.64,0.45,0.2,0.0,4,225.8,41.84,12,352.8125,70.5625,13.010000000000005,181.48162951575713,243.82415314298527,51.7258375139465,181.48162951575713,188.5097894736842,0.17,-0.06999999999999995,0.5,0.8419266707419005,0.58,0.96,-0.1741,1.1708042381423491,1.4507541864933409,6.0,6.0,0.6367235961693932,11409.817599999995,0.023923010267302258,-0.0,6.0
82453,2016-12-01 11:00,33.0,4,2,40.0,3.0,1.0,0,66.0,1,60.16,48.89,0.67,0.41,0.21,0.0,4,220.0,42.31,12,328.3582089552238,68.955223880597,11.269999999999996,176.77009760425912,229.7429605711961,50.74416840524273,176.77009760425912,172.1191693290735,0.17,-0.06999999999999995,0.5,0.8230958230958231,0.59,0.91,-0.1619,1.3515672704731132,1.6752648185420675,6.0,6.0,0.5756415898753197,10986.68329554044,0.021010935197377286,-0.0,6.0
82464,2016-12-04 15:00,29.0,6,3,12.0,3.0,1.0,0,45.0,0,42.7,8.3,0.85,0.91,0.36,0.0,9,330.1,158.3,28,388.35294117647067,139.80705882352942,34.40000000000001,237.3304651162791,236.6721433113882,92.76077042162814,272.97782340862426,287.44759776536307,0.15,-0.05000000000000005,-2.0,0.8623312800834763,0.8,2.14,-0.6416,0.4427954400648829,0.6120924155974025,1.7951897458641075,1.0986829830402145,0.8520737184357601,13704.294971855637,0.01786766309242873,-0.0,3.62
82495,2016-12-08 10:00,36.0,5,3,49.0,3.0,1.0,0,58.0,0,53.78,46.43,1.03,0.29,0.32,0.0,4,194.0,59.15,18,188.3495145631068,60.27184466019417,7.350000000000001,164.4394557823129,143.84514320918248,45.89971460785797,164.4394557823129,155.3561302681992,0.17,0.010000000000000007,0.0,0.9718061451384676,0.6,0.7,-0.09179,2.07240314805877,2.4375085599982884,6.0,6.0,0.3207689295091555,7875.583187758799,0.0136816146133268,-0.0,6.0
82497,2016-12-08 10:00,32.0,5,3,40.0,3.0,1.0,0,52.0,1,49.56,38.8,0.98,0.29,0.29,0.0,4,221.0,105.8,19,225.51020408163262,65.39795918367346,10.760000000000005,176.3013940520446,157.82818651401053,51.45767745190757,176.3013940520446,169.283371559633,0.16,-0.07000000000000006,0.0,0.8712518853695325,0.7,0.92,-0.1443,1.4156285444453494,1.7670865625211851,6.0,6.0,0.3917630357653604,10985.788347205711,0.029379683009784524,-0.0,6.0
82498,2016-12-08 11:00,33.0,4,2,41.0,3.0,1.0,0,63.0,0,57.21,44.75,0.92,0.31,0.28,0.0,4,221.9,93.85,19,241.19565217391303,67.53478260869565,12.46,177.28804173354737,167.29238559127262,52.5074020908806,177.28804173354737,178.3321685508736,0.17,-0.04999999999999993,0.0,0.9095580344076232,0.76,0.93,-0.1666,1.2224850030683765,1.5237758138025692,6.0,6.0,0.4227164709466736,11990.666666666664,0.037253065280366635,-0.0,6.0
82503,2016-12-08 11:00,29.0,5,2,10.0,3.0,1.0,0,48.0,1,45.79,10.23,1.0,0.25,0.39,0.0,4,298.3,372.1,31,298.3,116.337,35.56,230.07618110236217,218.21236707261002,86.20416849550678,269.84778002018163,272.54184615384617,0.16,-0.010000000000000007,0.0,0.9618863327834628,0.68,1.73,-0.6386,0.42835104438222654,0.5527980007307718,1.4614580943510167,1.0039003933247932,0.6758721515488264,18175.55663709509,0.05149519090133981,-0.0,4.57
82505,2016-12-08 14:00,35.0,4,2,15.0,3.0,1.0,0,45.0,1,42.47,15.15,1.06,0.84,0.47,0.0,9,308.0,106.7,31,290.566037735849,136.56603773584905,27.32,225.0137628111274,186.38466690942548,88.07612214511282,243.60138740661685,252.97586206896545,0.15,-0.09999999999999988,0.0,0.8918383340797136,0.65,1.85,-0.4347,0.557546234927964,0.7586867908046075,1.193032774104177,0.5581509511834528,0.6099171048018047,9290.277740793017,0.006738920480466103,-0.0,5.51
82527,2016-12-14 12:00,30.0,6,3,15.0,3.0,1.0,0,76.0,0,66.19,26.18,0.97,0.34,0.49,0.0,4,309.2,277.8,37,318.7628865979381,156.19381443298968,40.01,229.1774306423394,224.41058198971402,81.1455154920607,268.97730125523015,279.459901599016,0.17,0.18999999999999995,-1.0,1.3192025740538031,0.7,1.87,-0.6997,0.3807089012304917,0.5108382930507647,1.6777458329454231,1.1395805641345913,0.6932569336062743,11520.895180229529,0.0117226727456919,-0.0,4.5
82556,2016-12-24 09:00,34.0,5,3,20.0,3.0,1.0,0,46.5,1,44.86,36.25,1.54,0.6,0.55,0.0,9,200.8,12.68,34,130.3896103896104,71.71428571428572,8.61,133.3749128919861,104.84075585870144,34.59004902078408,133.3749128919861,121.48030888030888,0.17,0.21,-4.0,1.4035437198574123,0.86,0.75,-0.08311,1.7691246385867565,2.6443725172643577,6.0,6.0,0.13923681983638525,4936.230303030302,0.0018680097690410766,-0.1,6.0
82602,2017-01-06 10:00,23.0,2,1,50.0,1.0,3.0,1,85.0,1,82.69,38.64,1.29,0.23,0.39,0.0,4,152.7,9.737,12,118.3720930232558,46.16511627906976,44.05,135.2085130533485,405.8905527568363,51.760404493736544,145.97315842583245,154.9248159831756,0.27,0.2,0.0,1.4718011571528993,0.59,0.42,-0.4977,0.34579257975554994,0.3896705917318909,0.3564318907838685,0.27186620585927124,0.16824765096811695,61011.20779672815,2.19081354537632,-0.7,3.53
82611,2017-01-08 10:00,40.0,2,2,69.0,1.0,3.0,1,79.0,1,78.97,57.01,0.44,0.46,0.16,0.48,2,122.8,1.857,3,279.09090909090907,44.65454545454545,21.96,119.60031876138432,319.91926290293077,28.46869119490929,125.76078125000002,149.56636259977194,0.29,-0.02000000000000001,0.0,1.10529670018411,0.31,0.4,-0.1592,0.6936322011945342,0.7122527753121218,6.0,6.0,0.4646500673022635,19497.165991902835,0.10718936085831712,-1.2,6.0
82610,2017-01-08 10:00,26.0,3,2,34.0,2.0,3.0,-999,64.0,1,62.41,28.61,2.46,0.0,1.27,0.0,6,155.6,13.57,5,63.2520325203252,80.33008130081299,33.8,127.73053254437866,308.22828287926916,43.117981437671745,149.94141851651332,162.43703319502075,0.29,1.9,0.2,4.9066746235769365,0.77,0.89,-0.3437,0.450655714148875,0.5471166347933625,0.26333086378492016,6.0,0.11206724151893767,14448.876521282451,0.027558600731417058,-0.5,5.25
82632,2017-01-11 12:00,31.0,4,3,90.0,3.0,2.0,-999,110.0,1,98.95,78.8,0.3,0.47,0.15,0.25,2,156.0,4.501,6,520.0,78.0,20.150000000000006,133.23518610421837,325.457642102208,34.83925349490702,134.83986727922408,167.56589658965896,0.24,0.0,0.0,0.9679487179487181,0.35,0.57,-0.2056,0.7559386172819834,0.8828933821974734,6.0,6.0,0.8003122177662931,9214.565826330532,0.010394528539920029,-0.6,6.0
82642,2017-01-12 09:00,30.0,4,2,40.0,3.0,3.0,-999,91.0,1,86.08,41.87,1.82,0.0,0.79,0.0,5,179.5,19.74,16,98.62637362637363,77.91483516483518,44.21,175.83492422528843,470.4339480313536,72.70113800929968,213.4022075055188,216.53987730061345,0.22,1.27,-0.5,4.120232970372246,0.9,0.59,-0.5805,0.3445411250448309,0.35180886882667795,0.5559067971576613,0.5409170371914842,0.20685310863977693,28009.034100013112,0.15631913657241667,-0.3,3.05
82691,2017-01-16 12:00,34.0,3,2,34.0,2.0,3.0,-999,70.0,1,72.99,25.49,1.55,0.04,0.7,0.0,5,184.4,23.02,13,118.96774193548387,83.2774193548387,47.5,142.05606315789473,279.7448221701494,52.041094953499254,180.9673580786026,188.6180346820809,0.29,0.74,0.0,2.0899949117591925,0.87,0.63,-0.4616,0.3206771186996205,0.41441408124073376,0.5482119851034624,0.2751361768192101,0.15726673500719118,19680.46140195209,0.054957083318404855,-0.2,3.49
82714,2017-01-17 10:00,37.0,3,1,35.0,1.0,3.0,1,95.0,0,95.92,50.45,0.66,0.4,0.25,0.0,4,187.2,11.86,11,283.6363636363636,70.9090909090909,45.47,140.996635144051,410.310823511391,58.08491888161452,168.0654736842105,171.6875687568757,0.28,0.08000000000000007,0.0,1.1069297082228118,0.45,0.65,-0.4092,0.3349936911861001,0.4424136604123477,0.5493779759399465,0.24251113052482376,0.3638754367331292,24799.65495652174,0.1518910179746819,-0.4,4.83
82709,2017-01-17 11:00,35.0,4,1,25.0,2.0,3.0,-999,97.0,1,95.98,31.74,1.6,0.03,0.7,0.0,5,194.5,30.25,14,121.5625,85.09374999999999,64.24000000000001,166.23952366127025,392.5808622002342,71.57420558017282,218.44098901098903,222.02991967871486,0.27,1.13,-0.5,4.1323633976918455,0.89,0.7,-0.7127,0.237113373882814,0.2767230874247591,0.7573158691682873,0.6613586460840655,0.21064711122780336,30836.388219884237,0.20999437727419548,-0.3,3.0
82734,2017-01-18 12:00,30.0,3,1,35.0,1.0,3.0,1,70.0,1,69.59,27.15,1.64,0.02,0.74,0.0,5,182.0,26.51,15,110.97560975609757,82.12195121951221,42.44000000000001,161.64889255419416,285.43206914948183,59.394382893861206,194.35441412520058,203.85158817086528,0.24,0.8699999999999999,0.0,2.5382902811474235,0.92,0.61,-0.5088,0.35891053577360915,0.4033452200588263,0.5280637643257589,0.4248666771405185,0.19350052703693074,21730.69012608378,0.08692512583695025,-0.2,4.23
82735,2017-01-18 14:00,28.0,3,1,22.0,1.0,3.0,1,75.0,1,74.3,29.25,1.6,0.02,0.73,0.0,5,182.4,29.97,15,114.0,83.21999999999998,45.05,164.90879023307437,351.0690470116577,66.86976896971619,200.9475,211.81535135135127,0.24,0.98,-0.5,3.1692133559705717,0.89,0.61,-0.5710000000000001,0.3381168288175799,0.37341761779642935,0.5653617724577329,0.4831732913422969,0.20623308364184675,23852.423572413456,0.12667546983999614,-0.2,4.56
82787,2017-01-24 14:00,30.0,5,1,28.0,2.0,3.0,-999,67.0,1,70.3,20.5,2.36,0.15,1.11,0.0,5,221.7,81.37,65,93.94067796610169,104.27415254237287,49.8,183.0491365461848,258.5288031734452,70.73913058367887,228.2757349011224,238.39246913580246,0.23,-0.16000000000000014,-4.0,0.8646963220711529,0.98,0.93,-0.6728,0.305866729683373,0.369266685301428,0.9266877652855172,0.7323642520375513,0.17619590990366565,20275.555988420845,0.08151050375352256,-0.0,5.08
82807,2017-01-26 10:00,28.0,6,1,23.2,3.0,2.0,-999,100.0,1,96.19,26.99,1.83,0.0,0.73,0.0,5,249.3,170.4,68,136.2295081967213,99.44754098360657,69.2,205.61200867052025,352.2539514488858,84.05558759242462,246.24109357384444,261.12266380236304,0.22,0.07000000000000006,0.0,1.036019035116508,0.74,1.19,-1.111,0.2201179644253176,0.26599569117791666,1.1734569168789777,1.0593593744684449,0.2905862034382043,39782.62145685678,0.5522994038193384,-0.0,3.68
82822,2017-01-29 11:00,33.0,3,2,42.0,2.0,2.0,-999,85.5,1,85.06,43.26,0.85,0.35,0.37,0.0,4,240.2,65.02,24,282.5882352941176,104.5576470588235,41.8,179.54155502392345,293.6683145915063,64.0347136712701,216.8137396694215,222.67119244391967,0.22,0.0,0.0,0.9808492922564532,0.57,1.1,-0.5291,0.36440581670411415,0.4849343611222731,0.9698059169874926,0.5545656619652246,0.4718292691316771,16522.869022869025,0.04815676699228735,-0.1,5.82
82863,2017-02-01 11:00,25.0,4,2,21.0,3.0,3.0,-999,71.0,1,72.87,24.64,1.15,0.25,0.49,0.0,4,220.9,28.63,23,192.08695652173915,94.12260869565218,48.23,168.16533278042712,356.99461914857267,55.90828751964671,193.44904761904758,211.54328358208957,0.23,0.33,0.0,1.4570382802062514,0.65,0.92,-0.6801,0.3158234115329043,0.4127232150955386,0.9150347382875283,0.6145533549955104,0.3029534802849153,24973.82340691378,0.09243151520093887,-0.2,2.03
82954,2017-02-14 15:00,30.0,6,1,36.0,3.0,2.0,-999,137.0,1,132.34,22.72,1.79,0.63,0.92,0.0,9,337.1,147.9,94,188.32402234636882,173.25810055865924,109.62,241.3724046706805,449.45258711636313,109.33688292157382,275.702249598286,298.3535164835165,0.21,-0.69,-2.5,0.5438464703687046,0.84,2.24,-1.976,0.13895423406524332,0.1928855759488972,1.5447373723758413,1.453636865900915,0.4197511849465039,27885.44740555692,0.1347644067865211,-0.0,2.25
83043,2017-02-21 10:00,37.0,3,2,102.0,2.0,2.0,-999,116.0,1,114.69,110.61,3.48,0.0,1.5,0.0,6,140.3,5.7860000000000005,3,40.316091954022994,60.47413793103449,4.079999999999998,102.62058823529415,121.65214758316166,12.879920529343526,102.62058823529415,95.20323886639679,0.22,2.73,0.10000000000000007,3.7702066999287234,0.9,0.7,-0.0281,3.733373318194116,5.0728996772268875,6.0,6.0,0.04958395021671527,2016.6058666666668,5.482541822799865e-05,-0.4,6.0
83042,2017-02-21 10:00,34.0,5,3,35.0,3.0,1.0,0,80.0,1,85.77,34.42,1.12,0.27,0.52,0.0,4,246.8,87.12,43,220.35714285714283,114.58571428571429,51.35,201.4554819863681,257.3843598527829,74.02491854266748,239.10880801687765,255.1875979112272,0.21,0.19000000000000009,-0.5,1.2369948240706854,0.64,1.16,-0.7133,0.29663414095875323,0.3621774088455674,1.1537906892697083,0.9454959030257168,0.4539681800529866,18854.90989396316,0.0548973415874674,-0.0,4.26
83034,2017-02-21 11:00,35.0,5,2,24.0,3.0,2.0,-999,81.0,1,86.61,17.42,2.6,0.0,1.22,0.0,5,236.4,88.28,93,90.92307692307692,110.92615384615385,69.19,211.92199739846802,232.27606813882855,82.74151155954263,249.6908504398827,255.75950155763243,0.21,0.4199999999999999,0.0,1.2930579487418308,0.78,1.06,-0.977,0.22014977797704835,0.24518644650245405,1.0367076682911744,0.984425065904183,0.21667829421818252,27306.63800053749,0.1408820006468874,-0.0,2.92
83037,2017-02-21 11:00,36.0,6,3,20.0,3.0,2.0,-999,100.0,1,103.49,21.58,2.41,0.0,1.12,0.0,5,242.8,107.3,88,100.74688796680498,112.8365145228216,81.91,225.58972042485647,298.17350937707494,90.29116711146656,266.2296959826276,276.39733759318426,0.21,-0.3799999999999999,0.0,0.8826548688242901,0.81,1.12,-1.192,0.18596219189637372,0.19997847778345226,0.987972659067018,0.9658019606196436,0.2661812309392229,32657.85004830335,0.2455933842370399,-0.0,2.87
83059,2017-02-23 11:00,31.0,6,3,36.5,3.0,2.0,-999,103.0,1,105.18,27.83,1.74,0.0,0.84,0.0,5,253.3,116.8,58,145.57471264367814,122.28275862068963,77.35000000000002,230.7262443438914,324.71027104232877,93.22203180905485,279.36317635270547,281.5725877192983,0.21,0.73,-1.0,1.9465354352253224,0.86,1.23,-1.2990000000000002,0.1969251860146344,0.21591670836999127,1.0903806951896815,1.0556447158409306,0.3879655755241585,30625.1121327652,0.18009711467408346,-0.0,2.25
83522,2017-03-08 11:00,28.0,6,3,60.0,3.0,3.0,-999,90.0,1,101.87,62.23,1.1,0.32,0.47,0.0,4,198.9,15.99,18,180.8181818181818,84.98454545454545,39.64000000000001,151.43393037336025,310.12123553237655,49.62622622946064,187.91939086294414,198.95264423076927,0.26,0.3200000000000001,0.0,1.526536979025667,0.55,0.74,-0.4681,0.3842624404195755,0.5023295320094557,0.5255573087066567,0.19398243983924712,0.2540850214304435,19424.701976761742,0.05225732409722877,-0.3,3.37
83527,2017-03-09 10:00,27.0,5,1,65.0,2.0,4.0,-999,116.0,1,124.65,70.32,1.29,0.25,0.59,0.0,4,188.1,12.9,12,145.8139534883721,86.03023255813952,54.33000000000001,160.4865083747469,403.4626616928005,56.87451300166792,194.8603166496425,203.65785123966947,0.25,0.92,-0.5,4.394715289452132,0.75,0.65,-0.6828,0.2803637610570949,0.3276718764650152,0.6940022014700952,0.5771659053149489,0.2420686284409301,27032.223552523825,0.1222286020867579,-0.7,2.23
83550,2017-03-13 10:00,35.0,4,1,100.0,2.0,2.0,-999,132.0,1,140.33,88.72,0.71,0.45,0.36,0.0,9,240.7,25.99,11,339.01408450704224,122.0450704225352,51.61000000000002,208.49821739972882,528.4499071784106,84.93801611290702,232.5404092071612,240.8603680981596,0.18,0.07999999999999996,-0.5,1.0628392057556992,0.5,1.1,-0.7174,0.2951397624148802,0.3398083778337859,1.1318134514582967,1.0124185374718566,0.7676054054627117,16511.493717583464,0.031917408743601584,-0.3,3.54
83793,2017-11-17 10:00,29.0,5,3,39.0,3.0,2.0,-999,63.0,1,60.84,35.87,0.36,0.46,0.15,0.14,2,207.4,12.3,5,576.1111111111112,86.41666666666669,24.97000000000001,142.5339207048458,242.81525986010968,38.176976411878016,160.2665200659703,171.0026183282981,0.22,-0.11,0.0,0.7338271199655305,0.4,0.89,-0.285,0.6100185477866227,0.8816304391927349,0.18048934356491486,6.0,0.7205343245362068,11895.652173913048,0.013616967756939984,-0.3,4.84
83805,2017-11-25 09:00,32.0,5,2,45.0,3.0,2.0,-999,70.0,1,70.01,35.37,0.84,0.35,0.37,0.0,4,234.0,35.7,16,278.57142857142856,103.07142857142857,34.64000000000001,171.58025404157044,255.21316508038157,56.75567126261345,205.27857142857147,225.6034134007585,0.22,0.34,-1.0,1.7790769230769232,0.63,1.04,-0.4326,0.4397275732745949,0.5964001851294141,0.6947695142999696,0.2263583238313944,0.4339366080620311,13721.079283025227,0.01881205059699405,-0.1,3.93
83816,2017-11-28 08:00,36.0,3,2,63.0,2.0,2.0,-999,80.0,1,76.54,52.26,1.56,0.0,1.18,0.0,6,205.9,53.37,9,131.9871794871795,155.74487179487178,24.28000000000001,121.21371499176277,194.7370863833387,32.25815093128983,133.63008213552362,147.10887445887448,0.27,0.9,0.6000000000000001,1.9067508499271493,0.89,0.93,-0.1902,0.6273543302401962,1.0552786320015122,6.0,6.0,0.12252499494347704,2518.382909822152,0.00013095766420314982,-0.8,6.0
83817,2017-11-28 08:00,32.0,3,2,71.0,2.0,2.0,-999,104.0,1,98.86,68.54,1.6,0.0,1.2,0.0,6,203.9,53.28,9,127.4375,152.92499999999995,30.32,129.61823878627968,264.2189375043957,40.79027383941617,156.56433456075752,159.40926315789474,0.28,1.16,0.6000000000000001,3.3278344999777074,0.82,1.0,-0.2786,0.5023800507332444,0.7838686848480035,0.14807081316447435,6.0,0.14366404727071969,3752.188552188553,0.0004551080072514868,-0.8,6.0
83823,2017-11-28 09:00,30.0,3,1,38.5,1.0,2.0,-999,73.0,1,72.54,47.69,1.6,0.11,0.72,0.0,5,151.5,7.365,14,94.6875,68.175,24.85000000000001,134.11649899396375,186.5278853942368,40.29478687457648,148.68467336683418,169.1584137191854,0.25,-0.2799999999999998,0.0,0.8538726213046837,0.67,0.41,-0.2515,0.6129643113976648,0.6913387938496965,6.0,6.0,0.13284335893624286,13915.6897326832,0.017542699708298522,-0.4,3.12
83814,2017-11-28 10:00,31.0,3,1,48.0,1.0,2.0,-999,65.0,1,64.94,52.97,1.0,0.32,0.27,0.0,4,141.6,4.218,6,141.6,38.232,11.97,116.23233082706768,209.9854345139096,23.021106400129447,116.23233082706768,108.52861771058315,0.24,0.48,0.0,2.2829747935680142,0.61,0.36,-0.1122,1.2725282488080174,1.5454435570970086,6.0,6.0,0.15856886518855026,20521.26200274348,0.07546528765687588,-0.4,4.51
83858,2017-12-05 10:00,33.0,5,2,34.8,3.0,2.0,-999,104.0,0,99.47,50.63,1.59,0.08,0.96,0.0,5,204.6,40.49,16,128.67924528301884,123.53207547169808,48.84,139.36265356265358,242.43376737520748,51.15167236116767,188.01433882103032,196.0446952595937,0.33,0.7500000000000001,0.0,2.013126658287949,0.86,0.78,-0.4744,0.3118788521341518,0.4548074715127463,0.6051936948969536,0.05,0.14778714315288627,9858.765388257578,0.006993695915011572,-0.1,4.42
83867,2017-12-05 11:00,32.0,4,2,100.0,3.0,2.0,-999,131.0,1,120.12,83.59,1.23,0.3,0.61,0.0,4,152.4,5.968,8,123.90243902439023,75.58048780487805,36.53,126.49468929646862,269.11572964347096,39.8894558702304,149.5349873417721,157.2072258064516,0.3,0.7,0.0,2.666431436636458,0.71,0.42,-0.3299,0.4169768173619484,0.5007849685654573,0.16437150227725866,0.05,0.15407906234925606,15028.81171818364,0.029409085626671307,-0.7,4.88
83866,2017-12-05 11:00,25.0,5,3,71.0,3.0,2.0,-999,97.0,1,97.15,66.17,0.62,0.4,0.23,0.0,4,178.6,10.04,9,288.06451612903226,66.25483870967743,30.980000000000004,127.08979987088443,265.66122097042324,39.17445143313917,147.66747049769108,147.93605236656597,0.28,0.05000000000000005,0.0,1.0298618887644644,0.36,0.59,-0.328,0.4916773124025815,0.6866913930867867,0.11121176737459328,6.0,0.3121556675337057,22807.897902515357,0.13108801325899758,-0.4,5.54
83864,2017-12-05 11:00,28.0,5,2,43.0,3.0,2.0,-999,68.0,1,68.94,36.27,1.71,0.0,1.63,0.0,6,256.3,227.5,16,149.88304093567248,244.30935672514624,32.669999999999995,131.64230180593816,191.296253200428,41.66793536339009,153.48163265306118,170.15538818076476,0.28,0.77,1.0,1.3684428985314752,0.94,1.1,-0.3307,0.4662431324833784,0.8962970960167839,0.3172312612889066,6.0,0.11580652824377564,1999.7689408337155,6.404290711297131e-05,-0.7,6.0
83859,2017-12-05 11:00,33.0,3,2,91.0,2.0,2.0,-999,118.0,1,112.96,71.3,0.97,0.3,0.31,0.0,4,186.5,19.96,13,192.2680412371134,59.60309278350515,41.66,132.03624579932793,282.48392869407917,45.39170252998853,161.00271999999995,166.15337142857138,0.3,0.47,-0.5,2.046101876675603,0.69,0.64,-0.3866,0.3656304161841569,0.5132267057539875,0.40686131300179984,6.0,0.21532803800121111,32914.259602768856,0.36954018527311616,-0.2,4.63
83860,2017-12-05 11:00,35.0,2,1,52.0,1.0,2.0,-999,65.0,1,71.13,52.3,1.02,0.35,0.4,0.0,4,125.6,2.65,8,123.13725490196077,49.25490196078432,18.83,109.08767923526287,209.48020545085856,27.22277303604508,109.08767923526287,119.52189218921896,0.29,0.23,0.0,1.316838668064178,0.61,0.28,-0.1477,0.808930596825915,0.9290425506836152,6.0,6.0,0.13558942095922208,14442.394736842105,0.03271654933606562,-0.7,6.0
83857,2017-12-05 11:00,35.0,3,1,24.0,1.0,2.0,-999,72.0,1,74.66,37.53,1.74,0.09,0.79,0.0,5,167.1,13.04,21,96.03448275862068,75.86724137931036,37.13,130.61712900619446,188.1665395782629,43.324846686303225,163.38357883251498,181.4928136419001,0.3,0.3899999999999999,-1.0,2.2430214774918547,0.93,0.51,-0.326,0.4102387055812545,0.5226520564576457,0.21500390415759926,6.0,0.11695786763053835,15974.479614280923,0.028330887189857164,-0.3,3.48
83863,2017-12-05 11:00,30.0,2,1,89.5,1.0,2.0,-999,126.0,1,117.55,84.79,0.66,0.4,0.34,0.0,4,157.6,5.097,8,238.7878787878788,81.1878787878788,32.75999999999999,114.45876068376069,269.08746903558284,38.59118234433872,125.76737804878049,143.68671586715868,0.32,0.26,0.0,1.7086294416243653,0.48,0.45,-0.2842,0.464962244756776,0.636358323175203,0.05,6.0,0.23380088459428705,11999.02300020354,0.01794476687006363,-0.7,6.0
83869,2017-12-05 12:00,38.0,3,2,95.0,2.0,2.0,-999,116.0,1,115.4,84.48,0.73,0.38,0.18,0.0,4,168.3,9.203,8,230.54794520547944,41.4986301369863,30.92,119.5808214747736,263.2356943537478,33.99847232286418,134.7680081507896,145.23344444444444,0.29,0.18999999999999995,0.0,1.2080720054576264,0.48,0.52,-0.2342,0.4926314080928837,0.6889803301921198,0.06406784966727569,6.0,0.2329139690620585,38909.209377727886,0.664391962854183,-0.3,4.73
83871,2017-12-05 14:00,39.0,3,2,62.5,2.0,2.0,-999,82.0,1,84.9,59.67,1.11,0.33,0.48,0.0,4,138.2,3.668,9,124.50450450450451,59.76216216216216,25.230000000000004,120.35759017043205,203.26316582284022,29.89150053800399,128.8799182422075,135.14002134471724,0.28,0.13000000000000012,0.0,1.3137792019847017,0.52,0.34,-0.1812,0.6037321893869191,0.6917225923412206,6.0,6.0,0.15286777912215238,12919.937500000005,0.020154321121952645,-0.6,5.56
83868,2017-12-05 14:00,37.0,6,3,29.0,3.0,2.0,-999,60.0,1,66.46,19.03,1.52,0.08,0.68,0.0,5,218.0,39.85,26,143.42105263157896,97.52631578947368,47.42999999999999,155.33698081383088,159.92868803514554,52.65481328321643,199.13047368421056,215.9719018404908,0.27,0.44,0.0,1.5681617397213723,0.67,0.89,-0.4692,0.32115039296293435,0.448041794941715,0.8072791929516323,0.35125291139384257,0.19391315973329806,15629.176470588234,0.022309745559065213,-0.1,2.18
83875,2017-12-06 09:00,32.0,3,2,23.0,2.0,2.0,-999,50.0,1,56.3,29.73,1.62,0.11,0.75,0.0,5,166.1,16.15,17,102.53086419753086,76.89814814814814,26.57,122.38490779074142,140.13596564348643,36.825587832377074,132.64303926568078,146.59741176470587,0.27,0.44000000000000017,0.0,1.4075959958775093,0.75,0.5,-0.2474,0.5732842731739547,0.7737416464014235,6.0,6.0,0.10939265731927536,11659.287272727273,0.013456075156978069,-0.2,5.15
83983,2017-12-19 14:00,33.0,3,1,26.0,1.0,3.0,1,73.0,0,75.83,13.55,1.5,1.0,0.81,0.0,7,356.7,50.51,36,237.8,192.618,62.28,232.1943962748876,285.4511818404633,102.74041570354835,337.9326923076923,343.5372864321608,0.24,0.0,-1.0,0.9887860947574992,0.66,6.51,-1.019,0.2445755160281305,0.3731278848458109,6.0,4.464370157995628,0.7449201690862929,12261.449233509009,0.008459072624996171,-0.1,0.1
84001,2017-12-20 10:00,28.0,4,2,41.0,3.0,2.0,-999,77.0,1,88.11,44.47,0.98,0.35,0.52,0.0,4,226.8,31.75,11,231.42857142857144,120.34285714285716,43.64,179.96404674610454,376.30070757129454,62.971526766424454,226.18388074785244,242.45818908122502,0.23,0.37,-0.5,1.6958105646630235,0.71,0.97,-0.6231,0.3490413184746098,0.43816124257322064,0.8616466274230509,0.5764924201544612,0.4089828447963178,14163.911005917163,0.02156498377123959,-0.2,4.17
84014,2017-12-20 13:00,32.0,6,3,60.0,3.0,2.0,-999,112.0,1,110.55,52.44,0.82,1.0,0.45,0.0,9,318.1,95.32,15,387.92682926829286,174.56707317073173,58.11,205.2984856307004,357.6369242591976,82.63767269423028,297.2981640849111,308.00104275286753,0.24,0.1499999999999999,-3.0,1.2731282287087038,0.83,1.98,-0.872,0.2621263661716051,0.40314864045158094,1.9134254392324952,1.1692625143464828,0.6535238094711185,11410.72164446877,0.00841033497752454,-0.1,2.1
84016,2017-12-21 10:00,30.0,6,3,34.0,3.0,2.0,-999,107.0,1,108.68,34.14,1.49,0.15,0.82,0.0,4,246.8,78.31,32,165.63758389261747,135.8228187919463,74.54,209.42837402736785,389.26020369746817,85.88882052004291,256.3150170648464,274.81825726141085,0.26,0.3899999999999999,-1.0,1.434127744216885,0.91,1.16,-1.168,0.20434884811151025,0.2402610138653324,1.0847778698087784,0.9975650080859674,0.369713830616814,21974.07254873049,0.06275739508795034,-0.1,2.07
84035,2017-12-25 11:00,36.0,2,1,21.0,1.0,2.0,-999,62.0,1,66.53,25.28,1.42,0.2,0.79,0.0,4,230.2,57.72,21,162.11267605633802,128.06901408450705,41.25,198.39696969696968,244.89757195488892,68.22728196807152,251.70319472616632,272.04273399014784,0.2,0.25,0.0,1.2859052329078395,0.74,1.0,-0.5334,0.3692645609268357,0.4275527778873328,0.8991309247299669,0.7298476488070289,0.3453392634067726,11029.491530203491,0.009242482856608343,-0.1,3.83
84036,2017-12-25 13:00,34.0,5,2,41.0,3.0,2.0,-999,95.0,1,101.58,43.85,1.04,0.31,0.54,0.0,4,253.8,66.22,24,244.0384615384616,131.78076923076924,57.73,209.0610774294128,367.2093062054025,76.63929483937397,270.9231313131313,276.23530612244895,0.22,0.040000000000000036,-0.5,1.0686840031520883,0.61,1.23,-0.8183,0.26385177790112546,0.31933425231535506,1.2251878260282758,1.0510020414274148,0.5284714134065077,16677.091906721536,0.031249895360851317,-0.1,3.23
84181,2018-01-13 09:00,33.0,4,1,38.0,2.0,2.0,-999,116.0,1,124.64,26.76,1.85,0.01,1.07,0.0,5,271.7,136.4,55,146.86486486486484,157.1454054054054,97.88,249.57853494074368,415.4022795992498,110.83920236875929,293.4540348964013,312.30617906683483,0.18,0.3700000000000001,-0.5,1.2776039749723962,0.93,1.42,-1.7,0.15562079217646071,0.16918185418978918,1.0416192803286346,1.0259884714586551,0.4298782905931854,25095.727806299325,0.08489385957435265,-0.1,1.22
84279,2018-01-22 10:00,35.0,3,2,145.0,2.0,3.0,-999,158.0,1,167.46,152.94,0.3,0.5,0.1,0.85,1,93.3,0.336,0,311.0,31.1,14.52000000000001,118.16349862258954,393.87832874196516,32.89246097337007,118.16349862258954,149.2,0.29,0.0,0.0,1.0075026795284032,0.24,0.22,-0.1187,1.0490470480876,0.8323326772664505,6.0,6.0,0.6488081810162004,26707.5,0.15974489307603268,-5.6,4.07
84620,2018-03-03 09:00,37.0,1,1,117.0,1.0,2.0,-999,140.0,1,154.41,144.92,2.39,0.0,2.12,0.0,6,251.9,347.0,19,105.39748953974896,223.44267782426778,9.490000000000009,127.89662802950473,96.18637298606596,38.85149202205551,127.89662802950473,122.20814419225631,0.2,0.9200000000000002,1.0,0.9629887683537092,0.95,0.91,-0.07823,1.6050751462836608,3.1215196736750777,6.0,6.0,0.07224177925480171,566.5265784378456,2.599184318936813e-06,-0.5,6.0
84844,2018-04-05 14:00,29.0,3,2,31.0,2.0,2.0,-999,72.0,0,93.31,44.95,1.54,0.02,0.62,0.0,5,255.4,86.08,90,165.84415584415584,102.82337662337663,48.36,219.30891232423488,170.90615932941373,88.32325599273123,275.45949161709035,281.17760532150777,0.19,0.07000000000000006,-0.5,1.063616362754969,0.0,1.25,-0.8086,0.3149744238674932,0.3659012750286054,1.2116725815079852,1.05401074672067,0.3946611606896592,27410.718002081157,0.1085884090282522,-0.0,1.03
84984,2018-11-28 09:00,31.0,3,3,63.6,2.0,1.0,-999,90.0,1,86.58,71.39,1.82,0.0,0.59,0.0,5,153.1,18.83,25,84.12087912087911,49.63131868131868,15.189999999999998,95.31415404871623,235.1237342315414,31.845873048945087,95.31415404871623,100.28244803695159,0.23,0.41000000000000014,0.0,1.7696587313719772,0.7,0.42,-0.111,1.0027757168026314,1.597609824685584,6.0,6.0,0.05777871362425721,11834.59790121162,0.02176745539677492,-0.1,6.0
84983,2018-11-28 09:00,32.0,4,2,72.0,3.0,1.0,0,81.0,1,78.52,65.3,4.76,0.0,2.37,0.0,6,151.8,17.19,9,31.89075630252101,75.5810924369748,13.22,91.48063540090773,225.3920053220326,23.005653733040084,91.48063540090773,94.56369230769234,0.22,3.38,0.2,2.0745641671917663,1.0,0.61,-0.0883,1.1522059862505276,1.892968838671924,6.0,6.0,0.024669520608945658,3990.8893992534418,0.0008241842321296685,-0.3,6.0
85002,2018-12-01 10:00,31.0,3,3,48.0,2.0,1.0,-999,70.0,1,67.48,50.48,1.35,0.02,0.46,0.0,4,209.5,48.17,32,155.18518518518516,71.38518518518518,17.000000000000007,155.06735294117644,156.4554729814764,45.865704988696784,155.06735294117644,170.6189386056191,0.18,0.02000000000000001,0.0,0.9840292856245626,0.69,0.82,-0.1995,0.8960095963665861,1.2048613136798094,6.0,6.0,0.21729186989378835,12451.32838826334,0.014089196036466675,-0.0,4.08
85003,2018-12-01 12:00,34.0,5,2,33.0,3.0,1.0,0,62.0,1,61.71,40.81,1.2,0.19,0.4,0.0,4,239.4,79.55,32,199.5,79.80000000000003,20.9,170.18952153110044,145.59169040058092,53.289982089147614,176.28515306122443,203.01636556854413,0.18,0.1299999999999999,-1.0,1.2592228234136744,0.8,1.09,-0.2508,0.7288116334082284,1.0195428611342503,0.20075503639061992,6.0,0.2988917311425608,13356.213017751477,0.016577247369825437,-0.0,3.69
85007,2018-12-04 11:00,31.0,4,2,54.0,3.0,3.0,-999,95.0,1,95.86,54.67,0.3,0.54,0.12,0.77,1,193.3,3.4960000000000004,1,644.3333333333334,77.32000000000002,41.19,145.35345957756738,484.51153192522463,45.96327102047422,170.72923884514438,176.41117445838086,0.26,0.0,0.0,0.9772374547335748,0.27,0.49,-0.4442,0.3698024554074283,0.48915485356557703,0.40802979993431104,0.16237517479221314,0.7167754172036856,22991.71842650104,0.06872464332849072,-2.0,1.71
85011,2018-12-04 11:00,32.0,3,2,38.0,2.0,3.0,-999,84.0,1,85.3,46.24,0.96,0.37,0.44,0.0,4,159.2,2.584,6,165.83333333333331,72.96666666666667,39.06,149.36763952892989,497.89213176309937,48.04762075439494,172.6561154855643,178.71387347391791,0.25,0.6599999999999999,-0.5,3.829145728643217,0.68,0.46,-0.4222,0.3899683343121345,0.4152367124784577,0.3362140248208093,0.2895655436898053,0.2787623420155339,22518.897145635103,0.06345007328138037,-2.4,1.58
85015,2018-12-04 11:00,32.0,4,3,58.0,3.0,3.0,-999,132.0,1,128.13,68.34,0.89,0.38,0.45,0.02,4,171.9,3.836,6,193.1460674157304,86.91573033707864,59.78999999999999,154.2903662819869,514.3012209399565,52.035161955733955,191.2312016503352,195.19162436548226,0.28,0.5900000000000001,-0.5,3.4671514446383567,0.55,0.54,-0.6559999999999999,0.2547610493097838,0.28333564404324,0.5858906555963802,0.522328732502258,0.3226119239361393,24555.146789532755,0.0860459401086813,-2.6,1.86
85017,2018-12-04 11:00,36.0,2,1,35.0,1.0,3.0,1,63.0,1,64.02,24.13,1.27,0.25,0.59,0.0,4,160.8,2.552,3,126.61417322834646,74.70236220472441,39.89,170.25923790423667,503.9970036545963,63.86238058985767,210.25606316976882,212.12911522633743,0.22,0.97,-1.0,5.668138474295193,1.0,0.47,-0.4449,0.3818541774437697,0.36122530542838216,0.3978963434151408,0.4331637118411824,0.2763328423502855,21813.935057887946,0.04841048686985696,-2.7,0.1
85014,2018-12-04 12:00,32.0,4,2,68.0,3.0,3.0,-999,140.0,1,135.37,70.57,0.89,0.38,0.45,0.02,4,174.8,4.197,6,196.40449438202248,88.38202247191013,64.80000000000001,154.44640432098763,514.8213477366255,52.150110082304536,193.90899497487442,197.06966873706,0.28,0.5900000000000001,-0.5,3.4554538520213574,0.54,0.56,-0.7114,0.2350642459603699,0.2654918917500649,0.6265290165766911,0.5608600975979534,0.32375651408364914,26628.858881209762,0.11034280021880187,-2.5,1.87
85012,2018-12-04 12:00,29.0,2,1,69.5,1.0,3.0,1,135.0,1,131.97,59.51,1.42,0.83,0.57,0.0,9,248.7,12.66,31,175.14084507042253,99.83028169014084,72.46000000000002,163.68675131106818,499.2654425047695,58.380034355751285,201.7985846488841,205.81704697986572,0.27,-0.1900000000000001,0.0,0.8560989193495617,0.77,1.18,-0.9037,0.21021478247628994,0.3168574784609696,1.299264298925478,0.9105071748501572,0.2334235060445702,31957.59870010409,0.18617771364972047,-0.8,1.59
85033,2018-12-06 15:00,38.0,2,1,80.0,1.0,3.0,1,111.0,0,109.31,57.14,0.86,0.39,0.46,0.0,4,216.6,11.1,8,251.8604651162791,115.85581395348835,52.17,186.98422465018209,600.730992230719,75.72604363974608,226.18382352941185,232.76899879372738,0.22,0.56,-1.0,3.2028316405047708,0.91,0.88,-0.6072,0.2919716913596315,0.337338884378182,0.8986245055373635,0.7772046747481417,0.5030271974657554,14148.869565217388,0.015635275345534674,-0.8,1.72
85045,2018-12-11 10:00,30.0,4,2,66.0,3.0,3.0,-999,90.0,1,95.12,77.42,0.34,0.49,0.1,0.67,2,109.8,0.9126,0,322.9411764705883,32.29411764705882,17.700000000000006,98.76406779661016,326.02249939250345,28.08066624141911,98.76406779661016,107.58335343787701,0.32,0.040000000000000036,0.0,1.0941105039465695,0.26,0.33,-0.1361,0.8605741886006761,0.954865402690424,6.0,6.0,0.4113887010108816,29135.481481481474,0.27991634478153177,-2.4,5.18
85046,2018-12-11 11:00,28.0,4,3,43.0,3.0,3.0,-999,160.0,1,157.42,49.12,1.03,0.31,0.46,0.0,4,248.7,45.04,17,241.4563106796116,111.06990291262136,108.29999999999998,165.6945152354571,508.9503438562978,72.89753593081537,272.23275378575437,280.56410526315784,0.37,0.22,-0.5,1.359037364666637,0.83,1.18,-1.3769999999999998,0.14064785907878094,0.20971731864451168,1.1022364032181806,0.9187148726469392,0.3300114920797019,39338.30158499347,0.3580919630914062,-0.4,1.7
85051,2018-12-11 11:00,32.0,3,2,75.0,2.0,3.0,-999,118.0,1,121.7,64.53,0.75,0.37,0.24,0.01,4,170.0,5.707000000000002,5,226.66666666666663,54.4,57.17,121.23075039356304,388.25183969489296,44.71202369074931,157.16358529111338,167.3929245283019,0.36,0.27,0.0,1.6102941176470589,0.56,0.53,-0.491,0.2664362976776626,0.3713328996014383,0.5044088223789159,0.1574863320822832,0.2330869419958649,45884.419856459324,0.6964879107480495,-1.3,2.64
85040,2018-12-11 11:00,26.0,5,2,53.0,3.0,3.0,-999,81.0,0,89.64,49.5,0.7,0.39,0.22,0.0,4,163.4,4.668,5,233.42857142857144,51.354285714285716,40.14,111.91305430991528,355.0017588947568,40.2117743458333,135.17922956793342,143.21851851851852,0.35,0.29999999999999993,0.0,1.6814565483476132,0.53,0.49,-0.371,0.3794759127611354,0.5501913543414351,0.15378520652699193,6.0,0.21179537368740284,37939.31045997162,0.4186357043680135,-1.2,3.11
85047,2018-12-11 11:00,29.0,2,1,46.0,1.0,3.0,1,94.0,1,97.59,49.95,0.75,0.39,0.24,0.0,4,181.2,6.5939999999999985,6,241.6,57.98399999999999,47.64,131.79785894206552,408.8718145626384,45.18200927525418,162.8238536836682,174.94953271028038,0.31,0.12,-4.0,1.0452801429622622,0.81,0.6,-0.4739,0.3197347426161204,0.4370147687887496,0.4934420392595202,0.14111680358811665,0.2765009945435183,40242.86684782608,0.4395777741587883,-1.1,2.43
85048,2018-12-11 12:00,38.0,5,1,85.0,2.0,3.0,-999,122.0,0,123.55,63.79,0.73,0.39,0.24,0.0,4,180.5,6.485,6,247.26027397260282,59.342465753424655,59.76,128.97896586345385,401.8042927026811,44.91114222352745,164.43298374410068,177.28263229307998,0.34,0.14,-4.0,1.1372083196394198,0.85,0.6,-0.4719,0.2548889414028108,0.3545096063096141,0.6250004114712953,0.29021860178848885,0.2727261888161087,37964.29800724637,0.3769192346101061,-1.1,2.56
85055,2018-12-11 13:00,35.0,4,3,105.0,3.0,3.0,-999,130.0,1,130.28,106.32,0.32,0.49,0.11,0.72,1,112.9,0.9958,0,352.8125,38.809375,23.960000000000008,99.10438230383974,328.17445947494195,28.657930046810044,103.71656504065041,111.35639013452915,0.34,0.02000000000000001,0.0,1.024151166223797,0.26,0.27,-0.1634,0.6357330191248736,0.7224699322648163,6.0,6.0,0.3872571914976586,25607.83593510865,0.19469344745232725,-2.6,5.51
85049,2018-12-11 14:00,29.0,3,2,55.0,2.0,3.0,-999,128.0,0,123.88,59.02,0.7,0.39,0.24,0.0,4,214.9,11.18,5,307.0,73.68,64.85999999999999,152.9175454825779,493.0074479860579,56.33914617734536,199.13736815670518,207.47251995438998,0.29,0.2,-0.5,1.4136807817589576,0.73,0.87,-0.7613,0.23484679522405144,0.3280074338721501,0.9585779824425112,0.6414475111576909,0.4088455820690993,46929.97685185185,0.5736759322593945,-1.0,1.25
85141,2018-12-18 13:00,31.0,5,2,88.0,3.0,2.0,-999,125.0,1,128.34,81.06,0.71,0.39,0.29,0.0,4,229.7,42.52,12,323.5211267605634,93.82112676056336,47.28,173.14722927241962,488.6142916665915,82.30374288161458,213.54258970358813,220.49105431309908,0.24,0.30999999999999994,-0.5,1.811319111885068,0.63,1.0,-0.6039,0.3221692711131973,0.4252217372834805,0.9496142181603598,0.592680731924021,0.5225628540251906,23166.781640903693,0.13518978228345815,-0.2,5.37
85267,2019-01-08 12:00,41.0,2,1,85.0,1.0,3.0,1,123.0,1,121.37,75.13,1.41,0.15,0.49,0.0,4,168.8,13.22,14,119.71631205673759,58.66099290780142,46.24000000000001,155.9158953287197,397.6151943526039,57.89586580786828,181.6268707482993,187.49495586380831,0.25,0.82,-0.5,2.8358000642621897,1.0,0.52,-0.4104,0.3294152927818333,0.3561732205022173,0.4874824024966384,0.4308454936265066,0.20794982255319994,34325.60675476126,0.2858079530525769,-0.4,2.82
85316,2019-01-13 11:00,28.0,4,1,55.0,2.0,3.0,-999,134.0,1,136.5,66.18,1.33,0.2,0.58,0.0,4,206.7,32.25,19,155.41353383458642,90.13984962406012,70.32,169.65942832764503,476.8097805155447,75.62264751039865,235.7909900471452,240.13952483801296,0.3,0.7500000000000001,-1.0,2.7557179320354344,0.84,0.8,-0.9213,0.21661210378600645,0.26311370816248186,0.8411200792906367,0.7146402825750179,0.26586503195775635,35105.02442744147,0.3091422619117584,-0.3,2.83
85432,2019-01-22 10:00,34.0,6,3,54.0,3.0,2.0,-999,172.0,0,179.36,82.78,1.17,0.28,0.61,0.0,4,258.5,99.86,28,220.94017094017101,134.77350427350427,96.58,221.4743735763097,616.0119175710993,116.14040969205622,287.4608230892572,288.38921113689094,0.25,0.59,-1.0,2.2513506302941373,0.89,1.28,-1.461,0.15771550153481026,0.18367017016247256,1.028874787081946,0.9890207589342244,0.5300066781130423,29531.865473950933,0.196781447821142,-0.1,3.38
85526,2019-01-29 13:00,30.0,2,1,92.0,1.0,3.0,1,133.0,0,144.6,135.6,3.29,0.0,1.24,0.0,6,131.5,9.433,1,39.96960486322188,49.56231003039514,9.0,78.51922222222225,219.7739153439153,18.244389417989414,78.51922222222225,68.6293046357616,0.28,2.8,0.10000000000000007,5.039543726235742,1.0,0.57,-0.05383,1.6924625709146623,2.8062514807670342,6.0,6.0,0.029051661160214414,5413.457921436004,0.0020286632373956144,-0.4,6.0
85628,2019-02-10 15:00,27.0,4,1,57.0,2.0,2.0,-999,102.0,0,121.01,53.08,1.55,0.14,0.83,0.0,5,258.0,138.3,47,166.4516129032258,138.15483870967742,67.93,227.3452819078463,333.4705678967605,93.00042236274605,294.39492166396536,301.53027932960896,0.22,0.62,-1.0,1.8888888888888888,0.92,1.27,-1.214,0.22423322741398466,0.2540597928274261,1.1830304950278288,1.1109198101183038,0.4214409284898935,23262.399525282384,0.0864250444776421,-0.0,3.03
85636,2019-02-12 11:00,37.0,6,3,131.0,3.0,2.0,-999,180.0,1,187.86,129.88,0.65,0.42,0.23,0.0,4,241.4,40.87,29,371.3846153846154,85.41846153846154,57.98000000000002,154.4566747154191,280.4768262570031,53.582782904245654,200.37620760534432,215.67068181818178,0.3,0.040000000000000036,0.0,1.0364404362530049,0.43,1.11,-0.5720000000000001,0.2627140934500168,0.4072900643451709,1.133256132283539,0.4451010551624518,0.4519875147669638,27032.136105860118,0.17425509540629494,-0.1,4.19
85640,2019-02-12 12:00,35.0,5,2,100.0,3.0,2.0,-999,138.0,1,148.24,117.06,1.89,0.0,0.97,0.0,5,150.5,10.47,15,79.62962962962962,77.24074074074073,31.18000000000001,120.8690186016677,213.06054485643318,36.014359104969145,139.52712129099422,151.29915522703286,0.3,0.8299999999999998,0.0,1.9879771829749888,0.72,0.41,-0.256,0.4885235130927508,0.6060171444066601,0.05,6.0,0.09132798305544937,11570.198745881602,0.012871919713648448,-0.3,5.08
85638,2019-02-12 12:00,30.0,2,2,104.0,1.0,3.0,1,132.0,1,145.49,113.37,2.04,0.0,1.01,0.0,5,150.8,11.0,15,73.92156862745098,74.6607843137255,32.120000000000005,125.42652552926523,221.33255777857758,40.04014409918963,147.3054794520548,169.88409638554216,0.29,0.98,0.0,2.2933536860017014,0.74,0.41,-0.3044,0.4742267477656282,0.5685300356315679,0.08072441036843553,6.0,0.09115159858629976,14783.693475429578,0.02774224197633653,-0.3,4.9
85689,2019-02-14 11:00,25.0,5,2,128.0,3.0,2.0,-999,176.0,1,184.91,147.26,2.14,0.0,1.87,0.0,6,237.8,169.7,17,111.12149532710279,207.79719626168225,37.65000000000001,153.63211155378494,329.01952171118734,58.106884883224076,188.58447309417042,207.67086167800446,0.25,1.52,0.3999999999999999,3.1409967714805065,0.99,1.28,-0.4682,0.40457272611505896,0.6212498817417187,0.8644787015289144,6.0,0.1480111613427966,3628.1817826473853,0.0004767058154783158,-0.6,6.0
85679,2019-02-14 11:00,25.0,4,2,82.5,3.0,2.0,-999,125.0,1,139.48,96.42,0.72,0.45,0.27,0.0,9,259.7,49.17,31,360.6944444444445,97.3875,43.05999999999999,168.0816302833256,210.6547652163896,60.70290512388064,207.66807751147368,215.19836477987425,0.24,0.04999999999999993,-0.5,1.0216610440289886,0.54,1.29,-0.6001,0.3537427575065485,0.5422370928909866,1.1182268849064276,0.3163723315659851,0.4868772756027635,22578.71840094062,0.08903306127468154,-0.1,3.7
85681,2019-02-14 11:00,30.0,4,2,82.0,3.0,2.0,-999,116.0,0,134.68,95.05,0.77,0.37,0.28,0.0,4,229.7,38.57,31,298.3116883116884,83.52727272727273,39.63000000000001,155.74996214988647,208.59744880153264,54.11914033413603,190.49927685950416,193.21413301662707,0.25,0.010000000000000007,0.0,0.9778715945283324,0.53,1.0,-0.4667,0.384359402932929,0.5628586035452621,0.7445734630131342,0.13006537568624854,0.3872057266505867,22588.28,0.10422809772337384,-0.1,4.52
85784,2019-02-21 11:00,36.0,4,2,81.0,3.0,2.0,-999,95.0,0,121.08,98.88,1.52,0.12,0.7,0.0,5,155.7,23.61,24,102.43421052631578,71.70394736842105,22.20000000000001,134.60900900900904,159.78015792467153,40.46361304978864,141.43813169984688,154.444387755102,0.24,0.49,0.0,1.5885166270709792,0.66,0.44,-0.1993,0.686133474695134,0.7917323744542849,6.0,6.0,0.14202408035405176,10529.073800948954,0.02060808580267404,-0.1,6.0
