profID,datetime,slopeangle,RB_score,RB_releasetype,RB_height_obs,RB_class,localNowcast,stability_class,HS_obs,similarity_obs_sim,HS_sim,RB_height_sim,gs_wl,sph_wl,bs_wl,dendr_wl,gt1_wl,rho_wl,visc_wl,age_wl,rho_divby_gs_wl,rhobs_divby_gs_wl,D_sl,rho_sl,rho_divby_gs_sl,rhobs_divby_gs_sl,rho20_sl,rho10max_sl,penetrationdepth,delta_gs,delta_hh,frac_rhogs,rts,shear_strength_wl,normalstress,skier_stress,skier_stress_monti,sk38,sk38_monti,S_skier,rc,neck_stress,neck_strain_rate,viscdefrate,defrateindex
3813,2002-02-08 09:30,40,3,1.0,78.0,1.0,3.0,1.0,120.0,0,109.37,43.83,2.39,0.0,0.96,0.0,5,163.4,16.26,63,68.36820083682008,65.63347280334727,65.54,141.92905096124503,346.8201708059328,50.63437514574823,160.075027442371,166.8940411700975,0.29,0.07000000000000028,0.0,1.0553908327354073,2.56,0.49,-0.5462,0.23241017910027417,0.26687030996456235,0.5642397168147121,0.49292007673516725,1.175446969515469,0.10132231283397632,34195.569190165545,0.3464312828614043,-0.26,3.75
4151,2002-12-17 10:30,30,2,1.0,50.0,1.0,3.0,1.0,100.0,0,103.02,77.11,1.25,0.0,0.47,0.0,4,124.8,4.598,11,99.84,46.9248,25.909999999999997,186.1408722500965,611.9160331069978,55.488358975431055,182.27446264073694,210.75639269406392,0.19,0.9099999999999999,0.0,4.3304581447963795,1.11,0.27,-0.3656,0.5878874233204158,0.39738019314268047,0.11061681533335933,0.263558562382628,0.12248424488818568,0.3296175008765396,38887.39503807051,0.4646407590012379,-1.14,3.21
4993,2003-12-13 09:20,34,4,2.0,118.0,3.0,1.0,0.0,120.0,0,115.07,108.71,0.99,0.26,0.33,0.0,4,141.1,20.04,14,142.5252525252525,47.03333333333334,6.359999999999999,93.4,69.18518518518518,26.29037037037037,93.4,0.0,0.2,-0.3600000000000001,0.0,0.48542404913772746,6.0,0.36,-0.04197,2.3949942041245285,3.5884012685667,6.0,6.0,50.0,0.1023257925886487,5036.4,0.005932535509794753,-0.02,6.0
4836,2004-01-25 09:15,36,2,2.0,141.0,1.0,3.0,1.0,147.0,0,154.49,124.17,0.55,0.42,0.22,0.03,4,164.0,9.042,10,298.18181818181813,65.6,30.320000000000007,125.74218337730869,289.20146552391645,42.6980147514066,140.90503875968997,145.52736156351793,0.28,-0.010000000000000009,0.0,0.9354311846689896,2.07,0.49,-0.2516,0.5023800507332443,0.6519411583769712,0.0725701921880106,6.0,0.07463155362003009,0.34162491557102076,15883.838383838383,0.07142298776348484,-0.34,6.0
5472,2005-03-11 11:00,36,2,1.0,103.0,1.0,3.0,1.0,121.0,1,127.58,116.09,1.71,0.12,0.58,0.0,5,84.7,2.752,18,49.53216374269006,28.728654970760232,11.489999999999995,97.23289817232366,130.83560442116539,19.72830360734163,97.23289817232366,100.99581205311534,0.27,0.26,-0.3999999999999999,2.520131905711843,6.0,0.12,-0.07885,1.325688697844384,1.1589767629485859,6.0,6.0,50.0,0.061912052168681134,20307.859690844234,0.1996965242110345,-0.32,6.0
5379,2004-12-30 10:30,40,2,2.0,55.0,1.0,3.0,1.0,92.0,1,94.05,63.9,0.75,0.38,0.21,0.0,4,191.0,17.84,10,254.66666666666666,53.48,30.15,143.35598673300166,213.89226464880898,42.5644292969501,161.60876288659796,182.68972533062055,0.25,-0.10999999999999999,0.0,0.8364787531961525,2.21,0.68,-0.2666,0.5052127077357206,0.6696345050102613,0.21396370813429494,6.0,0.22990825191532732,0.33219133463650985,28161.57518908185,0.26284149336477286,-0.18,5.41
5260,2004-03-27 13:30,31,6,3.0,74.0,3.0,1.0,0.0,90.5,0,111.94,75.77,1.04,0.0,0.41,0.0,4,189.2,43.7,32,181.9230769230769,74.58846153846153,36.17,165.61222007188277,201.79490482028112,64.57098120502974,188.22221041445272,192.049375,0.22,0.08000000000000007,0.0,1.0770348837209303,2.48,0.66,-0.4492,0.4211269875098693,0.4800512121479317,0.4812016178340776,0.35444882365846714,0.6139771426506354,0.32097635057565216,23935.99984234958,0.15169084714825096,-0.08,5.33
5843,2005-01-25 13:00,37,3,1.0,84.0,1.0,3.0,1.0,100.0,0,102.56,62.79,1.5,0.07,0.57,0.0,5,144.6,14.54,22,96.39999999999999,54.947999999999986,39.77,141.0984158913754,365.38545169603447,47.04237690197763,166.15809575040342,173.74249394673123,0.27,0.76,0.0,2.310194011438825,1.25,0.38,-0.3527,0.3830063650548648,0.3924930914375631,0.2600807441050669,0.24387395354581648,0.31857589470140435,0.15871765452824385,30531.509695290864,0.3860949058812853,-0.29,5.79
5842,2005-01-21 15:00,31,1,1.0,55.0,1.0,3.0,1.0,86.0,1,89.61,57.96,1.59,0.03,0.54,0.0,5,122.1,9.283,18,76.79245283018867,41.467924528301886,31.65,121.24783570300158,387.6364859963249,32.456796152574064,117.49328282828282,130.95435466946486,0.28,0.91,0.0,1.8575661222720048,1.06,0.26,-0.2871,0.48126897751127884,0.48461412078823285,0.05959518971523692,0.05617422736892735,0.06230237894564406,0.10724831100004979,40309.086819613134,1.1427439853238064,-0.44,6.0
6224,2006-02-19 11:46,35,2,1.0,103.0,1.0,3.0,1.0,152.0,0,139.92,99.15,1.36,0.16,0.37,0.0,4,146.6,12.15,9,107.79411764705881,39.88382352941176,40.76999999999998,152.00434142752022,419.34819016105257,53.41955215676013,174.25536018150876,178.9297198538368,0.25,1.06,-0.5,5.850659390632106,1.31,0.39,-0.4103,0.3736120465595287,0.3607457908619959,0.30889952075663046,0.3302275707181681,0.403770623002523,0.20399608105805198,69292.44704163625,3.769793839376929,-0.46,4.0
6166,2005-12-13 10:10,34,2,1.0,15.0,1.0,3.0,1.0,64.0,1,83.52,41.99,1.14,0.21,0.42,0.0,4,177.6,21.06,18,155.78947368421055,65.43157894736842,41.529999999999994,143.2160125210691,351.0150615453749,58.34161350489153,183.5658931462493,191.44211663066952,0.29,0.7499999999999999,-0.5,3.39050589050589,1.39,0.58,-0.4134,0.36677493711129244,0.45327081546254094,0.38475244921232793,0.1611309886991258,0.4771088606423327,0.21662998411974999,29145.08348794062,0.2399080232137794,-0.19,4.56
5772,2004-12-27 11:00,36,3,1.0,28.0,1.0,3.5,1.0,87.0,0,88.19,30.32,1.84,0.0,0.72,0.0,5,152.2,13.02,24,82.71739130434781,59.556521739130424,57.87,135.40145152928977,345.73961429020676,43.262042488584186,157.85117395944502,165.38307508939212,0.28,1.06,0.0,2.7883014926378924,1.47,0.42,-0.5156,0.2632134635948155,0.2952298976493978,0.47078241378615343,0.40865116333820006,0.8236125024496137,0.11869272524102038,37729.00370024553,0.5093445521317816,-0.44,4.01
5946,2006-02-26 12:30,37,5,2.0,101.0,3.0,1.0,0.0,171.0,0,187.25,96.95,0.79,0.36,0.3,0.0,4,230.3,59.75,16,291.5189873417722,87.45569620253164,90.3,178.55379844961237,536.8124042270866,85.98282151990549,240.60407932011333,244.9136170212766,0.3,0.48000000000000004,-1.0,2.7741235135097275,2.98,1.0,-1.012,0.16868397716757447,0.21663901017281892,0.9781194578854259,0.8713630068514467,3.9587286095072067,0.49912798991089186,44913.0097777778,1.1801651250627907,-0.18,5.01
5951,2006-04-02 11:30,39,4,2.0,124.0,3.0,1.0,0.0,144.0,0,171.68,145.05,0.68,0.4,0.24,0.13,2,171.5,5.405,4,252.20588235294116,60.52941176470587,26.629999999999995,159.28291400675928,332.73190593372254,42.24197394362806,166.34123294593226,173.19471007121058,0.22,0.08000000000000007,0.0,1.0837706511175902,2.22,0.66,-0.268,0.5719926075190377,0.6150074022393451,0.210053247207962,0.12873382257848232,0.22379849382001593,0.4996985492914703,20587.985114300904,0.06578554324707185,-0.72,3.64
6070,2006-03-03 12:45,33,2,2.0,130.0,1.0,3.0,1.0,148.0,0,157.79,78.86,1.64,0.05,0.76,0.0,5,191.2,53.19,33,116.58536585365853,88.60487804878048,78.92999999999999,185.51568478398585,521.4674778566525,87.7444865789754,240.15698749320282,246.8688940092166,0.27,0.5599999999999998,0.0,1.7726638772663874,1.68,0.68,-1.017,0.19298318938593662,0.19895235222503344,0.683557102556594,0.6740605307607349,2.3182787421287276,0.2584392695728455,39218.80215412674,0.7903582150777352,-0.16,5.22
5974,2006-01-15 11:20,37,5,2.0,34.0,3.0,1.0,0.0,83.5,1,86.19,41.55,1.08,0.18,0.37,0.0,4,241.8,143.2,43,223.88888888888889,82.83888888888889,44.64,181.0367607526882,167.08249053591086,59.19310106059162,207.11805054151623,214.81137295081967,0.21,0.0,0.0,0.9801488833746897,3.03,1.11,-0.5153,0.3412222925231177,0.45328899171023035,1.0711243086993314,0.6935298918465516,1.7226968856536147,0.3769637541054963,25978.705140451504,0.18484012407489664,-0.02,5.02
5977,2006-01-31 10:30,35,4,2.0,100.0,3.0,1.0,0.0,119.0,0,125.72,93.63,1.54,0.19,0.79,0.0,5,160.8,17.21,26,104.41558441558442,82.4883116883117,32.09,165.69878466812094,347.55606537454514,57.497021252445165,190.86630256690333,199.03854166666667,0.22,1.17,-0.5,5.430482721527498,1.28,0.47,-0.3544,0.4746700884459946,0.46111739227359383,0.2661585339869618,0.2871428639369036,0.3113346382233178,0.21545984429165058,14251.125472532292,0.03587456656617228,-0.19,6.0
5978,2006-02-13 10:00,42,4,3.0,110.0,3.0,1.0,0.0,154.0,1,157.97,101.0,1.55,0.16,0.77,0.0,5,182.0,36.76,39,117.41935483870968,90.41290322580646,56.97,149.80010531858875,258.2683748498285,48.453201910499175,206.87556489753024,225.53447852760735,0.32,-0.1299999999999999,0.0,0.8896683673469389,2.56,0.61,-0.4722,0.26737165417293274,0.32390183780980264,0.5952193108933831,0.4270332431052255,0.9999695947169303,0.17495410313040566,16638.34358752484,0.062413039947133625,-0.09,6.0
5979,2006-02-28 11:15,38,4,2.0,0.0,3.0,1.0,0.0,84.0,1,103.65,5.69,2.03,0.0,0.96,0.0,5,275.4,164.9,95,135.66502463054186,130.23842364532018,97.96000000000001,210.0366986525112,162.12292077383495,83.92423111872105,258.45916485900216,263.92929687500003,0.2,-0.050000000000000266,0.0,0.9578881766381766,3.18,1.46,-1.269,0.15549370292192702,0.20286045048003123,1.230161746117989,1.1514531818519758,7.472451480926791,0.2744642498163416,28021.166087962953,0.1234603374903168,-0.02,1.54
6397,2006-01-31 09:30,30,3,1.0,80.0,1.0,3.0,1.0,139.0,1,128.13,81.21,1.96,0.0,1.11,0.0,5,136.7,11.0,12,69.74489795918367,77.41683673469387,46.92,152.90417732310317,446.2508814612673,66.52176015836058,170.0547341772152,176.63929411764707,0.24,0.97,0.0,2.320143645674004,1.33,0.33,-0.5342,0.32464115810383576,0.2909349163088515,0.3266892673030058,0.37383926378266447,0.49655455573579943,0.14134749574662622,22207.967102237366,0.14185314479444758,-0.61,6.0
6502,2006-01-20 11:15,36,2,1.0,62.0,1.0,3.0,1.0,97.0,0,91.6,49.0,0.91,0.27,0.31,0.0,4,243.1,92.14,34,267.1428571428571,82.81428571428572,42.599999999999994,191.1130751173709,228.50889521275377,64.74668856759953,217.9202298850575,222.31840490797546,0.2,0.010000000000000009,0.0,0.9886512180629828,3.01,1.12,-0.5379,0.3575625149819712,0.4527352170022527,1.0440919053269029,0.739248679906096,1.6617469081898246,0.49989306657418175,26410.937680656727,0.16773853827124618,-0.03,4.28
6671,2006-01-30 10:15,40,2,1.0,95.0,1.0,3.0,1.0,141.0,1,140.7,74.99,1.71,0.0,0.75,0.0,5,202.1,56.07,56,118.18713450292398,88.64035087719297,65.71,175.97137422005784,245.83844965561636,58.1208866259846,225.32433697347895,233.34103773584903,0.24,0.51,0.0,1.7049233052944088,1.82,0.76,-0.6767,0.23180890485819475,0.26566828450616214,0.8219383859158576,0.7477446658199762,2.0810964084566277,0.22228590789906524,26649.676363636358,0.19020613309440665,-0.06,4.76
6675,2006-03-17 10:30,44,3,1.0,53.0,1.0,3.0,1.0,133.0,1,129.22,46.59,2.09,0.0,1.09,0.0,5,200.6,49.09,73,95.98086124401914,104.61913875598087,82.63,188.912537819194,272.4520111993819,73.32419590701882,219.12642626480087,234.79640287769786,0.22,0.8599999999999999,0.0,1.9346675420891797,1.75,0.75,-0.7993,0.18434180247164433,0.19558027682836188,0.749524035700414,0.7338685869226002,2.9852949700798757,0.2107471489945418,22262.57820609937,0.10218302055060989,-0.08,4.64
6676,2005-12-26 15:00,32,7,0.0,68.0,3.0,1.0,0.0,68.0,0,76.85,53.72,0.43,0.42,0.15,0.0,4,195.9,19.55,9,455.58139534883725,68.33720930232558,23.129999999999995,135.9762645914397,307.3395883774967,44.1292863903712,145.97482441923285,155.16782231852656,0.24,0.09999999999999998,0.5,1.243166736275465,6.0,0.71,-0.2424,0.6585457474376125,0.9423963496815696,6.0,6.0,50.0,0.5175560307269227,16496.8060731539,0.06455142561463685,-0.14,6.0
7555,2003-12-11 10:30,34,5,2.0,54.6,3.0,1.0,0.0,78.0,1,82.71,55.44,1.77,0.0,0.71,0.0,5,174.5,52.2,32,98.58757062146893,69.99717514124293,27.269999999999996,166.41855518885222,176.595023955118,52.75447287221007,175.79071190211346,182.1773072747014,0.21,0.45999999999999996,0.0,1.4440604562654475,2.22,0.56,-0.3222,0.5585685052523643,0.5851986942528106,0.21077957346617512,0.17197591434063292,0.23051223704314588,0.1902552718832971,19161.922569855415,0.15778930078038947,-0.05,6.0
7556,2003-12-11 13:40,34,6,3.0,84.0,3.0,1.0,0.0,120.0,1,114.58,86.81,1.42,0.0,0.8,0.0,4,202.2,127.6,14,142.3943661971831,113.91549295774648,27.769999999999996,173.05758012243427,299.3262383076421,58.31125853269498,180.4594974874372,194.24260869565217,0.2,0.96,-0.5,3.2213047778781227,1.35,0.76,-0.3272,0.5485114561840827,0.6389962674728047,0.34681935262142927,0.18094766527320905,0.3876796713907453,0.25848224698427075,7809.731060606059,0.01286367185417382,-0.02,6.0
8470,2003-03-01 12:00,40,6,3.0,113.0,3.0,1.0,0.0,180.0,1,164.71,111.63,1.08,0.38,0.37,0.0,4,320.1,872.0,103,296.3888888888889,109.66388888888889,53.08000000000001,260.40340994724943,209.56297620045572,85.66946653743294,297.48184599694036,300.4333333333333,0.15,0.010000000000000009,0.5,1.0005167777592865,3.83,2.01,-0.8203,0.28696614804506343,0.3513612919343787,1.8642617220671884,1.6537423862043312,5.024946181667817,0.8117620463449557,27542.967107701505,0.47140852187579324,-0.0,6.0
52110,2009-02-08 14:30,34,2,1.0,125.0,1.0,3.0,1.0,175.0,0,179.04,150.06,1.44,0.0,0.69,0.0,6,149.8,21.85,2,104.02777777777779,71.77916666666667,28.97999999999999,100.3657694962043,297.7365195970206,29.73417222691166,110.88670953912111,116.68636363636367,0.34,1.0699999999999998,0.19999999999999996,3.2501713997041093,6.0,0.74,-0.197,0.5256094940728768,0.7784811121524464,6.0,6.0,50.0,0.1102162505668561,10214.420739940588,0.01977356795034394,-0.89,6.0
8903,2006-02-19 09:44,37,1,1.0,93.0,1.0,3.0,1.0,149.0,1,156.08,116.43,1.22,0.0,1.04,0.0,6,228.6,142.0,9,187.37704918032787,194.87213114754098,39.650000000000006,133.83911727616652,365.8675021110728,38.92584024999533,141.14815606627477,146.04814443329994,0.26,0.020000000000000018,0.8,0.5216754155730533,2.17,1.12,-0.333,0.3841655268154343,0.6492296996531108,0.8179952030404813,6.0,1.0036657210969522,0.1900188812302174,2932.7644970414194,0.00027458401748011666,-1.05,6.0
8794,2005-01-04 13:50,34,1,1.0,97.0,1.0,3.0,1.0,129.0,1,135.41,116.41,0.34,0.48,0.12,0.68,2,111.9,1.212,1,329.11764705882354,39.49411764705882,19.0,92.51747368421053,283.12235363230474,32.0139171570263,92.51747368421053,92.64710382513663,0.34,-0.009999999999999953,0.0,0.9323630792799694,6.0,0.34,-0.1253,0.8016927967490515,0.9660266661427287,6.0,6.0,50.0,0.3580241365498954,18627.417695473247,0.09424106115651949,-1.55,6.0
8795,2005-01-04 14:30,34,1,1.0,50.0,1.0,3.0,1.0,70.0,1,89.58,52.05,1.84,0.0,0.71,0.0,5,216.3,67.95,50,117.55434782608695,83.46358695652174,37.53,127.17631228350653,204.10941928795643,46.535150189033395,153.39698055271242,161.8692597239649,0.3,0.7000000000000002,0.0,1.2036239465978864,1.21,0.88,-0.339,0.405866323960351,0.6833515618985289,0.38900975032729285,6.0,0.4350268533671401,0.10621739095472855,15810.8840838458,0.03310604547909189,-0.05,4.62
9987,2007-02-14 13:00,31,2,1.0,38.0,1.0,3.0,1.0,66.0,1,64.59,46.19,1.23,0.2,0.29,0.0,4,149.0,9.16,6,121.13821138211382,35.130081300813,18.400000000000006,153.60244565217388,257.9486808678219,37.58773260360279,153.60244565217388,175.59244604316552,0.21,0.44999999999999996,0.0,1.676406814661848,6.0,0.4,-0.2115,0.8278349531647811,0.8038481377705353,6.0,6.0,50.0,0.22965744625855697,45294.48360794971,0.8234571301047523,-0.34,3.56
9770,2007-01-15 10:00,39,3,1.0,0.0,1.0,3.0,1.0,74.0,0,76.58,67.91,3.59,0.0,2.77,0.0,6,210.7,164.1,6,58.690807799442894,162.57353760445685,8.670000000000002,156.62572087658592,189.47238424963953,36.33227317003507,156.62572087658592,167.9,0.21,2.88,0.7,3.7868540144521625,6.0,0.56,-0.08327,1.756881561503109,2.3494907037187427,6.0,6.0,50.0,0.06854204712761017,1013.5352022863832,2.5770646152311438e-05,-1.26,6.0
9412,2003-12-11 14:00,35,7,0.0,100.0,3.0,1.0,0.0,100.0,1,99.0,75.37,1.45,0.02,0.64,0.0,4,182.3,78.33,14,125.72413793103449,80.46344827586208,23.629999999999995,167.04837071519256,236.93247456201718,51.87563193753518,171.99254066180595,178.17334035827187,0.2,0.9199999999999999,-0.5,3.0134859603183637,1.13,0.61,-0.2664,0.6446112204076164,0.7023301369280126,0.1389902073626526,0.06618782091808775,0.14537002918792363,0.23383486028672812,11890.837296195654,0.049502141091590686,-0.03,6.0
9413,2003-12-11 13:40,34,6,3.0,84.0,3.0,1.0,0.0,120.0,1,114.58,86.32,1.39,0.09,0.5,0.0,4,177.7,63.15,24,127.84172661870504,63.92086330935252,28.260000000000005,173.56288039631988,296.60519735455904,59.275380077927665,186.35598434004476,201.92348578491965,0.2,-0.030000000000000027,0.0,1.1138332527523045,2.28,0.58,-0.336,0.5390008187626318,0.5516831869741969,0.27867728646832557,0.2590811963232189,0.3145186902558394,0.26407053030040933,24849.209569377985,0.40346641488275226,-0.05,6.0
9302,2003-03-11 12:30,40,6,1.0,185.0,3.0,1.0,0.0,200.0,0,243.85,208.31,1.93,0.02,1.29,0.0,5,201.1,104.6,46,104.19689119170984,134.4139896373057,35.53999999999999,159.86820483961733,303.0451092645288,68.81466736811623,188.27017259978425,195.71063394683026,0.23,0.53,0.0,1.2695744831995455,1.43,0.75,-0.335,0.4285920973053455,0.5370348397119153,0.5028015448160044,0.24062004064317347,0.6174434920798552,0.16127229300333837,5680.755181160805,0.0037630711975081043,-0.01,6.0
9651,2006-12-29 11:00,41,7,0.0,90.0,3.0,1.0,0.0,90.0,0,87.9,33.29,1.98,0.0,1.88,0.0,6,298.0,740.3,24,150.50505050505052,282.949494949495,54.61000000000001,206.44209851675515,241.31380933864176,65.63570535375197,250.64240609689713,255.520741599073,0.2,1.2,0.0,2.320392359318533,2.45,1.88,-0.6319,0.27892626145819394,0.39984936203982724,1.9216373676020622,1.3622955730063089,4.271671686386128,0.2847643795184067,3129.0681283547833,0.0002724087154025473,-0.65,6.0
9304,2003-03-06 11:00,37,6,3.0,228.0,3.0,1.0,0.0,235.0,0,255.65,236.77,0.64,0.37,0.3,0.0,4,206.5,36.2,34,322.65625,96.79687499999999,18.879999999999995,206.11949152542377,287.4903695513562,70.68064950652446,206.11949152542377,215.26211878009627,0.16,-0.14,0.5,0.7072701309989445,2.09,0.8,-0.2604,0.8067883018131339,0.8082769766231154,0.14579875896822156,0.14410119862283088,0.15125888418415637,0.826667003867894,8587.748792270533,0.010455221958368137,-0.04,6.0
9323,2003-03-06 11:00,45,7,0.0,198.0,3.0,1.0,0.0,198.0,0,239.68,208.74,1.7,0.09,0.99,0.0,5,176.6,35.6,35,103.88235294117646,102.8435294117647,30.939999999999998,162.48238526179702,158.69726806056428,56.243507166919706,180.49074446680075,198.82692778457772,0.21,0.43999999999999995,0.0,1.3675421093314637,2.31,0.57,-0.2565,0.49231296503658595,0.5344081707688247,0.319992520971511,0.2501030227599638,0.3719629279559861,0.18795010102993387,7237.665915351864,0.005095802701962881,-0.04,6.0
10020,2007-02-16 09:15,38,3,1.0,140.0,1.0,3.0,1.0,205.0,0,198.95,149.1,1.5,0.0,0.62,0.0,5,145.2,12.92,23,96.8,60.01599999999999,49.849999999999994,149.2080441323972,393.1695883897247,53.43427503406775,180.64667030567685,184.15049504950494,0.27,0.89,0.0,3.1313507654789325,1.37,0.38,-0.458,0.30555994259241676,0.2976530535355297,0.3709328174763848,0.38464331472911384,0.5700437896575634,0.17739634567193444,33510.0156087409,0.43727504942243994,-0.42,5.06
18091,2008-01-14 09:30,32,3,1.0,48.0,1.0,3.5,1.0,99.0,1,109.72,54.84,1.9,0.0,0.79,0.0,5,165.0,15.32,37,86.8421052631579,68.60526315789474,54.879999999999995,162.96769314868806,418.7222750837391,53.89121107531934,187.21953125000002,198.39868421052634,0.24,-0.28000000000000025,0.0,0.8208507089241033,2.47,0.5,-0.6503,0.2775539930435855,0.28102977427567494,0.5365102768636572,0.5302032583520365,1.013644605817434,0.1696160196820929,37995.44879980707,0.4377897799602287,-0.44,3.29
19590,2008-01-22 12:00,32,2,2.0,45.0,1.0,3.0,1.0,83.0,1,84.23,51.35,1.95,0.0,0.82,0.0,5,179.5,19.58,42,92.05128205128206,75.48205128205129,32.88,183.57402676399028,347.94095416703345,72.14893410636365,199.9161667513981,208.51968616262482,0.19,1.06,0.0,2.4961660041939218,1.42,0.59,-0.439,0.4632653022576634,0.4532542652466894,0.42337655556746473,0.44062901859259646,0.5376255444274696,0.2110216023580394,22569.053864041965,0.08114781076192683,-0.2,3.22
18310,2008-01-14 10:45,27,2,1.0,47.0,1.0,3.0,1.0,89.1,1,100.72,51.77,3.44,0.0,1.85,0.0,6,160.8,13.77,8,46.74418604651163,86.47674418604652,48.949999999999996,163.74018386108273,427.9247846433166,54.51248663345789,190.32677205507392,189.90703910614522,0.24,2.94,-0.19999999999999996,9.164776119402985,1.87,1.28,-0.6264,0.31117800078104135,0.3057962488707816,1.288633012359706,1.3156211238391358,2.096616200219274,0.15531768681888639,22918.878847959924,0.09760462100723714,-0.37,3.95
16331,2007-12-29 09:15,36,7,0.0,78.0,3.0,1.0,0.0,78.0,1,79.9,60.25,1.55,0.0,0.54,0.0,5,173.8,48.08,34,112.12903225806453,60.54967741935485,19.650000000000006,157.8847328244275,131.821918828675,48.157595983809635,157.8847328244275,175.06270543615676,0.21,0.5900000000000001,0.0,1.8830612293824318,6.0,0.55,-0.2066,0.7751736966021361,0.8518699575984549,6.0,6.0,50.0,0.19391081523193457,16288.830474990315,0.08703865556614719,-0.02,6.0
16070,2007-12-27 10:10,35,6,3.0,33.0,3.0,1.0,0.0,95.0,1,89.86,34.14,1.5,0.08,0.76,0.0,5,228.8,103.8,24,152.53333333333333,115.92533333333334,55.72,197.9863783201723,276.66547696790406,68.31709790694771,250.49586466165414,255.66245654692926,0.22,0.7,-1.0,2.1831293706293704,2.0,0.99,-0.738,0.27336976199267726,0.3152143557454105,1.0047627544063866,0.8900942132055472,2.191599426624497,0.3258757261221572,18398.891966759005,0.05846959905524444,-0.05,5.02
16630,2007-12-31 08:45,35,7,0.0,90.0,3.0,1.0,0.0,90.0,0,81.47,26.34,1.41,0.0,0.57,0.0,4,255.3,190.0,50,181.06382978723406,103.2063829787234,55.129999999999995,230.87495011790313,235.71053811813357,76.9340140434678,291.0147835862844,297.3075657894737,0.18,0.59,-0.5,2.072439884210828,2.2,1.25,-0.8635,0.2762953589376379,0.305079201582025,1.2082443304230996,1.1349289671364875,3.047006494009174,0.479499299493236,29032.167970533625,0.2065841574070216,-0.02,3.89
15110,2007-12-14 11:00,33,2,2.0,65.0,1.0,3.0,1.0,80.0,0,88.15,37.77,2.16,0.0,1.57,0.0,6,198.8,47.57,11,92.03703703703704,144.49814814814815,50.38,160.81260420801902,359.7058413800662,61.09584739555342,206.04601429356785,217.001171875,0.26,1.6700000000000002,0.10000000000000009,5.086683365499117,1.98,1.34,-0.5606,0.30234543744009473,0.37244431389458704,1.324824665094587,0.9509511881860063,2.144751188884127,0.1972254788952299,8038.728475062607,0.004618894261631542,-0.59,6.0
18910,2008-01-15 15:30,40,3,1.0,62.0,1.0,3.0,1.0,115.0,1,129.19,79.73,1.96,0.0,0.92,0.0,5,129.3,9.305,35,65.96938775510205,60.69183673469389,49.459999999999994,131.2928224828144,357.599563507605,48.439633265671915,169.56537833424062,179.51963534361852,0.33,1.3900000000000001,0.0,4.885306847939647,1.24,0.3,-0.3778,0.307969331545329,0.30359942703360326,0.24237621875870963,0.2501292492043321,0.32418245230093856,0.10401678838301283,25785.57357476867,0.23805149260208963,-0.4,6.0
14670,2007-12-13 14:00,32,3,1.0,61.0,1.0,3.0,1.0,90.0,0,99.83,52.16,0.65,0.95,0.2,0.0,7,240.1,75.21,5,369.38461538461536,73.87692307692308,47.67,164.10860079714706,329.5582602312308,49.847747512456614,201.4303412073491,206.1344827586207,0.25,-0.07999999999999996,4.0,0.8355251521911534,2.17,4.0,-0.5573,0.3195335250310881,0.4641755402232513,4.066641464186172,1.8328641127449794,6.341990472348126,0.9776884336629307,34831.25000000001,0.24558959397212993,-0.1,1.7
14290,2007-12-04 14:45,28,2,1.0,63.0,1.0,3.0,1.0,75.0,1,74.8,69.29,0.3,0.49,0.08,0.85,1,117.0,0.9211,0,390.0,31.2,5.509999999999991,124.31651542649725,390.367222810054,31.22937782480432,124.31651542649725,149.4,0.21,0.0,0.0,1.0222222222222224,6.0,0.28,-0.06176,2.764457919824318,2.605166470396312,6.0,6.0,50.0,0.6481920582744075,14064.777327935224,0.0251329243317703,-1.03,5.21
15731,2007-12-20 10:00,38,7,0.0,104.0,3.0,1.0,0.0,104.0,1,106.77,93.23,1.01,0.85,0.38,0.0,7,255.9,327.5,35,253.36633663366337,96.27920792079209,13.539999999999992,177.42400295420975,194.2863129367727,75.8482920572426,177.42400295420975,187.44888059701486,0.17,0.020000000000000018,3.0,1.0485077425288445,6.0,4.0,-0.1562,1.124975120992023,1.611851106608054,6.0,6.0,50.0,0.6935514160759946,6062.966880764667,0.003167398729662753,-0.0,6.0
16130,2007-12-27 13:30,34,7,0.0,150.0,3.0,1.0,0.0,150.0,0,170.53,94.25,1.26,0.0,0.54,0.0,4,222.0,120.6,41,176.19047619047618,95.14285714285715,76.28,203.69593602517045,495.78359570061684,91.38437424654595,264.0588691796009,268.68706986444215,0.24,-0.6299999999999999,-1.0,0.9003003003003004,1.89,0.93,-1.067,0.19968750836696347,0.2174216020552209,0.8903591269972965,0.8580280685474097,3.1919563596299207,0.4109569343685589,38728.14814814814,0.7402174548973519,-0.05,5.14
27050,2008-03-24 13:50,38,3,1.0,63.0,1.0,3.0,1.0,131.0,1,146.11,86.14,2.27,0.0,1.31,0.0,5,179.0,35.03,22,78.8546255506608,103.29955947136564,59.97000000000001,136.97103551775888,249.9824837849523,44.305781190026345,185.49523092369478,202.01549942594718,0.35,1.1,0.0,2.0474764837893327,1.58,0.59,-0.5202,0.2539963838291141,0.33051106674696107,0.580455380228961,0.33139766799026704,0.9671837063655562,0.09929222430301878,14199.94903878244,0.03408634285427917,-0.15,6.0
26930,2008-03-21 10:15,33,2,1.0,125.0,1.0,3.0,1.0,164.0,0,200.12,177.26,0.8,0.38,0.19,0.38,2,106.8,1.538,2,133.5,25.364999999999995,22.860000000000014,113.13132108486444,334.49849950631256,31.95506274424728,110.65525647536823,136.35151856017998,0.3,0.4,0.0,1.945692883895131,6.0,0.32,-0.1856,0.6663238468167971,0.6299362271690062,6.0,6.0,50.0,0.23431070368370402,60933.62060121061,2.804207352553031,-1.88,4.34
24650,2008-02-27 09:30,37,7,0.0,177.0,3.0,1.0,0.0,177.0,1,168.89,149.14,1.62,0.0,0.66,0.0,5,166.9,31.75,41,103.02469135802468,67.9962962962963,19.75,170.87665822784814,210.76449572676873,55.13661612707167,170.87665822784814,194.85079950799505,0.2,0.17000000000000015,0.0,1.2792380322720607,2.05,0.51,-0.226,0.7712487664927581,0.7538153611730083,6.0,0.05,50.0,0.21904501553421976,13753.568745304281,0.04064272758606659,-0.05,6.0
22810,2008-02-13 11:00,36,6,2.0,73.0,3.0,1.0,0.0,195.0,0,208.06,114.79,1.57,0.01,1.01,0.0,5,227.5,126.8,40,144.9044585987261,146.35350318471336,93.27,203.2181408813123,452.10482937602245,92.6535029388027,274.577027027027,277.65504032258065,0.26,0.89,-1.5,2.8477181641887523,1.86,0.98,-1.224,0.16331256715162404,0.18257526644874364,0.8644178600534085,0.8358136845725217,4.327986734499483,0.3287791504785362,18928.576257229684,0.07623015953568821,-0.05,5.87
23471,2008-02-15 11:10,42,5,2.0,75.0,3.0,1.0,0.0,120.0,1,123.27,71.21,1.12,0.13,0.43,0.0,4,220.3,121.9,38,196.69642857142856,84.57946428571428,52.06,202.12704571648106,269.75667680028585,72.63594163056652,254.29680905815755,258.99589905362774,0.22,0.4900000000000001,-1.0,2.16432137993645,2.9,0.91,-0.5814,0.29258861195220853,0.318561008633066,0.8943769358360449,0.8266853640204255,1.7958447366770456,0.4535575459588963,26295.588967009196,0.26573216027649943,-0.02,6.0
23370,2008-02-15 09:30,32,7,0.0,153.0,3.0,1.0,0.0,153.0,1,151.87,133.63,2.15,0.0,1.55,0.0,6,197.9,102.5,11,92.04651162790698,142.67209302325583,18.24000000000001,155.3635964912281,318.63221738579205,50.07189771121604,155.3635964912281,162.00579110651506,0.21,1.7,0.6000000000000001,4.5532536073213175,6.0,0.84,-0.2018,0.8350966632802622,1.058794365750815,6.0,6.0,50.0,0.14676462837617074,3069.334068184903,0.0006285838704193641,-0.6,6.0
44890,2008-12-14 13:30,33,2,3.0,165.0,1.0,3.0,1.0,198.0,0,205.32,126.13,0.3,0.49,0.13,0.68,2,162.9,5.821,3,543.0,70.59000000000002,79.19,147.41751483773203,479.9779878083508,48.392354317346154,142.66106870229007,170.6,0.22,0.0,0.0,0.968692449355433,2.71,0.61,-0.8161,0.19234957871236233,0.2121471799637832,0.972626608046518,0.928378098742768,3.028230146594693,0.9770262137260383,45990.41983657367,1.5019388698909484,-2.13,5.37
43610,2008-12-01 09:00,39,2,1.0,90.0,1.0,3.0,1.0,180.0,1,181.36,91.08,1.34,0.0,0.47,0.0,4,173.4,29.07,18,129.40298507462686,60.819402985074625,90.28000000000002,132.24558041648206,350.4839461497517,42.27413668658506,179.67012493210214,190.07153762268268,0.31,0.8,-0.5,2.9852193600751846,1.66,0.55,-0.7154,0.1687213462365083,0.22012581051768998,0.6613582039300807,0.565005061847299,2.1404707725435,0.1559226972902812,55647.61122939866,1.9480631518189178,-0.3,4.21
46210,2008-12-27 10:00,38,2,1.0,74.0,1.0,3.0,1.0,97.0,1,104.39,87.82,1.5,0.12,0.61,0.0,5,152.1,24.2,20,101.39999999999999,61.85399999999999,16.570000000000007,159.87308388654196,127.00177053755577,61.40659800267853,159.87308388654196,172.4785340314136,0.2,-0.30000000000000004,0.0,0.7988165680473374,6.0,0.42,-0.1667,0.9192615050230518,0.8755546034472217,6.0,6.0,50.0,0.20531943033166966,11294.063446394413,0.029642226453833277,-0.07,6.0
46550,2008-12-29 14:30,36,5,3.0,60.0,3.0,1.0,0.0,104.0,1,106.84,59.98,1.7,0.0,0.88,0.0,5,198.9,55.67,34,117.0,102.96000000000001,46.86000000000001,183.25753307725137,221.1373249917284,60.061111415291776,229.84568918176825,244.84908424908426,0.23,0.8099999999999999,0.0,2.162681263804859,1.71,0.74,-0.5597,0.325056831801792,0.35241364627919974,0.7025742463936541,0.6335050857169124,1.1591525011758383,0.24377245020934166,15823.912550087647,0.043378099945150794,-0.07,6.0
52430,2009-02-11 13:30,30,2,1.0,26.0,1.0,3.0,1.0,103.0,0,106.71,69.13,1.85,0.0,0.67,0.0,5,135.9,9.336,17,73.45945945945945,49.21783783783784,37.58,134.95673230441724,359.11519121436305,44.115567937678634,165.5000520020801,193.37684563758393,0.27,1.4500000000000002,0.0,5.4587932303164095,1.2,0.33,-0.3841,0.4053263208683335,0.4085480753226102,0.19547755516504167,0.19078866318391882,0.22921235600718848,0.11639848158383355,39046.031038835674,0.6502275827513025,-0.53,4.52
49910,2009-01-25 13:50,30,2,1.0,135.0,1.0,3.0,1.0,165.0,0,178.26,168.84,1.53,0.0,0.49,0.0,5,177.0,28.79,39,115.68627450980392,56.68627450980392,9.419999999999987,167.34373673036094,163.95604936444553,50.7814778342546,167.34373673036094,154.8700987306066,0.17,0.1100000000000001,0.0,1.2497374074958225,6.0,0.58,-0.1321,1.6170024562878982,1.7097285868254417,6.0,6.0,50.0,0.2233739969260807,12324.724745869442,0.018685943061804457,-0.03,6.0
56850,2009-03-15 09:30,40,3,1.0,165.0,1.0,3.0,1.0,185.0,0,199.41,114.33,2.63,0.0,1.68,0.0,5,223.3,55.99,47,84.90494296577947,142.6403041825095,85.08,222.90686412787966,281.2646919393728,107.13435895145088,260.20058949624865,268.09787765293385,0.18,1.64,-1.0,3.171699077655191,1.83,0.94,-1.097,0.17903341723356808,0.17941826311769407,0.828922262208228,0.828469709818418,4.139609025177427,0.23704136493532713,17922.900840891914,0.03666138791922231,-0.13,2.77
49170,2009-01-17 13:00,37,6,3.0,210.0,3.0,1.0,0.0,250.0,1,250.57,209.76,0.46,0.62,0.2,0.0,3,275.5,114.1,37,598.9130434782609,119.78260869565217,40.81,224.5902719921588,363.6036723839265,83.69187516476855,255.19054991991456,262.16728205128203,0.17,0.0,0.0,0.9833030852994553,3.5,1.75,-0.5916,0.37324584999343224,0.45607252382061775,1.7982897116826904,1.4212061770508833,3.0632081633866233,1.5222698948926037,15454.637037037035,0.07853376880020234,-0.02,6.0
49390,2009-01-19 12:00,32,2,1.0,68.0,1.0,3.0,1.0,92.0,1,98.95,86.89,1.6,0.0,0.52,0.0,5,144.2,13.51,29,90.12499999999999,46.864999999999995,12.060000000000002,151.5625207296849,158.87894335132185,39.81614234609812,151.5625207296849,147.32545454545453,0.22,0.79,0.0,2.2328384787931714,6.0,0.37,-0.14,1.263031769339301,1.2029904585039761,6.0,6.0,50.0,0.17067405325261129,16568.047337278105,0.05521251441430454,-0.07,6.0
58070,2009-03-27 10:00,35,2,3.0,147.0,1.0,3.0,1.0,150.0,0,151.51,134.77,1.17,0.0,0.54,0.0,4,184.7,46.02,47,157.86324786324786,85.24615384615385,16.73999999999998,224.40669056152927,446.71700919800304,104.72759651995506,224.40669056152927,228.06923076923078,0.16,0.8099999999999999,-0.5,4.084055224688685,1.05,0.63,-0.255,0.9099261133949818,0.7518553122873474,0.05,0.16753233474752555,0.05,0.5347320592071212,10409.42028985507,0.01531909345138889,-0.04,6.0
49690,2009-01-23 10:00,35,3,1.0,95.0,1.0,3.0,1.0,150.0,0,153.32,71.33,1.75,0.0,0.86,0.0,5,267.4,227.6,71,152.79999999999998,131.408,81.99,259.1906452006342,297.4021152090012,100.34287500604424,290.705849153412,300.67902097902095,0.16,0.6200000000000001,-1.0,1.7496409210953068,2.09,1.37,-1.418,0.1857807432398094,0.1915907297816707,1.0907162691677776,1.0829245074214473,5.935223984903672,0.4903594048930933,29995.33074037466,0.207580098505901,-0.02,3.37
53950,2009-02-19 10:00,40,2,1.0,154.0,1.0,3.0,1.0,198.0,0,217.47,140.72,2.07,0.0,0.97,0.0,5,153.1,18.07,23,73.96135265700484,71.74251207729468,76.75,144.77857980456025,359.5969007561262,55.74765478975595,193.10944591029025,200.10457433290978,0.31,0.2999999999999998,-0.7,1.6690653057157723,2.49,0.42,-0.6414,0.19846466629618206,0.2097540601768909,0.48655536223904794,0.4686156451694303,1.2614754598952072,0.12043793189807676,32727.8859593577,0.4592983193142228,-0.39,5.49
47370,2009-01-04 10:00,35,3,1.0,185.0,1.0,3.0,1.0,200.0,1,192.32,163.75,1.49,0.04,0.46,0.0,4,129.5,12.62,14,86.91275167785236,39.97986577181208,28.569999999999993,110.57024851242564,267.3900522100911,34.47915706278996,122.37563694267514,128.2313266443701,0.31,0.97,0.0,2.9804425304425295,6.0,0.3,-0.2111,0.5331523674564917,0.6226429356531691,6.0,6.0,50.0,0.0958180716320558,33306.07544380801,0.6986379466156637,-0.21,6.0
48272,2009-01-14 11:15,33,7,0.0,105.0,3.0,1.0,0.0,105.0,1,115.16,39.12,1.86,0.0,0.94,0.0,5,242.4,141.9,56,130.32258064516128,122.50322580645161,76.03999999999999,195.29781693845345,201.36726694002678,69.11444294796718,249.3065058889512,255.12943676939426,0.25,0.41000000000000014,-0.5,1.3393820416524413,3.1,1.12,-1.036,0.20031776878264035,0.24775062426140723,1.1056092190069475,0.9893051869900736,3.7529009820357815,0.256497617299773,24001.767915547218,0.1225278328609776,-0.02,4.37
55850,2009-03-07 14:30,32,3,1.0,106.0,1.0,3.0,1.0,171.0,0,184.6,99.42,1.57,0.1,0.82,0.0,5,201.7,62.21,65,128.47133757961782,105.3464968152866,85.17999999999999,160.5132073256633,314.97298069808704,64.28753667739174,232.51904520060947,244.663321385902,0.35,-0.32999999999999985,0.0,0.8025546016752343,2.74,0.76,-0.9708,0.17882323477614434,0.22396342128468183,0.7929616020535931,0.6808223781784145,2.5037021763690617,0.20063688064103444,26960.468606349037,0.23062448124602863,-0.07,5.43
52790,2009-02-13 15:00,28,3,1.0,124.0,1.0,3.0,1.0,165.0,1,173.17,136.85,1.76,0.0,1.15,0.0,6,184.8,64.7,7,105.0,120.75,36.31999999999999,134.02926762114544,379.37103952833434,52.69332173584353,153.31486033519553,160.14243654822334,0.28,1.42,0.5,4.9075630252100835,1.33,0.94,-0.3735,0.4193877516033035,0.5748221440297057,0.455598468624155,6.0,0.5134398790917721,0.14970845683097944,7607.157721706254,0.00876069988719977,-0.73,6.0
49250,2009-01-17 11:00,34,5,3.0,155.0,3.0,1.0,0.0,171.0,1,163.42,135.79,0.58,0.37,0.21,0.0,4,197.9,42.82,32,341.2068965517242,71.65344827586208,27.629999999999995,135.97861020629756,201.92052258353502,45.80421423564289,152.82138846350185,166.538605230386,0.25,-0.16000000000000003,0.5,0.7445747920735287,2.12,0.73,-0.2663,0.5512907397116168,0.796803680396685,0.12208030297112378,6.0,0.12604250509772613,0.3851538142633286,16058.243481845966,0.11555756761134002,-0.03,6.0
50510,2009-01-29 14:25,39,3,1.0,161.0,1.0,3.0,1.0,183.0,1,190.16,153.59,2.73,0.0,1.39,0.0,5,125.8,8.2,28,46.08058608058608,64.05201465201465,36.56999999999999,142.99751162154772,256.8898821282626,47.30634120058171,166.4372836916623,175.988012295082,0.25,1.95,0.0,4.868839427662957,1.18,0.28,-0.3126,0.4165207311520912,0.36752039964446603,0.17861371448974506,0.23782981610458878,0.21268154566102057,0.08845427247065332,18132.722780503354,0.08125597964292075,-0.4,6.0
74557,2010-01-26 13:30,33,7,0.0,180.0,3.0,1.0,0.0,180.0,1,179.78,177.0,2.08,0.0,1.4,0.0,6,188.1,74.0,9,90.4326923076923,126.60576923076921,2.780000000000001,78.40503597122303,83.31673417333194,11.140443948150143,78.40503597122303,76.34298642533939,0.24,1.25,0.5,1.1510924079091487,6.0,0.66,-0.01661,5.479195373464729,12.91772542594948,6.0,6.0,50.0,0.03446433373883913,303.6358811847721,5.829099889141816e-07,-0.61,6.0
74722,2010-02-12 08:00,34,2,1.0,141.0,1.0,3.0,1.0,170.0,1,163.07,127.04,1.34,0.2,0.52,0.0,4,138.3,16.5,26,103.2089552238806,53.668656716417914,36.02999999999999,124.94449070219261,334.9888553298514,49.96929480154719,151.77571348628987,155.59576174112254,0.3,0.8700000000000001,0.0,3.3664405162997495,1.13,0.34,-0.3158,0.42276333994537807,0.4672810788492467,0.12368233823908606,0.0558546248385123,0.13459677272324524,0.1366982926570844,27961.069033530577,0.6019458486071887,-0.18,6.0
74635,2010-01-31 13:00,30,2,1.0,96.0,1.0,3.0,1.0,113.0,0,131.3,117.95,1.92,0.0,0.56,0.0,5,104.1,6.005,10,54.21875,30.3625,13.350000000000009,110.6539325842697,270.96328970244554,29.251259401942434,110.6539325842697,138.3944827586207,0.27,1.3699999999999999,0.0,4.31249672517684,6.0,0.19,-0.1119,1.1409860028638168,1.0753715972751143,6.0,6.0,50.0,0.07373032865957027,26573.65491651205,0.3842751599826556,-0.27,6.0
74431,2010-01-09 11:50,34,2,1.0,83.0,1.0,3.0,1.0,135.0,0,138.03,92.83,1.52,0.05,0.77,0.0,5,165.8,31.74,20,109.07894736842105,83.99078947368422,45.2,132.14309734513276,263.98632781459503,37.52472207893706,157.5086100168824,162.22665929203544,0.29,0.5800000000000001,0.0,1.6072684341554808,1.4,0.5,-0.4076,0.3369947596953976,0.4210284972793686,0.407175991713095,0.20749994258576138,0.5317695147099237,0.13684959594940038,16043.706418204649,0.06841346305555746,-0.14,6.0
60670,2009-04-21 11:00,34,5,2.0,303.0,3.0,1.0,0.0,312.0,1,331.1,313.02,0.53,1.0,0.31,0.0,7,331.0,10.71,4,624.5283018867924,193.60377358490564,18.08000000000004,255.79358407079636,459.76114595119986,145.49454666967617,255.79358407079636,308.7167717528373,0.12,0.0,0.0,0.9821752265861028,4.18,5.94,-0.3333,0.8424868992384917,1.085405125058462,2.244269593275817,0.7961423385999356,2.4550246636525404,2.650398982898496,3952.2712353806573,0.0002832941231299465,-0.29,0.1
74834,2010-02-20 13:00,34,2,1.0,167.0,1.0,3.0,1.0,179.0,0,155.8,137.49,1.86,0.0,0.69,0.0,5,116.2,10.03,41,62.47311827956989,43.10645161290322,18.310000000000002,116.67034407427639,195.97200146084205,27.470023961739074,116.67034407427639,127.15725190839699,0.27,1.2000000000000002,0.0,3.1649976529494603,6.0,0.24,-0.1515,0.8319040490569071,0.8288602599210388,6.0,6.0,50.0,0.08548496000038842,17828.030888621877,0.1426466968147962,-0.13,6.0
59630,2009-04-07 09:45,35,6,3.0,123.0,3.0,1.0,0.0,154.0,1,159.53,133.58,0.53,0.46,0.23,0.0,4,240.9,27.06,33,454.52830188679246,104.54150943396226,25.94999999999999,175.54682080924854,164.7236322690796,68.39653824393265,188.32143230527967,200.1021021021021,0.19,-0.08999999999999997,0.0,0.8257408374509567,2.42,1.1,-0.3185,0.5869812384675138,0.8006925627125135,0.4541781243021274,0.05,0.5018985111058463,0.7202527566913814,10007.343318307401,0.00752992229289452,-0.08,4.57
74692,2010-02-08 10:00,38,2,1.0,80.0,1.0,3.0,1.0,90.0,1,106.9,87.54,1.8,0.01,0.65,0.0,5,133.2,14.31,18,73.99999999999999,48.099999999999994,19.36,130.5373450413223,142.25900439489578,43.340575083789325,130.5373450413223,138.54141414141412,0.25,0.76,0.0,1.8022349272349276,6.0,0.32,-0.164,0.7867852860657015,0.8026202533207916,6.0,6.0,50.0,0.11220710212785256,16768.757396449702,0.09294805537393809,-0.13,6.0
74404,2010-01-05 11:29,38,3,1.0,114.0,1.0,3.0,1.0,133.0,1,135.95,104.4,3.34,0.0,2.08,0.0,6,177.1,50.48,12,53.02395209580838,110.28982035928144,31.549999999999983,160.02849445324878,278.82781882864975,41.49559868824729,168.1826860841424,176.6910569105691,0.22,2.57,0.3999999999999999,4.543401262768851,1.35,1.01,-0.3097,0.4827943942387315,0.5332897866451999,0.549822921808288,0.394068393982129,0.6332324511277234,0.12305319639701995,7641.721019365247,0.008620553290584388,-0.38,6.0
60070,2009-04-14 16:00,32,6,3.0,149.0,3.0,1.0,0.0,187.0,0,212.55,186.14,2.66,0.0,2.31,0.0,6,235.4,39.71,21,88.49624060150376,204.42631578947368,26.410000000000025,265.57599394168864,359.20394403776305,108.22030281067119,314.3991346673877,342.2388625592417,0.13,1.7800000000000002,-0.10000000000000009,3.477292036765274,1.95,1.69,-0.4973,0.5767574077331299,0.5130139790798549,1.1486055547583147,1.3541259312089406,1.4878320166567334,0.4279912961511921,4057.9286572013852,0.0003163940686186879,-0.48,0.1
74292,2009-12-15 11:50,36,4,2.0,105.0,3.0,1.0,0.0,138.0,0,153.59,137.09,0.91,0.93,0.29,0.0,7,211.4,190.5,7,232.3076923076923,67.36923076923077,16.5,172.26393939393935,196.56431575694475,52.077300743311255,172.26393939393935,198.52125,0.16,0.050000000000000044,4.0,0.9785538271985216,1.05,4.0,-0.1965,0.9231614023170892,1.1284141426970793,0.13369922514274582,6.0,0.13433845742675066,0.8767076168490456,14020.718089231254,0.08754676877983497,-0.01,6.0
60671,2009-04-21 11:00,34,5,2.0,303.0,3.0,1.0,0.0,312.0,1,331.1,311.08,0.53,1.0,0.29,0.0,7,329.7,10.33,4,622.0754716981131,180.40188679245279,20.02000000000004,263.0813186813185,475.7275936292743,150.1564797473757,266.3352521650537,310.5187429854097,0.12,0.0,0.0,1.0039429784652716,4.82,5.91,-0.3824,0.7608473096019943,0.9499119831481386,2.8354893731442306,1.5207222916203562,3.238470205212364,2.8126427298567043,5181.514327818956,0.000638362623242519,-0.33,0.1
74856,2010-02-25 09:00,35,2,1.0,72.0,1.0,3.0,1.0,104.0,1,118.78,95.9,1.97,0.0,0.79,0.0,5,124.4,8.985,46,63.14720812182742,49.88629441624366,22.879999999999995,114.4780157342657,117.14463673108271,32.99747489564226,122.23190184049079,123.72750809061492,0.29,0.27,0.0,1.284580102137318,6.0,0.27,-0.1774,0.6657413959017474,0.7225745941047317,6.0,6.0,50.0,0.07689288816093527,16588.619280937484,0.07164783082831071,-0.13,6.0
74888,2010-02-27 13:00,33,2,1.0,108.0,1.0,3.0,1.0,126.0,0,141.95,57.04,1.57,0.0,0.66,0.0,5,277.8,379.8,95,176.94267515923568,116.78216560509554,84.91,280.8483806383229,286.3912533138259,96.1916048591976,315.83429018789144,318.7842618384401,0.14,0.48,-2.0,1.6664288875238602,2.09,1.49,-1.67,0.1793918635994815,0.17750834095849435,1.0902242786231375,1.0923784334566053,6.936368724597554,0.6475682382721725,46666.24720833475,0.9572828009276824,-0.01,3.81
74948,2010-03-05 09:45,33,2,3.0,99.0,1.0,3.0,1.0,116.0,0,106.48,33.38,1.79,0.0,0.75,0.0,5,276.0,316.2,101,154.18994413407822,115.64245810055866,73.1,257.86348837209306,194.6739873046122,89.70781820999247,307.5981217985202,312.3380681818182,0.16,0.44999999999999996,-1.0,1.5328060783041313,3.26,1.47,-1.304,0.20837432473641554,0.2227878102507341,1.260508398035963,1.2349974636045,5.510510834099608,0.476043212842696,36680.57196159122,0.4115226950282744,-0.0,3.56
75212,2010-04-02 14:00,36,2,1.0,0.0,1.0,3.0,1.0,131.0,1,143.25,45.59,2.5,0.0,1.19,0.0,5,217.7,49.13,122,87.08,103.62519999999999,97.66,175.42761621953716,191.72669299452002,71.78059236162538,208.54104921579233,213.5813698630137,0.29,0.04999999999999982,0.0,1.0110337198728825,2.83,0.89,-1.116,0.15597136123522395,0.19282830178164018,0.848368058726401,0.7862834731681326,4.011734869529035,0.15177094317939424,32836.66407739567,0.2312598653934013,-0.07,2.41
75544,2010-12-26 11:30,37,3,1.0,47.0,1.0,3.0,1.0,72.0,1,75.78,48.58,1.55,0.11,0.58,0.0,5,143.1,12.38,17,92.32258064516128,53.54709677419354,27.200000000000003,118.44125000000001,200.6518958435128,34.27560666723552,135.2597022860181,151.44753901560625,0.29,0.3800000000000001,0.0,1.6293668285282543,6.0,0.37,-0.2099,0.5600059977291166,0.6746736541710218,6.0,6.0,50.0,0.10669472886537529,18738.285894768134,0.08183376869828761,-0.19,6.0
75224,2010-04-06 09:30,38,2,2.0,167.0,1.0,3.0,1.0,188.0,1,200.26,186.42,1.35,0.02,0.51,0.0,4,105.3,2.878,5,77.99999999999999,39.78,13.840000000000003,124.65065028901738,202.23109791728584,32.471769700790986,124.65065028901738,122.91237890204523,0.25,0.7300000000000001,0.0,2.822580645161291,6.0,0.19,-0.1074,1.1005898221265886,0.9329889163164423,6.0,6.0,50.0,0.13257257117932908,15202.893991821325,0.031669527771826606,-0.57,5.15
75261,2010-04-15 09:30,40,6,3.0,57.0,3.0,1.0,0.0,130.0,0,157.85,115.42,1.63,0.0,1.55,0.0,6,292.8,624.0,19,179.63190184049083,278.4294478527608,42.42999999999999,155.30049493283053,160.0434142920104,57.025863040911624,191.7504162330906,194.25910652920965,0.26,0.8199999999999998,1.0,1.5126956419078454,1.73,1.44,-0.381,0.35899512463426764,0.6688369496956833,1.1593451767242227,6.0,1.5532396669660506,0.17116866333715314,1880.9998885089933,5.707814115380896e-05,-0.78,6.0
75528,2010-12-18 10:00,34,2,1.0,81.0,1.0,3.0,1.0,97.0,0,93.66,71.35,1.05,0.81,0.32,0.0,7,130.1,17.25,9,123.9047619047619,39.64952380952381,22.310000000000002,90.76907216494847,244.48259892379917,27.621258653053385,93.79968911917099,110.3162601626016,0.33,0.030000000000000027,4.0,1.1876610751910295,6.0,4.0,-0.1392,0.6827504768369327,0.9721909359433598,6.0,6.0,50.0,0.32880236402863544,22537.006578947367,0.3229600481905297,-0.12,6.0
75078,2010-03-17 13:40,34,2,2.0,168.0,1.0,3.0,1.0,180.0,0,157.02,108.11,1.55,0.02,0.57,0.0,5,206.8,105.2,82,133.4193548387097,76.04903225806451,48.91000000000001,170.5013085258638,140.59631557335769,59.949893058917944,189.18369842078454,194.51395348837207,0.22,0.1100000000000001,0.0,1.0331875940253599,2.75,0.8,-0.5829,0.3114324910699646,0.37632334286270713,0.8184197335503456,0.6473170419021864,1.413325199095708,0.230361697977709,31234.075367671674,0.524177903533901,-0.01,6.0
75918,2011-02-11 09:00,35,7,0.0,135.0,3.0,1.0,0.0,135.0,1,140.42,107.19,1.73,0.0,0.8,0.0,5,196.9,50.76,47,113.81502890173411,91.0520231213873,33.22999999999999,195.78796268432149,160.39821375653202,71.18864317595965,214.37888104838711,221.0362244897959,0.19,0.98,0.0,2.8935838835280174,1.53,0.72,-0.4359,0.45838589040722183,0.4611006704306866,0.5196354704449371,0.5140988293670203,0.6726293506064178,0.2736164906707696,16881.536102484468,0.050604356140094314,-0.04,5.83
75944,2011-02-15 09:15,34,7,0.0,156.0,3.0,1.0,0.0,156.0,1,154.36,137.84,1.21,0.97,0.37,0.0,7,214.7,108.4,54,177.43801652892563,65.65206611570248,16.52000000000001,161.88317191283284,95.86182516210867,58.13205462534238,161.88317191283284,161.94496314496308,0.18,-0.1200000000000001,4.0,0.8220598071798031,6.0,4.0,-0.1974,0.9220437735007246,1.2162211113100592,6.0,6.0,50.0,0.571010215799409,15298.024581573349,0.04795254003134657,-0.01,6.0
75827,2011-01-30 12:30,36,6,3.0,41.0,3.0,1.0,0.0,104.0,1,112.08,52.33,1.5,0.02,0.59,0.0,4,244.0,164.3,69,162.66666666666666,95.97333333333331,59.75,205.60220920502093,162.29591120128697,75.45669292178358,221.15546218487393,243.73194600674915,0.19,-0.040000000000000036,0.0,0.9520704705130935,3.11,1.13,-0.8101,0.25493160063986564,0.3015802541190923,1.1598380880471617,1.0425132046659746,3.023044040568543,0.35293137765211896,29835.95931024832,0.25447153634807285,-0.01,4.37
76037,2011-02-28 08:50,30,2,1.0,120.0,1.0,3.0,1.0,170.0,1,163.66,132.01,1.69,0.0,0.7,0.0,5,193.0,59.57,49,114.20118343195267,79.94082840236686,31.650000000000006,137.31200631911534,203.98409730085316,40.88301109939898,155.31618191433108,169.41634062140386,0.26,0.25,0.0,1.1432066781807715,2.22,0.69,-0.3284,0.4812689775112785,0.6722893646601081,0.23724481161767172,6.0,0.2559386979131659,0.13445544257608047,15852.338530443234,0.05524787853293719,-0.04,6.0
75929,2011-02-13 13:30,41,6,3.0,34.0,3.0,1.0,0.0,80.0,1,81.71,35.23,2.02,0.69,1.07,0.0,9,309.5,86.59,83,153.21782178217822,163.9430693069307,46.48,213.64935456110157,136.6273237536155,81.39161497336649,231.47400741132878,248.52592592592592,0.17,0.09000000000000008,-3.0,0.8535377970485574,2.85,1.87,-0.5738,0.32771435323218534,0.4714955999057825,1.8598979602697707,1.2601850790678033,3.6191576665583667,0.28772150915942635,8592.484757026228,0.004548380855600288,-0.02,4.46
75858,2011-01-31 09:00,33,5,2.0,96.0,3.0,1.0,0.0,130.0,1,144.12,111.02,1.62,0.08,1.12,0.0,5,195.3,81.33,24,120.55555555555556,135.02222222222224,33.10000000000001,171.13120845921443,281.79971393282847,54.66395787456701,193.7564304461943,200.5361797752809,0.21,1.0500000000000003,-0.5,3.1753577492117393,1.45,0.71,-0.3961,0.46018619752966655,0.5240747544403774,0.4634264538387278,0.32841242944710247,0.5640039383793776,0.22154733272843757,6862.963461782229,0.005955143587579961,-0.03,6.0
76009,2011-02-25 09:00,36,2,2.0,113.0,1.0,3.0,1.0,130.0,1,125.31,109.78,0.71,0.38,0.15,0.34,2,115.7,3.177,4,162.95774647887325,24.443661971830988,15.530000000000001,127.27295556986476,422.34135111369596,35.99408069016611,127.27295556986476,130.48787575150303,0.27,0.41,0.0,2.409622587150677,6.0,0.36,-0.1352,0.9808218376195734,0.893355068582843,6.0,6.0,50.0,0.3296624075799047,49053.94152046783,2.4200705926063657,-0.62,6.0
76064,2011-03-01 11:00,38,2,1.0,79.0,1.0,3.0,1.0,130.0,1,131.51,89.15,2.13,0.0,0.88,0.0,5,150.9,13.41,39,70.84507042253522,62.34366197183099,42.359999999999985,136.15467422096322,260.67139646101975,43.534702119938366,157.72809734513277,169.02434127979927,0.28,0.040000000000000036,0.0,1.1244970369172524,2.31,0.41,-0.3612,0.35958836492521196,0.3978253377426742,0.3053012290482948,0.23259849388112222,0.386524221581005,0.10335466598174665,25191.98088842975,0.16251030254224394,-0.26,4.95
76174,2011-03-15 10:30,30,2,1.0,117.0,1.0,3.0,1.0,154.0,1,162.36,123.41,2.57,0.0,1.93,0.0,5,191.6,58.24,26,74.55252918287938,143.8863813229572,38.95000000000002,160.72947368421055,370.5648564987523,74.063797339892,199.67930497925315,208.64859913793103,0.25,1.8499999999999999,0.0,3.873108037578288,1.5,0.68,-0.4708,0.3910696569507565,0.4649691708822615,0.48694736814843687,0.2998798868458162,0.6227611872269556,0.12238913299345124,6913.547378291925,0.004309550671676317,-0.05,6.0
76206,2011-03-21 12:00,30,3,1.0,148.0,1.0,3.0,1.0,181.0,1,172.94,147.14,1.71,0.0,0.9,0.0,5,132.9,7.377,21,77.71929824561404,69.94736842105264,25.80000000000001,167.5330620155039,356.20794450525295,45.99406674753388,177.39967213114755,182.64630940343784,0.21,1.4,0.0,8.230612393504696,1.09,0.31,-0.3309,0.59039392008651,0.47060882436724444,0.0915152234015849,0.1994737586448588,0.09768802936893457,0.19505501374267964,17064.985714285714,0.04826730225141015,-0.53,5.37
76215,2011-03-22 09:50,42,2,1.0,68.0,1.0,3.0,1.0,130.0,0,123.15,104.92,2.04,0.0,0.8,0.0,5,181.9,53.98,86,89.16666666666667,71.33333333333334,18.230000000000004,147.51151947339548,173.77311088357638,55.88775841304493,147.51151947339548,156.68541666666667,0.21,1.07,0.0,1.8695442720878694,6.0,0.61,-0.1563,0.8355547525086101,1.026107117989798,6.0,6.0,50.0,0.12884197868473857,8837.745652173911,0.012244570923711496,-0.02,6.0
76638,2012-01-10 09:30,25,3,1.0,256.0,1.0,3.0,1.0,260.0,0,258.08,203.41,0.4,0.46,0.18,0.65,2,160.9,6.22,2,402.25,72.405,54.66999999999999,125.83950978598865,405.76902630345637,50.694741784182106,151.8057876195269,154.97015250544663,0.33,0.10000000000000003,0.0,1.3515641185001035,2.51,0.6,-0.5721,0.2786201415443932,0.3546222232035097,0.6894946183236086,0.3841174468670919,1.0209483075709072,0.5306540795556567,29896.139525769155,0.42633154029513964,-1.37,6.0
76639,2012-01-10 09:30,35,3,1.0,85.0,1.0,3.0,1.0,124.0,0,136.59,73.61,1.0,0.19,0.41,0.0,4,147.3,10.6,7,147.3,60.393,62.980000000000004,129.7680215941569,398.14165473175007,54.58315112447408,167.43115550755942,176.06920103092784,0.34,0.56,0.0,2.8744676911683023,1.42,0.39,-0.5395,0.24185714732029168,0.2739932483959639,0.42591573186534115,0.3560085825330176,0.7419957295252467,0.1991822339910303,38207.13294240956,0.6247589669391741,-0.71,4.65
76510,2011-12-20 13:05,38,2,2.0,130.0,1.0,3.0,1.0,157.0,0,178.3,142.97,2.19,0.0,0.76,0.0,6,127.1,21.55,0,58.0365296803653,44.10776255707763,35.33000000000001,86.48146051514293,288.27153505047653,23.38688083781489,82.69717171717171,94.0,0.39,1.89,0.0,4.141070023603461,6.0,0.52,-0.1871,0.43113963029244173,0.628810006635445,6.0,6.0,50.0,0.05264871904266629,23362.170401766187,0.5966139917901627,-0.59,6.0
76865,2012-02-02 08:45,29,6,3.0,251.0,3.0,1.0,0.0,269.0,0,289.31,216.36,1.81,0.34,1.01,0.0,5,231.9,62.5,23,128.12154696132598,129.40276243093922,72.94999999999999,198.00592186429057,501.2870760641679,97.72261502317359,258.2439739413681,259.1991091314031,0.24,1.49,-1.5,6.563591526520051,2.01,1.02,-1.087,0.2088027846227824,0.24396308292269997,1.0194206931303893,0.9394980738393975,3.2778666790063893,0.2705147673083255,22342.096343495738,0.13492545617546614,-0.17,5.95
76778,2012-01-25 11:00,37,3,1.0,161.0,1.0,3.0,1.0,200.0,1,201.22,148.05,0.99,0.0,0.35,0.0,4,180.7,36.28,16,182.5252525252525,63.88383838383837,53.16999999999999,160.2777882264435,431.41389692220184,53.51390865692035,197.50755813953486,215.39573170731705,0.26,0.64,-0.5,3.54393232666614,1.62,0.6,-0.5451,0.28648040508241446,0.3224235157026704,0.6152287384930915,0.5301870362678168,1.0702353862717486,0.3146121585289712,37923.869387755105,0.6280253960621066,-0.19,4.77
76779,2012-01-25 15:00,36,2,2.0,180.0,1.0,3.0,1.0,200.0,1,213.91,200.92,0.42,0.48,0.1,0.7,1,101.3,0.4361,0,241.1904761904762,24.11904761904762,12.990000000000009,106.8976905311778,294.7125361743217,31.1701212294925,106.8976905311778,124.42929936305738,0.3,0.12,0.0,1.2783810463968412,6.0,0.24,-0.09562,1.1726068620655858,1.1125619881132702,6.0,6.0,50.0,0.36249018102674085,34075.49090909089,0.29006919687070665,-3.35,3.02
76750,2012-01-18 11:30,35,6,3.0,129.0,3.0,1.0,0.0,172.0,0,169.9,119.91,0.97,0.35,0.45,0.0,4,251.1,102.7,36,258.8659793814433,116.4896907216495,49.99000000000001,213.3604120824165,322.42103800489656,79.00837148474326,245.674502617801,253.23590033975083,0.18,0.39,-0.5,1.7696548977602,3.21,1.2,-0.7154,0.3047042036053606,0.3575231471177102,1.2079772656072247,1.0560425415895538,2.5201935963808073,0.5899592767091075,18940.448383806408,0.08460871123093164,-0.04,6.0
76973,2012-02-16 09:50,36,2,1.0,144.0,1.0,3.0,1.0,152.0,1,153.77,151.36,2.26,0.0,0.78,0.0,5,105.7,4.669,18,46.76991150442478,36.48053097345133,2.4099999999999966,96.01867219916993,35.861792988287796,34.738608893073014,96.01867219916993,90.33229166666668,0.19,0.1599999999999997,0.0,1.2044780826237778,6.0,0.19,-0.01973,6.320399642419904,6.945409797673903,6.0,6.0,50.0,0.04602434982902571,3067.333503786494,0.00041688275989057596,-0.05,6.0
76976,2012-02-17 11:15,36,1,1.0,78.0,1.0,3.0,1.0,132.0,1,129.72,89.61,1.85,0.0,0.93,0.0,5,182.3,44.95,39,98.54054054054055,91.6427027027027,40.11,168.43871852405883,201.80738337505477,57.970717796977524,210.35725806451612,230.39599109131404,0.24,-0.3900000000000001,0.0,0.813660763263067,2.47,0.61,-0.441,0.37975973917307343,0.4107172706403802,0.47941025465429044,0.4091691856921268,0.6451545923464056,0.18643990756914436,15174.636927113965,0.049891349064021026,-0.05,6.0
77007,2012-02-22 09:10,29,3,1.0,108.0,1.0,3.0,1.0,112.0,0,108.51,104.09,1.66,0.98,0.67,0.0,9,174.3,15.62,28,105.00000000000001,70.35000000000001,4.420000000000002,116.35180995475106,45.2406563478011,47.69469809661842,116.35180995475106,112.2813157894737,0.19,-0.26,0.0,0.7008928571428572,6.0,0.56,-0.05983,3.446190755256101,5.122485780047526,6.0,6.0,50.0,0.09699288011733834,3514.5464138281654,0.002130758492295342,-0.03,6.0
77406,2012-04-16 09:00,32,2,1.0,100.0,1.0,3.0,1.0,134.0,0,139.7,110.72,1.54,0.4,0.74,0.0,9,219.9,18.24,27,142.7922077922078,105.66623376623376,28.97999999999999,160.72639751552796,283.5003566365896,44.68278016697712,170.62753015207133,185.22360335195532,0.22,0.62,-4.0,1.4584890365185756,0.4,0.91,-0.3386,0.5256094940728772,0.7147761085956216,0.3774882662684223,6.0,0.4169992103128992,0.20586125295840424,9776.281470659851,0.006588324514651493,-0.22,4.14
78047,2013-01-17 10:00,33,3,1.0,136.0,1.0,3.0,1.0,166.0,1,167.85,151.44,1.7,0.01,0.59,0.0,5,121.9,12.51,20,71.70588235294119,42.3064705882353,16.409999999999997,127.92315661182207,232.59789028102682,29.401349546818945,127.92315661182207,129.9459619952494,0.24,1.28,0.0,4.665221297706941,6.0,0.26,-0.1487,0.9282244447429604,0.8854147928836623,6.0,6.0,50.0,0.11223126385128762,19992.53320803389,0.2098683345432233,-0.13,6.0
77794,2012-12-23 14:45,35,2,2.0,245.0,1.0,3.0,1.0,250.0,0,250.48,198.33,2.24,0.0,1.15,0.0,6,156.9,35.55,5,70.04464285714285,80.55133928571428,52.14999999999998,119.17813998082454,383.94895667193197,38.75813959112881,119.65058405281866,159.7,0.29,1.9400000000000002,0.30000000000000004,6.557722540896538,1.5,0.97,-0.4104,0.2920836651626458,0.38248318931550734,1.01602528895124,0.5692721449934395,1.4742160910578617,0.1104309139253476,17446.145224063162,0.14375055089556485,-0.57,6.0
77143,2012-03-07 09:00,36,2,1.0,150.0,1.0,3.0,1.0,188.0,1,206.9,163.17,1.52,0.14,0.71,0.0,5,184.0,40.1,58,121.05263157894737,85.94736842105262,43.73000000000002,159.27935056025615,237.21629937559692,53.469859776127976,210.9757425742574,217.46496191512514,0.26,0.98,-0.5,3.529227053140096,1.52,0.62,-0.4506,0.34832296222803505,0.40162652932234194,0.5196456262625954,0.38480497770539007,0.7216703169630004,0.2019405468845826,17958.242239721243,0.07605689992560234,-0.04,6.0
77612,2012-12-05 12:00,30,3,1.0,120.0,1.0,3.0,1.0,165.0,0,163.71,97.11,0.46,0.44,0.23,0.55,2,142.1,4.22,5,308.9130434782608,71.05,66.60000000000001,114.9914264264264,375.4413065089535,40.36282383070618,137.8703991705547,142.39292237442922,0.4,0.16000000000000003,0.0,1.5505981703026042,2.5,0.5,-0.5753,0.22871115823171131,0.2816210110800232,0.6623225356098199,0.4305413832700539,1.092746873350425,0.3959469900933564,30682.66666666667,0.5129930275381456,-2.02,6.0
77613,2012-12-05 11:00,31,2,2.0,160.0,1.0,3.0,1.0,214.0,1,206.53,164.91,0.3,0.49,0.09,0.84,1,128.6,3.993,1,428.6666666666667,38.58,41.620000000000005,91.21775588659298,294.79797559668657,25.845564361343683,109.23202020202015,122.3175732217572,0.45,0.0,0.0,0.9805598755832037,6.0,0.31,-0.2842,0.3659818149503116,0.5127399076839251,6.0,6.0,50.0,0.3274253697750449,47485.38011695907,3.8656905893497986,-1.1,6.0
77614,2012-12-05 11:45,38,2,2.0,20.0,1.0,3.0,1.0,96.0,1,103.36,34.2,1.79,0.0,0.65,0.0,5,178.3,21.91,23,99.60893854748603,64.74581005586593,69.16,132.8076055523424,307.96268851511456,43.2608578375288,184.72308132875148,199.0916932907348,0.33,-2.8899999999999997,-0.19999999999999996,0.3196260024639161,1.67,0.58,-0.573,0.22024527383215695,0.29419858787079933,0.667495194226713,0.46069319065758857,1.3768760096429973,0.11759660484923048,41583.17827921066,0.558038467611259,-0.29,3.15
77621,2012-12-06 11:00,31,2,2.0,42.0,1.0,3.0,1.0,115.0,0,122.01,27.53,0.74,0.39,0.37,0.04,4,203.6,11.33,6,275.13513513513516,101.8,94.48,141.6705969517358,427.43920366677213,53.47242762559104,200.3956260251504,202.72429245283018,0.38,0.050000000000000044,0.0,1.0461262492525838,2.85,0.77,-0.9774,0.16122103236909374,0.23025970226844486,0.8414648308346047,0.6489969242108589,2.8551164798677386,0.3279882418312853,29618.18181818182,0.1756333806857931,-1.24,2.71
77633,2012-12-08 09:00,30,2,1.0,115.0,1.0,4.0,1.0,154.0,1,158.48,106.27,0.37,0.48,0.15,0.51,2,137.3,3.665,3,371.0810810810811,55.66216216216217,52.209999999999994,93.20758475387859,294.7397176601526,35.23685463270236,114.03756933938477,115.0857142857143,0.44,0.06,0.0,1.1170500199703968,2.23,0.47,-0.3706,0.29174800111534144,0.42664250549934285,0.2626523169686046,6.0,0.29658991374752386,0.32012772175528614,30065.268148148152,0.5844522101830056,-1.48,6.0
77753,2012-12-18 11:00,36,3,1.0,79.0,1.0,3.0,1.0,100.0,0,101.87,51.68,1.99,0.0,0.84,0.0,5,201.3,42.61,36,101.15577889447236,84.97085427135679,50.190000000000005,179.4731420601713,234.470942566573,55.19589123268125,224.74124999999998,231.27560975609754,0.23,1.12,0.0,2.74869097989505,1.76,0.75,-0.5943,0.30349000076174487,0.33977743272973066,0.7494522432676108,0.6588846010912057,1.3387789912002603,0.19841406453364768,25268.49522005772,0.12963752931867256,-0.1,3.77
77768,2012-12-19 15:00,34,2,2.0,122.0,1.0,3.0,1.0,144.0,1,145.74,114.42,0.83,0.39,0.36,0.0,4,151.8,5.126,8,182.89156626506028,65.84096385542169,31.320000000000007,149.28167305236266,381.3147237001502,39.86629041789038,166.02182011708354,180.68139534883719,0.24,0.42999999999999994,0.0,2.6846508563899865,2.19,0.42,-0.3203,0.48633981922835173,0.49456415806750625,0.18205562094508843,0.17028938875603758,0.20183607358323297,0.32272154989905744,19076.552719853367,0.0808590728336557,-0.87,5.97
77311,2012-03-30 09:30,30,7,0.0,117.0,3.0,1.0,0.0,117.0,1,112.65,102.36,1.87,0.0,0.7,0.0,5,150.6,8.669,24,80.53475935828877,56.37433155080213,10.290000000000006,143.3931000971817,132.7982941372215,48.42122890323222,143.3931000971817,139.77008149010476,0.17,0.9300000000000002,0.0,2.135987963041451,6.0,0.41,-0.1149,1.480287962899123,1.5533573302984627,6.0,6.0,50.0,0.1312761920289516,9761.754373177844,0.006573599913911926,-0.15,4.18
78690,2013-03-30 10:00,38,2,1.0,93.0,1.0,3.0,1.0,110.0,0,142.57,133.18,1.64,0.03,0.56,0.0,5,109.9,3.029,9,67.01219512195122,37.526829268292694,9.389999999999986,115.22864749733755,245.00251009998183,28.415290625406143,115.22864749733755,147.8,0.25,0.019999999999999796,0.0,1.0482705939181522,6.0,0.21,-0.06776,1.6221685983207663,1.5488317473872188,6.0,6.0,50.0,0.09345880886125944,10761.957671957667,0.010208261087051114,-0.33,5.05
78512,2013-03-05 10:30,28,5,2.0,45.0,3.0,1.0,0.0,85.0,1,83.61,54.02,1.75,0.02,0.78,0.0,5,194.7,34.03,52,111.25714285714285,86.78057142857142,29.589999999999996,182.43710713078744,157.24139072578086,71.32632759270969,193.84794589178358,202.5364035087719,0.19,0.3600000000000001,0.0,1.3437016180584038,2.41,0.7,-0.4266,0.5147740161619458,0.5487303944491753,0.4108392612215252,0.3492104846113928,0.48666758179563696,0.23311676426920855,17783.63776691536,0.043795640876952494,-0.06,4.08
78639,2013-03-22 08:00,28,3,1.0,158.0,1.0,3.0,1.0,205.0,0,228.74,196.54,2.5,0.0,1.13,0.0,5,144.8,12.23,35,57.92,65.4496,32.20000000000002,128.05024844720495,264.14103252784145,46.17477536290282,142.73692569483833,150.43915789473684,0.27,-0.3599999999999999,0.0,0.8004771471622301,2.09,0.38,-0.3196,0.47304854466558915,0.5337444927002043,0.1214775013821436,0.05,0.12972550136627278,0.07783117413471713,19554.193750489474,0.08365675658943472,-0.29,5.79
78937,2013-12-01 11:15,35,7,0.0,83.0,3.0,1.0,0.0,83.0,1,79.66,40.11,1.38,0.0,0.7,0.0,4,187.5,40.91,11,135.8695652173913,95.10869565217392,39.55,176.32280657395702,368.089818798592,67.7741500396201,204.4669394435352,210.7250258531541,0.21,0.7499999999999999,-0.5,2.5841777777777772,1.55,0.65,-0.4662,0.38513686822331156,0.4091720491178521,0.5612114458064807,0.5094952899841627,0.7915815955080124,0.27569769015314316,15755.65714285714,0.04306501695877611,-0.12,6.0
78644,2013-03-25 08:30,32,2,1.0,150.0,1.0,3.0,1.0,158.0,1,166.47,140.73,1.87,0.02,0.85,0.0,5,135.4,8.096,28,72.40641711229947,61.54545454545455,25.74000000000001,160.19304584304584,327.41638775727967,58.776215766537796,169.88422649140549,184.52090395480224,0.22,0.8800000000000001,0.0,2.36878385032004,1.08,0.33,-0.305,0.5917701296904416,0.5019618368239159,0.07712951707844075,0.16248203719174964,0.0810259179080233,0.1646704341871378,19682.66666666667,0.07524815311298975,-0.38,5.13
78949,2013-12-03 11:00,43,7,0.0,100.0,3.0,1.0,0.0,100.0,0,104.19,99.79,0.88,0.31,0.28,0.0,4,107.7,5.363,11,122.38636363636364,34.26818181818182,4.3999999999999915,109.77295454545467,114.87162871070332,30.530982930108532,109.77295454545467,125.59020408163275,0.24,-0.2300000000000001,0.0,0.6617648288957482,6.0,0.2,-0.03253,3.461855258689082,3.399013568299325,6.0,6.0,50.0,0.1569167494260881,5950.309901738472,0.00895099984238861,-0.07,6.0
79070,2013-12-24 10:30,35,7,0.0,62.0,3.0,1.0,0.0,62.0,0,61.91,46.72,1.65,0.0,0.63,0.0,5,179.0,31.8,30,108.48484848484848,68.34545454545454,15.189999999999998,132.02047399605001,204.24102548725497,25.586162055685914,132.02047399605001,149.68333333333334,0.22,1.0499999999999998,0.0,2.2276536312849164,6.0,0.59,-0.1385,1.0027757168026317,1.351457360505265,6.0,6.0,50.0,0.12660272848210338,8636.621315192744,0.006846169047985136,-0.05,6.0
79039,2013-12-16 08:30,38,7,0.0,92.0,3.0,1.0,0.0,92.0,1,87.73,27.05,1.21,0.15,0.46,0.0,4,264.7,186.5,37,218.7603305785124,100.6297520661157,60.68000000000001,186.35344429795646,168.58616482157348,64.32382352052997,245.0640337019484,254.92056074766356,0.25,-0.030000000000000027,0.0,0.9500012186650743,3.29,1.35,-0.7089,0.25102444196163437,0.35435564309099754,1.3764782347252373,0.9637585703120893,3.1622560474750108,0.3598356012190247,25057.531379237906,0.11715773894661882,-0.02,3.39
78167,2013-01-29 10:00,41,2,2.0,180.0,1.0,3.0,1.0,200.0,0,203.58,156.9,1.0,0.29,0.37,0.0,4,192.9,36.32,23,192.9,71.373,46.68000000000001,148.154177377892,327.9017860029936,59.63419311220365,190.36007268951195,201.919836400818,0.28,-0.19999999999999996,0.0,0.7745809573181269,2.51,0.69,-0.3964,0.32631026431516647,0.4229796458300301,0.5984068094556677,0.3081863675324785,0.8461831640739688,0.2659783576164073,23979.662052517513,0.2239127550506746,-0.09,6.0
78183,2013-01-31 12:00,38,2,1.0,163.0,1.0,3.0,1.0,167.0,0,182.09,177.18,1.19,0.24,0.31,0.0,4,100.1,2.04,9,84.11764705882352,26.076470588235296,4.909999999999997,142.53869653767822,475.1289884589274,38.01031907671419,142.53869653767822,141.42551020408163,0.24,0.8899999999999999,-1.0,5.714219114219114,6.0,0.17,-0.0465,3.102273551574745,2.1940788884617697,6.0,6.0,50.0,0.1973987483346653,13842.61974584555,0.028643152723378792,-0.36,6.0
79044,2013-12-16 11:15,37,7,0.0,77.0,3.0,1.0,0.0,77.0,1,81.62,46.68,1.13,0.84,0.37,0.0,7,292.8,645.5,37,259.11504424778764,95.87256637168143,34.940000000000005,178.057670291929,125.4582828587634,58.74728488432112,217.38976470588233,222.33919597989953,0.21,-0.10000000000000009,4.0,0.7464430894308943,1.96,4.0,-0.3943,0.4359520073907262,0.7102592373676739,3.0464739534325336,0.12311965543983293,3.8826588668052704,0.545780574046866,16418.45162005635,0.0468731621522088,-0.0,5.77
78203,2013-02-01 08:00,33,3,1.0,90.0,1.0,3.0,1.0,129.0,0,150.53,143.25,6.24,0.0,2.78,0.0,6,143.8,28.37,2,23.044871794871796,64.06474358974359,7.280000000000001,133.09917582417586,337.66272495620325,28.949956601369646,133.09917582417586,128.15518518518525,0.25,5.7700000000000005,-0.5,13.599739591039567,6.0,0.38,-0.07048,2.0923301014054916,2.25765538577,6.0,6.0,50.0,0.034009498638545764,4438.696961854977,0.0029867084463577197,-0.72,6.0
79869,2014-03-13 14:00,37,7,0.0,116.0,3.0,1.0,0.0,116.0,0,121.58,111.62,1.58,0.07,0.59,0.0,5,139.7,1.192,19,88.41772151898734,52.16645569620252,9.959999999999994,136.1725903614458,107.86515692671436,44.441087433232475,136.1725903614458,136.15048231511253,0.2,-0.1399999999999999,0.0,0.8975628839206939,6.0,0.35,-0.09371,1.5293336484168663,1.5683718904576616,6.0,6.0,50.0,0.13909308297202622,8960.553250981522,0.003301427890358533,-0.38,0.1
79280,2014-01-12 14:15,30,7,0.0,99.0,3.0,1.0,0.0,99.0,0,100.25,73.63,1.85,0.0,0.94,0.0,5,171.0,25.91,17,92.43243243243242,86.88648648648648,26.620000000000005,167.8462809917355,261.2878080523668,54.825932733039984,185.8301455301455,202.37234042553192,0.21,1.37,-0.5,4.99013157894737,1.2,0.53,-0.3388,0.5722074807750553,0.5830408733515184,0.18091782707679607,0.1660886091107726,0.19554675018703432,0.18392576863960744,12557.837554501919,0.021955547111668514,-0.11,6.0
79879,2014-03-14 08:45,30,7,0.0,187.0,3.0,1.0,0.0,187.0,1,190.29,160.03,0.43,0.48,0.19,0.0,4,248.0,45.61,25,576.7441860465117,109.5813953488372,30.25999999999999,179.39986781229348,270.5870154483741,68.87543282298984,211.14105090311983,222.56152912621357,0.2,0.020000000000000018,0.5,1.0208693941778129,2.64,1.17,-0.4199,0.5033761777340379,0.69182422858903,0.6661980856137597,0.1495771080213073,0.7880824208001043,0.9301334123111822,12254.580896686159,0.019737033868263275,-0.06,6.0
79551,2014-02-06 09:00,34,2,2.0,181.0,1.0,3.0,1.0,187.0,0,187.56,153.01,0.51,0.42,0.19,0.2,2,157.1,7.296,10,308.0392156862745,58.52745098039215,34.55000000000001,124.32853835021704,335.0499452879511,42.457262634175926,139.83636363636364,144.84072632944228,0.29,-0.15000000000000002,0.0,0.7107516926103814,2.2,0.58,-0.3052,0.4408730286029516,0.5545880532416949,0.2211377507066555,6.0,0.2384959437399717,0.40877673563785977,24638.227146814406,0.25487429325382865,-0.53,6.0
79888,2014-03-14 10:00,35,4,2.0,128.0,3.0,1.0,0.0,137.0,0,134.21,94.93,1.68,0.0,0.71,0.0,5,232.7,126.1,77,138.51190476190476,98.34345238095237,39.28,230.45807026476578,315.7121867250897,85.36865526081968,261.16510752688174,267.10580781414995,0.16,1.14,-1.0,3.6833309459007784,1.93,1.02,-0.6102,0.3877841939468425,0.3915787833657238,0.9310952673061352,0.9219421288350171,1.5589118751229578,0.3973530158237682,21865.229660781588,0.10398322537659369,-0.02,5.09
79329,2014-01-16 09:15,34,3,1.0,167.0,1.0,3.0,1.0,182.0,0,182.1,144.5,1.25,0.2,0.38,0.0,4,153.3,14.83,11,122.64000000000001,46.6032,37.599999999999994,138.9866755319149,435.3617263798592,47.858832737173806,150.16731234866825,152.78018648018647,0.26,0.95,-0.5,4.362361382909327,1.25,0.42,-0.3566,0.4051107217614888,0.44599420506044785,0.26839953639915265,0.19811882025273786,0.3198495155144128,0.18308039596068307,43234.052623819596,1.0551395533739265,-0.34,5.03
79353,2014-01-17 11:00,43,2,1.0,120.0,1.0,3.0,1.0,150.0,0,164.38,156.81,0.54,0.43,0.08,0.64,2,106.2,1.932,2,196.66666666666666,15.733333333333333,7.569999999999993,103.19471598414796,343.9823866138265,27.51859092910613,103.19471598414796,109.46168224299073,0.29,0.24000000000000005,0.0,1.6864406779661019,6.0,0.32,-0.04285,2.012174787084808,2.0696114942986568,6.0,6.0,50.0,0.28872816021190967,36154.68749999999,0.9829188694399057,-0.34,6.0
79698,2014-02-20 09:00,34,2,1.0,125.0,1.0,3.0,1.0,153.0,0,151.27,113.07,1.55,0.09,0.6,0.0,5,150.3,11.08,12,96.96774193548387,58.18064516129033,38.20000000000002,150.37808900523558,269.94010025428094,53.97515372446108,165.65328810020875,183.91541541541542,0.25,0.20999999999999996,0.0,1.1451723418833974,2.29,0.41,-0.3901,0.39874772613172693,0.3986324821738536,0.28685124495649356,0.2870449684052127,0.35530081649507506,0.1750721821683978,30992.56779100529,0.26320693572773424,-0.46,4.02
80076,2014-04-14 08:20,38,4,3.0,125.0,3.0,1.0,0.0,131.0,0,144.75,142.49,1.87,0.48,0.92,0.0,9,147.5,0.346,21,78.87700534759358,72.5668449197861,2.259999999999991,149.87610619469027,51.03212139215671,70.44109567277964,149.87610619469027,149.9565517241379,0.17,-0.6200000000000001,-4.0,0.7611871213668232,6.0,0.39,-0.02665,6.739895193907967,6.635169386469852,6.0,6.0,50.0,0.14322402076796747,1310.7669597848587,1.0334127074524541e-05,-0.45,0.1
79631,2014-02-14 12:00,34,2,1.0,66.0,1.0,3.0,1.0,98.0,1,109.16,79.23,3.32,0.0,2.61,0.0,6,213.6,111.5,21,64.33734939759036,167.92048192771085,29.929999999999993,144.5246241229536,185.04162975512594,48.61413285755092,166.1700759493671,180.8414760914761,0.24,2.4299999999999997,0.7,3.4212220679207173,1.26,1.09,-0.2944,0.5089262658948205,0.7468114523668036,0.3925848052488421,6.0,0.424345507682781,0.08639400554481849,3451.8655529621315,0.0005540978309461223,-0.39,6.0
79990,2014-03-28 15:10,32,7,0.0,151.0,3.0,1.0,0.0,151.0,0,151.88,102.73,1.8,0.0,0.87,0.0,5,215.0,50.67,22,119.44444444444444,103.91666666666667,49.14999999999999,195.42994913530012,449.2640993588556,76.77609031995907,242.61049284578695,254.44265809217572,0.21,1.1400000000000001,-4.0,3.5974630021141647,0.86,0.87,-0.6836,0.30991176273106774,0.340483730948924,0.868047238703715,0.7888633396963317,1.6078149753090585,0.2637394509975835,21204.570128728745,0.06663167740888165,-0.15,3.26
79431,2014-01-27 15:00,39,2,1.0,152.0,1.0,3.0,1.0,187.0,0,212.27,192.04,0.72,0.39,0.14,0.04,4,119.7,4.351,6,166.25,23.275000000000006,20.230000000000018,83.47241720217497,251.39172609491794,22.571135790684878,83.37107014848948,89.15329032258062,0.35,0.20999999999999996,0.0,1.055580126787557,6.0,0.25,-0.111,0.75294924064419,1.0720704195030388,6.0,6.0,50.0,0.10958709327530927,47543.914731884644,3.0137164107145358,-0.36,6.0
79434,2014-01-28 12:00,41,2,1.0,176.0,1.0,3.0,1.0,196.0,1,180.3,148.7,0.33,0.48,0.12,0.76,1,115.6,2.02,1,350.30303030303025,42.03636363636363,31.600000000000023,105.36632911392407,348.2338131210018,30.539264699877503,116.92461459403908,127.08336980306346,0.33,0.030000000000000027,0.0,1.1942041522491351,6.0,0.27,-0.1924,0.48203047905797336,0.5280368329064451,6.0,6.0,50.0,0.4162164146211619,23563.157894736847,0.3119453553778259,-1.43,6.0
79452,2014-01-29 10:00,33,3,1.0,120.0,1.0,3.0,1.0,125.0,1,126.77,120.79,0.36,0.47,0.09,0.74,1,99.5,1.6,1,276.3888888888889,24.875,5.97999999999999,85.22842809364546,257.7013656633223,28.16104515050169,85.22842809364546,81.08025316455698,0.32,-0.040000000000000036,0.0,0.8439195979899495,6.0,0.23,-0.04347,2.547184471276246,2.964669020153103,6.0,6.0,50.0,0.2640128471824483,14877.433155080214,0.10523906612894847,-0.41,6.0
79917,2014-03-15 10:00,36,7,0.0,125.0,3.0,1.0,0.0,125.0,0,124.21,90.43,1.8,0.0,0.74,0.0,5,205.7,58.31,79,114.27777777777777,84.56555555555555,33.77999999999999,187.17534043812904,210.10054938877676,66.18390981435202,213.67745358090184,224.3446194225722,0.2,1.21,-0.5,3.5106251493453526,1.57,0.79,-0.4283,0.45092253221527473,0.4947784732482657,0.5552217109932817,0.4567233746764307,0.7146850976586622,0.24028681956262468,19197.987914204128,0.06710467788673596,-0.02,5.05
79580,2014-02-11 13:45,32,3,1.0,67.0,1.0,3.0,1.0,200.0,1,210.14,61.49,2.67,0.0,1.57,0.0,5,251.5,140.5,82,94.19475655430712,147.88576779026218,148.64999999999998,198.29388496468215,370.26517146849466,83.31596523422891,293.24594458438287,298.4108323831243,0.33,0.17999999999999972,0.0,1.0778318043545954,2.78,1.21,-2.098,0.1024699841118868,0.12949619211837188,0.7821706489750212,0.7584965652159353,9.186909221630268,0.18472129270838342,34574.1555022256,0.2983020001333702,-0.06,2.95
80194,2014-12-02 10:30,33,7,0.0,55.0,3.0,1.0,0.0,55.0,0,56.07,51.85,1.32,0.98,0.86,0.0,9,224.7,11.4,13,170.22727272727272,146.39545454545453,4.219999999999999,109.0,64.11764705882354,59.629411764705885,109.0,0.0,0.13,-0.3799999999999999,-4.0,0.3766590748448913,6.0,0.95,-0.03937,3.60951733133459,7.334021426664792,6.0,6.0,50.0,0.10769617851252176,593.6033574905355,1.3952298154289155e-06,-0.05,6.0
81222,2015-04-12 10:10,37,4,3.0,150.0,3.0,1.0,0.0,158.0,0,186.57,130.04,1.11,0.32,0.49,0.0,4,244.5,46.4,55,220.27027027027026,107.93243243243242,56.53,211.112842738369,265.6298817989096,86.09442751359295,210.173465246068,253.17312373225153,0.17,-0.18999999999999995,0.0,0.8000660689004248,3.03,1.14,-0.7597,0.2694527355073762,0.3112057737493699,1.1835708977165977,1.0809064127730053,2.9584898475050516,0.504897382569753,22213.59262700371,0.07175305648843334,-0.09,2.74
81027,2015-03-10 14:00,28,4,2.0,33.0,3.0,1.0,0.0,82.0,1,87.53,43.74,1.53,0.02,0.56,0.0,5,227.8,84.96,52,148.88888888888889,83.37777777777778,43.79,179.78273578442565,149.21411355075185,62.287862274512854,190.366700353714,200.61920731707318,0.2,-0.06000000000000005,0.0,0.9284708532807661,2.88,0.98,-0.6176,0.34784569852094027,0.4387325888587127,0.9564593245956593,0.6905145705595704,1.530590224672851,0.26160874166887643,29504.894693877548,0.20023378034834988,-0.04,3.46
81120,2015-03-20 10:00,42,4,2.0,116.0,3.0,1.0,0.0,166.0,0,158.67,149.92,0.55,0.45,0.11,0.3,2,142.1,3.788,3,258.3636363636363,28.419999999999998,8.75,135.54342857142862,205.1554664220495,23.055980137200404,135.54342857142862,131.70605095541404,0.23,-0.019999999999999907,0.0,0.9866414805486626,6.0,0.5,-0.07484,1.74081864436937,1.823367905802544,6.0,6.0,50.0,0.46505042409297614,24946.66666666667,0.2193595895470065,-0.21,6.0
81133,2015-03-24 08:30,30,5,2.0,163.0,3.0,1.0,0.0,200.0,0,195.32,177.04,0.54,1.0,0.23,0.0,7,298.1,15.08,21,552.0370370370371,126.96851851851851,18.28,225.08577680525164,242.1978820613794,95.27687692976191,225.08577680525164,271.83246592317226,0.14,-0.04999999999999993,-4.0,0.9167893836103231,2.14,5.21,-0.3404,0.8332693182840255,1.0982860360840743,1.4264205660669016,6.0,1.5146741171661176,2.077263693425298,8376.708074534163,0.0026972269016688516,-0.07,0.1
81194,2015-04-03 12:00,39,2,1.0,135.0,1.0,3.0,1.0,150.0,0,183.14,128.23,1.07,0.25,0.39,0.0,4,184.7,16.85,12,172.61682242990653,67.32056074766355,54.91,159.6918047714442,388.1561090780054,53.44960787571311,187.8770642201835,197.73551296505073,0.25,-0.08999999999999986,0.0,0.8579896570393744,2.57,0.63,-0.5388,0.2774023518162807,0.32000820130353075,0.668735991976619,0.5691982772258728,1.2370731477201846,0.28961963814374503,35266.965097332984,0.34194747723847085,-0.41,3.26
80446,2015-01-14 11:00,37,3,1.0,24.0,1.0,3.0,1.0,58.0,1,76.15,57.7,1.53,0.05,0.6,0.0,5,160.1,29.39,17,104.64052287581698,62.784313725490186,18.450000000000003,130.52233062330626,154.32953240708326,27.832715097939627,130.52233062330626,139.41900647948165,0.25,0.4099999999999999,0.0,1.2380822253948425,6.0,0.47,-0.1589,0.8255914980071529,1.0090582332678388,6.0,6.0,50.0,0.13307151318066088,11577.000000000002,0.028115683633205754,-0.06,6.0
80285,2014-12-22 11:04,36,3,1.0,125.0,1.0,3.0,1.0,151.0,0,139.2,136.04,4.85,0.0,2.04,0.0,6,138.2,11.14,4,28.49484536082474,58.12948453608248,3.1599999999999966,112.13892405063292,107.00459134788039,12.816166936392824,112.13892405063292,111.97037037037038,0.22,3.8899999999999997,0.10000000000000009,4.119897190062711,6.0,0.57,-0.02541,4.820304790579726,5.91576849086311,6.0,6.0,50.0,0.03914392373977643,1914.9901480199924,8.734591563990759e-05,-0.26,6.0
80605,2015-01-31 12:30,37,2,1.0,36.0,1.0,3.0,1.0,75.0,1,82.28,39.64,2.63,0.07,1.34,0.0,5,204.2,52.02,45,77.6425855513308,104.04106463878327,42.64,166.87774390243902,172.9359302319739,60.22829769349577,222.05660585959095,242.7441860465117,0.25,-0.1299999999999999,0.0,0.9328326165027183,2.61,0.78,-0.4497,0.35722709048386436,0.43594449777999533,0.6470025817290215,0.4161384876140204,0.9032991489872563,0.1298728370084225,13123.535688248037,0.020486594415911507,-0.06,5.38
80311,2014-12-29 12:30,34,2,1.0,75.0,1.0,3.0,1.0,85.0,1,98.02,81.19,0.3,0.48,0.11,0.82,1,90.7,1.291,1,302.33333333333337,33.25666666666667,16.83,76.15098039215687,247.21335527217877,22.843293416822828,76.15098039215687,79.16099210822999,0.4,0.0,0.0,0.9558985667034178,6.0,0.21,-0.09296,0.9050601983500874,1.0743285551435735,6.0,6.0,50.0,0.26319085004031795,17285.95041322314,0.2462781498058661,-1.05,6.0
80639,2015-02-02 14:00,32,2,1.0,34.5,1.0,3.0,1.0,65.0,1,70.24,54.05,3.22,0.0,1.64,0.0,6,154.3,23.14,6,47.91925465838509,78.58757763975154,16.189999999999998,124.69857936998147,216.5663595429686,23.936104350716807,124.69857936998147,135.74895615866387,0.24,2.4800000000000004,0.19999999999999996,3.877581405125151,6.0,0.65,-0.1444,0.9408377478833835,1.159731708341682,6.0,6.0,50.0,0.07021318370248963,6237.104431302564,0.004086310769484328,-0.4,6.0
80393,2015-01-07 11:00,31,3,1.0,42.5,1.0,3.0,1.0,70.0,1,76.63,43.98,1.25,0.05,0.44,0.0,4,169.0,29.2,18,135.2,59.488,32.65,174.08177641653904,371.758820810128,64.973872684048,173.73071027082273,188.39171779141105,0.2,0.88,-0.5,4.13601471293779,1.34,0.52,-0.415,0.4665287331770896,0.45325036675004493,0.3517913044081215,0.37316066807489856,0.4318493663903551,0.2941645366985412,33831.99244511228,0.5061948568144614,-0.16,5.48
80363,2015-01-04 11:00,38,2,1.0,94.0,1.0,3.0,1.0,131.0,0,139.11,52.31,1.06,0.26,0.53,0.0,4,315.1,419.9,59,297.26415094339626,157.55,86.80000000000001,270.1122119815669,311.43453634684107,97.05381764735645,334.44685387415495,341.0468058968059,0.19,0.15000000000000002,-0.5,1.1899728326259584,3.44,1.94,-1.436,0.1754857504404605,0.20425785258228957,1.4406767919176047,1.3896668858039436,8.635149112200697,0.8902565659761634,23302.231237322518,0.09102136167373749,-0.01,3.28
82322,2016-04-14 08:30,31,7,0.0,90.0,3.0,1.0,0.0,90.0,1,89.16,54.12,0.79,1.0,0.4,0.0,7,357.2,134.7,64,452.15189873417717,180.86075949367088,35.04,306.1543093607306,289.63963195596847,150.03918983756,332.2066042641705,345.4241126070991,0.12,-0.04999999999999993,-2.0,0.9259951741054766,4.83,6.52,-0.7939,0.43470785211849244,0.5058781789331238,5.922617801084386,5.1419638824638625,10.618782659643527,2.5019689192760968,10587.029700854704,0.005576321537826336,-0.02,0.1
82181,2016-03-15 11:30,31,5,3.0,153.0,3.0,1.0,0.0,200.0,0,224.26,146.74,0.38,0.71,0.19,0.0,3,304.6,103.5,30,801.5789473684212,152.3,77.51999999999998,210.43154024767804,451.4642805395964,98.43176702251081,268.4475237091675,272.15018094089265,0.23,-0.02999999999999997,0.0,0.8760149256121581,3.86,1.97,-1.198,0.1964933325365322,0.28255159838526733,2.2013279402132433,1.8353984572370836,8.434064360711004,1.5458710549960768,20744.588744588746,0.08230011620598984,-0.08,4.77
82195,2016-03-15 13:30,30,7,0.0,130.0,3.0,1.0,0.0,130.0,1,144.5,59.04,2.47,0.15,1.61,0.0,5,272.2,162.6,58,110.20242914979755,177.4259109311741,85.46000000000001,243.4476831266089,276.4559092803689,109.64072167094317,288.21473571809935,302.07122994652406,0.19,1.9200000000000002,-2.0,5.627660142943023,1.17,1.43,-1.537,0.17823734072351946,0.19895388875632616,1.1688520072672401,1.1359530179314263,6.239284541370218,0.30636586777389974,17864.505303626738,0.03454720008490933,-0.04,2.39
82220,2016-03-22 09:30,35,7,0.0,157.0,3.0,1.0,0.0,157.0,0,163.59,110.96,0.66,0.98,0.2,0.0,7,352.4,2797.0,30,533.9393939393939,106.78787878787878,52.63000000000001,187.67765532965987,320.3165906992847,80.93214284226815,238.26740867579906,240.77860576923075,0.23,-0.14,4.0,0.5763762769580022,2.61,4.0,-0.6568,0.28941978221987397,0.5371141791319057,4.497772025060005,1.3409618268178245,8.652530057266182,0.8655195688714518,25096.673684210527,0.16798266887853186,-0.0,5.13
81416,2015-12-15 09:30,30,7,0.0,50.0,3.0,1.0,0.0,50.0,0,47.94,24.59,0.9,0.86,0.36,0.0,9,282.0,57.86,22,313.3333333333333,112.8,23.349999999999998,216.90531049250535,199.30693701684288,78.24351534609758,234.52785907859078,248.8353374233129,0.15,-0.039999999999999925,-3.0,0.8671344499773654,1.75,1.54,-0.394,0.6523410337572579,0.8439854529779421,0.7407138418971011,0.29319590065225626,0.844200517241346,0.663584831909452,11768.21983273596,0.013977703673743552,-0.05,5.23
81561,2016-01-13 10:30,34,3,1.0,49.0,1.0,3.0,1.0,111.0,0,113.16,90.57,0.85,0.4,0.22,0.0,4,252.0,110.7,5,296.47058823529414,65.2235294117647,22.590000000000003,127.867242142541,331.0294283715376,32.23897934906908,132.20601805416254,137.49967497291448,0.24,0.05999999999999994,-3.5,1.260824794052642,6.0,1.21,-0.2,0.6742878768584318,1.3126176443498834,6.0,6.0,50.0,0.23402429499101482,17011.60792069883,0.07818084476094152,-0.03,6.0
81833,2016-02-12 10:15,36,2,2.0,125.0,1.0,3.0,1.0,153.0,0,151.46,86.51,1.42,0.06,0.63,0.0,4,201.3,51.19,12,141.7605633802817,89.30915492957747,64.95,184.43485758275594,447.0649165320994,77.16540348713592,235.11742842792566,248.13529411764705,0.25,1.0899999999999999,-1.0,5.525749296241099,1.79,0.75,-0.7732,0.23452137241311735,0.2556627656574722,0.7858279148359246,0.7399160683089363,1.96705482524643,0.29416709584385575,29758.669079304,0.2505019658583925,-0.17,4.38
81579,2016-01-14 10:00,24,3,1.0,5.0,1.0,3.0,1.0,150.0,1,168.73,42.58,2.38,0.0,1.17,0.0,5,211.1,50.27,36,88.69747899159664,103.77605042016806,126.14999999999999,167.10830757035276,489.04797998296294,76.59229339071213,235.35457608085346,250.3997256515775,0.37,0.75,0.0,1.4711894749384613,1.71,0.83,-1.731,0.12074643787738387,0.15198489195622492,0.7051099073238936,0.665493599633958,4.85778016743252,0.14361327493932619,51903.921587310666,1.0470805825557175,-0.34,2.74
81851,2016-02-14 12:05,33,3,1.0,36.0,1.0,3.0,1.0,77.0,0,71.43,5.96,2.65,0.2,1.35,0.0,5,295.4,480.2,132,111.47169811320754,150.4867924528302,65.47000000000001,226.51423552772263,101.646767684599,92.00143893039233,282.7626764244642,293.0216381418093,0.19,0.06999999999999984,0.0,1.04277867875906,5.8,4.0,-1.052,0.23265867020363484,0.30192098278230084,3.7972236190451376,3.305967827186747,12.203125604232168,0.3792063628598498,18096.389378796783,0.047139645079858905,-0.0,4.15
81591,2016-01-15 08:45,30,2,1.0,0.0,1.0,3.0,1.0,58.0,1,58.1,11.96,5.21,0.0,4.62,0.0,6,242.3,152.2,12,46.50671785028791,214.86103646833016,46.14,179.5539011703511,344.2840480355864,63.626968537400465,204.17753549695738,207.9686458333333,0.21,4.59,-0.5,7.886477706921571,1.97,1.29,-0.6147,0.33012924010038963,0.4429386248468078,1.2854742175084146,0.8402267234161359,2.129086965895264,0.08265056931998747,4625.599250898951,0.0008024062167918745,-0.87,6.0
81742,2016-01-29 12:00,36,7,0.0,100.0,3.0,1.0,0.0,100.0,0,100.86,55.76,3.34,0.0,2.34,0.0,5,207.5,61.86,18,62.125748502994014,145.374251497006,45.1,192.4290465631929,374.05427873891875,69.42825472712468,216.1274943310658,218.16376376376377,0.2,2.76,-0.5,6.349746572496885,1.79,0.8,-0.5667,0.3377419764574718,0.36374827617563904,0.7790287153235731,0.7166081040989495,1.318263192021637,0.1367820311013305,8366.336823917649,0.0053865291582514295,-0.08,6.0
81483,2016-01-01 13:00,33,7,0.0,110.0,3.0,1.0,0.0,110.0,1,105.23,2.56,2.25,0.18,1.15,0.0,5,325.5,441.2,76,144.66666666666666,166.36666666666667,102.67,270.428109476965,336.2819688060328,104.63141113879752,324.3348824786325,323.83258306538045,0.18,0.029999999999999805,-3.0,1.0552372649146842,2.38,2.08,-1.928,0.14836040847601026,0.17799597062171227,1.3777232596445734,1.337409807912895,11.561956000718217,0.42141982800986977,29085.084786799158,0.13419264558335295,-0.01,1.3
81496,2016-01-04 09:00,33,2,2.0,113.0,1.0,3.0,1.0,141.0,1,125.04,77.52,1.62,0.0,1.54,0.0,6,289.7,1244.0,19,178.82716049382714,275.3938271604938,47.52000000000001,106.73236531986532,276.4872669016919,30.16212927979584,135.00910534674435,142.603544575725,0.39,0.8200000000000001,1.0,1.1421643079047292,1.23,1.04,-0.3518,0.3205421535823227,0.8533213494848736,0.5121975900030815,6.0,0.5817164587582327,0.06818902056527588,1737.9465038671904,0.00010372420314546612,-0.79,6.0
81799,2016-02-02 10:00,35,2,2.0,142.0,1.0,3.0,1.0,152.0,0,163.94,140.77,2.08,0.53,1.01,0.0,9,164.1,3.601,14,78.89423076923076,79.68317307692307,23.169999999999987,157.38601640051792,376.0187276085967,47.17530601585247,159.57405684754522,161.69821989528796,0.21,1.75,-0.5,6.084095063985376,1.05,0.49,-0.242,0.6574088536138104,0.6849100830872467,0.06810854067209275,0.05,0.06980623765321683,0.14351291482164905,10367.26246882114,0.011495307865787667,-0.96,6.0
81509,2016-01-06 12:00,36,2,2.0,41.0,1.0,3.0,1.0,82.0,1,93.48,58.02,1.66,0.0,0.49,0.0,5,150.3,18.29,15,90.5421686746988,44.36566265060242,35.46,112.49210377890579,339.3378724130495,37.50226466295993,123.78070652173912,128.13515704154003,0.32,0.8699999999999999,0.0,2.031363433470611,1.08,0.41,-0.2695,0.4295590281509299,0.5707110027543248,0.089089309178173,6.0,0.09313188068734539,0.08976801992480157,36821.671525753154,0.6851780777405686,-0.19,5.54
83117,2017-03-01 09:30,32,2,1.0,34.0,1.0,3.0,1.0,95.0,1,94.21,34.24,1.59,0.0,0.68,0.0,5,206.4,51.48,47,129.81132075471697,88.27169811320755,59.96999999999999,170.7593963648491,316.293806864944,56.55465306600643,221.03620430645975,245.99243306169964,0.26,-0.4999999999999998,0.0,0.7187465227550908,2.75,0.8,-0.737,0.25399638382911416,0.3060307931196727,0.8460545064607469,0.7030552206640824,1.7841195471304785,0.2257055163375585,29198.78798706184,0.20874772247435006,-0.1,3.82
83153,2017-03-03 07:30,34,3,1.0,105.0,1.0,3.0,1.0,148.0,1,167.82,114.51,2.98,0.0,1.57,0.0,6,158.0,24.36,7,53.02013422818792,83.24161073825503,53.30999999999999,132.89311573813546,408.3220414086159,46.52139997242037,141.63594306049822,149.79513973268533,0.27,2.2,0.30000000000000004,3.6996105160662123,1.61,1.09,-0.4795,0.2857280648702303,0.33855343034397617,1.1881209830580943,0.9197710416630599,1.8827201192468772,0.1094214089815499,19355.910711885062,0.1139520587417993,-0.43,6.0
82707,2017-01-17 09:00,36,2,1.0,70.0,1.0,3.0,1.0,111.0,1,103.75,58.21,0.97,0.3,0.37,0.0,4,168.4,12.95,9,173.60824742268042,64.23505154639176,45.54,146.3415458937198,399.4451619009053,49.39986739780052,177.28179086538464,180.64063324538256,0.27,0.43999999999999995,0.0,1.9812553220095908,2.45,0.52,-0.4375,0.3344787689554671,0.38414913539717066,0.4538011801289133,0.3402573440848722,0.6329238935080778,0.26582865846846276,30372.66381860976,0.32522235013464484,-0.43,5.17
82976,2017-02-15 08:00,36,3,1.0,95.0,1.0,3.0,1.0,108.0,1,109.05,82.98,1.8,0.0,0.88,0.0,5,137.3,9.314,32,76.27777777777779,67.12444444444445,26.069999999999993,137.49029535864977,203.9522548773542,44.99679160687162,150.87643894566975,162.32894736842107,0.25,1.01,0.0,3.04350631989453,1.05,0.34,-0.2371,0.58427936855512,0.5837213117652149,0.05,0.05,0.05,0.12489871342751165,13226.652892561984,0.02473131131419895,-0.24,6.0
82625,2017-01-10 14:00,34,2,2.0,88.0,1.0,3.0,1.0,106.0,1,107.74,101.49,0.84,0.36,0.16,0.09,2,147.3,5.3,5,175.3571428571429,28.05714285714286,6.25,138.14528000000007,149.18512544481757,29.906314672041177,138.14528000000007,132.21834061135377,0.21,-0.040000000000000036,0.0,1.0005554526939455,6.0,0.52,-0.07569,2.437146102117116,2.5955698665064144,6.0,6.0,50.0,0.31156119436819435,24835.781249999996,0.1615017480105215,-0.2,5.12
82646,2017-01-12 10:30,31,2,2.0,62.0,1.0,3.0,1.0,79.0,1,80.4,60.7,0.91,0.38,0.33,0.3,2,98.0,1.264,6,107.6923076923077,35.53846153846154,19.700000000000003,118.88817258883248,391.9012742456496,33.39840017664776,118.88817258883248,138.50754716981132,0.29,0.6100000000000001,0.0,3.946428571428571,6.0,0.28,-0.1749,0.7732062506716734,0.6399054280781389,6.0,6.0,50.0,0.2326497762002146,28448.74412574947,0.3559163244352099,-2.0,6.0
82653,2017-01-13 11:00,31,2,2.0,84.0,1.0,3.0,1.0,100.0,1,92.85,79.32,1.32,0.01,0.43,0.0,4,104.1,12.53,7,78.86363636363636,33.91136363636363,13.530000000000001,62.71507760532151,209.05025868440504,16.7240206947524,62.71507760532151,62.6078125,0.34,1.02,0.0,2.7008645533141213,6.0,0.19,-0.06667,1.1258065881915715,1.8498751995183462,6.0,6.0,50.0,0.033201294830940135,12692.179556517034,0.12922457132968726,-0.08,6.0
82662,2017-01-14 11:15,30,2,1.0,70.0,1.0,4.0,1.0,140.0,1,147.03,87.75,0.3,0.49,0.1,0.85,1,135.3,3.395,1,451.00000000000006,45.10000000000001,59.28,93.17867746288798,308.5482234206642,28.16931391114628,108.72186868686869,121.38936170212766,0.41,0.0,0.0,0.9630450849963045,2.32,0.33,-0.4149,0.25695281947084975,0.37041303565306255,0.32760017202079406,0.05,0.4331153715204526,0.3355106833903155,49787.99999999999,2.666895914161785,-1.91,6.0
82665,2017-01-15 09:00,30,2,1.0,40.0,1.0,3.0,1.0,64.0,1,60.47,38.2,1.97,0.0,0.75,0.0,5,201.1,77.83,54,102.08121827411168,76.56091370558376,22.269999999999996,158.86735518634936,231.0522761525499,48.77073381168073,169.1720625315179,177.93718712753278,0.2,0.8200000000000001,0.0,1.7045251118846345,1.1,0.75,-0.2822,0.6839767911195318,0.8623861671101187,0.10880999736807638,6.0,0.11177007392514128,0.15596196380631505,14750.033400673397,0.04651884123185775,-0.03,6.0
83743,2017-04-28 10:30,36,3,1.0,124.0,1.0,3.0,1.0,152.0,1,154.69,127.29,0.6,0.43,0.15,0.35,2,184.9,5.489,2,308.1666666666667,46.225,27.39999999999999,114.47901459854013,288.4799376406485,29.93204408571268,124.67174683544303,138.50148148148148,0.29,0.07999999999999996,0.0,1.167574988559304,6.0,0.74,-0.211,0.5559183627091965,0.8899349283049748,6.0,6.0,50.0,0.2812071905183611,29356.521739130432,0.1596843954242066,-0.58,2.27
83736,2017-04-21 12:00,40,2,2.0,123.0,1.0,3.0,1.0,160.0,0,174.27,161.28,1.72,0.15,0.68,0.0,5,176.4,30.2,29,102.55813953488372,69.73953488372094,12.990000000000009,160.30354118552725,139.14853435693473,55.52348304593758,160.30354118552725,160.3028008298755,0.19,-0.020000000000000018,0.0,1.062475564938619,6.0,0.57,-0.1302,1.1726068620655858,1.2883091020922652,6.0,6.0,50.0,0.18086215906779537,7971.3845797255,0.006256579980138233,-0.04,6.0
83733,2017-04-17 09:45,35,7,0.0,139.0,3.0,1.0,0.0,139.0,1,140.26,93.13,1.37,0.05,0.67,0.0,4,207.6,46.57,22,151.53284671532845,101.52700729927007,47.129999999999995,236.2698917886697,601.2559770433452,117.34733066770248,267.72592786199687,269.86170212765956,0.16,0.9800000000000001,-1.0,4.636381601699521,1.79,0.81,-0.7354,0.32319463480229105,0.28476446870815814,0.7933315701171361,0.8635416357357276,1.655398499291991,0.5124041972929813,22281.071282135723,0.08422937515130109,-0.14,3.65
83669,2017-03-29 09:00,40,5,3.0,128.0,3.0,1.0,0.0,144.0,1,149.63,132.01,0.31,0.48,0.1,0.54,2,160.4,6.147,3,517.4193548387098,51.741935483870975,17.620000000000005,136.466799091941,246.9862288601504,26.497065864207446,136.466799091941,143.7529841656516,0.24,-0.08000000000000002,0.0,0.7839695632713086,6.0,0.6,-0.1553,0.8644814493888742,1.0129460322903472,6.0,6.0,50.0,0.8120263246482282,16721.938375350135,0.07865582369163014,-0.33,6.0
83645,2017-03-24 10:00,34,2,1.0,190.0,1.0,3.0,1.0,200.0,0,213.03,182.48,1.96,0.0,0.84,0.0,5,146.7,9.14,14,74.8469387755102,62.87142857142856,30.55000000000001,164.49155482815058,333.09097672468846,55.43441989279098,172.85976890756305,174.27147505422994,0.22,1.3599999999999999,0.0,4.453533287889117,1.2,0.39,-0.3406,0.4985978113987551,0.4457786011208029,0.19288221041708759,0.2613841663219999,0.21891178355558538,0.1664993107178892,23179.72222222223,0.10097525404540257,-0.48,3.96
83707,2017-04-07 09:30,36,5,2.0,153.0,3.0,1.0,0.0,160.0,0,193.91,181.73,0.78,0.98,0.38,0.0,9,190.3,5.594,5,243.97435897435898,92.71025641025642,12.180000000000007,157.69039408866993,224.25315953176113,35.74198883134576,157.69039408866993,164.44696969696977,0.18,-0.16999999999999993,-4.0,0.5988549935005671,6.0,0.67,-0.1372,1.2505881065871887,1.5037340027400958,6.0,6.0,50.0,0.38743745544959984,4787.281705407684,0.0008925230689701188,-0.35,6.0
83721,2017-04-12 08:30,30,7,0.0,84.0,3.0,1.0,0.0,84.0,1,84.6,50.19,0.75,0.48,0.38,0.0,9,300.4,48.49,41,400.5333333333333,152.20266666666666,34.41,284.98578901482125,341.7347101450214,121.14712014323236,313.79318303811056,333.0863695937091,0.12,-0.13,0.0,0.8131203849412905,3.36,1.76,-0.7447,0.4426667578678284,0.4663202684808645,1.5153819943085263,1.4440036387418715,2.58936302362752,1.4042189664948057,12558.122279382667,0.009761256232503273,-0.08,0.36
84340,2018-01-28 10:50,32,6,3.0,59.0,3.0,1.0,0.0,83.0,0,104.54,68.49,1.57,0.0,1.34,0.0,6,231.6,157.3,12,147.51592356687897,197.6713375796178,36.05000000000001,166.92477115117893,409.94124841423974,64.62133812962172,181.21436285097192,183.16546610169493,0.22,1.2000000000000002,0.3999999999999999,3.7009289081827945,1.56,1.19,-0.4258,0.42252879717703096,0.5824727785800347,0.8677417946411271,0.30074217340935794,1.097644493974392,0.23706665909195349,3740.893455112497,0.0005803977215302466,-0.81,6.0
84256,2018-01-17 12:00,29,2,1.0,130.0,1.0,3.0,1.0,150.0,1,148.89,120.25,0.74,0.44,0.21,0.0,9,245.5,57.74,12,331.7567567567568,69.66891891891892,28.639999999999986,161.81752793296093,379.55018850620394,45.96786761785534,168.45336512983567,186.40157126823792,0.21,-1.17,-0.5,0.29290367984986293,1.44,1.15,-0.3736,0.5318492715863118,0.800405682769566,0.5155376638113781,6.0,0.5768057970668379,0.4374548801529329,26433.495487463737,0.21438555733469974,-0.08,5.37
84391,2018-01-31 13:30,43,7,0.0,200.0,3.0,1.0,0.0,200.0,0,203.02,174.13,0.38,0.45,0.16,0.06,2,208.9,21.2,9,549.7368421052631,87.9578947368421,28.890000000000015,167.67912772585672,229.63320476305796,43.76219411881959,185.15878270154832,198.2681870011403,0.21,-0.04999999999999999,-0.5,0.8799136117203069,2.43,0.9,-0.2723,0.5272469068269974,0.6541780195220657,0.45628034653366245,0.14368789186614142,0.5146536161807895,0.9531870678317618,11130.015851449276,0.017347841579036325,-0.15,6.0
84254,2018-01-17 10:50,37,2,1.0,90.0,1.0,3.0,1.0,152.0,0,151.43,121.55,1.73,0.0,1.2,0.0,6,191.7,48.12,8,110.8092485549133,132.97109826589596,29.88000000000001,157.3352074966533,354.03520422293457,41.78943563474472,162.43598759048606,162.88063524590163,0.22,1.19,0.0,3.35076991441102,1.35,1.08,-0.2954,0.5097778828056218,0.6188385099361018,0.5005312332301783,0.17846579879325772,0.5587125034552258,0.2191386372641132,5084.556360708534,0.0014490107198224373,-0.74,6.0
84277,2018-01-21 11:00,29,2,2.0,134.0,1.0,3.0,1.0,184.0,1,185.38,136.73,4.1,0.0,1.74,0.0,6,139.8,14.09,4,34.09756097560976,59.32975609756098,48.650000000000006,113.38951695786231,329.68070703553354,31.721683189079013,113.72463917525776,127.48227712137488,0.31,3.7399999999999998,0.10000000000000009,11.714751231918616,1.46,0.88,-0.4163,0.31309687848369944,0.38447172855597955,0.7808096641806107,0.43319472403251963,1.0196844570956207,0.05819331973918854,30818.70348350729,0.4514241513949252,-0.31,6.0
84300,2018-01-24 13:00,29,3,1.0,170.5,1.0,3.0,1.0,200.0,0,231.06,205.04,0.41,0.17,0.16,0.0,4,127.6,8.244,2,311.219512195122,49.795121951219514,26.02000000000001,146.73635664873174,439.82650036884405,41.68177621098273,156.25370563674323,169.16971365638764,0.24,0.10999999999999999,-0.5,1.716901776384535,2.05,0.29,-0.2942,0.5854021190711746,0.5106014400893181,0.05,0.10362703653019614,0.05,0.6232964588985229,29050.176221804522,0.370638478950733,-0.54,6.0
84455,2018-02-12 10:15,33,7,0.0,91.0,3.0,1.0,0.0,91.0,1,97.95,71.27,1.33,0.23,0.68,0.0,4,197.0,39.25,26,148.12030075187968,100.7218045112782,26.680000000000007,169.58084707646177,160.36297921586575,60.71780502227249,199.27335692618811,208.5173645320197,0.2,0.7400000000000001,-0.5,2.644437752731653,1.28,0.72,-0.3179,0.5709206573550215,0.6620518842979977,0.28805354679224954,0.13626076961105194,0.31575292073442573,0.2643877016515324,10071.376811594204,0.011871274360304974,-0.06,6.0
84146,2018-01-11 10:00,35,3,1.0,115.0,1.0,3.0,1.0,162.0,1,152.71,110.11,1.65,0.02,0.8,0.0,5,179.6,51.07,14,108.84848484848484,87.07878787878789,42.60000000000001,201.25272300469484,351.9298696548166,68.98677706018663,217.92727727727728,222.34080164439874,0.18,1.21,-0.5,4.754315144766148,1.57,0.59,-0.568,0.3575625149819711,0.31989013883818923,0.5728911550655486,0.6378532695157659,0.9528521896913374,0.30136460968746726,21965.624999999993,0.1945562053755322,-0.11,6.0
84154,2018-01-11 09:00,32,2,1.0,150.0,1.0,3.0,1.0,154.0,0,175.04,126.28,1.26,0.0,0.72,0.0,6,167.8,32.06,3,133.1746031746032,95.88571428571429,48.75999999999999,147.36047990155865,471.1796170395757,54.15224083772315,170.74730090860504,172.0120481927711,0.26,0.96,-0.19999999999999996,4.482836710369487,1.69,1.14,-0.5076,0.3123905483640684,0.3548896798309941,1.126851866131096,0.917417955606439,1.7033956217863646,0.3084796511130147,15702.272727272728,0.06005813188800408,-1.01,6.0
84741,2018-03-21 11:00,38,2,2.0,106.0,1.0,3.0,1.0,113.0,0,118.49,109.68,1.85,0.69,0.78,0.0,7,358.8,5466.0,58,193.94594594594594,151.27783783783784,8.809999999999988,186.15947786606128,73.13838247149923,80.71567180941973,186.15947786606128,152.14791344667705,0.11,-0.31000000000000005,0.0,0.6688576117923943,6.0,4.0,-0.1219,1.7289628987777526,3.2925455546844975,6.0,6.0,50.0,0.29822802193246695,2344.4020184651345,0.0002635523363291488,-0.0,6.0
84622,2018-03-03 11:00,35,2,1.0,172.0,1.0,3.0,1.0,200.0,0,235.39,199.95,2.92,0.0,2.36,0.0,6,219.8,198.9,20,75.27397260273973,177.64657534246575,35.44,145.4993510158014,249.37187307934678,40.393920451568846,178.42240802675587,185.72131147540983,0.25,2.15,0.8,3.205606040910863,1.36,1.16,-0.3419,0.4298014429523694,0.6444067572301382,0.679866620713717,6.0,0.7950545099929703,0.09985189513276951,3489.3902135401704,0.0009403327697962298,-0.44,6.0
84786,2018-03-30 09:00,37,2,2.0,174.0,1.0,3.0,1.0,182.0,1,194.15,183.28,5.49,0.0,2.6,0.0,6,149.1,18.98,2,27.15846994535519,70.6120218579235,10.870000000000005,145.69153633854646,247.15519960019643,27.687424196451694,145.69153633854646,147.15289256198344,0.23,4.94,0.0,9.553356502652278,6.0,0.62,-0.1023,1.4013029565990776,1.4334467587321171,6.0,6.0,50.0,0.05739413431098483,5429.931371513102,0.0025543779107690128,-0.82,6.0
84675,2018-03-14 10:15,45,2,1.0,170.0,1.0,3.0,1.0,200.0,0,209.37,192.85,1.92,0.0,0.91,0.0,5,115.8,6.082,11,60.3125,54.884375,16.52000000000001,119.58510895883774,191.96322225527064,29.674530711909075,119.58510895883774,120.46054732041046,0.27,0.6399999999999999,0.0,1.8069948186528497,6.0,0.23,-0.1005,0.9220437735007234,0.8935314713310442,6.0,6.0,50.0,0.08560263329782657,7245.173210026172,0.005286786892170424,-0.21,6.0
84681,2018-03-14 11:00,41,2,1.0,170.0,1.0,3.0,1.0,200.0,0,239.91,215.5,1.55,0.09,0.55,0.0,5,120.8,7.744,22,77.93548387096774,42.86451612903225,24.409999999999997,109.43973781237199,216.08995100710865,32.522931472206025,115.13587662337665,127.71393442622956,0.3,-0.31000000000000005,0.0,0.7029525386313465,6.0,0.26,-0.1552,0.6240132379447757,0.687600173868254,6.0,6.0,50.0,0.0899941507609659,19961.481580620333,0.121521721074257,-0.24,6.0
84690,2018-03-15 09:00,36,2,1.0,129.0,1.0,3.0,1.0,152.0,1,164.85,127.67,1.65,0.0,1.57,0.0,6,274.3,470.7,17,166.24242424242425,261.00060606060606,37.17999999999999,160.94042495965576,253.33258174115468,50.49680561349606,180.36760247052217,188.52581300813006,0.23,1.17,0.5,2.4625182282172804,1.52,1.33,-0.3859,0.4096870128626137,0.6909934676889238,0.9777650275209717,6.0,1.2381301216938674,0.186727965900193,2104.8363467528548,9.435619164081533e-05,-0.77,6.0
85470,2019-01-24 11:00,40,7,0.0,175.0,3.0,1.0,0.0,175.0,0,184.93,55.79,2.13,0.0,1.13,0.0,5,262.4,183.0,65,123.1924882629108,139.2075117370892,129.14000000000001,221.78135356976927,374.7846018128821,93.13940472685009,283.651323300467,295.17991858887376,0.24,0.1299999999999999,0.0,1.0516063262195123,2.85,1.32,-1.664,0.11795077542381888,0.13917059613288563,0.8681002733350706,0.8494505349644667,9.111299474705406,0.2920844883621824,30203.26347124816,0.1982040018010089,-0.04,3.02
85335,2019-01-15 09:30,29,2,1.0,70.0,1.0,3.0,1.0,140.0,0,144.73,44.9,1.84,0.0,0.99,0.0,5,252.6,144.5,56,137.28260869565216,135.90978260869565,99.82999999999998,207.1109686466994,353.6860747342972,74.01979867874049,269.12909836065575,275.01650831353913,0.23,0.19000000000000017,0.0,1.1142685765013558,3.02,1.22,-1.569,0.15258101911481495,0.18547437933222904,1.0223412771359317,0.973891852793011,6.153597433888808,0.29316891727890426,29779.459597641424,0.1921046562242419,-0.06,3.09
85593,2019-02-04 13:00,39,2,2.0,190.0,1.0,3.0,1.0,200.0,0,221.87,202.82,0.38,0.45,0.16,0.6,2,102.2,1.689,4,268.94736842105266,43.03157894736842,19.05000000000001,97.64566929133859,279.1773167638065,28.180437241693763,97.64566929133859,104.79138972809668,0.33,0.030000000000000027,0.0,1.1239586245457085,6.0,0.3,-0.1167,0.7995886161801558,0.8361668188191764,6.0,6.0,50.0,0.36828949215716256,13298.200757575756,0.07000635460786328,-1.01,6.0
85856,2019-02-28 11:00,34,4,3.0,105.0,3.0,1.0,0.0,134.0,1,126.06,104.94,0.71,1.0,0.41,0.0,7,413.9,84.89,46,582.9577464788732,239.01267605633802,21.120000000000005,346.6385890151515,384.4413797542914,186.620247003207,363.11848825331975,432.53194291986824,0.1,0.010000000000000009,-2.0,1.029969281745073,3.6,7.83,-0.5211,0.7212198455602258,0.8590017904468068,4.736552521719662,3.52064623571418,6.0084506587044375,3.402535752127478,4542.674453190931,0.00043016214028263104,-0.02,0.1
85610,2019-02-06 10:00,39,2,2.0,186.0,1.0,3.0,1.0,190.0,0,202.37,167.56,1.32,0.25,0.52,0.0,4,135.4,8.542,19,102.57575757575758,53.339393939393936,34.81,122.59531743751796,268.838781738396,46.28937757891553,141.0725797728502,151.71836027713624,0.3,1.01,0.0,5.223519321484728,1.1,0.33,-0.2626,0.4375800958986492,0.4825243978553866,0.09769926598679307,0.05,0.1042071297159332,0.134274244525673,22561.846153846156,0.19548339014668142,-0.34,6.0
85486,2019-01-25 13:15,34,7,0.0,193.0,3.0,1.0,0.0,193.0,1,196.03,172.83,0.31,0.51,0.15,0.04,3,198.9,22.71,11,641.6129032258065,96.24193548387098,23.19999999999999,150.40965517241378,312.3768733920711,56.95836742345127,156.822736418511,171.7707423580786,0.22,-0.010000000000000009,0.0,0.9424490950226244,2.08,1.18,-0.253,0.6565587559582754,0.8636386302639247,0.09732553061363279,6.0,0.09869481186204555,1.122661049698867,8186.296296296297,0.014321066233948299,-0.12,6.0
85871,2019-03-01 11:00,36,5,3.0,98.0,3.0,1.0,0.0,115.0,1,119.38,93.92,1.55,0.07,0.71,0.0,5,169.1,17.62,45,109.09677419354838,77.45870967741935,25.459999999999994,171.43586017282013,174.4710995486595,60.287739303044575,184.5778008298755,212.65509478672988,0.2,-0.09999999999999987,0.0,0.9671702238230919,2.17,0.52,-0.2855,0.5982782065291429,0.5905143138109328,0.1732526275319886,0.18308292873152618,0.1863950624894336,0.22970798496625633,13744.14147425455,0.02143114833301,-0.08,4.78
85405,2019-01-18 11:00,37,2,1.0,170.0,1.0,3.0,1.0,200.0,0,222.12,165.82,0.59,0.32,0.24,0.08,2,154.9,11.75,8,262.54237288135596,63.01016949152543,56.30000000000001,132.5780994671403,369.9291310041362,52.797190527357294,169.02944383860415,172.54110854503466,0.33,0.29,-0.5,2.2675704755756403,2.56,0.57,-0.4706,0.27055351932916466,0.31533761757921885,0.6855026602566904,0.5124882133507688,1.0608490956748466,0.4056654477718264,31865.83022097728,0.585628915865377,-0.53,6.0
85272,2019-01-08 11:40,34,2,2.0,70.0,1.0,3.0,1.0,79.0,0,82.85,69.77,0.87,0.34,0.29,0.0,4,119.5,1.892,5,137.35632183908046,39.833333333333336,13.079999999999998,137.2933486238532,299.8886082004536,33.101331567968884,137.2933486238532,152.70112994350282,0.24,0.24,0.0,1.6559872484558678,6.0,0.25,-0.129,1.1645384662256868,1.0166566256049447,6.0,6.0,50.0,0.2538392845539361,18801.619433198382,0.059632867045720156,-1.0,4.72
85794,2019-02-24 08:44,33,5,2.0,60.0,3.0,1.0,0.0,124.0,1,139.95,77.79,0.88,0.36,0.33,0.0,4,290.7,119.8,62,330.34090909090907,109.0125,62.15999999999998,242.07467824967827,289.89274285146513,102.54866764035172,252.0209392265193,272.90779768177026,0.16,0.010000000000000009,0.0,1.0156696677461063,3.55,1.64,-1.058,0.24504766953397641,0.2932656930084787,1.5475478708797854,1.4216623153552659,4.969904754367469,0.8522743754561414,33587.30158730159,0.23470996425612242,-0.03,2.08
85797,2019-02-25 10:30,30,7,0.0,155.0,3.0,1.0,0.0,155.0,1,184.93,157.84,0.75,0.32,0.37,0.0,4,193.9,30.14,23,258.53333333333336,95.65733333333333,27.090000000000003,170.93023255813952,267.8249929276829,64.81235344215463,185.08227990970653,195.521072319202,0.2,0.4,-0.5,2.3252044500110514,2.29,0.7,-0.3471,0.5622799238919145,0.6363973286868061,0.29499427113977805,0.1709201049551146,0.32582371623522893,0.47743111333206956,11810.996828623152,0.024793230671053677,-0.09,6.0
85810,2019-02-26 09:10,40,5,3.0,110.0,3.0,1.0,0.0,125.0,0,157.62,108.96,0.72,0.32,0.26,0.0,4,224.0,61.48,47,311.11111111111114,80.8888888888889,48.66000000000001,167.94648581997532,235.5758122419213,62.30937814105571,206.55837711617048,214.64235294117648,0.24,0.06999999999999995,-0.5,1.097307692307692,2.91,0.94,-0.486,0.31303253469445064,0.41535058292929006,0.9220385457558753,0.5861340322211858,1.5218061800965328,0.48105101967151714,24846.390532544377,0.1986563598933846,-0.03,5.94
85931,2019-03-15 10:30,42,2,2.0,140.0,1.0,3.0,1.0,150.0,1,162.6,134.48,1.0,0.15,0.32,0.0,4,141.8,9.056,5,141.8,45.376000000000005,28.120000000000005,126.2065078236131,392.853554710182,38.1659313298772,117.9615120274914,169.6434108527132,0.27,0.25,0.0,1.0230371415138693,2.05,0.36,-0.1942,0.5416843221277374,0.6073584394799276,0.05,6.0,0.05,0.18768890852411466,25286.458333333336,0.15810997773140106,-0.33,4.81
